# ofcuda_prng initial-state v1 (port spawn/initial state; engine-bit-exact)
# source reference /opt/data/workspaces/skg/ofcuda_matrix/out/matrix/refs/africa_a488_nat0.spawn.txt
map africa
seed parity
game_id QqkIuyke
game_hash 223241348
agents 488
nations 0
human_agents 1
width 1948
height 2032
min_dist 30
player 1 H nd8079oo -1 0 0
player 2 B 7kmb47oc 425159 1 52
player 3 B su965kfe 1693713 1 52
player 4 B 4918e5rs 2118813 1 52
player 5 B 0grah7qg 1179510 1 52
player 6 B 79lbhuod 354112 1 52
player 7 B 0eay8wsu 1672567 1 52
player 8 B l4g4juu8 3737454 1 52
player 9 B gsw4n5km 1534836 1 52
player 10 B ooz4f963 1363119 1 52
player 11 B g49bog52 1246290 1 52
player 12 B vl3arc4y 488823 1 52
player 13 B 26spmsu2 1567127 1 52
player 14 B 666fmd2f 1115588 1 52
player 15 B vybu8oes 889433 1 52
player 16 B tlx2iciq 504886 1 52
player 17 B 8i7cuo9t 1520735 1 52
player 18 B ay8xa67r 2089760 1 52
player 19 B fha1xhrw 1741312 1 52
player 20 B 0n5m7v7w 1627959 1 52
player 21 B g1kcotxi 469175 1 52
player 22 B onu80sk7 515898 1 52
player 23 B mt378h9n 3120003 1 52
player 24 B bo2xv2tw 1561908 1 52
player 25 B 4j0jwl8e 946000 1 52
player 26 B 2q1yboxl 1083796 1 52
player 27 B uf1afynu 2305647 1 52
player 28 B hnp5jsyu 2399168 1 52
player 29 B 3ks2xdvj 1247543 1 52
player 30 B 6udu18l9 716538 1 52
player 31 B u9qkgxb0 1355431 1 52
player 32 B gxzvzcy1 838911 1 52
player 33 B soumc8lx 3519283 1 52
player 34 B pbtdxhy8 1310235 1 52
player 35 B 7qca320q 646625 1 52
player 36 B qu4dw13r 948227 1 52
player 37 B uf42rmom 806795 1 52
player 38 B 5pzo5nyp 2184877 1 52
player 39 B lpeu6a40 3064101 1 52
player 40 B m01qyq41 1564466 1 52
player 41 B qp5j7mcl 1185505 1 52
player 42 B daoks386 352132 1 52
player 43 B 1adrc0if 590707 1 52
player 44 B z2sjy7tl 916036 1 52
player 45 B 2a2pcqq2 1049900 1 52
player 46 B 965x3zic 1693023 1 52
player 47 B yytwuuvv 1057520 1 52
player 48 B 0bq4zvkx 2270448 1 52
player 49 B fqo7elia 1792951 1 52
player 50 B xb2eodru 487845 1 52
player 51 B dn2a1fmz 857438 1 52
player 52 B c657fqi1 1793236 1 52
player 53 B 3oa0wbik 1134255 1 52
player 54 B bbor86ta 1906860 1 52
player 55 B ke481hq3 334243 1 52
player 56 B 1p7me35b 1204704 1 52
player 57 B ros1fefm 1415525 1 52
player 58 B bbj4439d 999399 1 52
player 59 B 50euwmgf 855821 1 52
player 60 B 6ifrrqwg 2697108 1 52
player 61 B t3qojvzx 484290 1 52
player 62 B e39s2b1x 683160 1 52
player 63 B 8elalp3o 3002831 1 52
player 64 B drzdgt29 3289701 1 52
player 65 B a5l13l40 2375864 1 52
player 66 B 15jsgukl 1748200 1 52
player 67 B 457rtifd 83202 1 52
player 68 B nvln8mx2 435312 1 52
player 69 B xdf4q9ey 188604 1 52
player 70 B aehphxxq 1194409 1 52
player 71 B r69884b7 1412015 1 52
player 72 B 1fi956n2 3032552 1 52
player 73 B x0s75hnx 410413 1 52
player 74 B jjcxe8w7 987862 1 52
player 75 B pa9du0an 909384 1 52
player 76 B wr1iodtv 497174 1 52
player 77 B q4t061qn 851623 1 52
player 78 B 5walu3qw 174116 1 52
player 79 B 9qsdvg22 419901 1 52
player 80 B kxhibxlj 3842713 1 52
player 81 B 3lvh3hh1 3493819 1 52
player 82 B hhxd8zhc 1902537 1 52
player 83 B 68hvehkn 586541 1 52
player 84 B 0ysk38le 904206 1 52
player 85 B p9mtmjen 672968 1 52
player 86 B vtv2qiiq 1259167 1 52
player 87 B npcd7vse 525384 1 52
player 88 B fyrg30wr 648537 1 52
player 89 B qg4cg39i 1078785 1 52
player 90 B kqu8z0ef 2679426 1 52
player 91 B bdv4tpd7 2436074 1 52
player 92 B ok13k4z3 2804177 1 52
player 93 B hkwcx197 733923 1 52
player 94 B ko4t02h4 1800923 1 52
player 95 B a769y4e5 1203686 1 52
player 96 B po0wxlw1 1350471 1 52
player 97 B o8264l3e 1042137 1 52
player 98 B 9rke6fm3 974454 1 52
player 99 B gyjc9x52 3133320 1 52
player 100 B x793lc6c 910516 1 52
player 101 B 93k3li8n 696440 1 52
player 102 B a1hte6qb 2115147 1 52
player 103 B jklgnd18 2393207 1 52
player 104 B vfadfhgj 2005356 1 52
player 105 B cwni1kcb 3118010 1 52
player 106 B 8z4z0zds 1903029 1 52
player 107 B cdzck1ki 1150256 1 52
player 108 B zbaa3l3a 395440 1 52
player 109 B xm369xbs 3063624 1 52
player 110 B e4dqhzo1 1920406 1 52
player 111 B fepimk2i 231377 1 52
player 112 B o2es7ebc 2959931 1 52
player 113 B l4opv4e9 755996 1 52
player 114 B 4b3f45hy 986309 1 52
player 115 B r3pvfglh 2212576 1 52
player 116 B fnl5ocw8 377119 1 52
player 117 B 7391zjkf 3641826 1 52
player 118 B ow5basj8 749114 1 52
player 119 B olinuy4r 2747577 1 52
player 120 B 2e2jcypv 1372495 1 52
player 121 B nx0it9ss 2620974 1 52
player 122 B tt57j91k 973157 1 52
player 123 B 87aoci2n 277161 1 52
player 124 B wk147shp 3006932 1 52
player 125 B q8jb2dnz 1442815 1 52
player 126 B 4yzxt2gp 477886 1 52
player 127 B 755xej7w 2260868 1 52
player 128 B hjhprwfn 294838 1 52
player 129 B n66i0csf 2852953 1 52
player 130 B am3stnxi 1200900 1 52
player 131 B pmeqlcvs 3283310 1 52
player 132 B xl8vnvj2 3386626 1 52
player 133 B 0f3l9cg5 257736 1 52
player 134 B siocmotr 3225773 1 52
player 135 B uf75fjkr 1749215 1 52
player 136 B 3nuksgyo 1145272 1 52
player 137 B isfwwr01 1581163 1 52
player 138 B auuv9uim 3871771 1 52
player 139 B mdro7fya 1114366 1 52
player 140 B 8qfmz7a7 3242528 1 52
player 141 B m8j6zoax 894287 1 52
player 142 B 7236xcde 1550552 1 52
player 143 B n4vtdnwp 345604 1 52
player 144 B yggevgbl 932111 1 52
player 145 B beijdl2w 1912189 1 52
player 146 B d2oo7mhj 117500 1 52
player 147 B wrheiirw 2325242 1 52
player 148 B d03y3hz5 2533310 1 52
player 149 B 5xaek3av 117670 1 52
player 150 B gz34o9hq 569054 1 52
player 151 B 37xw489f 401742 1 52
player 152 B k3srrvn9 2117173 1 52
player 153 B 5isbkj04 1181875 1 52
player 154 B r73y2vzl 1696950 1 52
player 155 B 36x3kyhk 183498 1 52
player 156 B 01ob2tlo 181815 1 52
player 157 B cb13fbp5 2759532 1 52
player 158 B vmmrq63s 2702901 1 52
player 159 B nkjckjq8 334898 1 52
player 160 B wcggivof 1572218 1 52
player 161 B 1w1ciciy 139840 1 52
player 162 B 2a0v7iem 1329114 1 52
player 163 B jcz64pkr 937600 1 52
player 164 B v0ljq6tk 679108 1 52
player 165 B adg8798c 883145 1 52
player 166 B 5ghp3e6u 929189 1 52
player 167 B h5bdt6q4 1693284 1 52
player 168 B 5oce5zsz 829358 1 52
player 169 B xka3bnm9 3203447 1 52
player 170 B 3w1tydq6 2313814 1 52
player 171 B upd1qyae 923800 1 52
player 172 B v4u31rox 23220 1 52
player 173 B q9vm95if 2443762 1 52
player 174 B 0yu8n2tu 2747917 1 52
player 175 B sc2ctn85 3554469 1 52
player 176 B z0gmspsi 883310 1 52
player 177 B z7avk2un 718738 1 52
player 178 B 8efmeybn 1702407 1 52
player 179 B bifxmou2 2202269 1 52
player 180 B plh6en5t 1867682 1 52
player 181 B ay3m2wg5 918539 1 52
player 182 B 1zmogxmk 892283 1 52
player 183 B 55yraoi7 3063456 1 52
player 184 B 1sc05h43 3297166 1 52
player 185 B 37ibwik8 249906 1 52
player 186 B uec16uxz 1531500 1 52
player 187 B 9fd5ewrs 1026691 1 52
player 188 B pe2p79c6 791016 1 52
player 189 B h1r85byk 389882 1 52
player 190 B exulggll 888679 1 52
player 191 B zouqcp7v 1011917 1 52
player 192 B k39sgybe 2687475 1 52
player 193 B orxhfzvz 1006877 1 52
player 194 B uz8ynaez 870731 1 52
player 195 B ubigewsr 3717838 1 52
player 196 B w0ozvjdh 1060459 1 52
player 197 B f7yj98q8 885349 1 52
player 198 B 2xzw4gp3 864149 1 52
player 199 B 9rkdgj28 117424 1 52
player 200 B aw987uy7 951791 1 52
player 201 B gr243zlh 424391 1 52
player 202 B zowu9kf4 593884 1 52
player 203 B 2dtf8q4x 1772160 1 52
player 204 B y9oft8w2 661108 1 52
player 205 B ed7kjxq3 3193967 1 52
player 206 B nxt1ptsi 83467 1 52
player 207 B p825v2fd 1831990 1 52
player 208 B wyarb4qo 1599935 1 52
player 209 B qfs7b4z4 2646776 1 52
player 210 B ms13gmzm 3651742 1 52
player 211 B ym8zggo3 1456175 1 52
player 212 B 8jahbnpg 975826 1 52
player 213 B b0djjiez 2800803 1 52
player 214 B s9xysw8i 929775 1 52
player 215 B t3s2qgvc 616177 1 52
player 216 B aquue8ni 773729 1 52
player 217 B u3k8ktyr 1367224 1 52
player 218 B i7egn3zz 1304079 1 52
player 219 B o3vgfhge 979306 1 52
player 220 B m4aem5hx 505356 1 52
player 221 B p6i95qgo 841227 1 52
player 222 B gvho8qeo 3032128 1 52
player 223 B 9iatvpoi 590109 1 52
player 224 B zd9jsqbj 1319432 1 52
player 225 B zw1dwnig 3445416 1 52
player 226 B be5xt98q 1088159 1 52
player 227 B 522b0ju8 1830651 1 52
player 228 B ibxwtyy7 939655 1 52
player 229 B zjhashkb 366944 1 52
player 230 B 89ttdia6 2063810 1 52
player 231 B 6o2o0nvl 1730764 1 52
player 232 B xldl70se 729847 1 52
player 233 B qrwgzvzz 692944 1 52
player 234 B h711p697 1789295 1 52
player 235 B g4ulqqm0 1290820 1 52
player 236 B v18jrx10 1243399 1 52
player 237 B 8sd3i7p8 921236 1 52
player 238 B l5o27mtm 1742257 1 52
player 239 B b6f6r0t2 1327884 1 52
player 240 B 7j5a3pfw 1869452 1 52
player 241 B m5sg1z4l 2794490 1 52
player 242 B ehpglvfz 1588923 1 52
player 243 B wu3zthbo 2648483 1 52
player 244 B yeh875u5 724554 1 52
player 245 B 8nuwzyn1 608901 1 52
player 246 B t0zwn9eb 1418280 1 52
player 247 B 8zjwwdck 1197574 1 52
player 248 B jwrhd5ij 3124492 1 52
player 249 B jyb8rp14 1155958 1 52
player 250 B wl7sxu3v 779191 1 52
player 251 B y0r0fu1j 1644459 1 52
player 252 B kneohbbr 2779180 1 52
player 253 B qc8m814x 1393947 1 52
player 254 B ix3jngmf 2105307 1 52
player 255 B 9mzpcgft 3325092 1 52
player 256 B l5z5w588 862873 1 52
player 257 B pt0jqntf 417138 1 52
player 258 B 2e8alk85 1682256 1 52
player 259 B hwe3kfal 3404951 1 52
player 260 B 47li627l 3624539 1 52
player 261 B 3asdumaj 1042606 1 52
player 262 B l75txeu7 1242455 1 52
player 263 B tbcz7mf1 2052635 1 52
player 264 B o1ilw638 2609374 1 52
player 265 B la4ytzgl 1988055 1 52
player 266 B in2bq49j 2040501 1 52
player 267 B 5irnw7ij 1362343 1 52
player 268 B noxeflvy 2130126 1 52
player 269 B 8gn7568f 1502614 1 52
player 270 B 5c1omdu5 1822749 1 52
player 271 B yc2b3pvx 889063 1 52
player 272 B lml55dcl 1040117 1 52
player 273 B 1o5etbis 1298406 1 52
player 274 B bulnhjw5 2020971 1 52
player 275 B c6y4cfry 3460977 1 52
player 276 B kbpw8sak 1401148 1 52
player 277 B 65e8qmsr 1303103 1 52
player 278 B furhe0mp 473034 1 52
player 279 B 92npvjrt 2292444 1 52
player 280 B c56xdfdl 1141605 1 52
player 281 B jul4zb4e 1927578 1 52
player 282 B mpuzdlvw 627645 1 52
player 283 B plrlx715 154702 1 52
player 284 B yl9vsjpk 1563733 1 52
player 285 B mkfgkn7r 1400217 1 52
player 286 B v5nlafkw 1436150 1 52
player 287 B 2p3gb961 2140214 1 52
player 288 B uc4jshlt 210307 1 52
player 289 B 6xdips73 978845 1 52
player 290 B fqxqj0bu 1664513 1 52
player 291 B yen0iwte 3573754 1 52
player 292 B 77ucsgzt 656266 1 52
player 293 B 4c1d18ro 2909607 1 52
player 294 B bz5je7hx 1171236 1 52
player 295 B fn7ax8sx 1053233 1 52
player 296 B owdtos2u 1771015 1 52
player 297 B f33f3rln 2782930 1 52
player 298 B shy7v4eo 785846 1 52
player 299 B qi05x4jp 746325 1 52
player 300 B rtwhvg9g 2851133 1 52
player 301 B xebmdu02 1120329 1 52
player 302 B minv0qzi 864777 1 52
player 303 B s3tsi6x9 2611266 1 52
player 304 B k4ol3ovv 2285856 1 52
player 305 B my4alddo 140055 1 52
player 306 B j2kjyzt1 1082207 1 52
player 307 B x5ff4utp 417398 1 52
player 308 B lokk2xdf 1570748 1 52
player 309 B sylg30cf 1693879 1 52
player 310 B sahbcu7b 1963383 1 52
player 311 B zuvsbbzm 2888516 1 52
player 312 B n4n57mjy 1118526 1 52
player 313 B 8s3w15kq 3014898 1 52
player 314 B a6z0gp5d 757045 1 52
player 315 B momzwuew 1794815 1 52
player 316 B swknlr19 1461602 1 52
player 317 B 68tli42a 3184341 1 52
player 318 B 43wn7pvq 679766 1 52
player 319 B ssod81st 715718 1 52
player 320 B 9fudx3o3 2930765 1 52
player 321 B cm4ig7bz 1555606 1 52
player 322 B ajwm3pcu 1476899 1 52
player 323 B wcn2fdks 1194773 1 52
player 324 B 0a4r00hz 3581777 1 52
player 325 B 548y287t 3488141 1 52
player 326 B rkqmpoqo 620480 1 52
player 327 B nrv83khf 1266845 1 52
player 328 B 00wyr0st 522934 1 52
player 329 B dhvz0u2j 883498 1 52
player 330 B 87uy1srx 1143102 1 52
player 331 B 26wgkglj 769306 1 52
player 332 B s4otxlhb 262953 1 52
player 333 B 65ikynwk 2886185 1 52
player 334 B goxpy54y 3766711 1 52
player 335 B etvrjl78 2430668 1 52
player 336 B y58lji80 3034564 1 52
player 337 B 13dy28ag 587573 1 52
player 338 B 0dg1h5h5 1344340 1 52
player 339 B e9ncqhcw 1607304 1 52
player 340 B uhxjrdbv 2344 1 34
player 341 B gv359a4k 268641 1 52
player 342 B p4ehczm2 919576 1 52
player 343 B p2xbynef 1463443 1 52
player 344 B co561w2j 1731428 1 52
player 345 B wz0zkd1s 3624353 1 52
player 346 B m7jnfagf 67777 1 52
player 347 B rq439wc6 542681 1 52
player 348 B lkklizjr 2611601 1 52
player 349 B 2uyam605 1342495 1 52
player 350 B er3wo1bg 764082 1 52
player 351 B ezt35u0l 693875 1 52
player 352 B 593d2qcb 3074956 1 52
player 353 B y51cphtm 2383537 1 52
player 354 B g94go6fd 3102316 1 52
player 355 B 9ksqwgqt 1910160 1 52
player 356 B ykirk4lg 1952846 1 52
player 357 B jurxvo26 2767565 1 52
player 358 B to8bcohn 2005302 1 52
player 359 B ensatih4 818105 1 52
player 360 B nbbu08hb 1045902 1 52
player 361 B rxlhv8ic 1247832 1 52
player 362 B aiowrq52 3351771 1 52
player 363 B bo94our7 1240377 1 52
player 364 B jxqkb7y6 1974763 1 52
player 365 B ikezntfk 2701286 1 52
player 366 B j4e63dwu 2025205 1 52
player 367 B t0b9mavx 1083980 1 52
player 368 B bu0hz5bz 356799 1 52
player 369 B 368l6a1p 228323 1 52
player 370 B 6cr9h8xa 1640461 1 52
player 371 B 8y4zfq0g 1525195 1 52
player 372 B tz0sezi7 1652777 1 52
player 373 B dazr70tn 755624 1 52
player 374 B tx1pjsyg 594865 1 52
player 375 B ndjtlp8r 1635382 1 52
player 376 B bsklet6g 892070 1 52
player 377 B hsozrzu4 2471158 1 52
player 378 B otmybkm3 2781401 1 52
player 379 B yfm1nyqy 865719 1 52
player 380 B kr6ytu3l 2475094 1 52
player 381 B 3pagyfng 1612881 1 52
player 382 B w1mobjvk 1416569 1 52
player 383 B xm7i5x3m 1732460 1 52
player 384 B 8u02tf2g 726208 1 52
player 385 B lp6sri88 175671 1 52
player 386 B sb1tap3p 359037 1 52
player 387 B mv01333k 3429539 1 52
player 388 B g9mp2ife 1501749 1 52
player 389 B jtq0seut 409869 1 52
player 390 B 525mh9ql 770330 1 52
player 391 B fvbpmsvz 2062147 1 52
player 392 B xwn3ivem 81653 1 52
player 393 B fqbyj4jd 2463753 1 52
player 394 B xfiw8ywg 804732 1 52
player 395 B iw3dqxmq 3348120 1 52
player 396 B yc0ao6et 2397469 1 52
player 397 B ixj6ihi7 994813 1 52
player 398 B 9l5wwvr3 1293944 1 52
player 399 B 2w6i33lv 238345 1 52
player 400 B sba949vb 1438208 1 52
player 401 B ijcmefns 1389502 1 52
player 402 B isnsszoo 1812745 1 52
player 403 B 9z76va23 536241 1 52
player 404 B h1wbhdhm 144016 1 52
player 405 B tewvulrm 2208058 1 52
player 406 B wp3bxzsu 634257 1 52
player 407 B d0g6avrv 762833 1 52
player 408 B hsyivnsn 1448765 1 52
player 409 B ox9ept1k 639798 1 52
player 410 B ny87grni 309301 1 52
player 411 B k2th9538 2790643 1 52
player 412 B ysltjm94 867975 1 52
player 413 B u5klj2eh 3191945 1 52
player 414 B k7ka2ci1 1132777 1 52
player 415 B qtul4azs 799072 1 52
player 416 B ll69i57o 1483989 1 52
player 417 B 9vuokjnw 545096 1 52
player 418 B ggb3bab1 968345 1 52
player 419 B drdo3t90 1208296 1 52
player 420 B xieaxa2f 892132 1 52
player 421 B kqp7ewus 3788034 1 52
player 422 B 3kitma91 1661028 1 52
player 423 B m7y3u0aw 417609 1 52
player 424 B epuw8vpi 1345879 1 52
player 425 B nzx54fm6 555062 1 52
player 426 B fsk2kd7w 2023159 1 52
player 427 B p8jddnkm 2237732 1 52
player 428 B wvgzie3u 2061908 1 52
player 429 B mwh2z96c 2732594 1 52
player 430 B l4ku27pt 889782 1 52
player 431 B jpvsmxxx 457390 1 52
player 432 B s4xo3abv 1180841 1 52
player 433 B zte7u069 804399 1 52
player 434 B azlpbpke 221912 1 52
player 435 B 0pmbiw8o 71624 1 52
player 436 B rygf4mvr 2245402 1 52
player 437 B mg9pgnw7 448508 1 52
player 438 B 8olnebf1 690665 1 52
player 439 B rzlsw9x1 829686 1 52
player 440 B o0jhfyxc 61525 1 52
player 441 B vki91ouc 3376993 1 52
player 442 B 0onssx3n 2508291 1 52
player 443 B ymrho9y4 448399 1 52
player 444 B 4jjh2h8g 1284823 1 52
player 445 B af8k17d8 1438983 1 52
player 446 B qt2a41r9 569634 1 52
player 447 B dmqr8rk9 1711112 1 52
player 448 B gdvex2np 1287497 1 52
player 449 B z6dhj6lz 2013744 1 52
player 450 B ztlqrwwc 966011 1 52
player 451 B qk845cyd 290973 1 52
player 452 B g5ubwqld 439172 1 52
player 453 B voc18itg 1571891 1 52
player 454 B 3noal342 2541205 1 52
player 455 B r8slsgxy 1170634 1 52
player 456 B kwh9u6xu 3037846 1 52
player 457 B 8k335xf9 1553021 1 52
player 458 B r8oeocye 912753 1 52
player 459 B aux9eznz 1803497 1 52
player 460 B tl8i4sqm 528367 1 52
player 461 B 5tvnmw0x 3128360 1 52
player 462 B iaxyjwg2 1766584 1 52
player 463 B vsouyzqb 1035796 1 52
player 464 B qo2yiqyt 1481933 1 52
player 465 B 4b0bsp77 3414136 1 52
player 466 B zt5za47g 1470953 1 52
player 467 B ialnkrtf 997764 1 52
player 468 B euhp0q2h 516996 1 52
player 469 B hxtuit3a 1521591 1 52
player 470 B cfqynmub 1463832 1 52
player 471 B kp4qpq36 3860200 1 52
player 472 B m4sv56ts 2645041 1 52
player 473 B 90lwnghk 573360 1 52
player 474 B 6s4qrb66 2190911 1 52
player 475 B zm2durya 1059259 1 52
player 476 B r78jt2dp 502840 1 52
player 477 B 2l6px65c 2401033 1 52
player 478 B 8m9tfbvi 938302 1 52
player 479 B 9mt34ypn 1072550 1 52
player 480 B 7q708nxs 1461399 1 52
player 481 B vaum2ag5 837827 1 52
player 482 B lhw012op 2265129 1 52
player 483 B ov7icohk 2944562 1 52
player 484 B wdgpft73 1600096 1 52
player 485 B 77xjevxo 2401395 1 52
player 486 B oqm2d2ls 3067478 1 52
player 487 B s4bnz7gf 3439479 1 52
player 488 B qareow7n 556255 1 52
player 489 B 0qjiaqhk 1518868 1 52
bot 0 2 7kmb47oc 979863364 425159 52
owned 0 425159 425160 425161 425162 427110 423214 421266 421265 421264 421263 421262 421261 421260 421259 423207 425155 425156 425157 427105 427106 429054 429055 429056 429057 431004 431003 431002 431001 429053 429052 427104 427103 423208 419312 423209 419313 417365 417366 417367 417368 423210 419314 419315 419316 419317 427109 423213 427108 423212 425158 427107 423211
bot 1 3 su965kfe 1225099288 1693713 52
owned 1 1693713 1693714 1693715 1693716 1695664 1691768 1689820 1689819 1689818 1689817 1689816 1689815 1689814 1689813 1691761 1693709 1693710 1693711 1695659 1695660 1697608 1697609 1697610 1697611 1699558 1699557 1699556 1699555 1697607 1697606 1695658 1695657 1691762 1687866 1691763 1687867 1685919 1685920 1685921 1685922 1691764 1687868 1687869 1687870 1687871 1695663 1691767 1695662 1691766 1693712 1695661 1691765
bot 2 4 4918e5rs 1160776865 2118813 52
owned 2 2118813 2118814 2118815 2118816 2120764 2116868 2114920 2114919 2114918 2114917 2114916 2114915 2114914 2114913 2116861 2118809 2118810 2118811 2120759 2120760 2122708 2122709 2122710 2122711 2124658 2124657 2124656 2124655 2122707 2122706 2120758 2120757 2116862 2112966 2116863 2112967 2111019 2111020 2111021 2111022 2116864 2112968 2112969 2112970 2112971 2120763 2116867 2120762 2116866 2118812 2120761 2116865
bot 3 5 0grah7qg -2107334215 1179510 52
owned 3 1179510 1179511 1179512 1179513 1181461 1177565 1175617 1175616 1175615 1175614 1175613 1175612 1175611 1175610 1177558 1179506 1179507 1179508 1181456 1181457 1183405 1183406 1183407 1183408 1185355 1185354 1185353 1185352 1183404 1183403 1181455 1181454 1177559 1173663 1177560 1173664 1171716 1171717 1171718 1171719 1177561 1173665 1173666 1173667 1173668 1181460 1177564 1181459 1177563 1179509 1181458 1177562
bot 4 6 79lbhuod 919150858 354112 52
owned 4 354112 354113 354114 354115 356063 352167 350219 350218 350217 350216 350215 350214 350213 350212 352160 354108 354109 354110 356058 356059 358007 358008 358009 358010 359957 359956 359955 359954 358006 358005 356057 356056 352161 348265 352162 348266 346318 346319 346320 346321 352163 348267 348268 348269 348270 356062 352166 356061 352165 354111 356060 352164
bot 5 7 0eay8wsu 312910098 1672567 52
owned 5 1672567 1672568 1672569 1672570 1674518 1670622 1668674 1668673 1668672 1668671 1668670 1668669 1668668 1668667 1670615 1672563 1672564 1672565 1674513 1674514 1676462 1676463 1676464 1676465 1678412 1678411 1678410 1678409 1676461 1676460 1674512 1674511 1670616 1666720 1670617 1666721 1664773 1664774 1664775 1664776 1670618 1666722 1666723 1666724 1666725 1674517 1670621 1674516 1670620 1672566 1674515 1670619
bot 6 8 l4g4juu8 1373847271 3737454 52
owned 6 3737454 3737455 3737456 3737457 3739405 3735509 3733561 3733560 3733559 3733558 3733557 3733556 3733555 3733554 3735502 3737450 3737451 3737452 3739400 3739401 3741349 3741350 3741351 3741352 3743299 3743298 3743297 3743296 3741348 3741347 3739399 3739398 3735503 3731607 3735504 3731608 3729660 3729661 3729662 3729663 3735505 3731609 3731610 3731611 3731612 3739404 3735508 3739403 3735507 3737453 3739402 3735506
bot 7 9 gsw4n5km 1786011062 1534836 52
owned 7 1534836 1534837 1534838 1534839 1536787 1532891 1530943 1530942 1530941 1530940 1530939 1530938 1530937 1530936 1532884 1534832 1534833 1534834 1536782 1536783 1538731 1538732 1538733 1538734 1540681 1540680 1540679 1540678 1538730 1538729 1536781 1536780 1532885 1528989 1532886 1528990 1527042 1527043 1527044 1527045 1532887 1528991 1528992 1528993 1528994 1536786 1532890 1536785 1532889 1534835 1536784 1532888
bot 8 10 ooz4f963 1067254298 1363119 52
owned 8 1363119 1363120 1363121 1363122 1365070 1361174 1359226 1359225 1359224 1359223 1359222 1359221 1359220 1359219 1361167 1363115 1363116 1363117 1365065 1365066 1367014 1367015 1367016 1367017 1368964 1368963 1368962 1368961 1367013 1367012 1365064 1365063 1361168 1357272 1361169 1357273 1355325 1355326 1355327 1355328 1361170 1357274 1357275 1357276 1357277 1365069 1361173 1365068 1361172 1363118 1365067 1361171
bot 9 11 g49bog52 471077977 1246290 52
owned 9 1246290 1246291 1246292 1246293 1248241 1244345 1242397 1242396 1242395 1242394 1242393 1242392 1242391 1242390 1244338 1246286 1246287 1246288 1248236 1248237 1250185 1250186 1250187 1250188 1252135 1252134 1252133 1252132 1250184 1250183 1248235 1248234 1244339 1240443 1244340 1240444 1238496 1238497 1238498 1238499 1244341 1240445 1240446 1240447 1240448 1248240 1244344 1248239 1244343 1246289 1248238 1244342
bot 10 12 vl3arc4y 2110741002 488823 52
owned 10 488823 488824 488825 488826 490774 486878 484930 484929 484928 484927 484926 484925 484924 484923 486871 488819 488820 488821 490769 490770 492718 492719 492720 492721 494668 494667 494666 494665 492717 492716 490768 490767 486872 482976 486873 482977 481029 481030 481031 481032 486874 482978 482979 482980 482981 490773 486877 490772 486876 488822 490771 486875
bot 11 13 26spmsu2 1249151528 1567127 52
owned 11 1567127 1567128 1567129 1567130 1569078 1565182 1563234 1563233 1563232 1563231 1563230 1563229 1563228 1563227 1565175 1567123 1567124 1567125 1569073 1569074 1571022 1571023 1571024 1571025 1572972 1572971 1572970 1572969 1571021 1571020 1569072 1569071 1565176 1561280 1565177 1561281 1559333 1559334 1559335 1559336 1565178 1561282 1561283 1561284 1561285 1569077 1565181 1569076 1565180 1567126 1569075 1565179
bot 12 14 666fmd2f -2125171585 1115588 52
owned 12 1115588 1115589 1115590 1115591 1117539 1113643 1111695 1111694 1111693 1111692 1111691 1111690 1111689 1111688 1113636 1115584 1115585 1115586 1117534 1117535 1119483 1119484 1119485 1119486 1121433 1121432 1121431 1121430 1119482 1119481 1117533 1117532 1113637 1109741 1113638 1109742 1107794 1107795 1107796 1107797 1113639 1109743 1109744 1109745 1109746 1117538 1113642 1117537 1113641 1115587 1117536 1113640
bot 13 15 vybu8oes 2095769353 889433 52
owned 13 889433 889434 889435 889436 891384 887488 885540 885539 885538 885537 885536 885535 885534 885533 887481 889429 889430 889431 891379 891380 893328 893329 893330 893331 895278 895277 895276 895275 893327 893326 891378 891377 887482 883586 887483 883587 881639 881640 881641 881642 887484 883588 883589 883590 883591 891383 887487 891382 887486 889432 891381 887485
bot 14 16 tlx2iciq 1076827768 504886 52
owned 14 504886 504887 504888 504889 506837 502941 500993 500992 500991 500990 500989 500988 500987 500986 502934 504882 504883 504884 506832 506833 508781 508782 508783 508784 510731 510730 510729 510728 508780 508779 506831 506830 502935 499039 502936 499040 497092 497093 497094 497095 502937 499041 499042 499043 499044 506836 502940 506835 502939 504885 506834 502938
bot 15 17 8i7cuo9t 1041878418 1520735 52
owned 15 1520735 1520736 1520737 1520738 1522686 1518790 1516842 1516841 1516840 1516839 1516838 1516837 1516836 1516835 1518783 1520731 1520732 1520733 1522681 1522682 1524630 1524631 1524632 1524633 1526580 1526579 1526578 1526577 1524629 1524628 1522680 1522679 1518784 1514888 1518785 1514889 1512941 1512942 1512943 1512944 1518786 1514890 1514891 1514892 1514893 1522685 1518789 1522684 1518788 1520734 1522683 1518787
bot 16 18 ay8xa67r 1238569276 2089760 52
owned 16 2089760 2089761 2089762 2089763 2091711 2087815 2085867 2085866 2085865 2085864 2085863 2085862 2085861 2085860 2087808 2089756 2089757 2089758 2091706 2091707 2093655 2093656 2093657 2093658 2095605 2095604 2095603 2095602 2093654 2093653 2091705 2091704 2087809 2083913 2087810 2083914 2081966 2081967 2081968 2081969 2087811 2083915 2083916 2083917 2083918 2091710 2087814 2091709 2087813 2089759 2091708 2087812
bot 17 19 fha1xhrw -2086814691 1741312 52
owned 17 1741312 1741313 1741314 1741315 1743263 1739367 1737419 1737418 1737417 1737416 1737415 1737414 1737413 1737412 1739360 1741308 1741309 1741310 1743258 1743259 1745207 1745208 1745209 1745210 1747157 1747156 1747155 1747154 1745206 1745205 1743257 1743256 1739361 1735465 1739362 1735466 1733518 1733519 1733520 1733521 1739363 1735467 1735468 1735469 1735470 1743262 1739366 1743261 1739365 1741311 1743260 1739364
bot 18 20 0n5m7v7w 2006771567 1627959 52
owned 18 1627959 1627960 1627961 1627962 1629910 1626014 1624066 1624065 1624064 1624063 1624062 1624061 1624060 1624059 1626007 1627955 1627956 1627957 1629905 1629906 1631854 1631855 1631856 1631857 1633804 1633803 1633802 1633801 1631853 1631852 1629904 1629903 1626008 1622112 1626009 1622113 1620165 1620166 1620167 1620168 1626010 1622114 1622115 1622116 1622117 1629909 1626013 1629908 1626012 1627958 1629907 1626011
bot 19 21 g1kcotxi 1701193324 469175 52
owned 19 469175 469176 469177 469178 471126 467230 465282 465281 465280 465279 465278 465277 465276 465275 467223 469171 469172 469173 471121 471122 473070 473071 473072 473073 475020 475019 475018 475017 473069 473068 471120 471119 467224 463328 467225 463329 461381 461382 461383 461384 467226 463330 463331 463332 463333 471125 467229 471124 467228 469174 471123 467227
bot 20 22 onu80sk7 2095760979 515898 52
owned 20 515898 515899 515900 515901 517849 513953 512005 512004 512003 512002 512001 512000 511999 511998 513946 515894 515895 515896 517844 517845 519793 519794 519795 519796 521743 521742 521741 521740 519792 519791 517843 517842 513947 510051 513948 510052 508104 508105 508106 508107 513949 510053 510054 510055 510056 517848 513952 517847 513951 515897 517846 513950
bot 21 23 mt378h9n 2146580788 3120003 52
owned 21 3120003 3120004 3120005 3120006 3121954 3118058 3116110 3116109 3116108 3116107 3116106 3116105 3116104 3116103 3118051 3119999 3120000 3120001 3121949 3121950 3123898 3123899 3123900 3123901 3125848 3125847 3125846 3125845 3123897 3123896 3121948 3121947 3118052 3114156 3118053 3114157 3112209 3112210 3112211 3112212 3118054 3114158 3114159 3114160 3114161 3121953 3118057 3121952 3118056 3120002 3121951 3118055
bot 22 24 bo2xv2tw 494470294 1561908 52
owned 22 1561908 1561909 1561910 1561911 1563859 1559963 1558015 1558014 1558013 1558012 1558011 1558010 1558009 1558008 1559956 1561904 1561905 1561906 1563854 1563855 1565803 1565804 1565805 1565806 1567753 1567752 1567751 1567750 1565802 1565801 1563853 1563852 1559957 1556061 1559958 1556062 1554114 1554115 1554116 1554117 1559959 1556063 1556064 1556065 1556066 1563858 1559962 1563857 1559961 1561907 1563856 1559960
bot 23 25 4j0jwl8e 1716918454 946000 52
owned 23 946000 946001 946002 946003 947951 944055 942107 942106 942105 942104 942103 942102 942101 942100 944048 945996 945997 945998 947946 947947 949895 949896 949897 949898 951845 951844 951843 951842 949894 949893 947945 947944 944049 940153 944050 940154 938206 938207 938208 938209 944051 940155 940156 940157 940158 947950 944054 947949 944053 945999 947948 944052
bot 24 26 2q1yboxl 255765212 1083796 52
owned 24 1083796 1083797 1083798 1083799 1085747 1081851 1079903 1079902 1079901 1079900 1079899 1079898 1079897 1079896 1081844 1083792 1083793 1083794 1085742 1085743 1087691 1087692 1087693 1087694 1089641 1089640 1089639 1089638 1087690 1087689 1085741 1085740 1081845 1077949 1081846 1077950 1076002 1076003 1076004 1076005 1081847 1077951 1077952 1077953 1077954 1085746 1081850 1085745 1081849 1083795 1085744 1081848
bot 25 27 uf1afynu 646231689 2305647 52
owned 25 2305647 2305648 2305649 2305650 2307598 2303702 2301754 2301753 2301752 2301751 2301750 2301749 2301748 2301747 2303695 2305643 2305644 2305645 2307593 2307594 2309542 2309543 2309544 2309545 2311492 2311491 2311490 2311489 2309541 2309540 2307592 2307591 2303696 2299800 2303697 2299801 2297853 2297854 2297855 2297856 2303698 2299802 2299803 2299804 2299805 2307597 2303701 2307596 2303700 2305646 2307595 2303699
bot 26 28 hnp5jsyu 1554719380 2399168 52
owned 26 2399168 2399169 2399170 2399171 2401119 2397223 2395275 2395274 2395273 2395272 2395271 2395270 2395269 2395268 2397216 2399164 2399165 2399166 2401114 2401115 2403063 2403064 2403065 2403066 2405013 2405012 2405011 2405010 2403062 2403061 2401113 2401112 2397217 2393321 2397218 2393322 2391374 2391375 2391376 2391377 2397219 2393323 2393324 2393325 2393326 2401118 2397222 2401117 2397221 2399167 2401116 2397220
bot 27 29 3ks2xdvj 2013378221 1247543 52
owned 27 1247543 1247544 1247545 1247546 1249494 1245598 1243650 1243649 1243648 1243647 1243646 1243645 1243644 1243643 1245591 1247539 1247540 1247541 1249489 1249490 1251438 1251439 1251440 1251441 1253388 1253387 1253386 1253385 1251437 1251436 1249488 1249487 1245592 1241696 1245593 1241697 1239749 1239750 1239751 1239752 1245594 1241698 1241699 1241700 1241701 1249493 1245597 1249492 1245596 1247542 1249491 1245595
bot 28 30 6udu18l9 1164531456 716538 52
owned 28 716538 716539 716540 716541 718489 714593 712645 712644 712643 712642 712641 712640 712639 712638 714586 716534 716535 716536 718484 718485 720433 720434 720435 720436 722383 722382 722381 722380 720432 720431 718483 718482 714587 710691 714588 710692 708744 708745 708746 708747 714589 710693 710694 710695 710696 718488 714592 718487 714591 716537 718486 714590
bot 29 31 u9qkgxb0 358820289 1355431 52
owned 29 1355431 1355432 1355433 1355434 1357382 1353486 1351538 1351537 1351536 1351535 1351534 1351533 1351532 1351531 1353479 1355427 1355428 1355429 1357377 1357378 1359326 1359327 1359328 1359329 1361276 1361275 1361274 1361273 1359325 1359324 1357376 1357375 1353480 1349584 1353481 1349585 1347637 1347638 1347639 1347640 1353482 1349586 1349587 1349588 1349589 1357381 1353485 1357380 1353484 1355430 1357379 1353483
bot 30 32 gxzvzcy1 2075804082 838911 52
owned 30 838911 838912 838913 838914 840862 836966 835018 835017 835016 835015 835014 835013 835012 835011 836959 838907 838908 838909 840857 840858 842806 842807 842808 842809 844756 844755 844754 844753 842805 842804 840856 840855 836960 833064 836961 833065 831117 831118 831119 831120 836962 833066 833067 833068 833069 840861 836965 840860 836964 838910 840859 836963
bot 31 33 soumc8lx 1964908793 3519283 52
owned 31 3519283 3519284 3519285 3519286 3521234 3517338 3515390 3515389 3515388 3515387 3515386 3515385 3515384 3515383 3517331 3519279 3519280 3519281 3521229 3521230 3523178 3523179 3523180 3523181 3525128 3525127 3525126 3525125 3523177 3523176 3521228 3521227 3517332 3513436 3517333 3513437 3511489 3511490 3511491 3511492 3517334 3513438 3513439 3513440 3513441 3521233 3517337 3521232 3517336 3519282 3521231 3517335
bot 32 34 pbtdxhy8 -1952436939 1310235 52
owned 32 1310235 1310236 1310237 1310238 1312186 1308290 1306342 1306341 1306340 1306339 1306338 1306337 1306336 1306335 1308283 1310231 1310232 1310233 1312181 1312182 1314130 1314131 1314132 1314133 1316080 1316079 1316078 1316077 1314129 1314128 1312180 1312179 1308284 1304388 1308285 1304389 1302441 1302442 1302443 1302444 1308286 1304390 1304391 1304392 1304393 1312185 1308289 1312184 1308288 1310234 1312183 1308287
bot 33 35 7qca320q 1722666588 646625 52
owned 33 646625 646626 646627 646628 648576 644680 642732 642731 642730 642729 642728 642727 642726 642725 644673 646621 646622 646623 648571 648572 650520 650521 650522 650523 652470 652469 652468 652467 650519 650518 648570 648569 644674 640778 644675 640779 638831 638832 638833 638834 644676 640780 640781 640782 640783 648575 644679 648574 644678 646624 648573 644677
bot 34 36 qu4dw13r 1935691025 948227 52
owned 34 948227 948228 948229 948230 950178 946282 944334 944333 944332 944331 944330 944329 944328 944327 946275 948223 948224 948225 950173 950174 952122 952123 952124 952125 954072 954071 954070 954069 952121 952120 950172 950171 946276 942380 946277 942381 940433 940434 940435 940436 946278 942382 942383 942384 942385 950177 946281 950176 946280 948226 950175 946279
bot 35 37 uf42rmom 603403740 806795 52
owned 35 806795 806796 806797 806798 808746 804850 802902 802901 802900 802899 802898 802897 802896 802895 804843 806791 806792 806793 808741 808742 810690 810691 810692 810693 812640 812639 812638 812637 810689 810688 808740 808739 804844 800948 804845 800949 799001 799002 799003 799004 804846 800950 800951 800952 800953 808745 804849 808744 804848 806794 808743 804847
bot 36 38 5pzo5nyp -1978938492 2184877 52
owned 36 2184877 2184878 2184879 2184880 2186828 2182932 2180984 2180983 2180982 2180981 2180980 2180979 2180978 2180977 2182925 2184873 2184874 2184875 2186823 2186824 2188772 2188773 2188774 2188775 2190722 2190721 2190720 2190719 2188771 2188770 2186822 2186821 2182926 2179030 2182927 2179031 2177083 2177084 2177085 2177086 2182928 2179032 2179033 2179034 2179035 2186827 2182931 2186826 2182930 2184876 2186825 2182929
bot 37 39 lpeu6a40 1655789225 3064101 52
owned 37 3064101 3064102 3064103 3064104 3066052 3062156 3060208 3060207 3060206 3060205 3060204 3060203 3060202 3060201 3062149 3064097 3064098 3064099 3066047 3066048 3067996 3067997 3067998 3067999 3069946 3069945 3069944 3069943 3067995 3067994 3066046 3066045 3062150 3058254 3062151 3058255 3056307 3056308 3056309 3056310 3062152 3058256 3058257 3058258 3058259 3066051 3062155 3066050 3062154 3064100 3066049 3062153
bot 38 40 m01qyq41 -1925929108 1564466 52
owned 38 1564466 1564467 1564468 1564469 1566417 1562521 1560573 1560572 1560571 1560570 1560569 1560568 1560567 1560566 1562514 1564462 1564463 1564464 1566412 1566413 1568361 1568362 1568363 1568364 1570311 1570310 1570309 1570308 1568360 1568359 1566411 1566410 1562515 1558619 1562516 1558620 1556672 1556673 1556674 1556675 1562517 1558621 1558622 1558623 1558624 1566416 1562520 1566415 1562519 1564465 1566414 1562518
bot 39 41 qp5j7mcl 1825462711 1185505 52
owned 39 1185505 1185506 1185507 1185508 1187456 1183560 1181612 1181611 1181610 1181609 1181608 1181607 1181606 1181605 1183553 1185501 1185502 1185503 1187451 1187452 1189400 1189401 1189402 1189403 1191350 1191349 1191348 1191347 1189399 1189398 1187450 1187449 1183554 1179658 1183555 1179659 1177711 1177712 1177713 1177714 1183556 1179660 1179661 1179662 1179663 1187455 1183559 1187454 1183558 1185504 1187453 1183557
bot 40 42 daoks386 1879256123 352132 52
owned 40 352132 352133 352134 352135 354083 350187 348239 348238 348237 348236 348235 348234 348233 348232 350180 352128 352129 352130 354078 354079 356027 356028 356029 356030 357977 357976 357975 357974 356026 356025 354077 354076 350181 346285 350182 346286 344338 344339 344340 344341 350183 346287 346288 346289 346290 354082 350186 354081 350185 352131 354080 350184
bot 41 43 1adrc0if 1860141724 590707 52
owned 41 590707 590708 590709 590710 592658 588762 586814 586813 586812 586811 586810 586809 586808 586807 588755 590703 590704 590705 592653 592654 594602 594603 594604 594605 596552 596551 596550 596549 594601 594600 592652 592651 588756 584860 588757 584861 582913 582914 582915 582916 588758 584862 584863 584864 584865 592657 588761 592656 588760 590706 592655 588759
bot 42 44 z2sjy7tl 1824294623 916036 52
owned 42 916036 916037 916038 916039 917987 914091 912143 912142 912141 912140 912139 912138 912137 912136 914084 916032 916033 916034 917982 917983 919931 919932 919933 919934 921881 921880 921879 921878 919930 919929 917981 917980 914085 910189 914086 910190 908242 908243 908244 908245 914087 910191 910192 910193 910194 917986 914090 917985 914089 916035 917984 914088
bot 43 45 2a2pcqq2 1550573320 1049900 52
owned 43 1049900 1049901 1049902 1049903 1051851 1047955 1046007 1046006 1046005 1046004 1046003 1046002 1046001 1046000 1047948 1049896 1049897 1049898 1051846 1051847 1053795 1053796 1053797 1053798 1055745 1055744 1055743 1055742 1053794 1053793 1051845 1051844 1047949 1044053 1047950 1044054 1042106 1042107 1042108 1042109 1047951 1044055 1044056 1044057 1044058 1051850 1047954 1051849 1047953 1049899 1051848 1047952
bot 44 46 965x3zic 1651901379 1693023 52
owned 44 1693023 1693024 1693025 1693026 1694974 1691078 1689130 1689129 1689128 1689127 1689126 1689125 1689124 1689123 1691071 1693019 1693020 1693021 1694969 1694970 1696918 1696919 1696920 1696921 1698868 1698867 1698866 1698865 1696917 1696916 1694968 1694967 1691072 1687176 1691073 1687177 1685229 1685230 1685231 1685232 1691074 1687178 1687179 1687180 1687181 1694973 1691077 1694972 1691076 1693022 1694971 1691075
bot 45 47 yytwuuvv 643310337 1057520 52
owned 45 1057520 1057521 1057522 1057523 1059471 1055575 1053627 1053626 1053625 1053624 1053623 1053622 1053621 1053620 1055568 1057516 1057517 1057518 1059466 1059467 1061415 1061416 1061417 1061418 1063365 1063364 1063363 1063362 1061414 1061413 1059465 1059464 1055569 1051673 1055570 1051674 1049726 1049727 1049728 1049729 1055571 1051675 1051676 1051677 1051678 1059470 1055574 1059469 1055573 1057519 1059468 1055572
bot 46 48 0bq4zvkx -1953292478 2270448 52
owned 46 2270448 2270449 2270450 2270451 2272399 2268503 2266555 2266554 2266553 2266552 2266551 2266550 2266549 2266548 2268496 2270444 2270445 2270446 2272394 2272395 2274343 2274344 2274345 2274346 2276293 2276292 2276291 2276290 2274342 2274341 2272393 2272392 2268497 2264601 2268498 2264602 2262654 2262655 2262656 2262657 2268499 2264603 2264604 2264605 2264606 2272398 2268502 2272397 2268501 2270447 2272396 2268500
bot 47 49 fqo7elia -1958284618 1792951 52
owned 47 1792951 1792952 1792953 1792954 1794902 1791006 1789058 1789057 1789056 1789055 1789054 1789053 1789052 1789051 1790999 1792947 1792948 1792949 1794897 1794898 1796846 1796847 1796848 1796849 1798796 1798795 1798794 1798793 1796845 1796844 1794896 1794895 1791000 1787104 1791001 1787105 1785157 1785158 1785159 1785160 1791002 1787106 1787107 1787108 1787109 1794901 1791005 1794900 1791004 1792950 1794899 1791003
bot 48 50 xb2eodru 1511238585 487845 52
owned 48 487845 487846 487847 487848 489796 485900 483952 483951 483950 483949 483948 483947 483946 483945 485893 487841 487842 487843 489791 489792 491740 491741 491742 491743 493690 493689 493688 493687 491739 491738 489790 489789 485894 481998 485895 481999 480051 480052 480053 480054 485896 482000 482001 482002 482003 489795 485899 489794 485898 487844 489793 485897
bot 49 51 dn2a1fmz 1672109513 857438 52
owned 49 857438 857439 857440 857441 859389 855493 853545 853544 853543 853542 853541 853540 853539 853538 855486 857434 857435 857436 859384 859385 861333 861334 861335 861336 863283 863282 863281 863280 861332 861331 859383 859382 855487 851591 855488 851592 849644 849645 849646 849647 855489 851593 851594 851595 851596 859388 855492 859387 855491 857437 859386 855490
bot 50 52 c657fqi1 1526829564 1793236 52
owned 50 1793236 1793237 1793238 1793239 1795187 1791291 1789343 1789342 1789341 1789340 1789339 1789338 1789337 1789336 1791284 1793232 1793233 1793234 1795182 1795183 1797131 1797132 1797133 1797134 1799081 1799080 1799079 1799078 1797130 1797129 1795181 1795180 1791285 1787389 1791286 1787390 1785442 1785443 1785444 1785445 1791287 1787391 1787392 1787393 1787394 1795186 1791290 1795185 1791289 1793235 1795184 1791288
bot 51 53 3oa0wbik 1465915324 1134255 52
owned 51 1134255 1134256 1134257 1134258 1136206 1132310 1130362 1130361 1130360 1130359 1130358 1130357 1130356 1130355 1132303 1134251 1134252 1134253 1136201 1136202 1138150 1138151 1138152 1138153 1140100 1140099 1140098 1140097 1138149 1138148 1136200 1136199 1132304 1128408 1132305 1128409 1126461 1126462 1126463 1126464 1132306 1128410 1128411 1128412 1128413 1136205 1132309 1136204 1132308 1134254 1136203 1132307
bot 52 54 bbor86ta 1160631798 1906860 52
owned 52 1906860 1906861 1906862 1906863 1908811 1904915 1902967 1902966 1902965 1902964 1902963 1902962 1902961 1902960 1904908 1906856 1906857 1906858 1908806 1908807 1910755 1910756 1910757 1910758 1912705 1912704 1912703 1912702 1910754 1910753 1908805 1908804 1904909 1901013 1904910 1901014 1899066 1899067 1899068 1899069 1904911 1901015 1901016 1901017 1901018 1908810 1904914 1908809 1904913 1906859 1908808 1904912
bot 53 55 ke481hq3 1735541677 334243 52
owned 53 334243 334244 334245 334246 336194 332298 330350 330349 330348 330347 330346 330345 330344 330343 332291 334239 334240 334241 336189 336190 338138 338139 338140 338141 340088 340087 340086 340085 338137 338136 336188 336187 332292 328396 332293 328397 326449 326450 326451 326452 332294 328398 328399 328400 328401 336193 332297 336192 332296 334242 336191 332295
bot 54 56 1p7me35b 2016093044 1204704 52
owned 54 1204704 1204705 1204706 1204707 1206655 1202759 1200811 1200810 1200809 1200808 1200807 1200806 1200805 1200804 1202752 1204700 1204701 1204702 1206650 1206651 1208599 1208600 1208601 1208602 1210549 1210548 1210547 1210546 1208598 1208597 1206649 1206648 1202753 1198857 1202754 1198858 1196910 1196911 1196912 1196913 1202755 1198859 1198860 1198861 1198862 1206654 1202758 1206653 1202757 1204703 1206652 1202756
bot 55 57 ros1fefm 336921379 1415525 52
owned 55 1415525 1415526 1415527 1415528 1417476 1413580 1411632 1411631 1411630 1411629 1411628 1411627 1411626 1411625 1413573 1415521 1415522 1415523 1417471 1417472 1419420 1419421 1419422 1419423 1421370 1421369 1421368 1421367 1419419 1419418 1417470 1417469 1413574 1409678 1413575 1409679 1407731 1407732 1407733 1407734 1413576 1409680 1409681 1409682 1409683 1417475 1413579 1417474 1413578 1415524 1417473 1413577
bot 56 58 bbj4439d 1361159728 999399 52
owned 56 999399 999400 999401 999402 1001350 997454 995506 995505 995504 995503 995502 995501 995500 995499 997447 999395 999396 999397 1001345 1001346 1003294 1003295 1003296 1003297 1005244 1005243 1005242 1005241 1003293 1003292 1001344 1001343 997448 993552 997449 993553 991605 991606 991607 991608 997450 993554 993555 993556 993557 1001349 997453 1001348 997452 999398 1001347 997451
bot 57 59 50euwmgf 756661700 855821 52
owned 57 855821 855822 855823 855824 857772 853876 851928 851927 851926 851925 851924 851923 851922 851921 853869 855817 855818 855819 857767 857768 859716 859717 859718 859719 861666 861665 861664 861663 859715 859714 857766 857765 853870 849974 853871 849975 848027 848028 848029 848030 853872 849976 849977 849978 849979 857771 853875 857770 853874 855820 857769 853873
bot 58 60 6ifrrqwg 1573288274 2697108 52
owned 58 2697108 2697109 2697110 2697111 2699059 2695163 2693215 2693214 2693213 2693212 2693211 2693210 2693209 2693208 2695156 2697104 2697105 2697106 2699054 2699055 2701003 2701004 2701005 2701006 2702953 2702952 2702951 2702950 2701002 2701001 2699053 2699052 2695157 2691261 2695158 2691262 2689314 2689315 2689316 2689317 2695159 2691263 2691264 2691265 2691266 2699058 2695162 2699057 2695161 2697107 2699056 2695160
bot 59 61 t3qojvzx 1884704811 484290 52
owned 59 484290 484291 484292 484293 486241 482345 480397 480396 480395 480394 480393 480392 480391 480390 482338 484286 484287 484288 486236 486237 488185 488186 488187 488188 490135 490134 490133 490132 488184 488183 486235 486234 482339 478443 482340 478444 476496 476497 476498 476499 482341 478445 478446 478447 478448 486240 482344 486239 482343 484289 486238 482342
bot 60 62 e39s2b1x 535357285 683160 52
owned 60 683160 683161 683162 683163 685111 681215 679267 679266 679265 679264 679263 679262 679261 679260 681208 683156 683157 683158 685106 685107 687055 687056 687057 687058 689005 689004 689003 689002 687054 687053 685105 685104 681209 677313 681210 677314 675366 675367 675368 675369 681211 677315 677316 677317 677318 685110 681214 685109 681213 683159 685108 681212
bot 61 63 8elalp3o 1664787462 3002831 52
owned 61 3002831 3002832 3002833 3002834 3004782 3000886 2998938 2998937 2998936 2998935 2998934 2998933 2998932 2998931 3000879 3002827 3002828 3002829 3004777 3004778 3006726 3006727 3006728 3006729 3008676 3008675 3008674 3008673 3006725 3006724 3004776 3004775 3000880 2996984 3000881 2996985 2995037 2995038 2995039 2995040 3000882 2996986 2996987 2996988 2996989 3004781 3000885 3004780 3000884 3002830 3004779 3000883
bot 62 64 drzdgt29 351372376 3289701 52
owned 62 3289701 3289702 3289703 3289704 3291652 3287756 3285808 3285807 3285806 3285805 3285804 3285803 3285802 3285801 3287749 3289697 3289698 3289699 3291647 3291648 3293596 3293597 3293598 3293599 3295546 3295545 3295544 3295543 3293595 3293594 3291646 3291645 3287750 3283854 3287751 3283855 3281907 3281908 3281909 3281910 3287752 3283856 3283857 3283858 3283859 3291651 3287755 3291650 3287754 3289700 3291649 3287753
bot 63 65 a5l13l40 409032466 2375864 52
owned 63 2375864 2375865 2375866 2375867 2377815 2373919 2371971 2371970 2371969 2371968 2371967 2371966 2371965 2371964 2373912 2375860 2375861 2375862 2377810 2377811 2379759 2379760 2379761 2379762 2381709 2381708 2381707 2381706 2379758 2379757 2377809 2377808 2373913 2370017 2373914 2370018 2368070 2368071 2368072 2368073 2373915 2370019 2370020 2370021 2370022 2377814 2373918 2377813 2373917 2375863 2377812 2373916
bot 64 66 15jsgukl 2082714056 1748200 52
owned 64 1748200 1748201 1748202 1748203 1750151 1746255 1744307 1744306 1744305 1744304 1744303 1744302 1744301 1744300 1746248 1748196 1748197 1748198 1750146 1750147 1752095 1752096 1752097 1752098 1754045 1754044 1754043 1754042 1752094 1752093 1750145 1750144 1746249 1742353 1746250 1742354 1740406 1740407 1740408 1740409 1746251 1742355 1742356 1742357 1742358 1750150 1746254 1750149 1746253 1748199 1750148 1746252
bot 65 67 457rtifd 2131565011 83202 52
owned 65 83202 83203 83204 83205 85153 81257 79309 79308 79307 79306 79305 79304 79303 79302 81250 83198 83199 83200 85148 85149 87097 87098 87099 87100 89047 89046 89045 89044 87096 87095 85147 85146 81251 77355 81252 77356 75408 75409 75410 75411 81253 77357 77358 77359 77360 85152 81256 85151 81255 83201 85150 81254
bot 66 68 nvln8mx2 1241068427 435312 52
owned 66 435312 435313 435314 435315 437263 433367 431419 431418 431417 431416 431415 431414 431413 431412 433360 435308 435309 435310 437258 437259 439207 439208 439209 439210 441157 441156 441155 441154 439206 439205 437257 437256 433361 429465 433362 429466 427518 427519 427520 427521 433363 429467 429468 429469 429470 437262 433366 437261 433365 435311 437260 433364
bot 67 69 xdf4q9ey 434759834 188604 52
owned 67 188604 188605 188606 188607 190555 186659 184711 184710 184709 184708 184707 184706 184705 184704 186652 188600 188601 188602 190550 190551 192499 192500 192501 192502 194449 194448 194447 194446 192498 192497 190549 190548 186653 182757 186654 182758 180810 180811 180812 180813 186655 182759 182760 182761 182762 190554 186658 190553 186657 188603 190552 186656
bot 68 70 aehphxxq 441688655 1194409 52
owned 68 1194409 1194410 1194411 1194412 1196360 1192464 1190516 1190515 1190514 1190513 1190512 1190511 1190510 1190509 1192457 1194405 1194406 1194407 1196355 1196356 1198304 1198305 1198306 1198307 1200254 1200253 1200252 1200251 1198303 1198302 1196354 1196353 1192458 1188562 1192459 1188563 1186615 1186616 1186617 1186618 1192460 1188564 1188565 1188566 1188567 1196359 1192463 1196358 1192462 1194408 1196357 1192461
bot 69 71 r69884b7 1040467408 1412015 52
owned 69 1412015 1412016 1412017 1412018 1413966 1410070 1408122 1408121 1408120 1408119 1408118 1408117 1408116 1408115 1410063 1412011 1412012 1412013 1413961 1413962 1415910 1415911 1415912 1415913 1417860 1417859 1417858 1417857 1415909 1415908 1413960 1413959 1410064 1406168 1410065 1406169 1404221 1404222 1404223 1404224 1410066 1406170 1406171 1406172 1406173 1413965 1410069 1413964 1410068 1412014 1413963 1410067
bot 70 72 1fi956n2 1628450074 3032552 52
owned 70 3032552 3032553 3032554 3032555 3034503 3030607 3028659 3028658 3028657 3028656 3028655 3028654 3028653 3028652 3030600 3032548 3032549 3032550 3034498 3034499 3036447 3036448 3036449 3036450 3038397 3038396 3038395 3038394 3036446 3036445 3034497 3034496 3030601 3026705 3030602 3026706 3024758 3024759 3024760 3024761 3030603 3026707 3026708 3026709 3026710 3034502 3030606 3034501 3030605 3032551 3034500 3030604
bot 71 73 x0s75hnx 1902416189 410413 52
owned 71 410413 410414 410415 410416 412364 408468 406520 406519 406518 406517 406516 406515 406514 406513 408461 410409 410410 410411 412359 412360 414308 414309 414310 414311 416258 416257 416256 416255 414307 414306 412358 412357 408462 404566 408463 404567 402619 402620 402621 402622 408464 404568 404569 404570 404571 412363 408467 412362 408466 410412 412361 408465
bot 72 74 jjcxe8w7 1929622268 987862 52
owned 72 987862 987863 987864 987865 989813 985917 983969 983968 983967 983966 983965 983964 983963 983962 985910 987858 987859 987860 989808 989809 991757 991758 991759 991760 993707 993706 993705 993704 991756 991755 989807 989806 985911 982015 985912 982016 980068 980069 980070 980071 985913 982017 982018 982019 982020 989812 985916 989811 985915 987861 989810 985914
bot 73 75 pa9du0an 680719808 909384 52
owned 73 909384 909385 909386 909387 911335 907439 905491 905490 905489 905488 905487 905486 905485 905484 907432 909380 909381 909382 911330 911331 913279 913280 913281 913282 915229 915228 915227 915226 913278 913277 911329 911328 907433 903537 907434 903538 901590 901591 901592 901593 907435 903539 903540 903541 903542 911334 907438 911333 907437 909383 911332 907436
bot 74 76 wr1iodtv 1058650254 497174 52
owned 74 497174 497175 497176 497177 499125 495229 493281 493280 493279 493278 493277 493276 493275 493274 495222 497170 497171 497172 499120 499121 501069 501070 501071 501072 503019 503018 503017 503016 501068 501067 499119 499118 495223 491327 495224 491328 489380 489381 489382 489383 495225 491329 491330 491331 491332 499124 495228 499123 495227 497173 499122 495226
bot 75 77 q4t061qn 1864834683 851623 52
owned 75 851623 851624 851625 851626 853574 849678 847730 847729 847728 847727 847726 847725 847724 847723 849671 851619 851620 851621 853569 853570 855518 855519 855520 855521 857468 857467 857466 857465 855517 855516 853568 853567 849672 845776 849673 845777 843829 843830 843831 843832 849674 845778 845779 845780 845781 853573 849677 853572 849676 851622 853571 849675
bot 76 78 5walu3qw 1224512371 174116 52
owned 76 174116 174117 174118 174119 176067 172171 170223 170222 170221 170220 170219 170218 170217 170216 172164 174112 174113 174114 176062 176063 178011 178012 178013 178014 179961 179960 179959 179958 178010 178009 176061 176060 172165 168269 172166 168270 166322 166323 166324 166325 172167 168271 168272 168273 168274 176066 172170 176065 172169 174115 176064 172168
bot 77 79 9qsdvg22 1376203870 419901 52
owned 77 419901 419902 419903 419904 421852 417956 416008 416007 416006 416005 416004 416003 416002 416001 417949 419897 419898 419899 421847 421848 423796 423797 423798 423799 425746 425745 425744 425743 423795 423794 421846 421845 417950 414054 417951 414055 412107 412108 412109 412110 417952 414056 414057 414058 414059 421851 417955 421850 417954 419900 421849 417953
bot 78 80 kxhibxlj 517397506 3842713 52
owned 78 3842713 3842714 3842715 3842716 3844664 3840768 3838820 3838819 3838818 3838817 3838816 3838815 3838814 3838813 3840761 3842709 3842710 3842711 3844659 3844660 3846608 3846609 3846610 3846611 3848558 3848557 3848556 3848555 3846607 3846606 3844658 3844657 3840762 3836866 3840763 3836867 3834919 3834920 3834921 3834922 3840764 3836868 3836869 3836870 3836871 3844663 3840767 3844662 3840766 3842712 3844661 3840765
bot 79 81 3lvh3hh1 992169179 3493819 52
owned 79 3493819 3493820 3493821 3493822 3495770 3491874 3489926 3489925 3489924 3489923 3489922 3489921 3489920 3489919 3491867 3493815 3493816 3493817 3495765 3495766 3497714 3497715 3497716 3497717 3499664 3499663 3499662 3499661 3497713 3497712 3495764 3495763 3491868 3487972 3491869 3487973 3486025 3486026 3486027 3486028 3491870 3487974 3487975 3487976 3487977 3495769 3491873 3495768 3491872 3493818 3495767 3491871
bot 80 82 hhxd8zhc -1981148453 1902537 52
owned 80 1902537 1902538 1902539 1902540 1904488 1900592 1898644 1898643 1898642 1898641 1898640 1898639 1898638 1898637 1900585 1902533 1902534 1902535 1904483 1904484 1906432 1906433 1906434 1906435 1908382 1908381 1908380 1908379 1906431 1906430 1904482 1904481 1900586 1896690 1900587 1896691 1894743 1894744 1894745 1894746 1900588 1896692 1896693 1896694 1896695 1904487 1900591 1904486 1900590 1902536 1904485 1900589
bot 81 83 68hvehkn 1095836954 586541 52
owned 81 586541 586542 586543 586544 588492 584596 582648 582647 582646 582645 582644 582643 582642 582641 584589 586537 586538 586539 588487 588488 590436 590437 590438 590439 592386 592385 592384 592383 590435 590434 588486 588485 584590 580694 584591 580695 578747 578748 578749 578750 584592 580696 580697 580698 580699 588491 584595 588490 584594 586540 588489 584593
bot 82 84 0ysk38le 1385300227 904206 52
owned 82 904206 904207 904208 904209 906157 902261 900313 900312 900311 900310 900309 900308 900307 900306 902254 904202 904203 904204 906152 906153 908101 908102 908103 908104 910051 910050 910049 910048 908100 908099 906151 906150 902255 898359 902256 898360 896412 896413 896414 896415 902257 898361 898362 898363 898364 906156 902260 906155 902259 904205 906154 902258
bot 83 85 p9mtmjen 317818958 672968 52
owned 83 672968 672969 672970 672971 674919 671023 669075 669074 669073 669072 669071 669070 669069 669068 671016 672964 672965 672966 674914 674915 676863 676864 676865 676866 678813 678812 678811 678810 676862 676861 674913 674912 671017 667121 671018 667122 665174 665175 665176 665177 671019 667123 667124 667125 667126 674918 671022 674917 671021 672967 674916 671020
bot 84 86 vtv2qiiq 1725920906 1259167 52
owned 84 1259167 1259168 1259169 1259170 1261118 1257222 1255274 1255273 1255272 1255271 1255270 1255269 1255268 1255267 1257215 1259163 1259164 1259165 1261113 1261114 1263062 1263063 1263064 1263065 1265012 1265011 1265010 1265009 1263061 1263060 1261112 1261111 1257216 1253320 1257217 1253321 1251373 1251374 1251375 1251376 1257218 1253322 1253323 1253324 1253325 1261117 1257221 1261116 1257220 1259166 1261115 1257219
bot 85 87 npcd7vse -2091559336 525384 52
owned 85 525384 525385 525386 525387 527335 523439 521491 521490 521489 521488 521487 521486 521485 521484 523432 525380 525381 525382 527330 527331 529279 529280 529281 529282 531229 531228 531227 531226 529278 529277 527329 527328 523433 519537 523434 519538 517590 517591 517592 517593 523435 519539 519540 519541 519542 527334 523438 527333 523437 525383 527332 523436
bot 86 88 fyrg30wr 975447236 648537 52
owned 86 648537 648538 648539 648540 650488 646592 644644 644643 644642 644641 644640 644639 644638 644637 646585 648533 648534 648535 650483 650484 652432 652433 652434 652435 654382 654381 654380 654379 652431 652430 650482 650481 646586 642690 646587 642691 640743 640744 640745 640746 646588 642692 642693 642694 642695 650487 646591 650486 646590 648536 650485 646589
bot 87 89 qg4cg39i -1947660605 1078785 52
owned 87 1078785 1078786 1078787 1078788 1080736 1076840 1074892 1074891 1074890 1074889 1074888 1074887 1074886 1074885 1076833 1078781 1078782 1078783 1080731 1080732 1082680 1082681 1082682 1082683 1084630 1084629 1084628 1084627 1082679 1082678 1080730 1080729 1076834 1072938 1076835 1072939 1070991 1070992 1070993 1070994 1076836 1072940 1072941 1072942 1072943 1080735 1076839 1080734 1076838 1078784 1080733 1076837
bot 88 90 kqu8z0ef 2107383972 2679426 52
owned 88 2679426 2679427 2679428 2679429 2681377 2677481 2675533 2675532 2675531 2675530 2675529 2675528 2675527 2675526 2677474 2679422 2679423 2679424 2681372 2681373 2683321 2683322 2683323 2683324 2685271 2685270 2685269 2685268 2683320 2683319 2681371 2681370 2677475 2673579 2677476 2673580 2671632 2671633 2671634 2671635 2677477 2673581 2673582 2673583 2673584 2681376 2677480 2681375 2677479 2679425 2681374 2677478
bot 89 91 bdv4tpd7 1205846675 2436074 52
owned 89 2436074 2436075 2436076 2436077 2438025 2434129 2432181 2432180 2432179 2432178 2432177 2432176 2432175 2432174 2434122 2436070 2436071 2436072 2438020 2438021 2439969 2439970 2439971 2439972 2441919 2441918 2441917 2441916 2439968 2439967 2438019 2438018 2434123 2430227 2434124 2430228 2428280 2428281 2428282 2428283 2434125 2430229 2430230 2430231 2430232 2438024 2434128 2438023 2434127 2436073 2438022 2434126
bot 90 92 ok13k4z3 -1966524316 2804177 52
owned 90 2804177 2804178 2804179 2804180 2806128 2802232 2800284 2800283 2800282 2800281 2800280 2800279 2800278 2800277 2802225 2804173 2804174 2804175 2806123 2806124 2808072 2808073 2808074 2808075 2810022 2810021 2810020 2810019 2808071 2808070 2806122 2806121 2802226 2798330 2802227 2798331 2796383 2796384 2796385 2796386 2802228 2798332 2798333 2798334 2798335 2806127 2802231 2806126 2802230 2804176 2806125 2802229
bot 91 93 hkwcx197 767457194 733923 52
owned 91 733923 733924 733925 733926 735874 731978 730030 730029 730028 730027 730026 730025 730024 730023 731971 733919 733920 733921 735869 735870 737818 737819 737820 737821 739768 739767 739766 739765 737817 737816 735868 735867 731972 728076 731973 728077 726129 726130 726131 726132 731974 728078 728079 728080 728081 735873 731977 735872 731976 733922 735871 731975
bot 92 94 ko4t02h4 1395110162 1800923 52
owned 92 1800923 1800924 1800925 1800926 1802874 1798978 1797030 1797029 1797028 1797027 1797026 1797025 1797024 1797023 1798971 1800919 1800920 1800921 1802869 1802870 1804818 1804819 1804820 1804821 1806768 1806767 1806766 1806765 1804817 1804816 1802868 1802867 1798972 1795076 1798973 1795077 1793129 1793130 1793131 1793132 1798974 1795078 1795079 1795080 1795081 1802873 1798977 1802872 1798976 1800922 1802871 1798975
bot 93 95 a769y4e5 647486920 1203686 52
owned 93 1203686 1203687 1203688 1203689 1205637 1201741 1199793 1199792 1199791 1199790 1199789 1199788 1199787 1199786 1201734 1203682 1203683 1203684 1205632 1205633 1207581 1207582 1207583 1207584 1209531 1209530 1209529 1209528 1207580 1207579 1205631 1205630 1201735 1197839 1201736 1197840 1195892 1195893 1195894 1195895 1201737 1197841 1197842 1197843 1197844 1205636 1201740 1205635 1201739 1203685 1205634 1201738
bot 94 96 po0wxlw1 1380537968 1350471 52
owned 94 1350471 1350472 1350473 1350474 1352422 1348526 1346578 1346577 1346576 1346575 1346574 1346573 1346572 1346571 1348519 1350467 1350468 1350469 1352417 1352418 1354366 1354367 1354368 1354369 1356316 1356315 1356314 1356313 1354365 1354364 1352416 1352415 1348520 1344624 1348521 1344625 1342677 1342678 1342679 1342680 1348522 1344626 1344627 1344628 1344629 1352421 1348525 1352420 1348524 1350470 1352419 1348523
bot 95 97 o8264l3e 401241613 1042137 52
owned 95 1042137 1042138 1042139 1042140 1044088 1040192 1038244 1038243 1038242 1038241 1038240 1038239 1038238 1038237 1040185 1042133 1042134 1042135 1044083 1044084 1046032 1046033 1046034 1046035 1047982 1047981 1047980 1047979 1046031 1046030 1044082 1044081 1040186 1036290 1040187 1036291 1034343 1034344 1034345 1034346 1040188 1036292 1036293 1036294 1036295 1044087 1040191 1044086 1040190 1042136 1044085 1040189
bot 96 98 9rke6fm3 2033692109 974454 52
owned 96 974454 974455 974456 974457 976405 972509 970561 970560 970559 970558 970557 970556 970555 970554 972502 974450 974451 974452 976400 976401 978349 978350 978351 978352 980299 980298 980297 980296 978348 978347 976399 976398 972503 968607 972504 968608 966660 966661 966662 966663 972505 968609 968610 968611 968612 976404 972508 976403 972507 974453 976402 972506
bot 97 99 gyjc9x52 -2039293411 3133320 52
owned 97 3133320 3133321 3133322 3133323 3135271 3131375 3129427 3129426 3129425 3129424 3129423 3129422 3129421 3129420 3131368 3133316 3133317 3133318 3135266 3135267 3137215 3137216 3137217 3137218 3139165 3139164 3139163 3139162 3137214 3137213 3135265 3135264 3131369 3127473 3131370 3127474 3125526 3125527 3125528 3125529 3131371 3127475 3127476 3127477 3127478 3135270 3131374 3135269 3131373 3133319 3135268 3131372
bot 98 100 x793lc6c -2137545535 910516 52
owned 98 910516 910517 910518 910519 912467 908571 906623 906622 906621 906620 906619 906618 906617 906616 908564 910512 910513 910514 912462 912463 914411 914412 914413 914414 916361 916360 916359 916358 914410 914409 912461 912460 908565 904669 908566 904670 902722 902723 902724 902725 908567 904671 904672 904673 904674 912466 908570 912465 908569 910515 912464 908568
bot 99 101 93k3li8n 1910969017 696440 52
owned 99 696440 696441 696442 696443 698391 694495 692547 692546 692545 692544 692543 692542 692541 692540 694488 696436 696437 696438 698386 698387 700335 700336 700337 700338 702285 702284 702283 702282 700334 700333 698385 698384 694489 690593 694490 690594 688646 688647 688648 688649 694491 690595 690596 690597 690598 698390 694494 698389 694493 696439 698388 694492
bot 100 102 a1hte6qb 1102783938 2115147 52
owned 100 2115147 2115148 2115149 2115150 2117098 2113202 2111254 2111253 2111252 2111251 2111250 2111249 2111248 2111247 2113195 2115143 2115144 2115145 2117093 2117094 2119042 2119043 2119044 2119045 2120992 2120991 2120990 2120989 2119041 2119040 2117092 2117091 2113196 2109300 2113197 2109301 2107353 2107354 2107355 2107356 2113198 2109302 2109303 2109304 2109305 2117097 2113201 2117096 2113200 2115146 2117095 2113199
bot 101 103 jklgnd18 799847851 2393207 52
owned 101 2393207 2393208 2393209 2393210 2395158 2391262 2389314 2389313 2389312 2389311 2389310 2389309 2389308 2389307 2391255 2393203 2393204 2393205 2395153 2395154 2397102 2397103 2397104 2397105 2399052 2399051 2399050 2399049 2397101 2397100 2395152 2395151 2391256 2387360 2391257 2387361 2385413 2385414 2385415 2385416 2391258 2387362 2387363 2387364 2387365 2395157 2391261 2395156 2391260 2393206 2395155 2391259
bot 102 104 vfadfhgj 1821435404 2005356 52
owned 102 2005356 2005357 2005358 2005359 2007307 2003411 2001463 2001462 2001461 2001460 2001459 2001458 2001457 2001456 2003404 2005352 2005353 2005354 2007302 2007303 2009251 2009252 2009253 2009254 2011201 2011200 2011199 2011198 2009250 2009249 2007301 2007300 2003405 1999509 2003406 1999510 1997562 1997563 1997564 1997565 2003407 1999511 1999512 1999513 1999514 2007306 2003410 2007305 2003409 2005355 2007304 2003408
bot 103 105 cwni1kcb -2002787684 3118010 52
owned 103 3118010 3118011 3118012 3118013 3119961 3116065 3114117 3114116 3114115 3114114 3114113 3114112 3114111 3114110 3116058 3118006 3118007 3118008 3119956 3119957 3121905 3121906 3121907 3121908 3123855 3123854 3123853 3123852 3121904 3121903 3119955 3119954 3116059 3112163 3116060 3112164 3110216 3110217 3110218 3110219 3116061 3112165 3112166 3112167 3112168 3119960 3116064 3119959 3116063 3118009 3119958 3116062
bot 104 106 8z4z0zds 1540574821 1903029 52
owned 104 1903029 1903030 1903031 1903032 1904980 1901084 1899136 1899135 1899134 1899133 1899132 1899131 1899130 1899129 1901077 1903025 1903026 1903027 1904975 1904976 1906924 1906925 1906926 1906927 1908874 1908873 1908872 1908871 1906923 1906922 1904974 1904973 1901078 1897182 1901079 1897183 1895235 1895236 1895237 1895238 1901080 1897184 1897185 1897186 1897187 1904979 1901083 1904978 1901082 1903028 1904977 1901081
bot 105 107 cdzck1ki 1635199286 1150256 52
owned 105 1150256 1150257 1150258 1150259 1152207 1148311 1146363 1146362 1146361 1146360 1146359 1146358 1146357 1146356 1148304 1150252 1150253 1150254 1152202 1152203 1154151 1154152 1154153 1154154 1156101 1156100 1156099 1156098 1154150 1154149 1152201 1152200 1148305 1144409 1148306 1144410 1142462 1142463 1142464 1142465 1148307 1144411 1144412 1144413 1144414 1152206 1148310 1152205 1148309 1150255 1152204 1148308
bot 106 108 zbaa3l3a 2041986227 395440 52
owned 106 395440 395441 395442 395443 397391 393495 391547 391546 391545 391544 391543 391542 391541 391540 393488 395436 395437 395438 397386 397387 399335 399336 399337 399338 401285 401284 401283 401282 399334 399333 397385 397384 393489 389593 393490 389594 387646 387647 387648 387649 393491 389595 389596 389597 389598 397390 393494 397389 393493 395439 397388 393492
bot 107 109 xm369xbs 2073971836 3063624 52
owned 107 3063624 3063625 3063626 3063627 3065575 3061679 3059731 3059730 3059729 3059728 3059727 3059726 3059725 3059724 3061672 3063620 3063621 3063622 3065570 3065571 3067519 3067520 3067521 3067522 3069469 3069468 3069467 3069466 3067518 3067517 3065569 3065568 3061673 3057777 3061674 3057778 3055830 3055831 3055832 3055833 3061675 3057779 3057780 3057781 3057782 3065574 3061678 3065573 3061677 3063623 3065572 3061676
bot 108 110 e4dqhzo1 2029469172 1920406 52
owned 108 1920406 1920407 1920408 1920409 1922357 1918461 1916513 1916512 1916511 1916510 1916509 1916508 1916507 1916506 1918454 1920402 1920403 1920404 1922352 1922353 1924301 1924302 1924303 1924304 1926251 1926250 1926249 1926248 1924300 1924299 1922351 1922350 1918455 1914559 1918456 1914560 1912612 1912613 1912614 1912615 1918457 1914561 1914562 1914563 1914564 1922356 1918460 1922355 1918459 1920405 1922354 1918458
bot 109 111 fepimk2i 351613969 231377 52
owned 109 231377 231378 231379 231380 233328 229432 227484 227483 227482 227481 227480 227479 227478 227477 229425 231373 231374 231375 233323 233324 235272 235273 235274 235275 237222 237221 237220 237219 235271 235270 233322 233321 229426 225530 229427 225531 223583 223584 223585 223586 229428 225532 225533 225534 225535 233327 229431 233326 229430 231376 233325 229429
bot 110 112 o2es7ebc 531691876 2959931 52
owned 110 2959931 2959932 2959933 2959934 2961882 2957986 2956038 2956037 2956036 2956035 2956034 2956033 2956032 2956031 2957979 2959927 2959928 2959929 2961877 2961878 2963826 2963827 2963828 2963829 2965776 2965775 2965774 2965773 2963825 2963824 2961876 2961875 2957980 2954084 2957981 2954085 2952137 2952138 2952139 2952140 2957982 2954086 2954087 2954088 2954089 2961881 2957985 2961880 2957984 2959930 2961879 2957983
bot 111 113 l4opv4e9 1658586271 755996 52
owned 111 755996 755997 755998 755999 757947 754051 752103 752102 752101 752100 752099 752098 752097 752096 754044 755992 755993 755994 757942 757943 759891 759892 759893 759894 761841 761840 761839 761838 759890 759889 757941 757940 754045 750149 754046 750150 748202 748203 748204 748205 754047 750151 750152 750153 750154 757946 754050 757945 754049 755995 757944 754048
bot 112 114 4b3f45hy 1454480369 986309 52
owned 112 986309 986310 986311 986312 988260 984364 982416 982415 982414 982413 982412 982411 982410 982409 984357 986305 986306 986307 988255 988256 990204 990205 990206 990207 992154 992153 992152 992151 990203 990202 988254 988253 984358 980462 984359 980463 978515 978516 978517 978518 984360 980464 980465 980466 980467 988259 984363 988258 984362 986308 988257 984361
bot 113 115 r3pvfglh 2069697088 2212576 52
owned 113 2212576 2212577 2212578 2212579 2214527 2210631 2208683 2208682 2208681 2208680 2208679 2208678 2208677 2208676 2210624 2212572 2212573 2212574 2214522 2214523 2216471 2216472 2216473 2216474 2218421 2218420 2218419 2218418 2216470 2216469 2214521 2214520 2210625 2206729 2210626 2206730 2204782 2204783 2204784 2204785 2210627 2206731 2206732 2206733 2206734 2214526 2210630 2214525 2210629 2212575 2214524 2210628
bot 114 116 fnl5ocw8 859755902 377119 52
owned 114 377119 377120 377121 377122 379070 375174 373226 373225 373224 373223 373222 373221 373220 373219 375167 377115 377116 377117 379065 379066 381014 381015 381016 381017 382964 382963 382962 382961 381013 381012 379064 379063 375168 371272 375169 371273 369325 369326 369327 369328 375170 371274 371275 371276 371277 379069 375173 379068 375172 377118 379067 375171
bot 115 117 7391zjkf 1287430659 3641826 52
owned 115 3641826 3641827 3641828 3641829 3643777 3639881 3637933 3637932 3637931 3637930 3637929 3637928 3637927 3637926 3639874 3641822 3641823 3641824 3643772 3643773 3645721 3645722 3645723 3645724 3647671 3647670 3647669 3647668 3645720 3645719 3643771 3643770 3639875 3635979 3639876 3635980 3634032 3634033 3634034 3634035 3639877 3635981 3635982 3635983 3635984 3643776 3639880 3643775 3639879 3641825 3643774 3639878
bot 116 118 ow5basj8 251269497 749114 52
owned 116 749114 749115 749116 749117 751065 747169 745221 745220 745219 745218 745217 745216 745215 745214 747162 749110 749111 749112 751060 751061 753009 753010 753011 753012 754959 754958 754957 754956 753008 753007 751059 751058 747163 743267 747164 743268 741320 741321 741322 741323 747165 743269 743270 743271 743272 751064 747168 751063 747167 749113 751062 747166
bot 117 119 olinuy4r 579061672 2747577 52
owned 117 2747577 2747578 2747579 2747580 2749528 2745632 2743684 2743683 2743682 2743681 2743680 2743679 2743678 2743677 2745625 2747573 2747574 2747575 2749523 2749524 2751472 2751473 2751474 2751475 2753422 2753421 2753420 2753419 2751471 2751470 2749522 2749521 2745626 2741730 2745627 2741731 2739783 2739784 2739785 2739786 2745628 2741732 2741733 2741734 2741735 2749527 2745631 2749526 2745630 2747576 2749525 2745629
bot 118 120 2e2jcypv -1993908003 1372495 52
owned 118 1372495 1372496 1372497 1372498 1374446 1370550 1368602 1368601 1368600 1368599 1368598 1368597 1368596 1368595 1370543 1372491 1372492 1372493 1374441 1374442 1376390 1376391 1376392 1376393 1378340 1378339 1378338 1378337 1376389 1376388 1374440 1374439 1370544 1366648 1370545 1366649 1364701 1364702 1364703 1364704 1370546 1366650 1366651 1366652 1366653 1374445 1370549 1374444 1370548 1372494 1374443 1370547
bot 119 121 nx0it9ss 1186690332 2620974 52
owned 119 2620974 2620975 2620976 2620977 2622925 2619029 2617081 2617080 2617079 2617078 2617077 2617076 2617075 2617074 2619022 2620970 2620971 2620972 2622920 2622921 2624869 2624870 2624871 2624872 2626819 2626818 2626817 2626816 2624868 2624867 2622919 2622918 2619023 2615127 2619024 2615128 2613180 2613181 2613182 2613183 2619025 2615129 2615130 2615131 2615132 2622924 2619028 2622923 2619027 2620973 2622922 2619026
bot 120 122 tt57j91k 1968342095 973157 52
owned 120 973157 973158 973159 973160 975108 971212 969264 969263 969262 969261 969260 969259 969258 969257 971205 973153 973154 973155 975103 975104 977052 977053 977054 977055 979002 979001 979000 978999 977051 977050 975102 975101 971206 967310 971207 967311 965363 965364 965365 965366 971208 967312 967313 967314 967315 975107 971211 975106 971210 973156 975105 971209
bot 121 123 87aoci2n 1254425141 277161 52
owned 121 277161 277162 277163 277164 279112 275216 273268 273267 273266 273265 273264 273263 273262 273261 275209 277157 277158 277159 279107 279108 281056 281057 281058 281059 283006 283005 283004 283003 281055 281054 279106 279105 275210 271314 275211 271315 269367 269368 269369 269370 275212 271316 271317 271318 271319 279111 275215 279110 275214 277160 279109 275213
bot 122 124 wk147shp 1355991785 3006932 52
owned 122 3006932 3006933 3006934 3006935 3008883 3004987 3003039 3003038 3003037 3003036 3003035 3003034 3003033 3003032 3004980 3006928 3006929 3006930 3008878 3008879 3010827 3010828 3010829 3010830 3012777 3012776 3012775 3012774 3010826 3010825 3008877 3008876 3004981 3001085 3004982 3001086 2999138 2999139 2999140 2999141 3004983 3001087 3001088 3001089 3001090 3008882 3004986 3008881 3004985 3006931 3008880 3004984
bot 123 125 q8jb2dnz 879696417 1442815 52
owned 123 1442815 1442816 1442817 1442818 1444766 1440870 1438922 1438921 1438920 1438919 1438918 1438917 1438916 1438915 1440863 1442811 1442812 1442813 1444761 1444762 1446710 1446711 1446712 1446713 1448660 1448659 1448658 1448657 1446709 1446708 1444760 1444759 1440864 1436968 1440865 1436969 1435021 1435022 1435023 1435024 1440866 1436970 1436971 1436972 1436973 1444765 1440869 1444764 1440868 1442814 1444763 1440867
bot 124 126 4yzxt2gp 465535386 477886 52
owned 124 477886 477887 477888 477889 479837 475941 473993 473992 473991 473990 473989 473988 473987 473986 475934 477882 477883 477884 479832 479833 481781 481782 481783 481784 483731 483730 483729 483728 481780 481779 479831 479830 475935 472039 475936 472040 470092 470093 470094 470095 475937 472041 472042 472043 472044 479836 475940 479835 475939 477885 479834 475938
bot 125 127 755xej7w 1728585790 2260868 52
owned 125 2260868 2260869 2260870 2260871 2262819 2258923 2256975 2256974 2256973 2256972 2256971 2256970 2256969 2256968 2258916 2260864 2260865 2260866 2262814 2262815 2264763 2264764 2264765 2264766 2266713 2266712 2266711 2266710 2264762 2264761 2262813 2262812 2258917 2255021 2258918 2255022 2253074 2253075 2253076 2253077 2258919 2255023 2255024 2255025 2255026 2262818 2258922 2262817 2258921 2260867 2262816 2258920
bot 126 128 hjhprwfn 984070701 294838 52
owned 126 294838 294839 294840 294841 296789 292893 290945 290944 290943 290942 290941 290940 290939 290938 292886 294834 294835 294836 296784 296785 298733 298734 298735 298736 300683 300682 300681 300680 298732 298731 296783 296782 292887 288991 292888 288992 287044 287045 287046 287047 292889 288993 288994 288995 288996 296788 292892 296787 292891 294837 296786 292890
bot 127 129 n66i0csf 983881029 2852953 52
owned 127 2852953 2852954 2852955 2852956 2854904 2851008 2849060 2849059 2849058 2849057 2849056 2849055 2849054 2849053 2851001 2852949 2852950 2852951 2854899 2854900 2856848 2856849 2856850 2856851 2858798 2858797 2858796 2858795 2856847 2856846 2854898 2854897 2851002 2847106 2851003 2847107 2845159 2845160 2845161 2845162 2851004 2847108 2847109 2847110 2847111 2854903 2851007 2854902 2851006 2852952 2854901 2851005
bot 128 130 am3stnxi 1295629627 1200900 52
owned 128 1200900 1200901 1200902 1200903 1202851 1198955 1197007 1197006 1197005 1197004 1197003 1197002 1197001 1197000 1198948 1200896 1200897 1200898 1202846 1202847 1204795 1204796 1204797 1204798 1206745 1206744 1206743 1206742 1204794 1204793 1202845 1202844 1198949 1195053 1198950 1195054 1193106 1193107 1193108 1193109 1198951 1195055 1195056 1195057 1195058 1202850 1198954 1202849 1198953 1200899 1202848 1198952
bot 129 131 pmeqlcvs 1644107559 3283310 52
owned 129 3283310 3283311 3283312 3283313 3285261 3281365 3279417 3279416 3279415 3279414 3279413 3279412 3279411 3279410 3281358 3283306 3283307 3283308 3285256 3285257 3287205 3287206 3287207 3287208 3289155 3289154 3289153 3289152 3287204 3287203 3285255 3285254 3281359 3277463 3281360 3277464 3275516 3275517 3275518 3275519 3281361 3277465 3277466 3277467 3277468 3285260 3281364 3285259 3281363 3283309 3285258 3281362
bot 130 132 xl8vnvj2 1983802758 3386626 52
owned 130 3386626 3386627 3386628 3386629 3388577 3384681 3382733 3382732 3382731 3382730 3382729 3382728 3382727 3382726 3384674 3386622 3386623 3386624 3388572 3388573 3390521 3390522 3390523 3390524 3392471 3392470 3392469 3392468 3390520 3390519 3388571 3388570 3384675 3380779 3384676 3380780 3378832 3378833 3378834 3378835 3384677 3380781 3380782 3380783 3380784 3388576 3384680 3388575 3384679 3386625 3388574 3384678
bot 131 133 0f3l9cg5 575005501 257736 52
owned 131 257736 257737 257738 257739 259687 255791 253843 253842 253841 253840 253839 253838 253837 253836 255784 257732 257733 257734 259682 259683 261631 261632 261633 261634 263581 263580 263579 263578 261630 261629 259681 259680 255785 251889 255786 251890 249942 249943 249944 249945 255787 251891 251892 251893 251894 259686 255790 259685 255789 257735 259684 255788
bot 132 134 siocmotr 754194894 3225773 52
owned 132 3225773 3225774 3225775 3225776 3227724 3223828 3221880 3221879 3221878 3221877 3221876 3221875 3221874 3221873 3223821 3225769 3225770 3225771 3227719 3227720 3229668 3229669 3229670 3229671 3231618 3231617 3231616 3231615 3229667 3229666 3227718 3227717 3223822 3219926 3223823 3219927 3217979 3217980 3217981 3217982 3223824 3219928 3219929 3219930 3219931 3227723 3223827 3227722 3223826 3225772 3227721 3223825
bot 133 135 uf75fjkr 515106218 1749215 52
owned 133 1749215 1749216 1749217 1749218 1751166 1747270 1745322 1745321 1745320 1745319 1745318 1745317 1745316 1745315 1747263 1749211 1749212 1749213 1751161 1751162 1753110 1753111 1753112 1753113 1755060 1755059 1755058 1755057 1753109 1753108 1751160 1751159 1747264 1743368 1747265 1743369 1741421 1741422 1741423 1741424 1747266 1743370 1743371 1743372 1743373 1751165 1747269 1751164 1747268 1749214 1751163 1747267
bot 134 136 3nuksgyo 1205368543 1145272 52
owned 134 1145272 1145273 1145274 1145275 1147223 1143327 1141379 1141378 1141377 1141376 1141375 1141374 1141373 1141372 1143320 1145268 1145269 1145270 1147218 1147219 1149167 1149168 1149169 1149170 1151117 1151116 1151115 1151114 1149166 1149165 1147217 1147216 1143321 1139425 1143322 1139426 1137478 1137479 1137480 1137481 1143323 1139427 1139428 1139429 1139430 1147222 1143326 1147221 1143325 1145271 1147220 1143324
bot 135 137 isfwwr01 552169627 1581163 52
owned 135 1581163 1581164 1581165 1581166 1583114 1579218 1577270 1577269 1577268 1577267 1577266 1577265 1577264 1577263 1579211 1581159 1581160 1581161 1583109 1583110 1585058 1585059 1585060 1585061 1587008 1587007 1587006 1587005 1585057 1585056 1583108 1583107 1579212 1575316 1579213 1575317 1573369 1573370 1573371 1573372 1579214 1575318 1575319 1575320 1575321 1583113 1579217 1583112 1579216 1581162 1583111 1579215
bot 136 138 auuv9uim 1696267609 3871771 52
owned 136 3871771 3871772 3871773 3871774 3873722 3869826 3867878 3867877 3867876 3867875 3867874 3867873 3867872 3867871 3869819 3871767 3871768 3871769 3873717 3873718 3875666 3875667 3875668 3875669 3877616 3877615 3877614 3877613 3875665 3875664 3873716 3873715 3869820 3865924 3869821 3865925 3863977 3863978 3863979 3863980 3869822 3865926 3865927 3865928 3865929 3873721 3869825 3873720 3869824 3871770 3873719 3869823
bot 137 139 mdro7fya 1606413849 1114366 52
owned 137 1114366 1114367 1114368 1114369 1116317 1112421 1110473 1110472 1110471 1110470 1110469 1110468 1110467 1110466 1112414 1114362 1114363 1114364 1116312 1116313 1118261 1118262 1118263 1118264 1120211 1120210 1120209 1120208 1118260 1118259 1116311 1116310 1112415 1108519 1112416 1108520 1106572 1106573 1106574 1106575 1112417 1108521 1108522 1108523 1108524 1116316 1112420 1116315 1112419 1114365 1116314 1112418
bot 138 140 8qfmz7a7 1176881937 3242528 52
owned 138 3242528 3242529 3242530 3242531 3244479 3240583 3238635 3238634 3238633 3238632 3238631 3238630 3238629 3238628 3240576 3242524 3242525 3242526 3244474 3244475 3246423 3246424 3246425 3246426 3248373 3248372 3248371 3248370 3246422 3246421 3244473 3244472 3240577 3236681 3240578 3236682 3234734 3234735 3234736 3234737 3240579 3236683 3236684 3236685 3236686 3244478 3240582 3244477 3240581 3242527 3244476 3240580
bot 139 141 m8j6zoax -2013427167 894287 52
owned 139 894287 894288 894289 894290 896238 892342 890394 890393 890392 890391 890390 890389 890388 890387 892335 894283 894284 894285 896233 896234 898182 898183 898184 898185 900132 900131 900130 900129 898181 898180 896232 896231 892336 888440 892337 888441 886493 886494 886495 886496 892338 888442 888443 888444 888445 896237 892341 896236 892340 894286 896235 892339
bot 140 142 7236xcde 232703150 1550552 52
owned 140 1550552 1550553 1550554 1550555 1552503 1548607 1546659 1546658 1546657 1546656 1546655 1546654 1546653 1546652 1548600 1550548 1550549 1550550 1552498 1552499 1554447 1554448 1554449 1554450 1556397 1556396 1556395 1556394 1554446 1554445 1552497 1552496 1548601 1544705 1548602 1544706 1542758 1542759 1542760 1542761 1548603 1544707 1544708 1544709 1544710 1552502 1548606 1552501 1548605 1550551 1552500 1548604
bot 141 143 n4vtdnwp 1052857899 345604 52
owned 141 345604 345605 345606 345607 347555 343659 341711 341710 341709 341708 341707 341706 341705 341704 343652 345600 345601 345602 347550 347551 349499 349500 349501 349502 351449 351448 351447 351446 349498 349497 347549 347548 343653 339757 343654 339758 337810 337811 337812 337813 343655 339759 339760 339761 339762 347554 343658 347553 343657 345603 347552 343656
bot 142 144 yggevgbl 619188651 932111 52
owned 142 932111 932112 932113 932114 934062 930166 928218 928217 928216 928215 928214 928213 928212 928211 930159 932107 932108 932109 934057 934058 936006 936007 936008 936009 937956 937955 937954 937953 936005 936004 934056 934055 930160 926264 930161 926265 924317 924318 924319 924320 930162 926266 926267 926268 926269 934061 930165 934060 930164 932110 934059 930163
bot 143 145 beijdl2w 1770559541 1912189 52
owned 143 1912189 1912190 1912191 1912192 1914140 1910244 1908296 1908295 1908294 1908293 1908292 1908291 1908290 1908289 1910237 1912185 1912186 1912187 1914135 1914136 1916084 1916085 1916086 1916087 1918034 1918033 1918032 1918031 1916083 1916082 1914134 1914133 1910238 1906342 1910239 1906343 1904395 1904396 1904397 1904398 1910240 1906344 1906345 1906346 1906347 1914139 1910243 1914138 1910242 1912188 1914137 1910241
bot 144 146 d2oo7mhj 1623230014 117500 52
owned 144 117500 117501 117502 117503 119451 115555 113607 113606 113605 113604 113603 113602 113601 113600 115548 117496 117497 117498 119446 119447 121395 121396 121397 121398 123345 123344 123343 123342 121394 121393 119445 119444 115549 111653 115550 111654 109706 109707 109708 109709 115551 111655 111656 111657 111658 119450 115554 119449 115553 117499 119448 115552
bot 145 147 wrheiirw 2112064519 2325242 52
owned 145 2325242 2325243 2325244 2325245 2327193 2323297 2321349 2321348 2321347 2321346 2321345 2321344 2321343 2321342 2323290 2325238 2325239 2325240 2327188 2327189 2329137 2329138 2329139 2329140 2331087 2331086 2331085 2331084 2329136 2329135 2327187 2327186 2323291 2319395 2323292 2319396 2317448 2317449 2317450 2317451 2323293 2319397 2319398 2319399 2319400 2327192 2323296 2327191 2323295 2325241 2327190 2323294
bot 146 148 d03y3hz5 811907394 2533310 52
owned 146 2533310 2533311 2533312 2533313 2535261 2531365 2529417 2529416 2529415 2529414 2529413 2529412 2529411 2529410 2531358 2533306 2533307 2533308 2535256 2535257 2537205 2537206 2537207 2537208 2539155 2539154 2539153 2539152 2537204 2537203 2535255 2535254 2531359 2527463 2531360 2527464 2525516 2525517 2525518 2525519 2531361 2527465 2527466 2527467 2527468 2535260 2531364 2535259 2531363 2533309 2535258 2531362
bot 147 149 5xaek3av 343771744 117670 52
owned 147 117670 117671 117672 117673 119621 115725 113777 113776 113775 113774 113773 113772 113771 113770 115718 117666 117667 117668 119616 119617 121565 121566 121567 121568 123515 123514 123513 123512 121564 121563 119615 119614 115719 111823 115720 111824 109876 109877 109878 109879 115721 111825 111826 111827 111828 119620 115724 119619 115723 117669 119618 115722
bot 148 150 gz34o9hq 1756820811 569054 52
owned 148 569054 569055 569056 569057 571005 567109 565161 565160 565159 565158 565157 565156 565155 565154 567102 569050 569051 569052 571000 571001 572949 572950 572951 572952 574899 574898 574897 574896 572948 572947 570999 570998 567103 563207 567104 563208 561260 561261 561262 561263 567105 563209 563210 563211 563212 571004 567108 571003 567107 569053 571002 567106
bot 149 151 37xw489f 714130640 401742 52
owned 149 401742 401743 401744 401745 403693 399797 397849 397848 397847 397846 397845 397844 397843 397842 399790 401738 401739 401740 403688 403689 405637 405638 405639 405640 407587 407586 407585 407584 405636 405635 403687 403686 399791 395895 399792 395896 393948 393949 393950 393951 399793 395897 395898 395899 395900 403692 399796 403691 399795 401741 403690 399794
bot 150 152 k3srrvn9 1301902254 2117173 52
owned 150 2117173 2117174 2117175 2117176 2119124 2115228 2113280 2113279 2113278 2113277 2113276 2113275 2113274 2113273 2115221 2117169 2117170 2117171 2119119 2119120 2121068 2121069 2121070 2121071 2123018 2123017 2123016 2123015 2121067 2121066 2119118 2119117 2115222 2111326 2115223 2111327 2109379 2109380 2109381 2109382 2115224 2111328 2111329 2111330 2111331 2119123 2115227 2119122 2115226 2117172 2119121 2115225
bot 151 153 5isbkj04 258819646 1181875 52
owned 151 1181875 1181876 1181877 1181878 1183826 1179930 1177982 1177981 1177980 1177979 1177978 1177977 1177976 1177975 1179923 1181871 1181872 1181873 1183821 1183822 1185770 1185771 1185772 1185773 1187720 1187719 1187718 1187717 1185769 1185768 1183820 1183819 1179924 1176028 1179925 1176029 1174081 1174082 1174083 1174084 1179926 1176030 1176031 1176032 1176033 1183825 1179929 1183824 1179928 1181874 1183823 1179927
bot 152 154 r73y2vzl 264824291 1696950 52
owned 152 1696950 1696951 1696952 1696953 1698901 1695005 1693057 1693056 1693055 1693054 1693053 1693052 1693051 1693050 1694998 1696946 1696947 1696948 1698896 1698897 1700845 1700846 1700847 1700848 1702795 1702794 1702793 1702792 1700844 1700843 1698895 1698894 1694999 1691103 1695000 1691104 1689156 1689157 1689158 1689159 1695001 1691105 1691106 1691107 1691108 1698900 1695004 1698899 1695003 1696949 1698898 1695002
bot 153 155 36x3kyhk 1662731317 183498 52
owned 153 183498 183499 183500 183501 185449 181553 179605 179604 179603 179602 179601 179600 179599 179598 181546 183494 183495 183496 185444 185445 187393 187394 187395 187396 189343 189342 189341 189340 187392 187391 185443 185442 181547 177651 181548 177652 175704 175705 175706 175707 181549 177653 177654 177655 177656 185448 181552 185447 181551 183497 185446 181550
bot 154 156 01ob2tlo 1786744221 181815 52
owned 154 181815 181816 181817 181818 183766 179870 177922 177921 177920 177919 177918 177917 177916 177915 179863 181811 181812 181813 183761 183762 185710 185711 185712 185713 187660 187659 187658 187657 185709 185708 183760 183759 179864 175968 179865 175969 174021 174022 174023 174024 179866 175970 175971 175972 175973 183765 179869 183764 179868 181814 183763 179867
bot 155 157 cb13fbp5 1249598146 2759532 52
owned 155 2759532 2759533 2759534 2759535 2761483 2757587 2755639 2755638 2755637 2755636 2755635 2755634 2755633 2755632 2757580 2759528 2759529 2759530 2761478 2761479 2763427 2763428 2763429 2763430 2765377 2765376 2765375 2765374 2763426 2763425 2761477 2761476 2757581 2753685 2757582 2753686 2751738 2751739 2751740 2751741 2757583 2753687 2753688 2753689 2753690 2761482 2757586 2761481 2757585 2759531 2761480 2757584
bot 156 158 vmmrq63s 899362917 2702901 52
owned 156 2702901 2702902 2702903 2702904 2704852 2700956 2699008 2699007 2699006 2699005 2699004 2699003 2699002 2699001 2700949 2702897 2702898 2702899 2704847 2704848 2706796 2706797 2706798 2706799 2708746 2708745 2708744 2708743 2706795 2706794 2704846 2704845 2700950 2697054 2700951 2697055 2695107 2695108 2695109 2695110 2700952 2697056 2697057 2697058 2697059 2704851 2700955 2704850 2700954 2702900 2704849 2700953
bot 157 159 nkjckjq8 -2033092416 334898 52
owned 157 334898 334899 334900 334901 336849 332953 331005 331004 331003 331002 331001 331000 330999 330998 332946 334894 334895 334896 336844 336845 338793 338794 338795 338796 340743 340742 340741 340740 338792 338791 336843 336842 332947 329051 332948 329052 327104 327105 327106 327107 332949 329053 329054 329055 329056 336848 332952 336847 332951 334897 336846 332950
bot 158 160 wcggivof -2120004876 1572218 52
owned 158 1572218 1572219 1572220 1572221 1574169 1570273 1568325 1568324 1568323 1568322 1568321 1568320 1568319 1568318 1570266 1572214 1572215 1572216 1574164 1574165 1576113 1576114 1576115 1576116 1578063 1578062 1578061 1578060 1576112 1576111 1574163 1574162 1570267 1566371 1570268 1566372 1564424 1564425 1564426 1564427 1570269 1566373 1566374 1566375 1566376 1574168 1570272 1574167 1570271 1572217 1574166 1570270
bot 159 161 1w1ciciy 988641666 139840 52
owned 159 139840 139841 139842 139843 141791 137895 135947 135946 135945 135944 135943 135942 135941 135940 137888 139836 139837 139838 141786 141787 143735 143736 143737 143738 145685 145684 145683 145682 143734 143733 141785 141784 137889 133993 137890 133994 132046 132047 132048 132049 137891 133995 133996 133997 133998 141790 137894 141789 137893 139839 141788 137892
bot 160 162 2a0v7iem 1603609301 1329114 52
owned 160 1329114 1329115 1329116 1329117 1331065 1327169 1325221 1325220 1325219 1325218 1325217 1325216 1325215 1325214 1327162 1329110 1329111 1329112 1331060 1331061 1333009 1333010 1333011 1333012 1334959 1334958 1334957 1334956 1333008 1333007 1331059 1331058 1327163 1323267 1327164 1323268 1321320 1321321 1321322 1321323 1327165 1323269 1323270 1323271 1323272 1331064 1327168 1331063 1327167 1329113 1331062 1327166
bot 161 163 jcz64pkr 1490381084 937600 52
owned 161 937600 937601 937602 937603 939551 935655 933707 933706 933705 933704 933703 933702 933701 933700 935648 937596 937597 937598 939546 939547 941495 941496 941497 941498 943445 943444 943443 943442 941494 941493 939545 939544 935649 931753 935650 931754 929806 929807 929808 929809 935651 931755 931756 931757 931758 939550 935654 939549 935653 937599 939548 935652
bot 162 164 v0ljq6tk -2113715216 679108 52
owned 162 679108 679109 679110 679111 681059 677163 675215 675214 675213 675212 675211 675210 675209 675208 677156 679104 679105 679106 681054 681055 683003 683004 683005 683006 684953 684952 684951 684950 683002 683001 681053 681052 677157 673261 677158 673262 671314 671315 671316 671317 677159 673263 673264 673265 673266 681058 677162 681057 677161 679107 681056 677160
bot 163 165 adg8798c 1411060963 883145 52
owned 163 883145 883146 883147 883148 885096 881200 879252 879251 879250 879249 879248 879247 879246 879245 881193 883141 883142 883143 885091 885092 887040 887041 887042 887043 888990 888989 888988 888987 887039 887038 885090 885089 881194 877298 881195 877299 875351 875352 875353 875354 881196 877300 877301 877302 877303 885095 881199 885094 881198 883144 885093 881197
bot 164 166 5ghp3e6u -1957476071 929189 52
owned 164 929189 929190 929191 929192 931140 927244 925296 925295 925294 925293 925292 925291 925290 925289 927237 929185 929186 929187 931135 931136 933084 933085 933086 933087 935034 935033 935032 935031 933083 933082 931134 931133 927238 923342 927239 923343 921395 921396 921397 921398 927240 923344 923345 923346 923347 931139 927243 931138 927242 929188 931137 927241
bot 165 167 h5bdt6q4 959985296 1693284 52
owned 165 1693284 1693285 1693286 1693287 1695235 1691339 1689391 1689390 1689389 1689388 1689387 1689386 1689385 1689384 1691332 1693280 1693281 1693282 1695230 1695231 1697179 1697180 1697181 1697182 1699129 1699128 1699127 1699126 1697178 1697177 1695229 1695228 1691333 1687437 1691334 1687438 1685490 1685491 1685492 1685493 1691335 1687439 1687440 1687441 1687442 1695234 1691338 1695233 1691337 1693283 1695232 1691336
bot 166 168 5oce5zsz 760830796 829358 52
owned 166 829358 829359 829360 829361 831309 827413 825465 825464 825463 825462 825461 825460 825459 825458 827406 829354 829355 829356 831304 831305 833253 833254 833255 833256 835203 835202 835201 835200 833252 833251 831303 831302 827407 823511 827408 823512 821564 821565 821566 821567 827409 823513 823514 823515 823516 831308 827412 831307 827411 829357 831306 827410
bot 167 169 xka3bnm9 -2087114015 3203447 52
owned 167 3203447 3203448 3203449 3203450 3205398 3201502 3199554 3199553 3199552 3199551 3199550 3199549 3199548 3199547 3201495 3203443 3203444 3203445 3205393 3205394 3207342 3207343 3207344 3207345 3209292 3209291 3209290 3209289 3207341 3207340 3205392 3205391 3201496 3197600 3201497 3197601 3195653 3195654 3195655 3195656 3201498 3197602 3197603 3197604 3197605 3205397 3201501 3205396 3201500 3203446 3205395 3201499
bot 168 170 3w1tydq6 1781810637 2313814 52
owned 168 2313814 2313815 2313816 2313817 2315765 2311869 2309921 2309920 2309919 2309918 2309917 2309916 2309915 2309914 2311862 2313810 2313811 2313812 2315760 2315761 2317709 2317710 2317711 2317712 2319659 2319658 2319657 2319656 2317708 2317707 2315759 2315758 2311863 2307967 2311864 2307968 2306020 2306021 2306022 2306023 2311865 2307969 2307970 2307971 2307972 2315764 2311868 2315763 2311867 2313813 2315762 2311866
bot 169 171 upd1qyae 1501438200 923800 52
owned 169 923800 923801 923802 923803 925751 921855 919907 919906 919905 919904 919903 919902 919901 919900 921848 923796 923797 923798 925746 925747 927695 927696 927697 927698 929645 929644 929643 929642 927694 927693 925745 925744 921849 917953 921850 917954 916006 916007 916008 916009 921851 917955 917956 917957 917958 925750 921854 925749 921853 923799 925748 921852
bot 170 172 v4u31rox 2020264938 23220 52
owned 170 23220 23221 23222 23223 25171 21275 19327 19326 19325 19324 19323 19322 19321 19320 21268 23216 23217 23218 25166 25167 27115 27116 27117 27118 29065 29064 29063 29062 27114 27113 25165 25164 21269 17373 21270 17374 15426 15427 15428 15429 21271 17375 17376 17377 17378 25170 21274 25169 21273 23219 25168 21272
bot 171 173 q9vm95if 2121071836 2443762 52
owned 171 2443762 2443763 2443764 2443765 2445713 2441817 2439869 2439868 2439867 2439866 2439865 2439864 2439863 2439862 2441810 2443758 2443759 2443760 2445708 2445709 2447657 2447658 2447659 2447660 2449607 2449606 2449605 2449604 2447656 2447655 2445707 2445706 2441811 2437915 2441812 2437916 2435968 2435969 2435970 2435971 2441813 2437917 2437918 2437919 2437920 2445712 2441816 2445711 2441815 2443761 2445710 2441814
bot 172 174 0yu8n2tu 1397211125 2747917 52
owned 172 2747917 2747918 2747919 2747920 2749868 2745972 2744024 2744023 2744022 2744021 2744020 2744019 2744018 2744017 2745965 2747913 2747914 2747915 2749863 2749864 2751812 2751813 2751814 2751815 2753762 2753761 2753760 2753759 2751811 2751810 2749862 2749861 2745966 2742070 2745967 2742071 2740123 2740124 2740125 2740126 2745968 2742072 2742073 2742074 2742075 2749867 2745971 2749866 2745970 2747916 2749865 2745969
bot 173 175 sc2ctn85 -2022032452 3554469 52
owned 173 3554469 3554470 3554471 3554472 3556420 3552524 3550576 3550575 3550574 3550573 3550572 3550571 3550570 3550569 3552517 3554465 3554466 3554467 3556415 3556416 3558364 3558365 3558366 3558367 3560314 3560313 3560312 3560311 3558363 3558362 3556414 3556413 3552518 3548622 3552519 3548623 3546675 3546676 3546677 3546678 3552520 3548624 3548625 3548626 3548627 3556419 3552523 3556418 3552522 3554468 3556417 3552521
bot 174 176 z0gmspsi 801244755 883310 52
owned 174 883310 883311 883312 883313 885261 881365 879417 879416 879415 879414 879413 879412 879411 879410 881358 883306 883307 883308 885256 885257 887205 887206 887207 887208 889155 889154 889153 889152 887204 887203 885255 885254 881359 877463 881360 877464 875516 875517 875518 875519 881361 877465 877466 877467 877468 885260 881364 885259 881363 883309 885258 881362
bot 175 177 z7avk2un -2108559470 718738 52
owned 175 718738 718739 718740 718741 720689 716793 714845 714844 714843 714842 714841 714840 714839 714838 716786 718734 718735 718736 720684 720685 722633 722634 722635 722636 724583 724582 724581 724580 722632 722631 720683 720682 716787 712891 716788 712892 710944 710945 710946 710947 716789 712893 712894 712895 712896 720688 716792 720687 716791 718737 720686 716790
bot 176 178 8efmeybn 1503896376 1702407 52
owned 176 1702407 1702408 1702409 1702410 1704358 1700462 1698514 1698513 1698512 1698511 1698510 1698509 1698508 1698507 1700455 1702403 1702404 1702405 1704353 1704354 1706302 1706303 1706304 1706305 1708252 1708251 1708250 1708249 1706301 1706300 1704352 1704351 1700456 1696560 1700457 1696561 1694613 1694614 1694615 1694616 1700458 1696562 1696563 1696564 1696565 1704357 1700461 1704356 1700460 1702406 1704355 1700459
bot 177 179 bifxmou2 952921820 2202269 52
owned 177 2202269 2202270 2202271 2202272 2204220 2200324 2198376 2198375 2198374 2198373 2198372 2198371 2198370 2198369 2200317 2202265 2202266 2202267 2204215 2204216 2206164 2206165 2206166 2206167 2208114 2208113 2208112 2208111 2206163 2206162 2204214 2204213 2200318 2196422 2200319 2196423 2194475 2194476 2194477 2194478 2200320 2196424 2196425 2196426 2196427 2204219 2200323 2204218 2200322 2202268 2204217 2200321
bot 178 180 plh6en5t -2053928810 1867682 52
owned 178 1867682 1867683 1867684 1867685 1869633 1865737 1863789 1863788 1863787 1863786 1863785 1863784 1863783 1863782 1865730 1867678 1867679 1867680 1869628 1869629 1871577 1871578 1871579 1871580 1873527 1873526 1873525 1873524 1871576 1871575 1869627 1869626 1865731 1861835 1865732 1861836 1859888 1859889 1859890 1859891 1865733 1861837 1861838 1861839 1861840 1869632 1865736 1869631 1865735 1867681 1869630 1865734
bot 179 181 ay3m2wg5 1393210047 918539 52
owned 179 918539 918540 918541 918542 920490 916594 914646 914645 914644 914643 914642 914641 914640 914639 916587 918535 918536 918537 920485 920486 922434 922435 922436 922437 924384 924383 924382 924381 922433 922432 920484 920483 916588 912692 916589 912693 910745 910746 910747 910748 916590 912694 912695 912696 912697 920489 916593 920488 916592 918538 920487 916591
bot 180 182 1zmogxmk 892305898 892283 52
owned 180 892283 892284 892285 892286 894234 890338 888390 888389 888388 888387 888386 888385 888384 888383 890331 892279 892280 892281 894229 894230 896178 896179 896180 896181 898128 898127 898126 898125 896177 896176 894228 894227 890332 886436 890333 886437 884489 884490 884491 884492 890334 886438 886439 886440 886441 894233 890337 894232 890336 892282 894231 890335
bot 181 183 55yraoi7 1468371801 3063456 52
owned 181 3063456 3063457 3063458 3063459 3065407 3061511 3059563 3059562 3059561 3059560 3059559 3059558 3059557 3059556 3061504 3063452 3063453 3063454 3065402 3065403 3067351 3067352 3067353 3067354 3069301 3069300 3069299 3069298 3067350 3067349 3065401 3065400 3061505 3057609 3061506 3057610 3055662 3055663 3055664 3055665 3061507 3057611 3057612 3057613 3057614 3065406 3061510 3065405 3061509 3063455 3065404 3061508
bot 182 184 1sc05h43 1585605541 3297166 52
owned 182 3297166 3297167 3297168 3297169 3299117 3295221 3293273 3293272 3293271 3293270 3293269 3293268 3293267 3293266 3295214 3297162 3297163 3297164 3299112 3299113 3301061 3301062 3301063 3301064 3303011 3303010 3303009 3303008 3301060 3301059 3299111 3299110 3295215 3291319 3295216 3291320 3289372 3289373 3289374 3289375 3295217 3291321 3291322 3291323 3291324 3299116 3295220 3299115 3295219 3297165 3299114 3295218
bot 183 185 37ibwik8 1160917256 249906 52
owned 183 249906 249907 249908 249909 251857 247961 246013 246012 246011 246010 246009 246008 246007 246006 247954 249902 249903 249904 251852 251853 253801 253802 253803 253804 255751 255750 255749 255748 253800 253799 251851 251850 247955 244059 247956 244060 242112 242113 242114 242115 247957 244061 244062 244063 244064 251856 247960 251855 247959 249905 251854 247958
bot 184 186 uec16uxz 298442371 1531500 52
owned 184 1531500 1531501 1531502 1531503 1533451 1529555 1527607 1527606 1527605 1527604 1527603 1527602 1527601 1527600 1529548 1531496 1531497 1531498 1533446 1533447 1535395 1535396 1535397 1535398 1537345 1537344 1537343 1537342 1535394 1535393 1533445 1533444 1529549 1525653 1529550 1525654 1523706 1523707 1523708 1523709 1529551 1525655 1525656 1525657 1525658 1533450 1529554 1533449 1529553 1531499 1533448 1529552
bot 185 187 9fd5ewrs 716216499 1026691 52
owned 185 1026691 1026692 1026693 1026694 1028642 1024746 1022798 1022797 1022796 1022795 1022794 1022793 1022792 1022791 1024739 1026687 1026688 1026689 1028637 1028638 1030586 1030587 1030588 1030589 1032536 1032535 1032534 1032533 1030585 1030584 1028636 1028635 1024740 1020844 1024741 1020845 1018897 1018898 1018899 1018900 1024742 1020846 1020847 1020848 1020849 1028641 1024745 1028640 1024744 1026690 1028639 1024743
bot 186 188 pe2p79c6 1616832572 791016 52
owned 186 791016 791017 791018 791019 792967 789071 787123 787122 787121 787120 787119 787118 787117 787116 789064 791012 791013 791014 792962 792963 794911 794912 794913 794914 796861 796860 796859 796858 794910 794909 792961 792960 789065 785169 789066 785170 783222 783223 783224 783225 789067 785171 785172 785173 785174 792966 789070 792965 789069 791015 792964 789068
bot 187 189 h1r85byk 647047218 389882 52
owned 187 389882 389883 389884 389885 391833 387937 385989 385988 385987 385986 385985 385984 385983 385982 387930 389878 389879 389880 391828 391829 393777 393778 393779 393780 395727 395726 395725 395724 393776 393775 391827 391826 387931 384035 387932 384036 382088 382089 382090 382091 387933 384037 384038 384039 384040 391832 387936 391831 387935 389881 391830 387934
bot 188 190 exulggll 2009242778 888679 52
owned 188 888679 888680 888681 888682 890630 886734 884786 884785 884784 884783 884782 884781 884780 884779 886727 888675 888676 888677 890625 890626 892574 892575 892576 892577 894524 894523 894522 894521 892573 892572 890624 890623 886728 882832 886729 882833 880885 880886 880887 880888 886730 882834 882835 882836 882837 890629 886733 890628 886732 888678 890627 886731
bot 189 191 zouqcp7v 1283425505 1011917 52
owned 189 1011917 1011918 1011919 1011920 1013868 1009972 1008024 1008023 1008022 1008021 1008020 1008019 1008018 1008017 1009965 1011913 1011914 1011915 1013863 1013864 1015812 1015813 1015814 1015815 1017762 1017761 1017760 1017759 1015811 1015810 1013862 1013861 1009966 1006070 1009967 1006071 1004123 1004124 1004125 1004126 1009968 1006072 1006073 1006074 1006075 1013867 1009971 1013866 1009970 1011916 1013865 1009969
bot 190 192 k39sgybe 1779655355 2687475 52
owned 190 2687475 2687476 2687477 2687478 2689426 2685530 2683582 2683581 2683580 2683579 2683578 2683577 2683576 2683575 2685523 2687471 2687472 2687473 2689421 2689422 2691370 2691371 2691372 2691373 2693320 2693319 2693318 2693317 2691369 2691368 2689420 2689419 2685524 2681628 2685525 2681629 2679681 2679682 2679683 2679684 2685526 2681630 2681631 2681632 2681633 2689425 2685529 2689424 2685528 2687474 2689423 2685527
bot 191 193 orxhfzvz 2032568751 1006877 52
owned 191 1006877 1006878 1006879 1006880 1008828 1004932 1002984 1002983 1002982 1002981 1002980 1002979 1002978 1002977 1004925 1006873 1006874 1006875 1008823 1008824 1010772 1010773 1010774 1010775 1012722 1012721 1012720 1012719 1010771 1010770 1008822 1008821 1004926 1001030 1004927 1001031 999083 999084 999085 999086 1004928 1001032 1001033 1001034 1001035 1008827 1004931 1008826 1004930 1006876 1008825 1004929
bot 192 194 uz8ynaez 593238994 870731 52
owned 192 870731 870732 870733 870734 872682 868786 866838 866837 866836 866835 866834 866833 866832 866831 868779 870727 870728 870729 872677 872678 874626 874627 874628 874629 876576 876575 876574 876573 874625 874624 872676 872675 868780 864884 868781 864885 862937 862938 862939 862940 868782 864886 864887 864888 864889 872681 868785 872680 868784 870730 872679 868783
bot 193 195 ubigewsr -2141021696 3717838 52
owned 193 3717838 3717839 3717840 3717841 3719789 3715893 3713945 3713944 3713943 3713942 3713941 3713940 3713939 3713938 3715886 3717834 3717835 3717836 3719784 3719785 3721733 3721734 3721735 3721736 3723683 3723682 3723681 3723680 3721732 3721731 3719783 3719782 3715887 3711991 3715888 3711992 3710044 3710045 3710046 3710047 3715889 3711993 3711994 3711995 3711996 3719788 3715892 3719787 3715891 3717837 3719786 3715890
bot 194 196 w0ozvjdh 337579528 1060459 52
owned 194 1060459 1060460 1060461 1060462 1062410 1058514 1056566 1056565 1056564 1056563 1056562 1056561 1056560 1056559 1058507 1060455 1060456 1060457 1062405 1062406 1064354 1064355 1064356 1064357 1066304 1066303 1066302 1066301 1064353 1064352 1062404 1062403 1058508 1054612 1058509 1054613 1052665 1052666 1052667 1052668 1058510 1054614 1054615 1054616 1054617 1062409 1058513 1062408 1058512 1060458 1062407 1058511
bot 195 197 f7yj98q8 2008342748 885349 52
owned 195 885349 885350 885351 885352 887300 883404 881456 881455 881454 881453 881452 881451 881450 881449 883397 885345 885346 885347 887295 887296 889244 889245 889246 889247 891194 891193 891192 891191 889243 889242 887294 887293 883398 879502 883399 879503 877555 877556 877557 877558 883400 879504 879505 879506 879507 887299 883403 887298 883402 885348 887297 883401
bot 196 198 2xzw4gp3 546471435 864149 52
owned 196 864149 864150 864151 864152 866100 862204 860256 860255 860254 860253 860252 860251 860250 860249 862197 864145 864146 864147 866095 866096 868044 868045 868046 868047 869994 869993 869992 869991 868043 868042 866094 866093 862198 858302 862199 858303 856355 856356 856357 856358 862200 858304 858305 858306 858307 866099 862203 866098 862202 864148 866097 862201
bot 197 199 9rkdgj28 2034230367 117424 52
owned 197 117424 117425 117426 117427 119375 115479 113531 113530 113529 113528 113527 113526 113525 113524 115472 117420 117421 117422 119370 119371 121319 121320 121321 121322 123269 123268 123267 123266 121318 121317 119369 119368 115473 111577 115474 111578 109630 109631 109632 109633 115475 111579 111580 111581 111582 119374 115478 119373 115477 117423 119372 115476
bot 198 200 aw987uy7 1696208469 951791 52
owned 198 951791 951792 951793 951794 953742 949846 947898 947897 947896 947895 947894 947893 947892 947891 949839 951787 951788 951789 953737 953738 955686 955687 955688 955689 957636 957635 957634 957633 955685 955684 953736 953735 949840 945944 949841 945945 943997 943998 943999 944000 949842 945946 945947 945948 945949 953741 949845 953740 949844 951790 953739 949843
bot 199 201 gr243zlh 1525078068 424391 52
owned 199 424391 424392 424393 424394 426342 422446 420498 420497 420496 420495 420494 420493 420492 420491 422439 424387 424388 424389 426337 426338 428286 428287 428288 428289 430236 430235 430234 430233 428285 428284 426336 426335 422440 418544 422441 418545 416597 416598 416599 416600 422442 418546 418547 418548 418549 426341 422445 426340 422444 424390 426339 422443
bot 200 202 zowu9kf4 1343123255 593884 52
owned 200 593884 593885 593886 593887 595835 591939 589991 589990 589989 589988 589987 589986 589985 589984 591932 593880 593881 593882 595830 595831 597779 597780 597781 597782 599729 599728 599727 599726 597778 597777 595829 595828 591933 588037 591934 588038 586090 586091 586092 586093 591935 588039 588040 588041 588042 595834 591938 595833 591937 593883 595832 591936
bot 201 203 2dtf8q4x 1304023651 1772160 52
owned 201 1772160 1772161 1772162 1772163 1774111 1770215 1768267 1768266 1768265 1768264 1768263 1768262 1768261 1768260 1770208 1772156 1772157 1772158 1774106 1774107 1776055 1776056 1776057 1776058 1778005 1778004 1778003 1778002 1776054 1776053 1774105 1774104 1770209 1766313 1770210 1766314 1764366 1764367 1764368 1764369 1770211 1766315 1766316 1766317 1766318 1774110 1770214 1774109 1770213 1772159 1774108 1770212
bot 202 204 y9oft8w2 1767905134 661108 52
owned 202 661108 661109 661110 661111 663059 659163 657215 657214 657213 657212 657211 657210 657209 657208 659156 661104 661105 661106 663054 663055 665003 665004 665005 665006 666953 666952 666951 666950 665002 665001 663053 663052 659157 655261 659158 655262 653314 653315 653316 653317 659159 655263 655264 655265 655266 663058 659162 663057 659161 661107 663056 659160
bot 203 205 ed7kjxq3 386177703 3193967 52
owned 203 3193967 3193968 3193969 3193970 3195918 3192022 3190074 3190073 3190072 3190071 3190070 3190069 3190068 3190067 3192015 3193963 3193964 3193965 3195913 3195914 3197862 3197863 3197864 3197865 3199812 3199811 3199810 3199809 3197861 3197860 3195912 3195911 3192016 3188120 3192017 3188121 3186173 3186174 3186175 3186176 3192018 3188122 3188123 3188124 3188125 3195917 3192021 3195916 3192020 3193966 3195915 3192019
bot 204 206 nxt1ptsi 1154794981 83467 52
owned 204 83467 83468 83469 83470 85418 81522 79574 79573 79572 79571 79570 79569 79568 79567 81515 83463 83464 83465 85413 85414 87362 87363 87364 87365 89312 89311 89310 89309 87361 87360 85412 85411 81516 77620 81517 77621 75673 75674 75675 75676 81518 77622 77623 77624 77625 85417 81521 85416 81520 83466 85415 81519
bot 205 207 p825v2fd 1789039945 1831990 52
owned 205 1831990 1831991 1831992 1831993 1833941 1830045 1828097 1828096 1828095 1828094 1828093 1828092 1828091 1828090 1830038 1831986 1831987 1831988 1833936 1833937 1835885 1835886 1835887 1835888 1837835 1837834 1837833 1837832 1835884 1835883 1833935 1833934 1830039 1826143 1830040 1826144 1824196 1824197 1824198 1824199 1830041 1826145 1826146 1826147 1826148 1833940 1830044 1833939 1830043 1831989 1833938 1830042
bot 206 208 wyarb4qo 383163841 1599935 52
owned 206 1599935 1599936 1599937 1599938 1601886 1597990 1596042 1596041 1596040 1596039 1596038 1596037 1596036 1596035 1597983 1599931 1599932 1599933 1601881 1601882 1603830 1603831 1603832 1603833 1605780 1605779 1605778 1605777 1603829 1603828 1601880 1601879 1597984 1594088 1597985 1594089 1592141 1592142 1592143 1592144 1597986 1594090 1594091 1594092 1594093 1601885 1597989 1601884 1597988 1599934 1601883 1597987
bot 207 209 qfs7b4z4 1471954815 2646776 52
owned 207 2646776 2646777 2646778 2646779 2648727 2644831 2642883 2642882 2642881 2642880 2642879 2642878 2642877 2642876 2644824 2646772 2646773 2646774 2648722 2648723 2650671 2650672 2650673 2650674 2652621 2652620 2652619 2652618 2650670 2650669 2648721 2648720 2644825 2640929 2644826 2640930 2638982 2638983 2638984 2638985 2644827 2640931 2640932 2640933 2640934 2648726 2644830 2648725 2644829 2646775 2648724 2644828
bot 208 210 ms13gmzm 1647820133 3651742 52
owned 208 3651742 3651743 3651744 3651745 3653693 3649797 3647849 3647848 3647847 3647846 3647845 3647844 3647843 3647842 3649790 3651738 3651739 3651740 3653688 3653689 3655637 3655638 3655639 3655640 3657587 3657586 3657585 3657584 3655636 3655635 3653687 3653686 3649791 3645895 3649792 3645896 3643948 3643949 3643950 3643951 3649793 3645897 3645898 3645899 3645900 3653692 3649796 3653691 3649795 3651741 3653690 3649794
bot 209 211 ym8zggo3 322620766 1456175 52
owned 209 1456175 1456176 1456177 1456178 1458126 1454230 1452282 1452281 1452280 1452279 1452278 1452277 1452276 1452275 1454223 1456171 1456172 1456173 1458121 1458122 1460070 1460071 1460072 1460073 1462020 1462019 1462018 1462017 1460069 1460068 1458120 1458119 1454224 1450328 1454225 1450329 1448381 1448382 1448383 1448384 1454226 1450330 1450331 1450332 1450333 1458125 1454229 1458124 1454228 1456174 1458123 1454227
bot 210 212 8jahbnpg 1498584608 975826 52
owned 210 975826 975827 975828 975829 977777 973881 971933 971932 971931 971930 971929 971928 971927 971926 973874 975822 975823 975824 977772 977773 979721 979722 979723 979724 981671 981670 981669 981668 979720 979719 977771 977770 973875 969979 973876 969980 968032 968033 968034 968035 973877 969981 969982 969983 969984 977776 973880 977775 973879 975825 977774 973878
bot 211 213 b0djjiez 1834536396 2800803 52
owned 211 2800803 2800804 2800805 2800806 2802754 2798858 2796910 2796909 2796908 2796907 2796906 2796905 2796904 2796903 2798851 2800799 2800800 2800801 2802749 2802750 2804698 2804699 2804700 2804701 2806648 2806647 2806646 2806645 2804697 2804696 2802748 2802747 2798852 2794956 2798853 2794957 2793009 2793010 2793011 2793012 2798854 2794958 2794959 2794960 2794961 2802753 2798857 2802752 2798856 2800802 2802751 2798855
bot 212 214 s9xysw8i 1381855552 929775 52
owned 212 929775 929776 929777 929778 931726 927830 925882 925881 925880 925879 925878 925877 925876 925875 927823 929771 929772 929773 931721 931722 933670 933671 933672 933673 935620 935619 935618 935617 933669 933668 931720 931719 927824 923928 927825 923929 921981 921982 921983 921984 927826 923930 923931 923932 923933 931725 927829 931724 927828 929774 931723 927827
bot 213 215 t3s2qgvc 1885822309 616177 52
owned 213 616177 616178 616179 616180 618128 614232 612284 612283 612282 612281 612280 612279 612278 612277 614225 616173 616174 616175 618123 618124 620072 620073 620074 620075 622022 622021 622020 622019 620071 620070 618122 618121 614226 610330 614227 610331 608383 608384 608385 608386 614228 610332 610333 610334 610335 618127 614231 618126 614230 616176 618125 614229
bot 214 216 aquue8ni -1995066298 773729 52
owned 214 773729 773730 773731 773732 775680 771784 769836 769835 769834 769833 769832 769831 769830 769829 771777 773725 773726 773727 775675 775676 777624 777625 777626 777627 779574 779573 779572 779571 777623 777622 775674 775673 771778 767882 771779 767883 765935 765936 765937 765938 771780 767884 767885 767886 767887 775679 771783 775678 771782 773728 775677 771781
bot 215 217 u3k8ktyr 1336475575 1367224 52
owned 215 1367224 1367225 1367226 1367227 1369175 1365279 1363331 1363330 1363329 1363328 1363327 1363326 1363325 1363324 1365272 1367220 1367221 1367222 1369170 1369171 1371119 1371120 1371121 1371122 1373069 1373068 1373067 1373066 1371118 1371117 1369169 1369168 1365273 1361377 1365274 1361378 1359430 1359431 1359432 1359433 1365275 1361379 1361380 1361381 1361382 1369174 1365278 1369173 1365277 1367223 1369172 1365276
bot 216 218 i7egn3zz 1648658159 1304079 52
owned 216 1304079 1304080 1304081 1304082 1306030 1302134 1300186 1300185 1300184 1300183 1300182 1300181 1300180 1300179 1302127 1304075 1304076 1304077 1306025 1306026 1307974 1307975 1307976 1307977 1309924 1309923 1309922 1309921 1307973 1307972 1306024 1306023 1302128 1298232 1302129 1298233 1296285 1296286 1296287 1296288 1302130 1298234 1298235 1298236 1298237 1306029 1302133 1306028 1302132 1304078 1306027 1302131
bot 217 219 o3vgfhge 1896212089 979306 52
owned 217 979306 979307 979308 979309 981257 977361 975413 975412 975411 975410 975409 975408 975407 975406 977354 979302 979303 979304 981252 981253 983201 983202 983203 983204 985151 985150 985149 985148 983200 983199 981251 981250 977355 973459 977356 973460 971512 971513 971514 971515 977357 973461 973462 973463 973464 981256 977360 981255 977359 979305 981254 977358
bot 218 220 m4aem5hx 1751287233 505356 52
owned 218 505356 505357 505358 505359 507307 503411 501463 501462 501461 501460 501459 501458 501457 501456 503404 505352 505353 505354 507302 507303 509251 509252 509253 509254 511201 511200 511199 511198 509250 509249 507301 507300 503405 499509 503406 499510 497562 497563 497564 497565 503407 499511 499512 499513 499514 507306 503410 507305 503409 505355 507304 503408
bot 219 221 p6i95qgo 1590454142 841227 52
owned 219 841227 841228 841229 841230 843178 839282 837334 837333 837332 837331 837330 837329 837328 837327 839275 841223 841224 841225 843173 843174 845122 845123 845124 845125 847072 847071 847070 847069 845121 845120 843172 843171 839276 835380 839277 835381 833433 833434 833435 833436 839278 835382 835383 835384 835385 843177 839281 843176 839280 841226 843175 839279
bot 220 222 gvho8qeo 669428651 3032128 52
owned 220 3032128 3032129 3032130 3032131 3034079 3030183 3028235 3028234 3028233 3028232 3028231 3028230 3028229 3028228 3030176 3032124 3032125 3032126 3034074 3034075 3036023 3036024 3036025 3036026 3037973 3037972 3037971 3037970 3036022 3036021 3034073 3034072 3030177 3026281 3030178 3026282 3024334 3024335 3024336 3024337 3030179 3026283 3026284 3026285 3026286 3034078 3030182 3034077 3030181 3032127 3034076 3030180
bot 221 223 9iatvpoi -1929396069 590109 52
owned 221 590109 590110 590111 590112 592060 588164 586216 586215 586214 586213 586212 586211 586210 586209 588157 590105 590106 590107 592055 592056 594004 594005 594006 594007 595954 595953 595952 595951 594003 594002 592054 592053 588158 584262 588159 584263 582315 582316 582317 582318 588160 584264 584265 584266 584267 592059 588163 592058 588162 590108 592057 588161
bot 222 224 zd9jsqbj 2059397859 1319432 52
owned 222 1319432 1319433 1319434 1319435 1321383 1317487 1315539 1315538 1315537 1315536 1315535 1315534 1315533 1315532 1317480 1319428 1319429 1319430 1321378 1321379 1323327 1323328 1323329 1323330 1325277 1325276 1325275 1325274 1323326 1323325 1321377 1321376 1317481 1313585 1317482 1313586 1311638 1311639 1311640 1311641 1317483 1313587 1313588 1313589 1313590 1321382 1317486 1321381 1317485 1319431 1321380 1317484
bot 223 225 zw1dwnig 2130295049 3445416 52
owned 223 3445416 3445417 3445418 3445419 3447367 3443471 3441523 3441522 3441521 3441520 3441519 3441518 3441517 3441516 3443464 3445412 3445413 3445414 3447362 3447363 3449311 3449312 3449313 3449314 3451261 3451260 3451259 3451258 3449310 3449309 3447361 3447360 3443465 3439569 3443466 3439570 3437622 3437623 3437624 3437625 3443467 3439571 3439572 3439573 3439574 3447366 3443470 3447365 3443469 3445415 3447364 3443468
bot 224 226 be5xt98q 295200808 1088159 52
owned 224 1088159 1088160 1088161 1088162 1090110 1086214 1084266 1084265 1084264 1084263 1084262 1084261 1084260 1084259 1086207 1088155 1088156 1088157 1090105 1090106 1092054 1092055 1092056 1092057 1094004 1094003 1094002 1094001 1092053 1092052 1090104 1090103 1086208 1082312 1086209 1082313 1080365 1080366 1080367 1080368 1086210 1082314 1082315 1082316 1082317 1090109 1086213 1090108 1086212 1088158 1090107 1086211
bot 225 227 522b0ju8 1051917806 1830651 52
owned 225 1830651 1830652 1830653 1830654 1832602 1828706 1826758 1826757 1826756 1826755 1826754 1826753 1826752 1826751 1828699 1830647 1830648 1830649 1832597 1832598 1834546 1834547 1834548 1834549 1836496 1836495 1836494 1836493 1834545 1834544 1832596 1832595 1828700 1824804 1828701 1824805 1822857 1822858 1822859 1822860 1828702 1824806 1824807 1824808 1824809 1832601 1828705 1832600 1828704 1830650 1832599 1828703
bot 226 228 ibxwtyy7 1581729417 939655 52
owned 226 939655 939656 939657 939658 941606 937710 935762 935761 935760 935759 935758 935757 935756 935755 937703 939651 939652 939653 941601 941602 943550 943551 943552 943553 945500 945499 945498 945497 943549 943548 941600 941599 937704 933808 937705 933809 931861 931862 931863 931864 937706 933810 933811 933812 933813 941605 937709 941604 937708 939654 941603 937707
bot 227 229 zjhashkb 754389657 366944 52
owned 227 366944 366945 366946 366947 368895 364999 363051 363050 363049 363048 363047 363046 363045 363044 364992 366940 366941 366942 368890 368891 370839 370840 370841 370842 372789 372788 372787 372786 370838 370837 368889 368888 364993 361097 364994 361098 359150 359151 359152 359153 364995 361099 361100 361101 361102 368894 364998 368893 364997 366943 368892 364996
bot 228 230 89ttdia6 1515667583 2063810 52
owned 228 2063810 2063811 2063812 2063813 2065761 2061865 2059917 2059916 2059915 2059914 2059913 2059912 2059911 2059910 2061858 2063806 2063807 2063808 2065756 2065757 2067705 2067706 2067707 2067708 2069655 2069654 2069653 2069652 2067704 2067703 2065755 2065754 2061859 2057963 2061860 2057964 2056016 2056017 2056018 2056019 2061861 2057965 2057966 2057967 2057968 2065760 2061864 2065759 2061863 2063809 2065758 2061862
bot 229 231 6o2o0nvl 1109887534 1730764 52
owned 229 1730764 1730765 1730766 1730767 1732715 1728819 1726871 1726870 1726869 1726868 1726867 1726866 1726865 1726864 1728812 1730760 1730761 1730762 1732710 1732711 1734659 1734660 1734661 1734662 1736609 1736608 1736607 1736606 1734658 1734657 1732709 1732708 1728813 1724917 1728814 1724918 1722970 1722971 1722972 1722973 1728815 1724919 1724920 1724921 1724922 1732714 1728818 1732713 1728817 1730763 1732712 1728816
bot 230 232 xldl70se 1508905245 729847 52
owned 230 729847 729848 729849 729850 731798 727902 725954 725953 725952 725951 725950 725949 725948 725947 727895 729843 729844 729845 731793 731794 733742 733743 733744 733745 735692 735691 735690 735689 733741 733740 731792 731791 727896 724000 727897 724001 722053 722054 722055 722056 727898 724002 724003 724004 724005 731797 727901 731796 727900 729846 731795 727899
bot 231 233 qrwgzvzz 1194261553 692944 52
owned 231 692944 692945 692946 692947 694895 690999 689051 689050 689049 689048 689047 689046 689045 689044 690992 692940 692941 692942 694890 694891 696839 696840 696841 696842 698789 698788 698787 698786 696838 696837 694889 694888 690993 687097 690994 687098 685150 685151 685152 685153 690995 687099 687100 687101 687102 694894 690998 694893 690997 692943 694892 690996
bot 232 234 h711p697 635026801 1789295 52
owned 232 1789295 1789296 1789297 1789298 1791246 1787350 1785402 1785401 1785400 1785399 1785398 1785397 1785396 1785395 1787343 1789291 1789292 1789293 1791241 1791242 1793190 1793191 1793192 1793193 1795140 1795139 1795138 1795137 1793189 1793188 1791240 1791239 1787344 1783448 1787345 1783449 1781501 1781502 1781503 1781504 1787346 1783450 1783451 1783452 1783453 1791245 1787349 1791244 1787348 1789294 1791243 1787347
bot 233 235 g4ulqqm0 1702459915 1290820 52
owned 233 1290820 1290821 1290822 1290823 1292771 1288875 1286927 1286926 1286925 1286924 1286923 1286922 1286921 1286920 1288868 1290816 1290817 1290818 1292766 1292767 1294715 1294716 1294717 1294718 1296665 1296664 1296663 1296662 1294714 1294713 1292765 1292764 1288869 1284973 1288870 1284974 1283026 1283027 1283028 1283029 1288871 1284975 1284976 1284977 1284978 1292770 1288874 1292769 1288873 1290819 1292768 1288872
bot 234 236 v18jrx10 1959076822 1243399 52
owned 234 1243399 1243400 1243401 1243402 1245350 1241454 1239506 1239505 1239504 1239503 1239502 1239501 1239500 1239499 1241447 1243395 1243396 1243397 1245345 1245346 1247294 1247295 1247296 1247297 1249244 1249243 1249242 1249241 1247293 1247292 1245344 1245343 1241448 1237552 1241449 1237553 1235605 1235606 1235607 1235608 1241450 1237554 1237555 1237556 1237557 1245349 1241453 1245348 1241452 1243398 1245347 1241451
bot 235 237 8sd3i7p8 933279620 921236 52
owned 235 921236 921237 921238 921239 923187 919291 917343 917342 917341 917340 917339 917338 917337 917336 919284 921232 921233 921234 923182 923183 925131 925132 925133 925134 927081 927080 927079 927078 925130 925129 923181 923180 919285 915389 919286 915390 913442 913443 913444 913445 919287 915391 915392 915393 915394 923186 919290 923185 919289 921235 923184 919288
bot 236 238 l5o27mtm -2040527415 1742257 52
owned 236 1742257 1742258 1742259 1742260 1744208 1740312 1738364 1738363 1738362 1738361 1738360 1738359 1738358 1738357 1740305 1742253 1742254 1742255 1744203 1744204 1746152 1746153 1746154 1746155 1748102 1748101 1748100 1748099 1746151 1746150 1744202 1744201 1740306 1736410 1740307 1736411 1734463 1734464 1734465 1734466 1740308 1736412 1736413 1736414 1736415 1744207 1740311 1744206 1740310 1742256 1744205 1740309
bot 237 239 b6f6r0t2 1867439652 1327884 52
owned 237 1327884 1327885 1327886 1327887 1329835 1325939 1323991 1323990 1323989 1323988 1323987 1323986 1323985 1323984 1325932 1327880 1327881 1327882 1329830 1329831 1331779 1331780 1331781 1331782 1333729 1333728 1333727 1333726 1331778 1331777 1329829 1329828 1325933 1322037 1325934 1322038 1320090 1320091 1320092 1320093 1325935 1322039 1322040 1322041 1322042 1329834 1325938 1329833 1325937 1327883 1329832 1325936
bot 238 240 7j5a3pfw 1958254263 1869452 52
owned 238 1869452 1869453 1869454 1869455 1871403 1867507 1865559 1865558 1865557 1865556 1865555 1865554 1865553 1865552 1867500 1869448 1869449 1869450 1871398 1871399 1873347 1873348 1873349 1873350 1875297 1875296 1875295 1875294 1873346 1873345 1871397 1871396 1867501 1863605 1867502 1863606 1861658 1861659 1861660 1861661 1867503 1863607 1863608 1863609 1863610 1871402 1867506 1871401 1867505 1869451 1871400 1867504
bot 239 241 m5sg1z4l 348334567 2794490 52
owned 239 2794490 2794491 2794492 2794493 2796441 2792545 2790597 2790596 2790595 2790594 2790593 2790592 2790591 2790590 2792538 2794486 2794487 2794488 2796436 2796437 2798385 2798386 2798387 2798388 2800335 2800334 2800333 2800332 2798384 2798383 2796435 2796434 2792539 2788643 2792540 2788644 2786696 2786697 2786698 2786699 2792541 2788645 2788646 2788647 2788648 2796440 2792544 2796439 2792543 2794489 2796438 2792542
bot 240 242 ehpglvfz 1269450044 1588923 52
owned 240 1588923 1588924 1588925 1588926 1590874 1586978 1585030 1585029 1585028 1585027 1585026 1585025 1585024 1585023 1586971 1588919 1588920 1588921 1590869 1590870 1592818 1592819 1592820 1592821 1594768 1594767 1594766 1594765 1592817 1592816 1590868 1590867 1586972 1583076 1586973 1583077 1581129 1581130 1581131 1581132 1586974 1583078 1583079 1583080 1583081 1590873 1586977 1590872 1586976 1588922 1590871 1586975
bot 241 243 wu3zthbo 947178302 2648483 52
owned 241 2648483 2648484 2648485 2648486 2650434 2646538 2644590 2644589 2644588 2644587 2644586 2644585 2644584 2644583 2646531 2648479 2648480 2648481 2650429 2650430 2652378 2652379 2652380 2652381 2654328 2654327 2654326 2654325 2652377 2652376 2650428 2650427 2646532 2642636 2646533 2642637 2640689 2640690 2640691 2640692 2646534 2642638 2642639 2642640 2642641 2650433 2646537 2650432 2646536 2648482 2650431 2646535
bot 242 244 yeh875u5 1617155050 724554 52
owned 242 724554 724555 724556 724557 726505 722609 720661 720660 720659 720658 720657 720656 720655 720654 722602 724550 724551 724552 726500 726501 728449 728450 728451 728452 730399 730398 730397 730396 728448 728447 726499 726498 722603 718707 722604 718708 716760 716761 716762 716763 722605 718709 718710 718711 718712 726504 722608 726503 722607 724553 726502 722606
bot 243 245 8nuwzyn1 1340793310 608901 52
owned 243 608901 608902 608903 608904 610852 606956 605008 605007 605006 605005 605004 605003 605002 605001 606949 608897 608898 608899 610847 610848 612796 612797 612798 612799 614746 614745 614744 614743 612795 612794 610846 610845 606950 603054 606951 603055 601107 601108 601109 601110 606952 603056 603057 603058 603059 610851 606955 610850 606954 608900 610849 606953
bot 244 246 t0zwn9eb 959178531 1418280 52
owned 244 1418280 1418281 1418282 1418283 1420231 1416335 1414387 1414386 1414385 1414384 1414383 1414382 1414381 1414380 1416328 1418276 1418277 1418278 1420226 1420227 1422175 1422176 1422177 1422178 1424125 1424124 1424123 1424122 1422174 1422173 1420225 1420224 1416329 1412433 1416330 1412434 1410486 1410487 1410488 1410489 1416331 1412435 1412436 1412437 1412438 1420230 1416334 1420229 1416333 1418279 1420228 1416332
bot 245 247 8zjwwdck 1655577600 1197574 52
owned 245 1197574 1197575 1197576 1197577 1199525 1195629 1193681 1193680 1193679 1193678 1193677 1193676 1193675 1193674 1195622 1197570 1197571 1197572 1199520 1199521 1201469 1201470 1201471 1201472 1203419 1203418 1203417 1203416 1201468 1201467 1199519 1199518 1195623 1191727 1195624 1191728 1189780 1189781 1189782 1189783 1195625 1191729 1191730 1191731 1191732 1199524 1195628 1199523 1195627 1197573 1199522 1195626
bot 246 248 jwrhd5ij 1879101561 3124492 52
owned 246 3124492 3124493 3124494 3124495 3126443 3122547 3120599 3120598 3120597 3120596 3120595 3120594 3120593 3120592 3122540 3124488 3124489 3124490 3126438 3126439 3128387 3128388 3128389 3128390 3130337 3130336 3130335 3130334 3128386 3128385 3126437 3126436 3122541 3118645 3122542 3118646 3116698 3116699 3116700 3116701 3122543 3118647 3118648 3118649 3118650 3126442 3122546 3126441 3122545 3124491 3126440 3122544
bot 247 249 jyb8rp14 1589264510 1155958 52
owned 247 1155958 1155959 1155960 1155961 1157909 1154013 1152065 1152064 1152063 1152062 1152061 1152060 1152059 1152058 1154006 1155954 1155955 1155956 1157904 1157905 1159853 1159854 1159855 1159856 1161803 1161802 1161801 1161800 1159852 1159851 1157903 1157902 1154007 1150111 1154008 1150112 1148164 1148165 1148166 1148167 1154009 1150113 1150114 1150115 1150116 1157908 1154012 1157907 1154011 1155957 1157906 1154010
bot 248 250 wl7sxu3v 236594675 779191 52
owned 248 779191 779192 779193 779194 781142 777246 775298 775297 775296 775295 775294 775293 775292 775291 777239 779187 779188 779189 781137 781138 783086 783087 783088 783089 785036 785035 785034 785033 783085 783084 781136 781135 777240 773344 777241 773345 771397 771398 771399 771400 777242 773346 773347 773348 773349 781141 777245 781140 777244 779190 781139 777243
bot 249 251 y0r0fu1j 1129846919 1644459 52
owned 249 1644459 1644460 1644461 1644462 1646410 1642514 1640566 1640565 1640564 1640563 1640562 1640561 1640560 1640559 1642507 1644455 1644456 1644457 1646405 1646406 1648354 1648355 1648356 1648357 1650304 1650303 1650302 1650301 1648353 1648352 1646404 1646403 1642508 1638612 1642509 1638613 1636665 1636666 1636667 1636668 1642510 1638614 1638615 1638616 1638617 1646409 1642513 1646408 1642512 1644458 1646407 1642511
bot 250 252 kneohbbr 882688749 2779180 52
owned 250 2779180 2779181 2779182 2779183 2781131 2777235 2775287 2775286 2775285 2775284 2775283 2775282 2775281 2775280 2777228 2779176 2779177 2779178 2781126 2781127 2783075 2783076 2783077 2783078 2785025 2785024 2785023 2785022 2783074 2783073 2781125 2781124 2777229 2773333 2777230 2773334 2771386 2771387 2771388 2771389 2777231 2773335 2773336 2773337 2773338 2781130 2777234 2781129 2777233 2779179 2781128 2777232
bot 251 253 qc8m814x 1480004544 1393947 52
owned 251 1393947 1393948 1393949 1393950 1395898 1392002 1390054 1390053 1390052 1390051 1390050 1390049 1390048 1390047 1391995 1393943 1393944 1393945 1395893 1395894 1397842 1397843 1397844 1397845 1399792 1399791 1399790 1399789 1397841 1397840 1395892 1395891 1391996 1388100 1391997 1388101 1386153 1386154 1386155 1386156 1391998 1388102 1388103 1388104 1388105 1395897 1392001 1395896 1392000 1393946 1395895 1391999
bot 252 254 ix3jngmf 1224131180 2105307 52
owned 252 2105307 2105308 2105309 2105310 2107258 2103362 2101414 2101413 2101412 2101411 2101410 2101409 2101408 2101407 2103355 2105303 2105304 2105305 2107253 2107254 2109202 2109203 2109204 2109205 2111152 2111151 2111150 2111149 2109201 2109200 2107252 2107251 2103356 2099460 2103357 2099461 2097513 2097514 2097515 2097516 2103358 2099462 2099463 2099464 2099465 2107257 2103361 2107256 2103360 2105306 2107255 2103359
bot 253 255 9mzpcgft -1962888896 3325092 52
owned 253 3325092 3325093 3325094 3325095 3327043 3323147 3321199 3321198 3321197 3321196 3321195 3321194 3321193 3321192 3323140 3325088 3325089 3325090 3327038 3327039 3328987 3328988 3328989 3328990 3330937 3330936 3330935 3330934 3328986 3328985 3327037 3327036 3323141 3319245 3323142 3319246 3317298 3317299 3317300 3317301 3323143 3319247 3319248 3319249 3319250 3327042 3323146 3327041 3323145 3325091 3327040 3323144
bot 254 256 l5z5w588 1934897762 862873 52
owned 254 862873 862874 862875 862876 864824 860928 858980 858979 858978 858977 858976 858975 858974 858973 860921 862869 862870 862871 864819 864820 866768 866769 866770 866771 868718 868717 868716 868715 866767 866766 864818 864817 860922 857026 860923 857027 855079 855080 855081 855082 860924 857028 857029 857030 857031 864823 860927 864822 860926 862872 864821 860925
bot 255 257 pt0jqntf 1250199287 417138 52
owned 255 417138 417139 417140 417141 419089 415193 413245 413244 413243 413242 413241 413240 413239 413238 415186 417134 417135 417136 419084 419085 421033 421034 421035 421036 422983 422982 422981 422980 421032 421031 419083 419082 415187 411291 415188 411292 409344 409345 409346 409347 415189 411293 411294 411295 411296 419088 415192 419087 415191 417137 419086 415190
bot 256 258 2e8alk85 2137343212 1682256 52
owned 256 1682256 1682257 1682258 1682259 1684207 1680311 1678363 1678362 1678361 1678360 1678359 1678358 1678357 1678356 1680304 1682252 1682253 1682254 1684202 1684203 1686151 1686152 1686153 1686154 1688101 1688100 1688099 1688098 1686150 1686149 1684201 1684200 1680305 1676409 1680306 1676410 1674462 1674463 1674464 1674465 1680307 1676411 1676412 1676413 1676414 1684206 1680310 1684205 1680309 1682255 1684204 1680308
bot 257 259 hwe3kfal -2027389305 3404951 52
owned 257 3404951 3404952 3404953 3404954 3406902 3403006 3401058 3401057 3401056 3401055 3401054 3401053 3401052 3401051 3402999 3404947 3404948 3404949 3406897 3406898 3408846 3408847 3408848 3408849 3410796 3410795 3410794 3410793 3408845 3408844 3406896 3406895 3403000 3399104 3403001 3399105 3397157 3397158 3397159 3397160 3403002 3399106 3399107 3399108 3399109 3406901 3403005 3406900 3403004 3404950 3406899 3403003
bot 258 260 47li627l 1118737045 3624539 52
owned 258 3624539 3624540 3624541 3624542 3626490 3622594 3620646 3620645 3620644 3620643 3620642 3620641 3620640 3620639 3622587 3624535 3624536 3624537 3626485 3626486 3628434 3628435 3628436 3628437 3630384 3630383 3630382 3630381 3628433 3628432 3626484 3626483 3622588 3618692 3622589 3618693 3616745 3616746 3616747 3616748 3622590 3618694 3618695 3618696 3618697 3626489 3622593 3626488 3622592 3624538 3626487 3622591
bot 259 261 3asdumaj -2042581532 1042606 52
owned 259 1042606 1042607 1042608 1042609 1044557 1040661 1038713 1038712 1038711 1038710 1038709 1038708 1038707 1038706 1040654 1042602 1042603 1042604 1044552 1044553 1046501 1046502 1046503 1046504 1048451 1048450 1048449 1048448 1046500 1046499 1044551 1044550 1040655 1036759 1040656 1036760 1034812 1034813 1034814 1034815 1040657 1036761 1036762 1036763 1036764 1044556 1040660 1044555 1040659 1042605 1044554 1040658
bot 260 262 l75txeu7 2077042187 1242455 52
owned 260 1242455 1242456 1242457 1242458 1244406 1240510 1238562 1238561 1238560 1238559 1238558 1238557 1238556 1238555 1240503 1242451 1242452 1242453 1244401 1244402 1246350 1246351 1246352 1246353 1248300 1248299 1248298 1248297 1246349 1246348 1244400 1244399 1240504 1236608 1240505 1236609 1234661 1234662 1234663 1234664 1240506 1236610 1236611 1236612 1236613 1244405 1240509 1244404 1240508 1242454 1244403 1240507
bot 261 263 tbcz7mf1 255526794 2052635 52
owned 261 2052635 2052636 2052637 2052638 2054586 2050690 2048742 2048741 2048740 2048739 2048738 2048737 2048736 2048735 2050683 2052631 2052632 2052633 2054581 2054582 2056530 2056531 2056532 2056533 2058480 2058479 2058478 2058477 2056529 2056528 2054580 2054579 2050684 2046788 2050685 2046789 2044841 2044842 2044843 2044844 2050686 2046790 2046791 2046792 2046793 2054585 2050689 2054584 2050688 2052634 2054583 2050687
bot 262 264 o1ilw638 692382587 2609374 52
owned 262 2609374 2609375 2609376 2609377 2611325 2607429 2605481 2605480 2605479 2605478 2605477 2605476 2605475 2605474 2607422 2609370 2609371 2609372 2611320 2611321 2613269 2613270 2613271 2613272 2615219 2615218 2615217 2615216 2613268 2613267 2611319 2611318 2607423 2603527 2607424 2603528 2601580 2601581 2601582 2601583 2607425 2603529 2603530 2603531 2603532 2611324 2607428 2611323 2607427 2609373 2611322 2607426
bot 263 265 la4ytzgl 1260745833 1988055 52
owned 263 1988055 1988056 1988057 1988058 1990006 1986110 1984162 1984161 1984160 1984159 1984158 1984157 1984156 1984155 1986103 1988051 1988052 1988053 1990001 1990002 1991950 1991951 1991952 1991953 1993900 1993899 1993898 1993897 1991949 1991948 1990000 1989999 1986104 1982208 1986105 1982209 1980261 1980262 1980263 1980264 1986106 1982210 1982211 1982212 1982213 1990005 1986109 1990004 1986108 1988054 1990003 1986107
bot 264 266 in2bq49j 1545211963 2040501 52
owned 264 2040501 2040502 2040503 2040504 2042452 2038556 2036608 2036607 2036606 2036605 2036604 2036603 2036602 2036601 2038549 2040497 2040498 2040499 2042447 2042448 2044396 2044397 2044398 2044399 2046346 2046345 2046344 2046343 2044395 2044394 2042446 2042445 2038550 2034654 2038551 2034655 2032707 2032708 2032709 2032710 2038552 2034656 2034657 2034658 2034659 2042451 2038555 2042450 2038554 2040500 2042449 2038553
bot 265 267 5irnw7ij 276056243 1362343 52
owned 265 1362343 1362344 1362345 1362346 1364294 1360398 1358450 1358449 1358448 1358447 1358446 1358445 1358444 1358443 1360391 1362339 1362340 1362341 1364289 1364290 1366238 1366239 1366240 1366241 1368188 1368187 1368186 1368185 1366237 1366236 1364288 1364287 1360392 1356496 1360393 1356497 1354549 1354550 1354551 1354552 1360394 1356498 1356499 1356500 1356501 1364293 1360397 1364292 1360396 1362342 1364291 1360395
bot 266 268 noxeflvy 1919430651 2130126 52
owned 266 2130126 2130127 2130128 2130129 2132077 2128181 2126233 2126232 2126231 2126230 2126229 2126228 2126227 2126226 2128174 2130122 2130123 2130124 2132072 2132073 2134021 2134022 2134023 2134024 2135971 2135970 2135969 2135968 2134020 2134019 2132071 2132070 2128175 2124279 2128176 2124280 2122332 2122333 2122334 2122335 2128177 2124281 2124282 2124283 2124284 2132076 2128180 2132075 2128179 2130125 2132074 2128178
bot 267 269 8gn7568f 1284878845 1502614 52
owned 267 1502614 1502615 1502616 1502617 1504565 1500669 1498721 1498720 1498719 1498718 1498717 1498716 1498715 1498714 1500662 1502610 1502611 1502612 1504560 1504561 1506509 1506510 1506511 1506512 1508459 1508458 1508457 1508456 1506508 1506507 1504559 1504558 1500663 1496767 1500664 1496768 1494820 1494821 1494822 1494823 1500665 1496769 1496770 1496771 1496772 1504564 1500668 1504563 1500667 1502613 1504562 1500666
bot 268 270 5c1omdu5 1575113319 1822749 52
owned 268 1822749 1822750 1822751 1822752 1824700 1820804 1818856 1818855 1818854 1818853 1818852 1818851 1818850 1818849 1820797 1822745 1822746 1822747 1824695 1824696 1826644 1826645 1826646 1826647 1828594 1828593 1828592 1828591 1826643 1826642 1824694 1824693 1820798 1816902 1820799 1816903 1814955 1814956 1814957 1814958 1820800 1816904 1816905 1816906 1816907 1824699 1820803 1824698 1820802 1822748 1824697 1820801
bot 269 271 yc2b3pvx 604443755 889063 52
owned 269 889063 889064 889065 889066 891014 887118 885170 885169 885168 885167 885166 885165 885164 885163 887111 889059 889060 889061 891009 891010 892958 892959 892960 892961 894908 894907 894906 894905 892957 892956 891008 891007 887112 883216 887113 883217 881269 881270 881271 881272 887114 883218 883219 883220 883221 891013 887117 891012 887116 889062 891011 887115
bot 270 272 lml55dcl 564423046 1040117 52
owned 270 1040117 1040118 1040119 1040120 1042068 1038172 1036224 1036223 1036222 1036221 1036220 1036219 1036218 1036217 1038165 1040113 1040114 1040115 1042063 1042064 1044012 1044013 1044014 1044015 1045962 1045961 1045960 1045959 1044011 1044010 1042062 1042061 1038166 1034270 1038167 1034271 1032323 1032324 1032325 1032326 1038168 1034272 1034273 1034274 1034275 1042067 1038171 1042066 1038170 1040116 1042065 1038169
bot 271 273 1o5etbis 1064436554 1298406 52
owned 271 1298406 1298407 1298408 1298409 1300357 1296461 1294513 1294512 1294511 1294510 1294509 1294508 1294507 1294506 1296454 1298402 1298403 1298404 1300352 1300353 1302301 1302302 1302303 1302304 1304251 1304250 1304249 1304248 1302300 1302299 1300351 1300350 1296455 1292559 1296456 1292560 1290612 1290613 1290614 1290615 1296457 1292561 1292562 1292563 1292564 1300356 1296460 1300355 1296459 1298405 1300354 1296458
bot 272 274 bulnhjw5 1566032591 2020971 52
owned 272 2020971 2020972 2020973 2020974 2022922 2019026 2017078 2017077 2017076 2017075 2017074 2017073 2017072 2017071 2019019 2020967 2020968 2020969 2022917 2022918 2024866 2024867 2024868 2024869 2026816 2026815 2026814 2026813 2024865 2024864 2022916 2022915 2019020 2015124 2019021 2015125 2013177 2013178 2013179 2013180 2019022 2015126 2015127 2015128 2015129 2022921 2019025 2022920 2019024 2020970 2022919 2019023
bot 273 275 c6y4cfry 863565244 3460977 52
owned 273 3460977 3460978 3460979 3460980 3462928 3459032 3457084 3457083 3457082 3457081 3457080 3457079 3457078 3457077 3459025 3460973 3460974 3460975 3462923 3462924 3464872 3464873 3464874 3464875 3466822 3466821 3466820 3466819 3464871 3464870 3462922 3462921 3459026 3455130 3459027 3455131 3453183 3453184 3453185 3453186 3459028 3455132 3455133 3455134 3455135 3462927 3459031 3462926 3459030 3460976 3462925 3459029
bot 274 276 kbpw8sak 2119546823 1401148 52
owned 274 1401148 1401149 1401150 1401151 1403099 1399203 1397255 1397254 1397253 1397252 1397251 1397250 1397249 1397248 1399196 1401144 1401145 1401146 1403094 1403095 1405043 1405044 1405045 1405046 1406993 1406992 1406991 1406990 1405042 1405041 1403093 1403092 1399197 1395301 1399198 1395302 1393354 1393355 1393356 1393357 1399199 1395303 1395304 1395305 1395306 1403098 1399202 1403097 1399201 1401147 1403096 1399200
bot 275 277 65e8qmsr -2139027305 1303103 52
owned 275 1303103 1303104 1303105 1303106 1305054 1301158 1299210 1299209 1299208 1299207 1299206 1299205 1299204 1299203 1301151 1303099 1303100 1303101 1305049 1305050 1306998 1306999 1307000 1307001 1308948 1308947 1308946 1308945 1306997 1306996 1305048 1305047 1301152 1297256 1301153 1297257 1295309 1295310 1295311 1295312 1301154 1297258 1297259 1297260 1297261 1305053 1301157 1305052 1301156 1303102 1305051 1301155
bot 276 278 furhe0mp 1722812567 473034 52
owned 276 473034 473035 473036 473037 474985 471089 469141 469140 469139 469138 469137 469136 469135 469134 471082 473030 473031 473032 474980 474981 476929 476930 476931 476932 478879 478878 478877 478876 476928 476927 474979 474978 471083 467187 471084 467188 465240 465241 465242 465243 471085 467189 467190 467191 467192 474984 471088 474983 471087 473033 474982 471086
bot 277 279 92npvjrt 1165988245 2292444 52
owned 277 2292444 2292445 2292446 2292447 2294395 2290499 2288551 2288550 2288549 2288548 2288547 2288546 2288545 2288544 2290492 2292440 2292441 2292442 2294390 2294391 2296339 2296340 2296341 2296342 2298289 2298288 2298287 2298286 2296338 2296337 2294389 2294388 2290493 2286597 2290494 2286598 2284650 2284651 2284652 2284653 2290495 2286599 2286600 2286601 2286602 2294394 2290498 2294393 2290497 2292443 2294392 2290496
bot 278 280 c56xdfdl -1969221818 1141605 52
owned 278 1141605 1141606 1141607 1141608 1143556 1139660 1137712 1137711 1137710 1137709 1137708 1137707 1137706 1137705 1139653 1141601 1141602 1141603 1143551 1143552 1145500 1145501 1145502 1145503 1147450 1147449 1147448 1147447 1145499 1145498 1143550 1143549 1139654 1135758 1139655 1135759 1133811 1133812 1133813 1133814 1139656 1135760 1135761 1135762 1135763 1143555 1139659 1143554 1139658 1141604 1143553 1139657
bot 279 281 jul4zb4e 561489496 1927578 52
owned 279 1927578 1927579 1927580 1927581 1929529 1925633 1923685 1923684 1923683 1923682 1923681 1923680 1923679 1923678 1925626 1927574 1927575 1927576 1929524 1929525 1931473 1931474 1931475 1931476 1933423 1933422 1933421 1933420 1931472 1931471 1929523 1929522 1925627 1921731 1925628 1921732 1919784 1919785 1919786 1919787 1925629 1921733 1921734 1921735 1921736 1929528 1925632 1929527 1925631 1927577 1929526 1925630
bot 280 282 mpuzdlvw 997570901 627645 52
owned 280 627645 627646 627647 627648 629596 625700 623752 623751 623750 623749 623748 623747 623746 623745 625693 627641 627642 627643 629591 629592 631540 631541 631542 631543 633490 633489 633488 633487 631539 631538 629590 629589 625694 621798 625695 621799 619851 619852 619853 619854 625696 621800 621801 621802 621803 629595 625699 629594 625698 627644 629593 625697
bot 281 283 plrlx715 -2131230421 154702 52
owned 281 154702 154703 154704 154705 156653 152757 150809 150808 150807 150806 150805 150804 150803 150802 152750 154698 154699 154700 156648 156649 158597 158598 158599 158600 160547 160546 160545 160544 158596 158595 156647 156646 152751 148855 152752 148856 146908 146909 146910 146911 152753 148857 148858 148859 148860 156652 152756 156651 152755 154701 156650 152754
bot 282 284 yl9vsjpk 986070082 1563733 52
owned 282 1563733 1563734 1563735 1563736 1565684 1561788 1559840 1559839 1559838 1559837 1559836 1559835 1559834 1559833 1561781 1563729 1563730 1563731 1565679 1565680 1567628 1567629 1567630 1567631 1569578 1569577 1569576 1569575 1567627 1567626 1565678 1565677 1561782 1557886 1561783 1557887 1555939 1555940 1555941 1555942 1561784 1557888 1557889 1557890 1557891 1565683 1561787 1565682 1561786 1563732 1565681 1561785
bot 283 285 mkfgkn7r 408244129 1400217 52
owned 283 1400217 1400218 1400219 1400220 1402168 1398272 1396324 1396323 1396322 1396321 1396320 1396319 1396318 1396317 1398265 1400213 1400214 1400215 1402163 1402164 1404112 1404113 1404114 1404115 1406062 1406061 1406060 1406059 1404111 1404110 1402162 1402161 1398266 1394370 1398267 1394371 1392423 1392424 1392425 1392426 1398268 1394372 1394373 1394374 1394375 1402167 1398271 1402166 1398270 1400216 1402165 1398269
bot 284 286 v5nlafkw 1980026422 1436150 52
owned 284 1436150 1436151 1436152 1436153 1438101 1434205 1432257 1432256 1432255 1432254 1432253 1432252 1432251 1432250 1434198 1436146 1436147 1436148 1438096 1438097 1440045 1440046 1440047 1440048 1441995 1441994 1441993 1441992 1440044 1440043 1438095 1438094 1434199 1430303 1434200 1430304 1428356 1428357 1428358 1428359 1434201 1430305 1430306 1430307 1430308 1438100 1434204 1438099 1434203 1436149 1438098 1434202
bot 285 287 2p3gb961 1102687968 2140214 52
owned 285 2140214 2140215 2140216 2140217 2142165 2138269 2136321 2136320 2136319 2136318 2136317 2136316 2136315 2136314 2138262 2140210 2140211 2140212 2142160 2142161 2144109 2144110 2144111 2144112 2146059 2146058 2146057 2146056 2144108 2144107 2142159 2142158 2138263 2134367 2138264 2134368 2132420 2132421 2132422 2132423 2138265 2134369 2134370 2134371 2134372 2142164 2138268 2142163 2138267 2140213 2142162 2138266
bot 286 288 uc4jshlt 1527277285 210307 52
owned 286 210307 210308 210309 210310 212258 208362 206414 206413 206412 206411 206410 206409 206408 206407 208355 210303 210304 210305 212253 212254 214202 214203 214204 214205 216152 216151 216150 216149 214201 214200 212252 212251 208356 204460 208357 204461 202513 202514 202515 202516 208358 204462 204463 204464 204465 212257 208361 212256 208360 210306 212255 208359
bot 287 289 6xdips73 1935311914 978845 52
owned 287 978845 978846 978847 978848 980796 976900 974952 974951 974950 974949 974948 974947 974946 974945 976893 978841 978842 978843 980791 980792 982740 982741 982742 982743 984690 984689 984688 984687 982739 982738 980790 980789 976894 972998 976895 972999 971051 971052 971053 971054 976896 973000 973001 973002 973003 980795 976899 980794 976898 978844 980793 976897
bot 288 290 fqxqj0bu 2093449639 1664513 52
owned 288 1664513 1664514 1664515 1664516 1666464 1662568 1660620 1660619 1660618 1660617 1660616 1660615 1660614 1660613 1662561 1664509 1664510 1664511 1666459 1666460 1668408 1668409 1668410 1668411 1670358 1670357 1670356 1670355 1668407 1668406 1666458 1666457 1662562 1658666 1662563 1658667 1656719 1656720 1656721 1656722 1662564 1658668 1658669 1658670 1658671 1666463 1662567 1666462 1662566 1664512 1666461 1662565
bot 289 291 yen0iwte 1451215319 3573754 52
owned 289 3573754 3573755 3573756 3573757 3575705 3571809 3569861 3569860 3569859 3569858 3569857 3569856 3569855 3569854 3571802 3573750 3573751 3573752 3575700 3575701 3577649 3577650 3577651 3577652 3579599 3579598 3579597 3579596 3577648 3577647 3575699 3575698 3571803 3567907 3571804 3567908 3565960 3565961 3565962 3565963 3571805 3567909 3567910 3567911 3567912 3575704 3571808 3575703 3571807 3573753 3575702 3571806
bot 290 292 77ucsgzt -1988775040 656266 52
owned 290 656266 656267 656268 656269 658217 654321 652373 652372 652371 652370 652369 652368 652367 652366 654314 656262 656263 656264 658212 658213 660161 660162 660163 660164 662111 662110 662109 662108 660160 660159 658211 658210 654315 650419 654316 650420 648472 648473 648474 648475 654317 650421 650422 650423 650424 658216 654320 658215 654319 656265 658214 654318
bot 291 293 4c1d18ro 626168222 2909607 52
owned 291 2909607 2909608 2909609 2909610 2911558 2907662 2905714 2905713 2905712 2905711 2905710 2905709 2905708 2905707 2907655 2909603 2909604 2909605 2911553 2911554 2913502 2913503 2913504 2913505 2915452 2915451 2915450 2915449 2913501 2913500 2911552 2911551 2907656 2903760 2907657 2903761 2901813 2901814 2901815 2901816 2907658 2903762 2903763 2903764 2903765 2911557 2907661 2911556 2907660 2909606 2911555 2907659
bot 292 294 bz5je7hx 1739532339 1171236 52
owned 292 1171236 1171237 1171238 1171239 1173187 1169291 1167343 1167342 1167341 1167340 1167339 1167338 1167337 1167336 1169284 1171232 1171233 1171234 1173182 1173183 1175131 1175132 1175133 1175134 1177081 1177080 1177079 1177078 1175130 1175129 1173181 1173180 1169285 1165389 1169286 1165390 1163442 1163443 1163444 1163445 1169287 1165391 1165392 1165393 1165394 1173186 1169290 1173185 1169289 1171235 1173184 1169288
bot 293 295 fn7ax8sx -1958728051 1053233 52
owned 293 1053233 1053234 1053235 1053236 1055184 1051288 1049340 1049339 1049338 1049337 1049336 1049335 1049334 1049333 1051281 1053229 1053230 1053231 1055179 1055180 1057128 1057129 1057130 1057131 1059078 1059077 1059076 1059075 1057127 1057126 1055178 1055177 1051282 1047386 1051283 1047387 1045439 1045440 1045441 1045442 1051284 1047388 1047389 1047390 1047391 1055183 1051287 1055182 1051286 1053232 1055181 1051285
bot 294 296 owdtos2u 1613878371 1771015 52
owned 294 1771015 1771016 1771017 1771018 1772966 1769070 1767122 1767121 1767120 1767119 1767118 1767117 1767116 1767115 1769063 1771011 1771012 1771013 1772961 1772962 1774910 1774911 1774912 1774913 1776860 1776859 1776858 1776857 1774909 1774908 1772960 1772959 1769064 1765168 1769065 1765169 1763221 1763222 1763223 1763224 1769066 1765170 1765171 1765172 1765173 1772965 1769069 1772964 1769068 1771014 1772963 1769067
bot 295 297 f33f3rln 1470202053 2782930 52
owned 295 2782930 2782931 2782932 2782933 2784881 2780985 2779037 2779036 2779035 2779034 2779033 2779032 2779031 2779030 2780978 2782926 2782927 2782928 2784876 2784877 2786825 2786826 2786827 2786828 2788775 2788774 2788773 2788772 2786824 2786823 2784875 2784874 2780979 2777083 2780980 2777084 2775136 2775137 2775138 2775139 2780981 2777085 2777086 2777087 2777088 2784880 2780984 2784879 2780983 2782929 2784878 2780982
bot 296 298 shy7v4eo 333923945 785846 52
owned 296 785846 785847 785848 785849 787797 783901 781953 781952 781951 781950 781949 781948 781947 781946 783894 785842 785843 785844 787792 787793 789741 789742 789743 789744 791691 791690 791689 791688 789740 789739 787791 787790 783895 779999 783896 780000 778052 778053 778054 778055 783897 780001 780002 780003 780004 787796 783900 787795 783899 785845 787794 783898
bot 297 299 qi05x4jp 728788965 746325 52
owned 297 746325 746326 746327 746328 748276 744380 742432 742431 742430 742429 742428 742427 742426 742425 744373 746321 746322 746323 748271 748272 750220 750221 750222 750223 752170 752169 752168 752167 750219 750218 748270 748269 744374 740478 744375 740479 738531 738532 738533 738534 744376 740480 740481 740482 740483 748275 744379 748274 744378 746324 748273 744377
bot 298 300 rtwhvg9g 417899862 2851133 52
owned 298 2851133 2851134 2851135 2851136 2853084 2849188 2847240 2847239 2847238 2847237 2847236 2847235 2847234 2847233 2849181 2851129 2851130 2851131 2853079 2853080 2855028 2855029 2855030 2855031 2856978 2856977 2856976 2856975 2855027 2855026 2853078 2853077 2849182 2845286 2849183 2845287 2843339 2843340 2843341 2843342 2849184 2845288 2845289 2845290 2845291 2853083 2849187 2853082 2849186 2851132 2853081 2849185
bot 299 301 xebmdu02 1260056271 1120329 52
owned 299 1120329 1120330 1120331 1120332 1122280 1118384 1116436 1116435 1116434 1116433 1116432 1116431 1116430 1116429 1118377 1120325 1120326 1120327 1122275 1122276 1124224 1124225 1124226 1124227 1126174 1126173 1126172 1126171 1124223 1124222 1122274 1122273 1118378 1114482 1118379 1114483 1112535 1112536 1112537 1112538 1118380 1114484 1114485 1114486 1114487 1122279 1118383 1122278 1118382 1120328 1122277 1118381
bot 300 302 minv0qzi 1572112624 864777 52
owned 300 864777 864778 864779 864780 866728 862832 860884 860883 860882 860881 860880 860879 860878 860877 862825 864773 864774 864775 866723 866724 868672 868673 868674 868675 870622 870621 870620 870619 868671 868670 866722 866721 862826 858930 862827 858931 856983 856984 856985 856986 862828 858932 858933 858934 858935 866727 862831 866726 862830 864776 866725 862829
bot 301 303 s3tsi6x9 231384593 2611266 52
owned 301 2611266 2611267 2611268 2611269 2613217 2609321 2607373 2607372 2607371 2607370 2607369 2607368 2607367 2607366 2609314 2611262 2611263 2611264 2613212 2613213 2615161 2615162 2615163 2615164 2617111 2617110 2617109 2617108 2615160 2615159 2613211 2613210 2609315 2605419 2609316 2605420 2603472 2603473 2603474 2603475 2609317 2605421 2605422 2605423 2605424 2613216 2609320 2613215 2609319 2611265 2613214 2609318
bot 302 304 k4ol3ovv 536339554 2285856 52
owned 302 2285856 2285857 2285858 2285859 2287807 2283911 2281963 2281962 2281961 2281960 2281959 2281958 2281957 2281956 2283904 2285852 2285853 2285854 2287802 2287803 2289751 2289752 2289753 2289754 2291701 2291700 2291699 2291698 2289750 2289749 2287801 2287800 2283905 2280009 2283906 2280010 2278062 2278063 2278064 2278065 2283907 2280011 2280012 2280013 2280014 2287806 2283910 2287805 2283909 2285855 2287804 2283908
bot 303 305 my4alddo 1935066024 140055 52
owned 303 140055 140056 140057 140058 142006 138110 136162 136161 136160 136159 136158 136157 136156 136155 138103 140051 140052 140053 142001 142002 143950 143951 143952 143953 145900 145899 145898 145897 143949 143948 142000 141999 138104 134208 138105 134209 132261 132262 132263 132264 138106 134210 134211 134212 134213 142005 138109 142004 138108 140054 142003 138107
bot 304 306 j2kjyzt1 573024905 1082207 52
owned 304 1082207 1082208 1082209 1082210 1084158 1080262 1078314 1078313 1078312 1078311 1078310 1078309 1078308 1078307 1080255 1082203 1082204 1082205 1084153 1084154 1086102 1086103 1086104 1086105 1088052 1088051 1088050 1088049 1086101 1086100 1084152 1084151 1080256 1076360 1080257 1076361 1074413 1074414 1074415 1074416 1080258 1076362 1076363 1076364 1076365 1084157 1080261 1084156 1080260 1082206 1084155 1080259
bot 305 307 x5ff4utp 1716176702 417398 52
owned 305 417398 417399 417400 417401 419349 415453 413505 413504 413503 413502 413501 413500 413499 413498 415446 417394 417395 417396 419344 419345 421293 421294 421295 421296 423243 423242 423241 423240 421292 421291 419343 419342 415447 411551 415448 411552 409604 409605 409606 409607 415449 411553 411554 411555 411556 419348 415452 419347 415451 417397 419346 415450
bot 306 308 lokk2xdf -1934366033 1570748 52
owned 306 1570748 1570749 1570750 1570751 1572699 1568803 1566855 1566854 1566853 1566852 1566851 1566850 1566849 1566848 1568796 1570744 1570745 1570746 1572694 1572695 1574643 1574644 1574645 1574646 1576593 1576592 1576591 1576590 1574642 1574641 1572693 1572692 1568797 1564901 1568798 1564902 1562954 1562955 1562956 1562957 1568799 1564903 1564904 1564905 1564906 1572698 1568802 1572697 1568801 1570747 1572696 1568800
bot 307 309 sylg30cf 1985369573 1693879 52
owned 307 1693879 1693880 1693881 1693882 1695830 1691934 1689986 1689985 1689984 1689983 1689982 1689981 1689980 1689979 1691927 1693875 1693876 1693877 1695825 1695826 1697774 1697775 1697776 1697777 1699724 1699723 1699722 1699721 1697773 1697772 1695824 1695823 1691928 1688032 1691929 1688033 1686085 1686086 1686087 1686088 1691930 1688034 1688035 1688036 1688037 1695829 1691933 1695828 1691932 1693878 1695827 1691931
bot 308 310 sahbcu7b 2042478409 1963383 52
owned 308 1963383 1963384 1963385 1963386 1965334 1961438 1959490 1959489 1959488 1959487 1959486 1959485 1959484 1959483 1961431 1963379 1963380 1963381 1965329 1965330 1967278 1967279 1967280 1967281 1969228 1969227 1969226 1969225 1967277 1967276 1965328 1965327 1961432 1957536 1961433 1957537 1955589 1955590 1955591 1955592 1961434 1957538 1957539 1957540 1957541 1965333 1961437 1965332 1961436 1963382 1965331 1961435
bot 309 311 zuvsbbzm -1951051985 2888516 52
owned 309 2888516 2888517 2888518 2888519 2890467 2886571 2884623 2884622 2884621 2884620 2884619 2884618 2884617 2884616 2886564 2888512 2888513 2888514 2890462 2890463 2892411 2892412 2892413 2892414 2894361 2894360 2894359 2894358 2892410 2892409 2890461 2890460 2886565 2882669 2886566 2882670 2880722 2880723 2880724 2880725 2886567 2882671 2882672 2882673 2882674 2890466 2886570 2890465 2886569 2888515 2890464 2886568
bot 310 312 n4n57mjy 764300918 1118526 52
owned 310 1118526 1118527 1118528 1118529 1120477 1116581 1114633 1114632 1114631 1114630 1114629 1114628 1114627 1114626 1116574 1118522 1118523 1118524 1120472 1120473 1122421 1122422 1122423 1122424 1124371 1124370 1124369 1124368 1122420 1122419 1120471 1120470 1116575 1112679 1116576 1112680 1110732 1110733 1110734 1110735 1116577 1112681 1112682 1112683 1112684 1120476 1116580 1120475 1116579 1118525 1120474 1116578
bot 311 313 8s3w15kq 854902363 3014898 52
owned 311 3014898 3014899 3014900 3014901 3016849 3012953 3011005 3011004 3011003 3011002 3011001 3011000 3010999 3010998 3012946 3014894 3014895 3014896 3016844 3016845 3018793 3018794 3018795 3018796 3020743 3020742 3020741 3020740 3018792 3018791 3016843 3016842 3012947 3009051 3012948 3009052 3007104 3007105 3007106 3007107 3012949 3009053 3009054 3009055 3009056 3016848 3012952 3016847 3012951 3014897 3016846 3012950
bot 312 314 a6z0gp5d 1697973799 757045 52
owned 312 757045 757046 757047 757048 758996 755100 753152 753151 753150 753149 753148 753147 753146 753145 755093 757041 757042 757043 758991 758992 760940 760941 760942 760943 762890 762889 762888 762887 760939 760938 758990 758989 755094 751198 755095 751199 749251 749252 749253 749254 755096 751200 751201 751202 751203 758995 755099 758994 755098 757044 758993 755097
bot 313 315 momzwuew 564874533 1794815 52
owned 313 1794815 1794816 1794817 1794818 1796766 1792870 1790922 1790921 1790920 1790919 1790918 1790917 1790916 1790915 1792863 1794811 1794812 1794813 1796761 1796762 1798710 1798711 1798712 1798713 1800660 1800659 1800658 1800657 1798709 1798708 1796760 1796759 1792864 1788968 1792865 1788969 1787021 1787022 1787023 1787024 1792866 1788970 1788971 1788972 1788973 1796765 1792869 1796764 1792868 1794814 1796763 1792867
bot 314 316 swknlr19 256525071 1461602 52
owned 314 1461602 1461603 1461604 1461605 1463553 1459657 1457709 1457708 1457707 1457706 1457705 1457704 1457703 1457702 1459650 1461598 1461599 1461600 1463548 1463549 1465497 1465498 1465499 1465500 1467447 1467446 1467445 1467444 1465496 1465495 1463547 1463546 1459651 1455755 1459652 1455756 1453808 1453809 1453810 1453811 1459653 1455757 1455758 1455759 1455760 1463552 1459656 1463551 1459655 1461601 1463550 1459654
bot 315 317 68tli42a 1430218968 3184341 52
owned 315 3184341 3184342 3184343 3184344 3186292 3182396 3180448 3180447 3180446 3180445 3180444 3180443 3180442 3180441 3182389 3184337 3184338 3184339 3186287 3186288 3188236 3188237 3188238 3188239 3190186 3190185 3190184 3190183 3188235 3188234 3186286 3186285 3182390 3178494 3182391 3178495 3176547 3176548 3176549 3176550 3182392 3178496 3178497 3178498 3178499 3186291 3182395 3186290 3182394 3184340 3186289 3182393
bot 316 318 43wn7pvq -2111648082 679766 52
owned 316 679766 679767 679768 679769 681717 677821 675873 675872 675871 675870 675869 675868 675867 675866 677814 679762 679763 679764 681712 681713 683661 683662 683663 683664 685611 685610 685609 685608 683660 683659 681711 681710 677815 673919 677816 673920 671972 671973 671974 671975 677817 673921 673922 673923 673924 681716 677820 681715 677819 679765 681714 677818
bot 317 319 ssod81st 1038582099 715718 52
owned 317 715718 715719 715720 715721 717669 713773 711825 711824 711823 711822 711821 711820 711819 711818 713766 715714 715715 715716 717664 717665 719613 719614 719615 719616 721563 721562 721561 721560 719612 719611 717663 717662 713767 709871 713768 709872 707924 707925 707926 707927 713769 709873 709874 709875 709876 717668 713772 717667 713771 715717 717666 713770
bot 318 320 9fudx3o3 260867775 2930765 52
owned 318 2930765 2930766 2930767 2930768 2932716 2928820 2926872 2926871 2926870 2926869 2926868 2926867 2926866 2926865 2928813 2930761 2930762 2930763 2932711 2932712 2934660 2934661 2934662 2934663 2936610 2936609 2936608 2936607 2934659 2934658 2932710 2932709 2928814 2924918 2928815 2924919 2922971 2922972 2922973 2922974 2928816 2924920 2924921 2924922 2924923 2932715 2928819 2932714 2928818 2930764 2932713 2928817
bot 319 321 cm4ig7bz 505236139 1555606 52
owned 319 1555606 1555607 1555608 1555609 1557557 1553661 1551713 1551712 1551711 1551710 1551709 1551708 1551707 1551706 1553654 1555602 1555603 1555604 1557552 1557553 1559501 1559502 1559503 1559504 1561451 1561450 1561449 1561448 1559500 1559499 1557551 1557550 1553655 1549759 1553656 1549760 1547812 1547813 1547814 1547815 1553657 1549761 1549762 1549763 1549764 1557556 1553660 1557555 1553659 1555605 1557554 1553658
bot 320 322 ajwm3pcu 572424594 1476899 52
owned 320 1476899 1476900 1476901 1476902 1478850 1474954 1473006 1473005 1473004 1473003 1473002 1473001 1473000 1472999 1474947 1476895 1476896 1476897 1478845 1478846 1480794 1480795 1480796 1480797 1482744 1482743 1482742 1482741 1480793 1480792 1478844 1478843 1474948 1471052 1474949 1471053 1469105 1469106 1469107 1469108 1474950 1471054 1471055 1471056 1471057 1478849 1474953 1478848 1474952 1476898 1478847 1474951
bot 321 323 wcn2fdks -1968654214 1194773 52
owned 321 1194773 1194774 1194775 1194776 1196724 1192828 1190880 1190879 1190878 1190877 1190876 1190875 1190874 1190873 1192821 1194769 1194770 1194771 1196719 1196720 1198668 1198669 1198670 1198671 1200618 1200617 1200616 1200615 1198667 1198666 1196718 1196717 1192822 1188926 1192823 1188927 1186979 1186980 1186981 1186982 1192824 1188928 1188929 1188930 1188931 1196723 1192827 1196722 1192826 1194772 1196721 1192825
bot 322 324 0a4r00hz 683703363 3581777 52
owned 322 3581777 3581778 3581779 3581780 3583728 3579832 3577884 3577883 3577882 3577881 3577880 3577879 3577878 3577877 3579825 3581773 3581774 3581775 3583723 3583724 3585672 3585673 3585674 3585675 3587622 3587621 3587620 3587619 3585671 3585670 3583722 3583721 3579826 3575930 3579827 3575931 3573983 3573984 3573985 3573986 3579828 3575932 3575933 3575934 3575935 3583727 3579831 3583726 3579830 3581776 3583725 3579829
bot 323 325 548y287t 1721499265 3488141 52
owned 323 3488141 3488142 3488143 3488144 3490092 3486196 3484248 3484247 3484246 3484245 3484244 3484243 3484242 3484241 3486189 3488137 3488138 3488139 3490087 3490088 3492036 3492037 3492038 3492039 3493986 3493985 3493984 3493983 3492035 3492034 3490086 3490085 3486190 3482294 3486191 3482295 3480347 3480348 3480349 3480350 3486192 3482296 3482297 3482298 3482299 3490091 3486195 3490090 3486194 3488140 3490089 3486193
bot 324 326 rkqmpoqo 852974710 620480 52
owned 324 620480 620481 620482 620483 622431 618535 616587 616586 616585 616584 616583 616582 616581 616580 618528 620476 620477 620478 622426 622427 624375 624376 624377 624378 626325 626324 626323 626322 624374 624373 622425 622424 618529 614633 618530 614634 612686 612687 612688 612689 618531 614635 614636 614637 614638 622430 618534 622429 618533 620479 622428 618532
bot 325 327 nrv83khf 259845800 1266845 52
owned 325 1266845 1266846 1266847 1266848 1268796 1264900 1262952 1262951 1262950 1262949 1262948 1262947 1262946 1262945 1264893 1266841 1266842 1266843 1268791 1268792 1270740 1270741 1270742 1270743 1272690 1272689 1272688 1272687 1270739 1270738 1268790 1268789 1264894 1260998 1264895 1260999 1259051 1259052 1259053 1259054 1264896 1261000 1261001 1261002 1261003 1268795 1264899 1268794 1264898 1266844 1268793 1264897
bot 326 328 00wyr0st 1151356229 522934 52
owned 326 522934 522935 522936 522937 524885 520989 519041 519040 519039 519038 519037 519036 519035 519034 520982 522930 522931 522932 524880 524881 526829 526830 526831 526832 528779 528778 528777 528776 526828 526827 524879 524878 520983 517087 520984 517088 515140 515141 515142 515143 520985 517089 517090 517091 517092 524884 520988 524883 520987 522933 524882 520986
bot 327 329 dhvz0u2j 732311231 883498 52
owned 327 883498 883499 883500 883501 885449 881553 879605 879604 879603 879602 879601 879600 879599 879598 881546 883494 883495 883496 885444 885445 887393 887394 887395 887396 889343 889342 889341 889340 887392 887391 885443 885442 881547 877651 881548 877652 875704 875705 875706 875707 881549 877653 877654 877655 877656 885448 881552 885447 881551 883497 885446 881550
bot 328 330 87uy1srx 674084857 1143102 52
owned 328 1143102 1143103 1143104 1143105 1145053 1141157 1139209 1139208 1139207 1139206 1139205 1139204 1139203 1139202 1141150 1143098 1143099 1143100 1145048 1145049 1146997 1146998 1146999 1147000 1148947 1148946 1148945 1148944 1146996 1146995 1145047 1145046 1141151 1137255 1141152 1137256 1135308 1135309 1135310 1135311 1141153 1137257 1137258 1137259 1137260 1145052 1141156 1145051 1141155 1143101 1145050 1141154
bot 329 331 26wgkglj 1355285106 769306 52
owned 329 769306 769307 769308 769309 771257 767361 765413 765412 765411 765410 765409 765408 765407 765406 767354 769302 769303 769304 771252 771253 773201 773202 773203 773204 775151 775150 775149 775148 773200 773199 771251 771250 767355 763459 767356 763460 761512 761513 761514 761515 767357 763461 763462 763463 763464 771256 767360 771255 767359 769305 771254 767358
bot 330 332 s4otxlhb 977164344 262953 52
owned 330 262953 262954 262955 262956 264904 261008 259060 259059 259058 259057 259056 259055 259054 259053 261001 262949 262950 262951 264899 264900 266848 266849 266850 266851 268798 268797 268796 268795 266847 266846 264898 264897 261002 257106 261003 257107 255159 255160 255161 255162 261004 257108 257109 257110 257111 264903 261007 264902 261006 262952 264901 261005
bot 331 333 65ikynwk 1994084410 2886185 52
owned 331 2886185 2886186 2886187 2886188 2888136 2884240 2882292 2882291 2882290 2882289 2882288 2882287 2882286 2882285 2884233 2886181 2886182 2886183 2888131 2888132 2890080 2890081 2890082 2890083 2892030 2892029 2892028 2892027 2890079 2890078 2888130 2888129 2884234 2880338 2884235 2880339 2878391 2878392 2878393 2878394 2884236 2880340 2880341 2880342 2880343 2888135 2884239 2888134 2884238 2886184 2888133 2884237
bot 332 334 goxpy54y 2126119939 3766711 52
owned 332 3766711 3766712 3766713 3766714 3768662 3764766 3762818 3762817 3762816 3762815 3762814 3762813 3762812 3762811 3764759 3766707 3766708 3766709 3768657 3768658 3770606 3770607 3770608 3770609 3772556 3772555 3772554 3772553 3770605 3770604 3768656 3768655 3764760 3760864 3764761 3760865 3758917 3758918 3758919 3758920 3764762 3760866 3760867 3760868 3760869 3768661 3764765 3768660 3764764 3766710 3768659 3764763
bot 333 335 etvrjl78 1230027446 2430668 52
owned 333 2430668 2430669 2430670 2430671 2432619 2428723 2426775 2426774 2426773 2426772 2426771 2426770 2426769 2426768 2428716 2430664 2430665 2430666 2432614 2432615 2434563 2434564 2434565 2434566 2436513 2436512 2436511 2436510 2434562 2434561 2432613 2432612 2428717 2424821 2428718 2424822 2422874 2422875 2422876 2422877 2428719 2424823 2424824 2424825 2424826 2432618 2428722 2432617 2428721 2430667 2432616 2428720
bot 334 336 y58lji80 -2145784821 3034564 52
owned 334 3034564 3034565 3034566 3034567 3036515 3032619 3030671 3030670 3030669 3030668 3030667 3030666 3030665 3030664 3032612 3034560 3034561 3034562 3036510 3036511 3038459 3038460 3038461 3038462 3040409 3040408 3040407 3040406 3038458 3038457 3036509 3036508 3032613 3028717 3032614 3028718 3026770 3026771 3026772 3026773 3032615 3028719 3028720 3028721 3028722 3036514 3032618 3036513 3032617 3034563 3036512 3032616
bot 335 337 13dy28ag 715856935 587573 52
owned 335 587573 587574 587575 587576 589524 585628 583680 583679 583678 583677 583676 583675 583674 583673 585621 587569 587570 587571 589519 589520 591468 591469 591470 591471 593418 593417 593416 593415 591467 591466 589518 589517 585622 581726 585623 581727 579779 579780 579781 579782 585624 581728 581729 581730 581731 589523 585627 589522 585626 587572 589521 585625
bot 336 338 0dg1h5h5 914428748 1344340 52
owned 336 1344340 1344341 1344342 1344343 1346291 1342395 1340447 1340446 1340445 1340444 1340443 1340442 1340441 1340440 1342388 1344336 1344337 1344338 1346286 1346287 1348235 1348236 1348237 1348238 1350185 1350184 1350183 1350182 1348234 1348233 1346285 1346284 1342389 1338493 1342390 1338494 1336546 1336547 1336548 1336549 1342391 1338495 1338496 1338497 1338498 1346290 1342394 1346289 1342393 1344339 1346288 1342392
bot 337 339 e9ncqhcw -1999150320 1607304 52
owned 337 1607304 1607305 1607306 1607307 1609255 1605359 1603411 1603410 1603409 1603408 1603407 1603406 1603405 1603404 1605352 1607300 1607301 1607302 1609250 1609251 1611199 1611200 1611201 1611202 1613149 1613148 1613147 1613146 1611198 1611197 1609249 1609248 1605353 1601457 1605354 1601458 1599510 1599511 1599512 1599513 1605355 1601459 1601460 1601461 1601462 1609254 1605358 1609253 1605357 1607303 1609252 1605356
bot 338 340 uhxjrdbv 1124873273 2344 34
owned 338 2344 2345 2346 2347 4295 399 4294 6242 6241 6240 6239 6238 6237 4289 4288 2340 392 393 394 395 2342 2341 8186 4290 8187 4291 8188 8189 398 4293 397 2343 4292 396
bot 339 341 gv359a4k -2054642316 268641 52
owned 339 268641 268642 268643 268644 270592 266696 264748 264747 264746 264745 264744 264743 264742 264741 266689 268637 268638 268639 270587 270588 272536 272537 272538 272539 274486 274485 274484 274483 272535 272534 270586 270585 266690 262794 266691 262795 260847 260848 260849 260850 266692 262796 262797 262798 262799 270591 266695 270590 266694 268640 270589 266693
bot 340 342 p4ehczm2 700767873 919576 52
owned 340 919576 919577 919578 919579 921527 917631 915683 915682 915681 915680 915679 915678 915677 915676 917624 919572 919573 919574 921522 921523 923471 923472 923473 923474 925421 925420 925419 925418 923470 923469 921521 921520 917625 913729 917626 913730 911782 911783 911784 911785 917627 913731 913732 913733 913734 921526 917630 921525 917629 919575 921524 917628
bot 341 343 p2xbynef 1936718818 1463443 52
owned 341 1463443 1463444 1463445 1463446 1465394 1461498 1459550 1459549 1459548 1459547 1459546 1459545 1459544 1459543 1461491 1463439 1463440 1463441 1465389 1465390 1467338 1467339 1467340 1467341 1469288 1469287 1469286 1469285 1467337 1467336 1465388 1465387 1461492 1457596 1461493 1457597 1455649 1455650 1455651 1455652 1461494 1457598 1457599 1457600 1457601 1465393 1461497 1465392 1461496 1463442 1465391 1461495
bot 342 344 co561w2j -2034742929 1731428 52
owned 342 1731428 1731429 1731430 1731431 1733379 1729483 1727535 1727534 1727533 1727532 1727531 1727530 1727529 1727528 1729476 1731424 1731425 1731426 1733374 1733375 1735323 1735324 1735325 1735326 1737273 1737272 1737271 1737270 1735322 1735321 1733373 1733372 1729477 1725581 1729478 1725582 1723634 1723635 1723636 1723637 1729479 1725583 1725584 1725585 1725586 1733378 1729482 1733377 1729481 1731427 1733376 1729480
bot 343 345 wz0zkd1s 890788124 3624353 52
owned 343 3624353 3624354 3624355 3624356 3626304 3622408 3620460 3620459 3620458 3620457 3620456 3620455 3620454 3620453 3622401 3624349 3624350 3624351 3626299 3626300 3628248 3628249 3628250 3628251 3630198 3630197 3630196 3630195 3628247 3628246 3626298 3626297 3622402 3618506 3622403 3618507 3616559 3616560 3616561 3616562 3622404 3618508 3618509 3618510 3618511 3626303 3622407 3626302 3622406 3624352 3626301 3622405
bot 344 346 m7jnfagf 1623514252 67777 52
owned 344 67777 67778 67779 67780 69728 65832 63884 63883 63882 63881 63880 63879 63878 63877 65825 67773 67774 67775 69723 69724 71672 71673 71674 71675 73622 73621 73620 73619 71671 71670 69722 69721 65826 61930 65827 61931 59983 59984 59985 59986 65828 61932 61933 61934 61935 69727 65831 69726 65830 67776 69725 65829
bot 345 347 rq439wc6 365026933 542681 52
owned 345 542681 542682 542683 542684 544632 540736 538788 538787 538786 538785 538784 538783 538782 538781 540729 542677 542678 542679 544627 544628 546576 546577 546578 546579 548526 548525 548524 548523 546575 546574 544626 544625 540730 536834 540731 536835 534887 534888 534889 534890 540732 536836 536837 536838 536839 544631 540735 544630 540734 542680 544629 540733
bot 346 348 lkklizjr 1633332011 2611601 52
owned 346 2611601 2611602 2611603 2611604 2613552 2609656 2607708 2607707 2607706 2607705 2607704 2607703 2607702 2607701 2609649 2611597 2611598 2611599 2613547 2613548 2615496 2615497 2615498 2615499 2617446 2617445 2617444 2617443 2615495 2615494 2613546 2613545 2609650 2605754 2609651 2605755 2603807 2603808 2603809 2603810 2609652 2605756 2605757 2605758 2605759 2613551 2609655 2613550 2609654 2611600 2613549 2609653
bot 347 349 2uyam605 1485169917 1342495 52
owned 347 1342495 1342496 1342497 1342498 1344446 1340550 1338602 1338601 1338600 1338599 1338598 1338597 1338596 1338595 1340543 1342491 1342492 1342493 1344441 1344442 1346390 1346391 1346392 1346393 1348340 1348339 1348338 1348337 1346389 1346388 1344440 1344439 1340544 1336648 1340545 1336649 1334701 1334702 1334703 1334704 1340546 1336650 1336651 1336652 1336653 1344445 1340549 1344444 1340548 1342494 1344443 1340547
bot 348 350 er3wo1bg 623509388 764082 52
owned 348 764082 764083 764084 764085 766033 762137 760189 760188 760187 760186 760185 760184 760183 760182 762130 764078 764079 764080 766028 766029 767977 767978 767979 767980 769927 769926 769925 769924 767976 767975 766027 766026 762131 758235 762132 758236 756288 756289 756290 756291 762133 758237 758238 758239 758240 766032 762136 766031 762135 764081 766030 762134
bot 349 351 ezt35u0l 316983220 693875 52
owned 349 693875 693876 693877 693878 695826 691930 689982 689981 689980 689979 689978 689977 689976 689975 691923 693871 693872 693873 695821 695822 697770 697771 697772 697773 699720 699719 699718 699717 697769 697768 695820 695819 691924 688028 691925 688029 686081 686082 686083 686084 691926 688030 688031 688032 688033 695825 691929 695824 691928 693874 695823 691927
bot 350 352 593d2qcb 1741431729 3074956 52
owned 350 3074956 3074957 3074958 3074959 3076907 3073011 3071063 3071062 3071061 3071060 3071059 3071058 3071057 3071056 3073004 3074952 3074953 3074954 3076902 3076903 3078851 3078852 3078853 3078854 3080801 3080800 3080799 3080798 3078850 3078849 3076901 3076900 3073005 3069109 3073006 3069110 3067162 3067163 3067164 3067165 3073007 3069111 3069112 3069113 3069114 3076906 3073010 3076905 3073009 3074955 3076904 3073008
bot 351 353 y51cphtm 1940646435 2383537 52
owned 351 2383537 2383538 2383539 2383540 2385488 2381592 2379644 2379643 2379642 2379641 2379640 2379639 2379638 2379637 2381585 2383533 2383534 2383535 2385483 2385484 2387432 2387433 2387434 2387435 2389382 2389381 2389380 2389379 2387431 2387430 2385482 2385481 2381586 2377690 2381587 2377691 2375743 2375744 2375745 2375746 2381588 2377692 2377693 2377694 2377695 2385487 2381591 2385486 2381590 2383536 2385485 2381589
bot 352 354 g94go6fd 467100538 3102316 52
owned 352 3102316 3102317 3102318 3102319 3104267 3100371 3098423 3098422 3098421 3098420 3098419 3098418 3098417 3098416 3100364 3102312 3102313 3102314 3104262 3104263 3106211 3106212 3106213 3106214 3108161 3108160 3108159 3108158 3106210 3106209 3104261 3104260 3100365 3096469 3100366 3096470 3094522 3094523 3094524 3094525 3100367 3096471 3096472 3096473 3096474 3104266 3100370 3104265 3100369 3102315 3104264 3100368
bot 353 355 9ksqwgqt 358186663 1910160 52
owned 353 1910160 1910161 1910162 1910163 1912111 1908215 1906267 1906266 1906265 1906264 1906263 1906262 1906261 1906260 1908208 1910156 1910157 1910158 1912106 1912107 1914055 1914056 1914057 1914058 1916005 1916004 1916003 1916002 1914054 1914053 1912105 1912104 1908209 1904313 1908210 1904314 1902366 1902367 1902368 1902369 1908211 1904315 1904316 1904317 1904318 1912110 1908214 1912109 1908213 1910159 1912108 1908212
bot 354 356 ykirk4lg 503358949 1952846 52
owned 354 1952846 1952847 1952848 1952849 1954797 1950901 1948953 1948952 1948951 1948950 1948949 1948948 1948947 1948946 1950894 1952842 1952843 1952844 1954792 1954793 1956741 1956742 1956743 1956744 1958691 1958690 1958689 1958688 1956740 1956739 1954791 1954790 1950895 1946999 1950896 1947000 1945052 1945053 1945054 1945055 1950897 1947001 1947002 1947003 1947004 1954796 1950900 1954795 1950899 1952845 1954794 1950898
bot 355 357 jurxvo26 327021942 2767565 52
owned 355 2767565 2767566 2767567 2767568 2769516 2765620 2763672 2763671 2763670 2763669 2763668 2763667 2763666 2763665 2765613 2767561 2767562 2767563 2769511 2769512 2771460 2771461 2771462 2771463 2773410 2773409 2773408 2773407 2771459 2771458 2769510 2769509 2765614 2761718 2765615 2761719 2759771 2759772 2759773 2759774 2765616 2761720 2761721 2761722 2761723 2769515 2765619 2769514 2765618 2767564 2769513 2765617
bot 356 358 to8bcohn 1951234907 2005302 52
owned 356 2005302 2005303 2005304 2005305 2007253 2003357 2001409 2001408 2001407 2001406 2001405 2001404 2001403 2001402 2003350 2005298 2005299 2005300 2007248 2007249 2009197 2009198 2009199 2009200 2011147 2011146 2011145 2011144 2009196 2009195 2007247 2007246 2003351 1999455 2003352 1999456 1997508 1997509 1997510 1997511 2003353 1999457 1999458 1999459 1999460 2007252 2003356 2007251 2003355 2005301 2007250 2003354
bot 357 359 ensatih4 -1933594292 818105 52
owned 357 818105 818106 818107 818108 820056 816160 814212 814211 814210 814209 814208 814207 814206 814205 816153 818101 818102 818103 820051 820052 822000 822001 822002 822003 823950 823949 823948 823947 821999 821998 820050 820049 816154 812258 816155 812259 810311 810312 810313 810314 816156 812260 812261 812262 812263 820055 816159 820054 816158 818104 820053 816157
bot 358 360 nbbu08hb 2091389435 1045902 52
owned 358 1045902 1045903 1045904 1045905 1047853 1043957 1042009 1042008 1042007 1042006 1042005 1042004 1042003 1042002 1043950 1045898 1045899 1045900 1047848 1047849 1049797 1049798 1049799 1049800 1051747 1051746 1051745 1051744 1049796 1049795 1047847 1047846 1043951 1040055 1043952 1040056 1038108 1038109 1038110 1038111 1043953 1040057 1040058 1040059 1040060 1047852 1043956 1047851 1043955 1045901 1047850 1043954
bot 359 361 rxlhv8ic 1088499750 1247832 52
owned 359 1247832 1247833 1247834 1247835 1249783 1245887 1243939 1243938 1243937 1243936 1243935 1243934 1243933 1243932 1245880 1247828 1247829 1247830 1249778 1249779 1251727 1251728 1251729 1251730 1253677 1253676 1253675 1253674 1251726 1251725 1249777 1249776 1245881 1241985 1245882 1241986 1240038 1240039 1240040 1240041 1245883 1241987 1241988 1241989 1241990 1249782 1245886 1249781 1245885 1247831 1249780 1245884
bot 360 362 aiowrq52 979483480 3351771 52
owned 360 3351771 3351772 3351773 3351774 3353722 3349826 3347878 3347877 3347876 3347875 3347874 3347873 3347872 3347871 3349819 3351767 3351768 3351769 3353717 3353718 3355666 3355667 3355668 3355669 3357616 3357615 3357614 3357613 3355665 3355664 3353716 3353715 3349820 3345924 3349821 3345925 3343977 3343978 3343979 3343980 3349822 3345926 3345927 3345928 3345929 3353721 3349825 3353720 3349824 3351770 3353719 3349823
bot 361 363 bo94our7 631930647 1240377 52
owned 361 1240377 1240378 1240379 1240380 1242328 1238432 1236484 1236483 1236482 1236481 1236480 1236479 1236478 1236477 1238425 1240373 1240374 1240375 1242323 1242324 1244272 1244273 1244274 1244275 1246222 1246221 1246220 1246219 1244271 1244270 1242322 1242321 1238426 1234530 1238427 1234531 1232583 1232584 1232585 1232586 1238428 1234532 1234533 1234534 1234535 1242327 1238431 1242326 1238430 1240376 1242325 1238429
bot 362 364 jxqkb7y6 2000760554 1974763 52
owned 362 1974763 1974764 1974765 1974766 1976714 1972818 1970870 1970869 1970868 1970867 1970866 1970865 1970864 1970863 1972811 1974759 1974760 1974761 1976709 1976710 1978658 1978659 1978660 1978661 1980608 1980607 1980606 1980605 1978657 1978656 1976708 1976707 1972812 1968916 1972813 1968917 1966969 1966970 1966971 1966972 1972814 1968918 1968919 1968920 1968921 1976713 1972817 1976712 1972816 1974762 1976711 1972815
bot 363 365 ikezntfk 2015951718 2701286 52
owned 363 2701286 2701287 2701288 2701289 2703237 2699341 2697393 2697392 2697391 2697390 2697389 2697388 2697387 2697386 2699334 2701282 2701283 2701284 2703232 2703233 2705181 2705182 2705183 2705184 2707131 2707130 2707129 2707128 2705180 2705179 2703231 2703230 2699335 2695439 2699336 2695440 2693492 2693493 2693494 2693495 2699337 2695441 2695442 2695443 2695444 2703236 2699340 2703235 2699339 2701285 2703234 2699338
bot 364 366 j4e63dwu 2126127918 2025205 52
owned 364 2025205 2025206 2025207 2025208 2027156 2023260 2021312 2021311 2021310 2021309 2021308 2021307 2021306 2021305 2023253 2025201 2025202 2025203 2027151 2027152 2029100 2029101 2029102 2029103 2031050 2031049 2031048 2031047 2029099 2029098 2027150 2027149 2023254 2019358 2023255 2019359 2017411 2017412 2017413 2017414 2023256 2019360 2019361 2019362 2019363 2027155 2023259 2027154 2023258 2025204 2027153 2023257
bot 365 367 t0b9mavx 1703527259 1083980 52
owned 365 1083980 1083981 1083982 1083983 1085931 1082035 1080087 1080086 1080085 1080084 1080083 1080082 1080081 1080080 1082028 1083976 1083977 1083978 1085926 1085927 1087875 1087876 1087877 1087878 1089825 1089824 1089823 1089822 1087874 1087873 1085925 1085924 1082029 1078133 1082030 1078134 1076186 1076187 1076188 1076189 1082031 1078135 1078136 1078137 1078138 1085930 1082034 1085929 1082033 1083979 1085928 1082032
bot 366 368 bu0hz5bz 1452611938 356799 52
owned 366 356799 356800 356801 356802 358750 354854 352906 352905 352904 352903 352902 352901 352900 352899 354847 356795 356796 356797 358745 358746 360694 360695 360696 360697 362644 362643 362642 362641 360693 360692 358744 358743 354848 350952 354849 350953 349005 349006 349007 349008 354850 350954 350955 350956 350957 358749 354853 358748 354852 356798 358747 354851
bot 367 369 368l6a1p 1297490021 228323 52
owned 367 228323 228324 228325 228326 230274 226378 224430 224429 224428 224427 224426 224425 224424 224423 226371 228319 228320 228321 230269 230270 232218 232219 232220 232221 234168 234167 234166 234165 232217 232216 230268 230267 226372 222476 226373 222477 220529 220530 220531 220532 226374 222478 222479 222480 222481 230273 226377 230272 226376 228322 230271 226375
bot 368 370 6cr9h8xa 833789937 1640461 52
owned 368 1640461 1640462 1640463 1640464 1642412 1638516 1636568 1636567 1636566 1636565 1636564 1636563 1636562 1636561 1638509 1640457 1640458 1640459 1642407 1642408 1644356 1644357 1644358 1644359 1646306 1646305 1646304 1646303 1644355 1644354 1642406 1642405 1638510 1634614 1638511 1634615 1632667 1632668 1632669 1632670 1638512 1634616 1634617 1634618 1634619 1642411 1638515 1642410 1638514 1640460 1642409 1638513
bot 369 371 8y4zfq0g 654669581 1525195 52
owned 369 1525195 1525196 1525197 1525198 1527146 1523250 1521302 1521301 1521300 1521299 1521298 1521297 1521296 1521295 1523243 1525191 1525192 1525193 1527141 1527142 1529090 1529091 1529092 1529093 1531040 1531039 1531038 1531037 1529089 1529088 1527140 1527139 1523244 1519348 1523245 1519349 1517401 1517402 1517403 1517404 1523246 1519350 1519351 1519352 1519353 1527145 1523249 1527144 1523248 1525194 1527143 1523247
bot 370 372 tz0sezi7 1830872408 1652777 52
owned 370 1652777 1652778 1652779 1652780 1654728 1650832 1648884 1648883 1648882 1648881 1648880 1648879 1648878 1648877 1650825 1652773 1652774 1652775 1654723 1654724 1656672 1656673 1656674 1656675 1658622 1658621 1658620 1658619 1656671 1656670 1654722 1654721 1650826 1646930 1650827 1646931 1644983 1644984 1644985 1644986 1650828 1646932 1646933 1646934 1646935 1654727 1650831 1654726 1650830 1652776 1654725 1650829
bot 371 373 dazr70tn -2096114292 755624 52
owned 371 755624 755625 755626 755627 757575 753679 751731 751730 751729 751728 751727 751726 751725 751724 753672 755620 755621 755622 757570 757571 759519 759520 759521 759522 761469 761468 761467 761466 759518 759517 757569 757568 753673 749777 753674 749778 747830 747831 747832 747833 753675 749779 749780 749781 749782 757574 753678 757573 753677 755623 757572 753676
bot 372 374 tx1pjsyg 1161571582 594865 52
owned 372 594865 594866 594867 594868 596816 592920 590972 590971 590970 590969 590968 590967 590966 590965 592913 594861 594862 594863 596811 596812 598760 598761 598762 598763 600710 600709 600708 600707 598759 598758 596810 596809 592914 589018 592915 589019 587071 587072 587073 587074 592916 589020 589021 589022 589023 596815 592919 596814 592918 594864 596813 592917
bot 373 375 ndjtlp8r 360050114 1635382 52
owned 373 1635382 1635383 1635384 1635385 1637333 1633437 1631489 1631488 1631487 1631486 1631485 1631484 1631483 1631482 1633430 1635378 1635379 1635380 1637328 1637329 1639277 1639278 1639279 1639280 1641227 1641226 1641225 1641224 1639276 1639275 1637327 1637326 1633431 1629535 1633432 1629536 1627588 1627589 1627590 1627591 1633433 1629537 1629538 1629539 1629540 1637332 1633436 1637331 1633435 1635381 1637330 1633434
bot 374 376 bsklet6g 1369852118 892070 52
owned 374 892070 892071 892072 892073 894021 890125 888177 888176 888175 888174 888173 888172 888171 888170 890118 892066 892067 892068 894016 894017 895965 895966 895967 895968 897915 897914 897913 897912 895964 895963 894015 894014 890119 886223 890120 886224 884276 884277 884278 884279 890121 886225 886226 886227 886228 894020 890124 894019 890123 892069 894018 890122
bot 375 377 hsozrzu4 1376829607 2471158 52
owned 375 2471158 2471159 2471160 2471161 2473109 2469213 2467265 2467264 2467263 2467262 2467261 2467260 2467259 2467258 2469206 2471154 2471155 2471156 2473104 2473105 2475053 2475054 2475055 2475056 2477003 2477002 2477001 2477000 2475052 2475051 2473103 2473102 2469207 2465311 2469208 2465312 2463364 2463365 2463366 2463367 2469209 2465313 2465314 2465315 2465316 2473108 2469212 2473107 2469211 2471157 2473106 2469210
bot 376 378 otmybkm3 1233228612 2781401 52
owned 376 2781401 2781402 2781403 2781404 2783352 2779456 2777508 2777507 2777506 2777505 2777504 2777503 2777502 2777501 2779449 2781397 2781398 2781399 2783347 2783348 2785296 2785297 2785298 2785299 2787246 2787245 2787244 2787243 2785295 2785294 2783346 2783345 2779450 2775554 2779451 2775555 2773607 2773608 2773609 2773610 2779452 2775556 2775557 2775558 2775559 2783351 2779455 2783350 2779454 2781400 2783349 2779453
bot 377 379 yfm1nyqy 591266464 865719 52
owned 377 865719 865720 865721 865722 867670 863774 861826 861825 861824 861823 861822 861821 861820 861819 863767 865715 865716 865717 867665 867666 869614 869615 869616 869617 871564 871563 871562 871561 869613 869612 867664 867663 863768 859872 863769 859873 857925 857926 857927 857928 863770 859874 859875 859876 859877 867669 863773 867668 863772 865718 867667 863771
bot 378 380 kr6ytu3l 1777848072 2475094 52
owned 378 2475094 2475095 2475096 2475097 2477045 2473149 2471201 2471200 2471199 2471198 2471197 2471196 2471195 2471194 2473142 2475090 2475091 2475092 2477040 2477041 2478989 2478990 2478991 2478992 2480939 2480938 2480937 2480936 2478988 2478987 2477039 2477038 2473143 2469247 2473144 2469248 2467300 2467301 2467302 2467303 2473145 2469249 2469250 2469251 2469252 2477044 2473148 2477043 2473147 2475093 2477042 2473146
bot 379 381 3pagyfng -1957793541 1612881 52
owned 379 1612881 1612882 1612883 1612884 1614832 1610936 1608988 1608987 1608986 1608985 1608984 1608983 1608982 1608981 1610929 1612877 1612878 1612879 1614827 1614828 1616776 1616777 1616778 1616779 1618726 1618725 1618724 1618723 1616775 1616774 1614826 1614825 1610930 1607034 1610931 1607035 1605087 1605088 1605089 1605090 1610932 1607036 1607037 1607038 1607039 1614831 1610935 1614830 1610934 1612880 1614829 1610933
bot 380 382 w1mobjvk 928394557 1416569 52
owned 380 1416569 1416570 1416571 1416572 1418520 1414624 1412676 1412675 1412674 1412673 1412672 1412671 1412670 1412669 1414617 1416565 1416566 1416567 1418515 1418516 1420464 1420465 1420466 1420467 1422414 1422413 1422412 1422411 1420463 1420462 1418514 1418513 1414618 1410722 1414619 1410723 1408775 1408776 1408777 1408778 1414620 1410724 1410725 1410726 1410727 1418519 1414623 1418518 1414622 1416568 1418517 1414621
bot 381 383 xm7i5x3m 1912476288 1732460 52
owned 381 1732460 1732461 1732462 1732463 1734411 1730515 1728567 1728566 1728565 1728564 1728563 1728562 1728561 1728560 1730508 1732456 1732457 1732458 1734406 1734407 1736355 1736356 1736357 1736358 1738305 1738304 1738303 1738302 1736354 1736353 1734405 1734404 1730509 1726613 1730510 1726614 1724666 1724667 1724668 1724669 1730511 1726615 1726616 1726617 1726618 1734410 1730514 1734409 1730513 1732459 1734408 1730512
bot 382 384 8u02tf2g 1219018602 726208 52
owned 382 726208 726209 726210 726211 728159 724263 722315 722314 722313 722312 722311 722310 722309 722308 724256 726204 726205 726206 728154 728155 730103 730104 730105 730106 732053 732052 732051 732050 730102 730101 728153 728152 724257 720361 724258 720362 718414 718415 718416 718417 724259 720363 720364 720365 720366 728158 724262 728157 724261 726207 728156 724260
bot 383 385 lp6sri88 1740038908 175671 52
owned 383 175671 175672 175673 175674 177622 173726 171778 171777 171776 171775 171774 171773 171772 171771 173719 175667 175668 175669 177617 177618 179566 179567 179568 179569 181516 181515 181514 181513 179565 179564 177616 177615 173720 169824 173721 169825 167877 167878 167879 167880 173722 169826 169827 169828 169829 177621 173725 177620 173724 175670 177619 173723
bot 384 386 sb1tap3p 1371937666 359037 52
owned 384 359037 359038 359039 359040 360988 357092 355144 355143 355142 355141 355140 355139 355138 355137 357085 359033 359034 359035 360983 360984 362932 362933 362934 362935 364882 364881 364880 364879 362931 362930 360982 360981 357086 353190 357087 353191 351243 351244 351245 351246 357088 353192 353193 353194 353195 360987 357091 360986 357090 359036 360985 357089
bot 385 387 mv01333k 463202082 3429539 52
owned 385 3429539 3429540 3429541 3429542 3431490 3427594 3425646 3425645 3425644 3425643 3425642 3425641 3425640 3425639 3427587 3429535 3429536 3429537 3431485 3431486 3433434 3433435 3433436 3433437 3435384 3435383 3435382 3435381 3433433 3433432 3431484 3431483 3427588 3423692 3427589 3423693 3421745 3421746 3421747 3421748 3427590 3423694 3423695 3423696 3423697 3431489 3427593 3431488 3427592 3429538 3431487 3427591
bot 386 388 g9mp2ife 1617787215 1501749 52
owned 386 1501749 1501750 1501751 1501752 1503700 1499804 1497856 1497855 1497854 1497853 1497852 1497851 1497850 1497849 1499797 1501745 1501746 1501747 1503695 1503696 1505644 1505645 1505646 1505647 1507594 1507593 1507592 1507591 1505643 1505642 1503694 1503693 1499798 1495902 1499799 1495903 1493955 1493956 1493957 1493958 1499800 1495904 1495905 1495906 1495907 1503699 1499803 1503698 1499802 1501748 1503697 1499801
bot 387 389 jtq0seut 1309745130 409869 52
owned 387 409869 409870 409871 409872 411820 407924 405976 405975 405974 405973 405972 405971 405970 405969 407917 409865 409866 409867 411815 411816 413764 413765 413766 413767 415714 415713 415712 415711 413763 413762 411814 411813 407918 404022 407919 404023 402075 402076 402077 402078 407920 404024 404025 404026 404027 411819 407923 411818 407922 409868 411817 407921
bot 388 390 525mh9ql 1149585125 770330 52
owned 388 770330 770331 770332 770333 772281 768385 766437 766436 766435 766434 766433 766432 766431 766430 768378 770326 770327 770328 772276 772277 774225 774226 774227 774228 776175 776174 776173 776172 774224 774223 772275 772274 768379 764483 768380 764484 762536 762537 762538 762539 768381 764485 764486 764487 764488 772280 768384 772279 768383 770329 772278 768382
bot 389 391 fvbpmsvz -2135026292 2062147 52
owned 389 2062147 2062148 2062149 2062150 2064098 2060202 2058254 2058253 2058252 2058251 2058250 2058249 2058248 2058247 2060195 2062143 2062144 2062145 2064093 2064094 2066042 2066043 2066044 2066045 2067992 2067991 2067990 2067989 2066041 2066040 2064092 2064091 2060196 2056300 2060197 2056301 2054353 2054354 2054355 2054356 2060198 2056302 2056303 2056304 2056305 2064097 2060201 2064096 2060200 2062146 2064095 2060199
bot 390 392 xwn3ivem 345390557 81653 52
owned 390 81653 81654 81655 81656 83604 79708 77760 77759 77758 77757 77756 77755 77754 77753 79701 81649 81650 81651 83599 83600 85548 85549 85550 85551 87498 87497 87496 87495 85547 85546 83598 83597 79702 75806 79703 75807 73859 73860 73861 73862 79704 75808 75809 75810 75811 83603 79707 83602 79706 81652 83601 79705
bot 391 393 fqbyj4jd 2025551274 2463753 52
owned 391 2463753 2463754 2463755 2463756 2465704 2461808 2459860 2459859 2459858 2459857 2459856 2459855 2459854 2459853 2461801 2463749 2463750 2463751 2465699 2465700 2467648 2467649 2467650 2467651 2469598 2469597 2469596 2469595 2467647 2467646 2465698 2465697 2461802 2457906 2461803 2457907 2455959 2455960 2455961 2455962 2461804 2457908 2457909 2457910 2457911 2465703 2461807 2465702 2461806 2463752 2465701 2461805
bot 392 394 xfiw8ywg -1939072783 804732 52
owned 392 804732 804733 804734 804735 806683 802787 800839 800838 800837 800836 800835 800834 800833 800832 802780 804728 804729 804730 806678 806679 808627 808628 808629 808630 810577 810576 810575 810574 808626 808625 806677 806676 802781 798885 802782 798886 796938 796939 796940 796941 802783 798887 798888 798889 798890 806682 802786 806681 802785 804731 806680 802784
bot 393 395 iw3dqxmq 2117070266 3348120 52
owned 393 3348120 3348121 3348122 3348123 3350071 3346175 3344227 3344226 3344225 3344224 3344223 3344222 3344221 3344220 3346168 3348116 3348117 3348118 3350066 3350067 3352015 3352016 3352017 3352018 3353965 3353964 3353963 3353962 3352014 3352013 3350065 3350064 3346169 3342273 3346170 3342274 3340326 3340327 3340328 3340329 3346171 3342275 3342276 3342277 3342278 3350070 3346174 3350069 3346173 3348119 3350068 3346172
bot 394 396 yc0ao6et 660894387 2397469 52
owned 394 2397469 2397470 2397471 2397472 2399420 2395524 2393576 2393575 2393574 2393573 2393572 2393571 2393570 2393569 2395517 2397465 2397466 2397467 2399415 2399416 2401364 2401365 2401366 2401367 2403314 2403313 2403312 2403311 2401363 2401362 2399414 2399413 2395518 2391622 2395519 2391623 2389675 2389676 2389677 2389678 2395520 2391624 2391625 2391626 2391627 2399419 2395523 2399418 2395522 2397468 2399417 2395521
bot 395 397 ixj6ihi7 748783564 994813 52
owned 395 994813 994814 994815 994816 996764 992868 990920 990919 990918 990917 990916 990915 990914 990913 992861 994809 994810 994811 996759 996760 998708 998709 998710 998711 1000658 1000657 1000656 1000655 998707 998706 996758 996757 992862 988966 992863 988967 987019 987020 987021 987022 992864 988968 988969 988970 988971 996763 992867 996762 992866 994812 996761 992865
bot 396 398 9l5wwvr3 970244207 1293944 52
owned 396 1293944 1293945 1293946 1293947 1295895 1291999 1290051 1290050 1290049 1290048 1290047 1290046 1290045 1290044 1291992 1293940 1293941 1293942 1295890 1295891 1297839 1297840 1297841 1297842 1299789 1299788 1299787 1299786 1297838 1297837 1295889 1295888 1291993 1288097 1291994 1288098 1286150 1286151 1286152 1286153 1291995 1288099 1288100 1288101 1288102 1295894 1291998 1295893 1291997 1293943 1295892 1291996
bot 397 399 2w6i33lv 1347683494 238345 52
owned 397 238345 238346 238347 238348 240296 236400 234452 234451 234450 234449 234448 234447 234446 234445 236393 238341 238342 238343 240291 240292 242240 242241 242242 242243 244190 244189 244188 244187 242239 242238 240290 240289 236394 232498 236395 232499 230551 230552 230553 230554 236396 232500 232501 232502 232503 240295 236399 240294 236398 238344 240293 236397
bot 398 400 sba949vb 2051192204 1438208 52
owned 398 1438208 1438209 1438210 1438211 1440159 1436263 1434315 1434314 1434313 1434312 1434311 1434310 1434309 1434308 1436256 1438204 1438205 1438206 1440154 1440155 1442103 1442104 1442105 1442106 1444053 1444052 1444051 1444050 1442102 1442101 1440153 1440152 1436257 1432361 1436258 1432362 1430414 1430415 1430416 1430417 1436259 1432363 1432364 1432365 1432366 1440158 1436262 1440157 1436261 1438207 1440156 1436260
bot 399 401 ijcmefns 1058902645 1389502 52
owned 399 1389502 1389503 1389504 1389505 1391453 1387557 1385609 1385608 1385607 1385606 1385605 1385604 1385603 1385602 1387550 1389498 1389499 1389500 1391448 1391449 1393397 1393398 1393399 1393400 1395347 1395346 1395345 1395344 1393396 1393395 1391447 1391446 1387551 1383655 1387552 1383656 1381708 1381709 1381710 1381711 1387553 1383657 1383658 1383659 1383660 1391452 1387556 1391451 1387555 1389501 1391450 1387554
bot 400 402 isnsszoo 777399290 1812745 52
owned 400 1812745 1812746 1812747 1812748 1814696 1810800 1808852 1808851 1808850 1808849 1808848 1808847 1808846 1808845 1810793 1812741 1812742 1812743 1814691 1814692 1816640 1816641 1816642 1816643 1818590 1818589 1818588 1818587 1816639 1816638 1814690 1814689 1810794 1806898 1810795 1806899 1804951 1804952 1804953 1804954 1810796 1806900 1806901 1806902 1806903 1814695 1810799 1814694 1810798 1812744 1814693 1810797
bot 401 403 9z76va23 1432917080 536241 52
owned 401 536241 536242 536243 536244 538192 534296 532348 532347 532346 532345 532344 532343 532342 532341 534289 536237 536238 536239 538187 538188 540136 540137 540138 540139 542086 542085 542084 542083 540135 540134 538186 538185 534290 530394 534291 530395 528447 528448 528449 528450 534292 530396 530397 530398 530399 538191 534295 538190 534294 536240 538189 534293
bot 402 404 h1wbhdhm 830501593 144016 52
owned 402 144016 144017 144018 144019 145967 142071 140123 140122 140121 140120 140119 140118 140117 140116 142064 144012 144013 144014 145962 145963 147911 147912 147913 147914 149861 149860 149859 149858 147910 147909 145961 145960 142065 138169 142066 138170 136222 136223 136224 136225 142067 138171 138172 138173 138174 145966 142070 145965 142069 144015 145964 142068
bot 403 405 tewvulrm 1252676706 2208058 52
owned 403 2208058 2208059 2208060 2208061 2210009 2206113 2204165 2204164 2204163 2204162 2204161 2204160 2204159 2204158 2206106 2208054 2208055 2208056 2210004 2210005 2211953 2211954 2211955 2211956 2213903 2213902 2213901 2213900 2211952 2211951 2210003 2210002 2206107 2202211 2206108 2202212 2200264 2200265 2200266 2200267 2206109 2202213 2202214 2202215 2202216 2210008 2206112 2210007 2206111 2208057 2210006 2206110
bot 404 406 wp3bxzsu 1111756920 634257 52
owned 404 634257 634258 634259 634260 636208 632312 630364 630363 630362 630361 630360 630359 630358 630357 632305 634253 634254 634255 636203 636204 638152 638153 638154 638155 640102 640101 640100 640099 638151 638150 636202 636201 632306 628410 632307 628411 626463 626464 626465 626466 632308 628412 628413 628414 628415 636207 632311 636206 632310 634256 636205 632309
bot 405 407 d0g6avrv 1062798904 762833 52
owned 405 762833 762834 762835 762836 764784 760888 758940 758939 758938 758937 758936 758935 758934 758933 760881 762829 762830 762831 764779 764780 766728 766729 766730 766731 768678 768677 768676 768675 766727 766726 764778 764777 760882 756986 760883 756987 755039 755040 755041 755042 760884 756988 756989 756990 756991 764783 760887 764782 760886 762832 764781 760885
bot 406 408 hsyivnsn 1106130326 1448765 52
owned 406 1448765 1448766 1448767 1448768 1450716 1446820 1444872 1444871 1444870 1444869 1444868 1444867 1444866 1444865 1446813 1448761 1448762 1448763 1450711 1450712 1452660 1452661 1452662 1452663 1454610 1454609 1454608 1454607 1452659 1452658 1450710 1450709 1446814 1442918 1446815 1442919 1440971 1440972 1440973 1440974 1446816 1442920 1442921 1442922 1442923 1450715 1446819 1450714 1446818 1448764 1450713 1446817
bot 407 409 ox9ept1k 1256506455 639798 52
owned 407 639798 639799 639800 639801 641749 637853 635905 635904 635903 635902 635901 635900 635899 635898 637846 639794 639795 639796 641744 641745 643693 643694 643695 643696 645643 645642 645641 645640 643692 643691 641743 641742 637847 633951 637848 633952 632004 632005 632006 632007 637849 633953 633954 633955 633956 641748 637852 641747 637851 639797 641746 637850
bot 408 410 ny87grni 329820532 309301 52
owned 408 309301 309302 309303 309304 311252 307356 305408 305407 305406 305405 305404 305403 305402 305401 307349 309297 309298 309299 311247 311248 313196 313197 313198 313199 315146 315145 315144 315143 313195 313194 311246 311245 307350 303454 307351 303455 301507 301508 301509 301510 307352 303456 303457 303458 303459 311251 307355 311250 307354 309300 311249 307353
bot 409 411 k2th9538 -2123192920 2790643 52
owned 409 2790643 2790644 2790645 2790646 2792594 2788698 2786750 2786749 2786748 2786747 2786746 2786745 2786744 2786743 2788691 2790639 2790640 2790641 2792589 2792590 2794538 2794539 2794540 2794541 2796488 2796487 2796486 2796485 2794537 2794536 2792588 2792587 2788692 2784796 2788693 2784797 2782849 2782850 2782851 2782852 2788694 2784798 2784799 2784800 2784801 2792593 2788697 2792592 2788696 2790642 2792591 2788695
bot 410 412 ysltjm94 1905506244 867975 52
owned 410 867975 867976 867977 867978 869926 866030 864082 864081 864080 864079 864078 864077 864076 864075 866023 867971 867972 867973 869921 869922 871870 871871 871872 871873 873820 873819 873818 873817 871869 871868 869920 869919 866024 862128 866025 862129 860181 860182 860183 860184 866026 862130 862131 862132 862133 869925 866029 869924 866028 867974 869923 866027
bot 411 413 u5klj2eh 932943728 3191945 52
owned 411 3191945 3191946 3191947 3191948 3193896 3190000 3188052 3188051 3188050 3188049 3188048 3188047 3188046 3188045 3189993 3191941 3191942 3191943 3193891 3193892 3195840 3195841 3195842 3195843 3197790 3197789 3197788 3197787 3195839 3195838 3193890 3193889 3189994 3186098 3189995 3186099 3184151 3184152 3184153 3184154 3189996 3186100 3186101 3186102 3186103 3193895 3189999 3193894 3189998 3191944 3193893 3189997
bot 412 414 k7ka2ci1 -2001454359 1132777 52
owned 412 1132777 1132778 1132779 1132780 1134728 1130832 1128884 1128883 1128882 1128881 1128880 1128879 1128878 1128877 1130825 1132773 1132774 1132775 1134723 1134724 1136672 1136673 1136674 1136675 1138622 1138621 1138620 1138619 1136671 1136670 1134722 1134721 1130826 1126930 1130827 1126931 1124983 1124984 1124985 1124986 1130828 1126932 1126933 1126934 1126935 1134727 1130831 1134726 1130830 1132776 1134725 1130829
bot 413 415 qtul4azs 1826927332 799072 52
owned 413 799072 799073 799074 799075 801023 797127 795179 795178 795177 795176 795175 795174 795173 795172 797120 799068 799069 799070 801018 801019 802967 802968 802969 802970 804917 804916 804915 804914 802966 802965 801017 801016 797121 793225 797122 793226 791278 791279 791280 791281 797123 793227 793228 793229 793230 801022 797126 801021 797125 799071 801020 797124
bot 414 416 ll69i57o -1984626499 1483989 52
owned 414 1483989 1483990 1483991 1483992 1485940 1482044 1480096 1480095 1480094 1480093 1480092 1480091 1480090 1480089 1482037 1483985 1483986 1483987 1485935 1485936 1487884 1487885 1487886 1487887 1489834 1489833 1489832 1489831 1487883 1487882 1485934 1485933 1482038 1478142 1482039 1478143 1476195 1476196 1476197 1476198 1482040 1478144 1478145 1478146 1478147 1485939 1482043 1485938 1482042 1483988 1485937 1482041
bot 415 417 9vuokjnw 1585849123 545096 52
owned 415 545096 545097 545098 545099 547047 543151 541203 541202 541201 541200 541199 541198 541197 541196 543144 545092 545093 545094 547042 547043 548991 548992 548993 548994 550941 550940 550939 550938 548990 548989 547041 547040 543145 539249 543146 539250 537302 537303 537304 537305 543147 539251 539252 539253 539254 547046 543150 547045 543149 545095 547044 543148
bot 416 418 ggb3bab1 1323032453 968345 52
owned 416 968345 968346 968347 968348 970296 966400 964452 964451 964450 964449 964448 964447 964446 964445 966393 968341 968342 968343 970291 970292 972240 972241 972242 972243 974190 974189 974188 974187 972239 972238 970290 970289 966394 962498 966395 962499 960551 960552 960553 960554 966396 962500 962501 962502 962503 970295 966399 970294 966398 968344 970293 966397
bot 417 419 drdo3t90 972603891 1208296 52
owned 417 1208296 1208297 1208298 1208299 1210247 1206351 1204403 1204402 1204401 1204400 1204399 1204398 1204397 1204396 1206344 1208292 1208293 1208294 1210242 1210243 1212191 1212192 1212193 1212194 1214141 1214140 1214139 1214138 1212190 1212189 1210241 1210240 1206345 1202449 1206346 1202450 1200502 1200503 1200504 1200505 1206347 1202451 1202452 1202453 1202454 1210246 1206350 1210245 1206349 1208295 1210244 1206348
bot 418 420 xieaxa2f 590485614 892132 52
owned 418 892132 892133 892134 892135 894083 890187 888239 888238 888237 888236 888235 888234 888233 888232 890180 892128 892129 892130 894078 894079 896027 896028 896029 896030 897977 897976 897975 897974 896026 896025 894077 894076 890181 886285 890182 886286 884338 884339 884340 884341 890183 886287 886288 886289 886290 894082 890186 894081 890185 892131 894080 890184
bot 419 421 kqp7ewus -2042957177 3788034 52
owned 419 3788034 3788035 3788036 3788037 3789985 3786089 3784141 3784140 3784139 3784138 3784137 3784136 3784135 3784134 3786082 3788030 3788031 3788032 3789980 3789981 3791929 3791930 3791931 3791932 3793879 3793878 3793877 3793876 3791928 3791927 3789979 3789978 3786083 3782187 3786084 3782188 3780240 3780241 3780242 3780243 3786085 3782189 3782190 3782191 3782192 3789984 3786088 3789983 3786087 3788033 3789982 3786086
bot 420 422 3kitma91 -2055917419 1661028 52
owned 420 1661028 1661029 1661030 1661031 1662979 1659083 1657135 1657134 1657133 1657132 1657131 1657130 1657129 1657128 1659076 1661024 1661025 1661026 1662974 1662975 1664923 1664924 1664925 1664926 1666873 1666872 1666871 1666870 1664922 1664921 1662973 1662972 1659077 1655181 1659078 1655182 1653234 1653235 1653236 1653237 1659079 1655183 1655184 1655185 1655186 1662978 1659082 1662977 1659081 1661027 1662976 1659080
bot 421 423 m7y3u0aw 1998863385 417609 52
owned 421 417609 417610 417611 417612 419560 415664 413716 413715 413714 413713 413712 413711 413710 413709 415657 417605 417606 417607 419555 419556 421504 421505 421506 421507 423454 423453 423452 423451 421503 421502 419554 419553 415658 411762 415659 411763 409815 409816 409817 409818 415660 411764 411765 411766 411767 419559 415663 419558 415662 417608 419557 415661
bot 422 424 epuw8vpi 510564544 1345879 52
owned 422 1345879 1345880 1345881 1345882 1347830 1343934 1341986 1341985 1341984 1341983 1341982 1341981 1341980 1341979 1343927 1345875 1345876 1345877 1347825 1347826 1349774 1349775 1349776 1349777 1351724 1351723 1351722 1351721 1349773 1349772 1347824 1347823 1343928 1340032 1343929 1340033 1338085 1338086 1338087 1338088 1343930 1340034 1340035 1340036 1340037 1347829 1343933 1347828 1343932 1345878 1347827 1343931
bot 423 425 nzx54fm6 1695238112 555062 52
owned 423 555062 555063 555064 555065 557013 553117 551169 551168 551167 551166 551165 551164 551163 551162 553110 555058 555059 555060 557008 557009 558957 558958 558959 558960 560907 560906 560905 560904 558956 558955 557007 557006 553111 549215 553112 549216 547268 547269 547270 547271 553113 549217 549218 549219 549220 557012 553116 557011 553115 555061 557010 553114
bot 424 426 fsk2kd7w 748724631 2023159 52
owned 424 2023159 2023160 2023161 2023162 2025110 2021214 2019266 2019265 2019264 2019263 2019262 2019261 2019260 2019259 2021207 2023155 2023156 2023157 2025105 2025106 2027054 2027055 2027056 2027057 2029004 2029003 2029002 2029001 2027053 2027052 2025104 2025103 2021208 2017312 2021209 2017313 2015365 2015366 2015367 2015368 2021210 2017314 2017315 2017316 2017317 2025109 2021213 2025108 2021212 2023158 2025107 2021211
bot 425 427 p8jddnkm 1306250518 2237732 52
owned 425 2237732 2237733 2237734 2237735 2239683 2235787 2233839 2233838 2233837 2233836 2233835 2233834 2233833 2233832 2235780 2237728 2237729 2237730 2239678 2239679 2241627 2241628 2241629 2241630 2243577 2243576 2243575 2243574 2241626 2241625 2239677 2239676 2235781 2231885 2235782 2231886 2229938 2229939 2229940 2229941 2235783 2231887 2231888 2231889 2231890 2239682 2235786 2239681 2235785 2237731 2239680 2235784
bot 426 428 wvgzie3u 1875191892 2061908 52
owned 426 2061908 2061909 2061910 2061911 2063859 2059963 2058015 2058014 2058013 2058012 2058011 2058010 2058009 2058008 2059956 2061904 2061905 2061906 2063854 2063855 2065803 2065804 2065805 2065806 2067753 2067752 2067751 2067750 2065802 2065801 2063853 2063852 2059957 2056061 2059958 2056062 2054114 2054115 2054116 2054117 2059959 2056063 2056064 2056065 2056066 2063858 2059962 2063857 2059961 2061907 2063856 2059960
bot 427 429 mwh2z96c -2030578588 2732594 52
owned 427 2732594 2732595 2732596 2732597 2734545 2730649 2728701 2728700 2728699 2728698 2728697 2728696 2728695 2728694 2730642 2732590 2732591 2732592 2734540 2734541 2736489 2736490 2736491 2736492 2738439 2738438 2738437 2738436 2736488 2736487 2734539 2734538 2730643 2726747 2730644 2726748 2724800 2724801 2724802 2724803 2730645 2726749 2726750 2726751 2726752 2734544 2730648 2734543 2730647 2732593 2734542 2730646
bot 428 430 l4ku27pt 1546664767 889782 52
owned 428 889782 889783 889784 889785 891733 887837 885889 885888 885887 885886 885885 885884 885883 885882 887830 889778 889779 889780 891728 891729 893677 893678 893679 893680 895627 895626 895625 895624 893676 893675 891727 891726 887831 883935 887832 883936 881988 881989 881990 881991 887833 883937 883938 883939 883940 891732 887836 891731 887835 889781 891730 887834
bot 429 431 jpvsmxxx 359931286 457390 52
owned 429 457390 457391 457392 457393 459341 455445 453497 453496 453495 453494 453493 453492 453491 453490 455438 457386 457387 457388 459336 459337 461285 461286 461287 461288 463235 463234 463233 463232 461284 461283 459335 459334 455439 451543 455440 451544 449596 449597 449598 449599 455441 451545 451546 451547 451548 459340 455444 459339 455443 457389 459338 455442
bot 430 432 s4xo3abv 1228142782 1180841 52
owned 430 1180841 1180842 1180843 1180844 1182792 1178896 1176948 1176947 1176946 1176945 1176944 1176943 1176942 1176941 1178889 1180837 1180838 1180839 1182787 1182788 1184736 1184737 1184738 1184739 1186686 1186685 1186684 1186683 1184735 1184734 1182786 1182785 1178890 1174994 1178891 1174995 1173047 1173048 1173049 1173050 1178892 1174996 1174997 1174998 1174999 1182791 1178895 1182790 1178894 1180840 1182789 1178893
bot 431 433 zte7u069 914820622 804399 52
owned 431 804399 804400 804401 804402 806350 802454 800506 800505 800504 800503 800502 800501 800500 800499 802447 804395 804396 804397 806345 806346 808294 808295 808296 808297 810244 810243 810242 810241 808293 808292 806344 806343 802448 798552 802449 798553 796605 796606 796607 796608 802450 798554 798555 798556 798557 806349 802453 806348 802452 804398 806347 802451
bot 432 434 azlpbpke 1576831913 221912 52
owned 432 221912 221913 221914 221915 223863 219967 218019 218018 218017 218016 218015 218014 218013 218012 219960 221908 221909 221910 223858 223859 225807 225808 225809 225810 227757 227756 227755 227754 225806 225805 223857 223856 219961 216065 219962 216066 214118 214119 214120 214121 219963 216067 216068 216069 216070 223862 219966 223861 219965 221911 223860 219964
bot 433 435 0pmbiw8o 1809282750 71624 52
owned 433 71624 71625 71626 71627 73575 69679 67731 67730 67729 67728 67727 67726 67725 67724 69672 71620 71621 71622 73570 73571 75519 75520 75521 75522 77469 77468 77467 77466 75518 75517 73569 73568 69673 65777 69674 65778 63830 63831 63832 63833 69675 65779 65780 65781 65782 73574 69678 73573 69677 71623 73572 69676
bot 434 436 rygf4mvr 347903721 2245402 52
owned 434 2245402 2245403 2245404 2245405 2247353 2243457 2241509 2241508 2241507 2241506 2241505 2241504 2241503 2241502 2243450 2245398 2245399 2245400 2247348 2247349 2249297 2249298 2249299 2249300 2251247 2251246 2251245 2251244 2249296 2249295 2247347 2247346 2243451 2239555 2243452 2239556 2237608 2237609 2237610 2237611 2243453 2239557 2239558 2239559 2239560 2247352 2243456 2247351 2243455 2245401 2247350 2243454
bot 435 437 mg9pgnw7 573403340 448508 52
owned 435 448508 448509 448510 448511 450459 446563 444615 444614 444613 444612 444611 444610 444609 444608 446556 448504 448505 448506 450454 450455 452403 452404 452405 452406 454353 454352 454351 454350 452402 452401 450453 450452 446557 442661 446558 442662 440714 440715 440716 440717 446559 442663 442664 442665 442666 450458 446562 450457 446561 448507 450456 446560
bot 436 438 8olnebf1 1961674981 690665 52
owned 436 690665 690666 690667 690668 692616 688720 686772 686771 686770 686769 686768 686767 686766 686765 688713 690661 690662 690663 692611 692612 694560 694561 694562 694563 696510 696509 696508 696507 694559 694558 692610 692609 688714 684818 688715 684819 682871 682872 682873 682874 688716 684820 684821 684822 684823 692615 688719 692614 688718 690664 692613 688717
bot 437 439 rzlsw9x1 1143180206 829686 52
owned 437 829686 829687 829688 829689 831637 827741 825793 825792 825791 825790 825789 825788 825787 825786 827734 829682 829683 829684 831632 831633 833581 833582 833583 833584 835531 835530 835529 835528 833580 833579 831631 831630 827735 823839 827736 823840 821892 821893 821894 821895 827737 823841 823842 823843 823844 831636 827740 831635 827739 829685 831634 827738
bot 438 440 o0jhfyxc 1555391079 61525 52
owned 438 61525 61526 61527 61528 63476 59580 57632 57631 57630 57629 57628 57627 57626 57625 59573 61521 61522 61523 63471 63472 65420 65421 65422 65423 67370 67369 67368 67367 65419 65418 63470 63469 59574 55678 59575 55679 53731 53732 53733 53734 59576 55680 55681 55682 55683 63475 59579 63474 59578 61524 63473 59577
bot 439 441 vki91ouc 1491134259 3376993 52
owned 439 3376993 3376994 3376995 3376996 3378944 3375048 3373100 3373099 3373098 3373097 3373096 3373095 3373094 3373093 3375041 3376989 3376990 3376991 3378939 3378940 3380888 3380889 3380890 3380891 3382838 3382837 3382836 3382835 3380887 3380886 3378938 3378937 3375042 3371146 3375043 3371147 3369199 3369200 3369201 3369202 3375044 3371148 3371149 3371150 3371151 3378943 3375047 3378942 3375046 3376992 3378941 3375045
bot 440 442 0onssx3n 966406792 2508291 52
owned 440 2508291 2508292 2508293 2508294 2510242 2506346 2504398 2504397 2504396 2504395 2504394 2504393 2504392 2504391 2506339 2508287 2508288 2508289 2510237 2510238 2512186 2512187 2512188 2512189 2514136 2514135 2514134 2514133 2512185 2512184 2510236 2510235 2506340 2502444 2506341 2502445 2500497 2500498 2500499 2500500 2506342 2502446 2502447 2502448 2502449 2510241 2506345 2510240 2506344 2508290 2510239 2506343
bot 441 443 ymrho9y4 1966682579 448399 52
owned 441 448399 448400 448401 448402 450350 446454 444506 444505 444504 444503 444502 444501 444500 444499 446447 448395 448396 448397 450345 450346 452294 452295 452296 452297 454244 454243 454242 454241 452293 452292 450344 450343 446448 442552 446449 442553 440605 440606 440607 440608 446450 442554 442555 442556 442557 450349 446453 450348 446452 448398 450347 446451
bot 442 444 4jjh2h8g 1367947243 1284823 52
owned 442 1284823 1284824 1284825 1284826 1286774 1282878 1280930 1280929 1280928 1280927 1280926 1280925 1280924 1280923 1282871 1284819 1284820 1284821 1286769 1286770 1288718 1288719 1288720 1288721 1290668 1290667 1290666 1290665 1288717 1288716 1286768 1286767 1282872 1278976 1282873 1278977 1277029 1277030 1277031 1277032 1282874 1278978 1278979 1278980 1278981 1286773 1282877 1286772 1282876 1284822 1286771 1282875
bot 443 445 af8k17d8 934703474 1438983 52
owned 443 1438983 1438984 1438985 1438986 1440934 1437038 1435090 1435089 1435088 1435087 1435086 1435085 1435084 1435083 1437031 1438979 1438980 1438981 1440929 1440930 1442878 1442879 1442880 1442881 1444828 1444827 1444826 1444825 1442877 1442876 1440928 1440927 1437032 1433136 1437033 1433137 1431189 1431190 1431191 1431192 1437034 1433138 1433139 1433140 1433141 1440933 1437037 1440932 1437036 1438982 1440931 1437035
bot 444 446 qt2a41r9 986164378 569634 52
owned 444 569634 569635 569636 569637 571585 567689 565741 565740 565739 565738 565737 565736 565735 565734 567682 569630 569631 569632 571580 571581 573529 573530 573531 573532 575479 575478 575477 575476 573528 573527 571579 571578 567683 563787 567684 563788 561840 561841 561842 561843 567685 563789 563790 563791 563792 571584 567688 571583 567687 569633 571582 567686
bot 445 447 dmqr8rk9 740056882 1711112 52
owned 445 1711112 1711113 1711114 1711115 1713063 1709167 1707219 1707218 1707217 1707216 1707215 1707214 1707213 1707212 1709160 1711108 1711109 1711110 1713058 1713059 1715007 1715008 1715009 1715010 1716957 1716956 1716955 1716954 1715006 1715005 1713057 1713056 1709161 1705265 1709162 1705266 1703318 1703319 1703320 1703321 1709163 1705267 1705268 1705269 1705270 1713062 1709166 1713061 1709165 1711111 1713060 1709164
bot 446 448 gdvex2np 1375276236 1287497 52
owned 446 1287497 1287498 1287499 1287500 1289448 1285552 1283604 1283603 1283602 1283601 1283600 1283599 1283598 1283597 1285545 1287493 1287494 1287495 1289443 1289444 1291392 1291393 1291394 1291395 1293342 1293341 1293340 1293339 1291391 1291390 1289442 1289441 1285546 1281650 1285547 1281651 1279703 1279704 1279705 1279706 1285548 1281652 1281653 1281654 1281655 1289447 1285551 1289446 1285550 1287496 1289445 1285549
bot 447 449 z6dhj6lz 1740470430 2013744 52
owned 447 2013744 2013745 2013746 2013747 2015695 2011799 2009851 2009850 2009849 2009848 2009847 2009846 2009845 2009844 2011792 2013740 2013741 2013742 2015690 2015691 2017639 2017640 2017641 2017642 2019589 2019588 2019587 2019586 2017638 2017637 2015689 2015688 2011793 2007897 2011794 2007898 2005950 2005951 2005952 2005953 2011795 2007899 2007900 2007901 2007902 2015694 2011798 2015693 2011797 2013743 2015692 2011796
bot 448 450 ztlqrwwc 1168769812 966011 52
owned 448 966011 966012 966013 966014 967962 964066 962118 962117 962116 962115 962114 962113 962112 962111 964059 966007 966008 966009 967957 967958 969906 969907 969908 969909 971856 971855 971854 971853 969905 969904 967956 967955 964060 960164 964061 960165 958217 958218 958219 958220 964062 960166 960167 960168 960169 967961 964065 967960 964064 966010 967959 964063
bot 449 451 qk845cyd 1718860403 290973 52
owned 449 290973 290974 290975 290976 292924 289028 287080 287079 287078 287077 287076 287075 287074 287073 289021 290969 290970 290971 292919 292920 294868 294869 294870 294871 296818 296817 296816 296815 294867 294866 292918 292917 289022 285126 289023 285127 283179 283180 283181 283182 289024 285128 285129 285130 285131 292923 289027 292922 289026 290972 292921 289025
bot 450 452 g5ubwqld -2134424457 439172 52
owned 450 439172 439173 439174 439175 441123 437227 435279 435278 435277 435276 435275 435274 435273 435272 437220 439168 439169 439170 441118 441119 443067 443068 443069 443070 445017 445016 445015 445014 443066 443065 441117 441116 437221 433325 437222 433326 431378 431379 431380 431381 437223 433327 433328 433329 433330 441122 437226 441121 437225 439171 441120 437224
bot 451 453 voc18itg -1968564465 1571891 52
owned 451 1571891 1571892 1571893 1571894 1573842 1569946 1567998 1567997 1567996 1567995 1567994 1567993 1567992 1567991 1569939 1571887 1571888 1571889 1573837 1573838 1575786 1575787 1575788 1575789 1577736 1577735 1577734 1577733 1575785 1575784 1573836 1573835 1569940 1566044 1569941 1566045 1564097 1564098 1564099 1564100 1569942 1566046 1566047 1566048 1566049 1573841 1569945 1573840 1569944 1571890 1573839 1569943
bot 452 454 3noal342 1024097718 2541205 52
owned 452 2541205 2541206 2541207 2541208 2543156 2539260 2537312 2537311 2537310 2537309 2537308 2537307 2537306 2537305 2539253 2541201 2541202 2541203 2543151 2543152 2545100 2545101 2545102 2545103 2547050 2547049 2547048 2547047 2545099 2545098 2543150 2543149 2539254 2535358 2539255 2535359 2533411 2533412 2533413 2533414 2539256 2535360 2535361 2535362 2535363 2543155 2539259 2543154 2539258 2541204 2543153 2539257
bot 453 455 r8slsgxy 1850106064 1170634 52
owned 453 1170634 1170635 1170636 1170637 1172585 1168689 1166741 1166740 1166739 1166738 1166737 1166736 1166735 1166734 1168682 1170630 1170631 1170632 1172580 1172581 1174529 1174530 1174531 1174532 1176479 1176478 1176477 1176476 1174528 1174527 1172579 1172578 1168683 1164787 1168684 1164788 1162840 1162841 1162842 1162843 1168685 1164789 1164790 1164791 1164792 1172584 1168688 1172583 1168687 1170633 1172582 1168686
bot 454 456 kwh9u6xu 1448727209 3037846 52
owned 454 3037846 3037847 3037848 3037849 3039797 3035901 3033953 3033952 3033951 3033950 3033949 3033948 3033947 3033946 3035894 3037842 3037843 3037844 3039792 3039793 3041741 3041742 3041743 3041744 3043691 3043690 3043689 3043688 3041740 3041739 3039791 3039790 3035895 3031999 3035896 3032000 3030052 3030053 3030054 3030055 3035897 3032001 3032002 3032003 3032004 3039796 3035900 3039795 3035899 3037845 3039794 3035898
bot 455 457 8k335xf9 1018869389 1553021 52
owned 455 1553021 1553022 1553023 1553024 1554972 1551076 1549128 1549127 1549126 1549125 1549124 1549123 1549122 1549121 1551069 1553017 1553018 1553019 1554967 1554968 1556916 1556917 1556918 1556919 1558866 1558865 1558864 1558863 1556915 1556914 1554966 1554965 1551070 1547174 1551071 1547175 1545227 1545228 1545229 1545230 1551072 1547176 1547177 1547178 1547179 1554971 1551075 1554970 1551074 1553020 1554969 1551073
bot 456 458 r8oeocye 1971210312 912753 52
owned 456 912753 912754 912755 912756 914704 910808 908860 908859 908858 908857 908856 908855 908854 908853 910801 912749 912750 912751 914699 914700 916648 916649 916650 916651 918598 918597 918596 918595 916647 916646 914698 914697 910802 906906 910803 906907 904959 904960 904961 904962 910804 906908 906909 906910 906911 914703 910807 914702 910806 912752 914701 910805
bot 457 459 aux9eznz 1727136058 1803497 52
owned 457 1803497 1803498 1803499 1803500 1805448 1801552 1799604 1799603 1799602 1799601 1799600 1799599 1799598 1799597 1801545 1803493 1803494 1803495 1805443 1805444 1807392 1807393 1807394 1807395 1809342 1809341 1809340 1809339 1807391 1807390 1805442 1805441 1801546 1797650 1801547 1797651 1795703 1795704 1795705 1795706 1801548 1797652 1797653 1797654 1797655 1805447 1801551 1805446 1801550 1803496 1805445 1801549
bot 458 460 tl8i4sqm 1152690240 528367 52
owned 458 528367 528368 528369 528370 530318 526422 524474 524473 524472 524471 524470 524469 524468 524467 526415 528363 528364 528365 530313 530314 532262 532263 532264 532265 534212 534211 534210 534209 532261 532260 530312 530311 526416 522520 526417 522521 520573 520574 520575 520576 526418 522522 522523 522524 522525 530317 526421 530316 526420 528366 530315 526419
bot 459 461 5tvnmw0x 1457310797 3128360 52
owned 459 3128360 3128361 3128362 3128363 3130311 3126415 3124467 3124466 3124465 3124464 3124463 3124462 3124461 3124460 3126408 3128356 3128357 3128358 3130306 3130307 3132255 3132256 3132257 3132258 3134205 3134204 3134203 3134202 3132254 3132253 3130305 3130304 3126409 3122513 3126410 3122514 3120566 3120567 3120568 3120569 3126411 3122515 3122516 3122517 3122518 3130310 3126414 3130309 3126413 3128359 3130308 3126412
bot 460 462 iaxyjwg2 -2021203755 1766584 52
owned 460 1766584 1766585 1766586 1766587 1768535 1764639 1762691 1762690 1762689 1762688 1762687 1762686 1762685 1762684 1764632 1766580 1766581 1766582 1768530 1768531 1770479 1770480 1770481 1770482 1772429 1772428 1772427 1772426 1770478 1770477 1768529 1768528 1764633 1760737 1764634 1760738 1758790 1758791 1758792 1758793 1764635 1760739 1760740 1760741 1760742 1768534 1764638 1768533 1764637 1766583 1768532 1764636
bot 461 463 vsouyzqb 1989752153 1035796 52
owned 461 1035796 1035797 1035798 1035799 1037747 1033851 1031903 1031902 1031901 1031900 1031899 1031898 1031897 1031896 1033844 1035792 1035793 1035794 1037742 1037743 1039691 1039692 1039693 1039694 1041641 1041640 1041639 1041638 1039690 1039689 1037741 1037740 1033845 1029949 1033846 1029950 1028002 1028003 1028004 1028005 1033847 1029951 1029952 1029953 1029954 1037746 1033850 1037745 1033849 1035795 1037744 1033848
bot 462 464 qo2yiqyt 867418476 1481933 52
owned 462 1481933 1481934 1481935 1481936 1483884 1479988 1478040 1478039 1478038 1478037 1478036 1478035 1478034 1478033 1479981 1481929 1481930 1481931 1483879 1483880 1485828 1485829 1485830 1485831 1487778 1487777 1487776 1487775 1485827 1485826 1483878 1483877 1479982 1476086 1479983 1476087 1474139 1474140 1474141 1474142 1479984 1476088 1476089 1476090 1476091 1483883 1479987 1483882 1479986 1481932 1483881 1479985
bot 463 465 4b0bsp77 1542129959 3414136 52
owned 463 3414136 3414137 3414138 3414139 3416087 3412191 3410243 3410242 3410241 3410240 3410239 3410238 3410237 3410236 3412184 3414132 3414133 3414134 3416082 3416083 3418031 3418032 3418033 3418034 3419981 3419980 3419979 3419978 3418030 3418029 3416081 3416080 3412185 3408289 3412186 3408290 3406342 3406343 3406344 3406345 3412187 3408291 3408292 3408293 3408294 3416086 3412190 3416085 3412189 3414135 3416084 3412188
bot 464 466 zt5za47g 844577314 1470953 52
owned 464 1470953 1470954 1470955 1470956 1472904 1469008 1467060 1467059 1467058 1467057 1467056 1467055 1467054 1467053 1469001 1470949 1470950 1470951 1472899 1472900 1474848 1474849 1474850 1474851 1476798 1476797 1476796 1476795 1474847 1474846 1472898 1472897 1469002 1465106 1469003 1465107 1463159 1463160 1463161 1463162 1469004 1465108 1465109 1465110 1465111 1472903 1469007 1472902 1469006 1470952 1472901 1469005
bot 465 467 ialnkrtf 1920080439 997764 52
owned 465 997764 997765 997766 997767 999715 995819 993871 993870 993869 993868 993867 993866 993865 993864 995812 997760 997761 997762 999710 999711 1001659 1001660 1001661 1001662 1003609 1003608 1003607 1003606 1001658 1001657 999709 999708 995813 991917 995814 991918 989970 989971 989972 989973 995815 991919 991920 991921 991922 999714 995818 999713 995817 997763 999712 995816
bot 466 468 euhp0q2h 746902101 516996 52
owned 466 516996 516997 516998 516999 518947 515051 513103 513102 513101 513100 513099 513098 513097 513096 515044 516992 516993 516994 518942 518943 520891 520892 520893 520894 522841 522840 522839 522838 520890 520889 518941 518940 515045 511149 515046 511150 509202 509203 509204 509205 515047 511151 511152 511153 511154 518946 515050 518945 515049 516995 518944 515048
bot 467 469 hxtuit3a 1096026234 1521591 52
owned 467 1521591 1521592 1521593 1521594 1523542 1519646 1517698 1517697 1517696 1517695 1517694 1517693 1517692 1517691 1519639 1521587 1521588 1521589 1523537 1523538 1525486 1525487 1525488 1525489 1527436 1527435 1527434 1527433 1525485 1525484 1523536 1523535 1519640 1515744 1519641 1515745 1513797 1513798 1513799 1513800 1519642 1515746 1515747 1515748 1515749 1523541 1519645 1523540 1519644 1521590 1523539 1519643
bot 468 470 cfqynmub 349093211 1463832 52
owned 468 1463832 1463833 1463834 1463835 1465783 1461887 1459939 1459938 1459937 1459936 1459935 1459934 1459933 1459932 1461880 1463828 1463829 1463830 1465778 1465779 1467727 1467728 1467729 1467730 1469677 1469676 1469675 1469674 1467726 1467725 1465777 1465776 1461881 1457985 1461882 1457986 1456038 1456039 1456040 1456041 1461883 1457987 1457988 1457989 1457990 1465782 1461886 1465781 1461885 1463831 1465780 1461884
bot 469 471 kp4qpq36 508411518 3860200 52
owned 469 3860200 3860201 3860202 3860203 3862151 3858255 3856307 3856306 3856305 3856304 3856303 3856302 3856301 3856300 3858248 3860196 3860197 3860198 3862146 3862147 3864095 3864096 3864097 3864098 3866045 3866044 3866043 3866042 3864094 3864093 3862145 3862144 3858249 3854353 3858250 3854354 3852406 3852407 3852408 3852409 3858251 3854355 3854356 3854357 3854358 3862150 3858254 3862149 3858253 3860199 3862148 3858252
bot 470 472 m4sv56ts 1221929626 2645041 52
owned 470 2645041 2645042 2645043 2645044 2646992 2643096 2641148 2641147 2641146 2641145 2641144 2641143 2641142 2641141 2643089 2645037 2645038 2645039 2646987 2646988 2648936 2648937 2648938 2648939 2650886 2650885 2650884 2650883 2648935 2648934 2646986 2646985 2643090 2639194 2643091 2639195 2637247 2637248 2637249 2637250 2643092 2639196 2639197 2639198 2639199 2646991 2643095 2646990 2643094 2645040 2646989 2643093
bot 471 473 90lwnghk 1106536998 573360 52
owned 471 573360 573361 573362 573363 575311 571415 569467 569466 569465 569464 569463 569462 569461 569460 571408 573356 573357 573358 575306 575307 577255 577256 577257 577258 579205 579204 579203 579202 577254 577253 575305 575304 571409 567513 571410 567514 565566 565567 565568 565569 571411 567515 567516 567517 567518 575310 571414 575309 571413 573359 575308 571412
bot 472 474 6s4qrb66 425992942 2190911 52
owned 472 2190911 2190912 2190913 2190914 2192862 2188966 2187018 2187017 2187016 2187015 2187014 2187013 2187012 2187011 2188959 2190907 2190908 2190909 2192857 2192858 2194806 2194807 2194808 2194809 2196756 2196755 2196754 2196753 2194805 2194804 2192856 2192855 2188960 2185064 2188961 2185065 2183117 2183118 2183119 2183120 2188962 2185066 2185067 2185068 2185069 2192861 2188965 2192860 2188964 2190910 2192859 2188963
bot 473 475 zm2durya 1873766734 1059259 52
owned 473 1059259 1059260 1059261 1059262 1061210 1057314 1055366 1055365 1055364 1055363 1055362 1055361 1055360 1055359 1057307 1059255 1059256 1059257 1061205 1061206 1063154 1063155 1063156 1063157 1065104 1065103 1065102 1065101 1063153 1063152 1061204 1061203 1057308 1053412 1057309 1053413 1051465 1051466 1051467 1051468 1057310 1053414 1053415 1053416 1053417 1061209 1057313 1061208 1057312 1059258 1061207 1057311
bot 474 476 r78jt2dp 312851525 502840 52
owned 474 502840 502841 502842 502843 504791 500895 498947 498946 498945 498944 498943 498942 498941 498940 500888 502836 502837 502838 504786 504787 506735 506736 506737 506738 508685 508684 508683 508682 506734 506733 504785 504784 500889 496993 500890 496994 495046 495047 495048 495049 500891 496995 496996 496997 496998 504790 500894 504789 500893 502839 504788 500892
bot 475 477 2l6px65c 262883716 2401033 52
owned 475 2401033 2401034 2401035 2401036 2402984 2399088 2397140 2397139 2397138 2397137 2397136 2397135 2397134 2397133 2399081 2401029 2401030 2401031 2402979 2402980 2404928 2404929 2404930 2404931 2406878 2406877 2406876 2406875 2404927 2404926 2402978 2402977 2399082 2395186 2399083 2395187 2393239 2393240 2393241 2393242 2399084 2395188 2395189 2395190 2395191 2402983 2399087 2402982 2399086 2401032 2402981 2399085
bot 476 478 8m9tfbvi 1714330309 938302 52
owned 476 938302 938303 938304 938305 940253 936357 934409 934408 934407 934406 934405 934404 934403 934402 936350 938298 938299 938300 940248 940249 942197 942198 942199 942200 944147 944146 944145 944144 942196 942195 940247 940246 936351 932455 936352 932456 930508 930509 930510 930511 936353 932457 932458 932459 932460 940252 936356 940251 936355 938301 940250 936354
bot 477 479 9mt34ypn 2102586138 1072550 52
owned 477 1072550 1072551 1072552 1072553 1074501 1070605 1068657 1068656 1068655 1068654 1068653 1068652 1068651 1068650 1070598 1072546 1072547 1072548 1074496 1074497 1076445 1076446 1076447 1076448 1078395 1078394 1078393 1078392 1076444 1076443 1074495 1074494 1070599 1066703 1070600 1066704 1064756 1064757 1064758 1064759 1070601 1066705 1066706 1066707 1066708 1074500 1070604 1074499 1070603 1072549 1074498 1070602
bot 478 480 7q708nxs 417940264 1461399 52
owned 478 1461399 1461400 1461401 1461402 1463350 1459454 1457506 1457505 1457504 1457503 1457502 1457501 1457500 1457499 1459447 1461395 1461396 1461397 1463345 1463346 1465294 1465295 1465296 1465297 1467244 1467243 1467242 1467241 1465293 1465292 1463344 1463343 1459448 1455552 1459449 1455553 1453605 1453606 1453607 1453608 1459450 1455554 1455555 1455556 1455557 1463349 1459453 1463348 1459452 1461398 1463347 1459451
bot 479 481 vaum2ag5 1384647716 837827 52
owned 479 837827 837828 837829 837830 839778 835882 833934 833933 833932 833931 833930 833929 833928 833927 835875 837823 837824 837825 839773 839774 841722 841723 841724 841725 843672 843671 843670 843669 841721 841720 839772 839771 835876 831980 835877 831981 830033 830034 830035 830036 835878 831982 831983 831984 831985 839777 835881 839776 835880 837826 839775 835879
bot 480 482 lhw012op 732008155 2265129 52
owned 480 2265129 2265130 2265131 2265132 2267080 2263184 2261236 2261235 2261234 2261233 2261232 2261231 2261230 2261229 2263177 2265125 2265126 2265127 2267075 2267076 2269024 2269025 2269026 2269027 2270974 2270973 2270972 2270971 2269023 2269022 2267074 2267073 2263178 2259282 2263179 2259283 2257335 2257336 2257337 2257338 2263180 2259284 2259285 2259286 2259287 2267079 2263183 2267078 2263182 2265128 2267077 2263181
bot 481 483 ov7icohk 1018938204 2944562 52
owned 481 2944562 2944563 2944564 2944565 2946513 2942617 2940669 2940668 2940667 2940666 2940665 2940664 2940663 2940662 2942610 2944558 2944559 2944560 2946508 2946509 2948457 2948458 2948459 2948460 2950407 2950406 2950405 2950404 2948456 2948455 2946507 2946506 2942611 2938715 2942612 2938716 2936768 2936769 2936770 2936771 2942613 2938717 2938718 2938719 2938720 2946512 2942616 2946511 2942615 2944561 2946510 2942614
bot 482 484 wdgpft73 1670765284 1600096 52
owned 482 1600096 1600097 1600098 1600099 1602047 1598151 1596203 1596202 1596201 1596200 1596199 1596198 1596197 1596196 1598144 1600092 1600093 1600094 1602042 1602043 1603991 1603992 1603993 1603994 1605941 1605940 1605939 1605938 1603990 1603989 1602041 1602040 1598145 1594249 1598146 1594250 1592302 1592303 1592304 1592305 1598147 1594251 1594252 1594253 1594254 1602046 1598150 1602045 1598149 1600095 1602044 1598148
bot 483 485 77xjevxo -1951658934 2401395 52
owned 483 2401395 2401396 2401397 2401398 2403346 2399450 2397502 2397501 2397500 2397499 2397498 2397497 2397496 2397495 2399443 2401391 2401392 2401393 2403341 2403342 2405290 2405291 2405292 2405293 2407240 2407239 2407238 2407237 2405289 2405288 2403340 2403339 2399444 2395548 2399445 2395549 2393601 2393602 2393603 2393604 2399446 2395550 2395551 2395552 2395553 2403345 2399449 2403344 2399448 2401394 2403343 2399447
bot 484 486 oqm2d2ls 780145184 3067478 52
owned 484 3067478 3067479 3067480 3067481 3069429 3065533 3063585 3063584 3063583 3063582 3063581 3063580 3063579 3063578 3065526 3067474 3067475 3067476 3069424 3069425 3071373 3071374 3071375 3071376 3073323 3073322 3073321 3073320 3071372 3071371 3069423 3069422 3065527 3061631 3065528 3061632 3059684 3059685 3059686 3059687 3065529 3061633 3061634 3061635 3061636 3069428 3065532 3069427 3065531 3067477 3069426 3065530
bot 485 487 s4bnz7gf 599452877 3439479 52
owned 485 3439479 3439480 3439481 3439482 3441430 3437534 3435586 3435585 3435584 3435583 3435582 3435581 3435580 3435579 3437527 3439475 3439476 3439477 3441425 3441426 3443374 3443375 3443376 3443377 3445324 3445323 3445322 3445321 3443373 3443372 3441424 3441423 3437528 3433632 3437529 3433633 3431685 3431686 3431687 3431688 3437530 3433634 3433635 3433636 3433637 3441429 3437533 3441428 3437532 3439478 3441427 3437531
bot 486 488 qareow7n 1600203458 556255 52
owned 486 556255 556256 556257 556258 558206 554310 552362 552361 552360 552359 552358 552357 552356 552355 554303 556251 556252 556253 558201 558202 560150 560151 560152 560153 562100 562099 562098 562097 560149 560148 558200 558199 554304 550408 554305 550409 548461 548462 548463 548464 554306 550410 550411 550412 550413 558205 554309 558204 554308 556254 558203 554307
bot 487 489 0qjiaqhk 2124328977 1518868 52
owned 487 1518868 1518869 1518870 1518871 1520819 1516923 1514975 1514974 1514973 1514972 1514971 1514970 1514969 1514968 1516916 1518864 1518865 1518866 1520814 1520815 1522763 1522764 1522765 1522766 1524713 1524712 1524711 1524710 1522762 1522761 1520813 1520812 1516917 1513021 1516918 1513022 1511074 1511075 1511076 1511077 1516919 1513023 1513024 1513025 1513026 1520818 1516922 1520817 1516921 1518867 1520816 1516920
