# ofcuda_spawn reference v1  (engine ground truth, arbitrary N)
# repo /opt/data/workspaces/skg/openfront-ai
map africa
seed parity
game_id QqkIuyke
game_hash 223241348
agents 18
nations 0
human_agents 1
width 1948
height 2032
min_dist 30
player 1 H nd8079oo -1 0 0
player 2 B 7kmb47oc 425159 1 52
player 3 B su965kfe 1693713 1 52
player 4 B 4918e5rs 2118813 1 52
player 5 B 0grah7qg 1179510 1 52
player 6 B 79lbhuod 354112 1 52
player 7 B 0eay8wsu 1672567 1 52
player 8 B l4g4juu8 3737454 1 52
player 9 B gsw4n5km 1534836 1 52
player 10 B ooz4f963 1363119 1 52
player 11 B g49bog52 1246290 1 52
player 12 B vl3arc4y 488823 1 52
player 13 B 26spmsu2 1567127 1 52
player 14 B 666fmd2f 1115588 1 52
player 15 B vybu8oes 889433 1 52
player 16 B tlx2iciq 504886 1 52
player 17 B 8i7cuo9t 1520735 1 52
player 18 B ay8xa67r 2089760 1 52
player 19 B fha1xhrw 1741312 1 52
bot 0 2 7kmb47oc 979863364 425159 495 218 52
owned 0 417365
owned 0 417366
owned 0 417367
owned 0 417368
owned 0 419312
owned 0 419313
owned 0 419314
owned 0 419315
owned 0 419316
owned 0 419317
owned 0 421259
owned 0 421260
owned 0 421261
owned 0 421262
owned 0 421263
owned 0 421264
owned 0 421265
owned 0 421266
owned 0 423207
owned 0 423208
owned 0 423209
owned 0 423210
owned 0 423211
owned 0 423212
owned 0 423213
owned 0 423214
owned 0 425155
owned 0 425156
owned 0 425157
owned 0 425158
owned 0 425159
owned 0 425160
owned 0 425161
owned 0 425162
owned 0 427103
owned 0 427104
owned 0 427105
owned 0 427106
owned 0 427107
owned 0 427108
owned 0 427109
owned 0 427110
owned 0 429052
owned 0 429053
owned 0 429054
owned 0 429055
owned 0 429056
owned 0 429057
owned 0 431001
owned 0 431002
owned 0 431003
owned 0 431004
bot 1 3 su965kfe 1225099288 1693713 901 869 52
owner 1 425159 2
owner 1 423211 2
owner 1 427107 2
owner 1 425158 2
owner 1 425160 2
owner 1 423212 2
owner 1 427108 2
owner 1 425161 2
owner 1 423213 2
owner 1 427109 2
owner 1 425162 2
owner 1 423214 2
owner 1 427110 2
owner 1 421266 2
owner 1 421265 2
owner 1 419317 2
owner 1 421264 2
owner 1 419316 2
owner 1 421263 2
owner 1 419315 2
owner 1 421262 2
owner 1 419314 2
owner 1 423210 2
owner 1 421261 2
owner 1 419313 2
owner 1 423209 2
owner 1 421260 2
owner 1 419312 2
owner 1 423208 2
owner 1 421259 2
owner 1 423207 2
owner 1 425155 2
owner 1 427103 2
owner 1 425156 2
owner 1 427104 2
owner 1 425157 2
owner 1 427105 2
owner 1 429053 2
owner 1 427106 2
owner 1 429054 2
owner 1 431002 2
owner 1 429055 2
owner 1 431003 2
owner 1 429056 2
owner 1 431004 2
owner 1 429057 2
owner 1 431001 2
owner 1 429052 2
owner 1 417365 2
owner 1 417366 2
owner 1 417367 2
owner 1 417368 2
prev 1 425159
owned 1 1685919
owned 1 1685920
owned 1 1685921
owned 1 1685922
owned 1 1687866
owned 1 1687867
owned 1 1687868
owned 1 1687869
owned 1 1687870
owned 1 1687871
owned 1 1689813
owned 1 1689814
owned 1 1689815
owned 1 1689816
owned 1 1689817
owned 1 1689818
owned 1 1689819
owned 1 1689820
owned 1 1691761
owned 1 1691762
owned 1 1691763
owned 1 1691764
owned 1 1691765
owned 1 1691766
owned 1 1691767
owned 1 1691768
owned 1 1693709
owned 1 1693710
owned 1 1693711
owned 1 1693712
owned 1 1693713
owned 1 1693714
owned 1 1693715
owned 1 1693716
owned 1 1695657
owned 1 1695658
owned 1 1695659
owned 1 1695660
owned 1 1695661
owned 1 1695662
owned 1 1695663
owned 1 1695664
owned 1 1697606
owned 1 1697607
owned 1 1697608
owned 1 1697609
owned 1 1697610
owned 1 1697611
owned 1 1699555
owned 1 1699556
owned 1 1699557
owned 1 1699558
bot 2 4 4918e5rs 1160776865 2118813 1337 1087 52
owner 2 425159 2
owner 2 423211 2
owner 2 427107 2
owner 2 425158 2
owner 2 425160 2
owner 2 423212 2
owner 2 427108 2
owner 2 425161 2
owner 2 423213 2
owner 2 427109 2
owner 2 425162 2
owner 2 423214 2
owner 2 427110 2
owner 2 421266 2
owner 2 421265 2
owner 2 419317 2
owner 2 421264 2
owner 2 419316 2
owner 2 421263 2
owner 2 419315 2
owner 2 421262 2
owner 2 419314 2
owner 2 423210 2
owner 2 421261 2
owner 2 419313 2
owner 2 423209 2
owner 2 421260 2
owner 2 419312 2
owner 2 423208 2
owner 2 421259 2
owner 2 423207 2
owner 2 425155 2
owner 2 427103 2
owner 2 425156 2
owner 2 427104 2
owner 2 425157 2
owner 2 427105 2
owner 2 429053 2
owner 2 427106 2
owner 2 429054 2
owner 2 431002 2
owner 2 429055 2
owner 2 431003 2
owner 2 429056 2
owner 2 431004 2
owner 2 429057 2
owner 2 431001 2
owner 2 429052 2
owner 2 417365 2
owner 2 417366 2
owner 2 417367 2
owner 2 417368 2
owner 2 1693713 3
owner 2 1691765 3
owner 2 1695661 3
owner 2 1693712 3
owner 2 1693714 3
owner 2 1691766 3
owner 2 1695662 3
owner 2 1693715 3
owner 2 1691767 3
owner 2 1695663 3
owner 2 1693716 3
owner 2 1691768 3
owner 2 1695664 3
owner 2 1689820 3
owner 2 1689819 3
owner 2 1687871 3
owner 2 1689818 3
owner 2 1687870 3
owner 2 1689817 3
owner 2 1687869 3
owner 2 1689816 3
owner 2 1687868 3
owner 2 1691764 3
owner 2 1689815 3
owner 2 1687867 3
owner 2 1691763 3
owner 2 1689814 3
owner 2 1687866 3
owner 2 1691762 3
owner 2 1689813 3
owner 2 1691761 3
owner 2 1693709 3
owner 2 1695657 3
owner 2 1693710 3
owner 2 1695658 3
owner 2 1693711 3
owner 2 1695659 3
owner 2 1697607 3
owner 2 1695660 3
owner 2 1697608 3
owner 2 1699556 3
owner 2 1697609 3
owner 2 1699557 3
owner 2 1697610 3
owner 2 1699558 3
owner 2 1697611 3
owner 2 1699555 3
owner 2 1697606 3
owner 2 1685919 3
owner 2 1685920 3
owner 2 1685921 3
owner 2 1685922 3
prev 2 425159
prev 2 1693713
owned 2 2111019
owned 2 2111020
owned 2 2111021
owned 2 2111022
owned 2 2112966
owned 2 2112967
owned 2 2112968
owned 2 2112969
owned 2 2112970
owned 2 2112971
owned 2 2114913
owned 2 2114914
owned 2 2114915
owned 2 2114916
owned 2 2114917
owned 2 2114918
owned 2 2114919
owned 2 2114920
owned 2 2116861
owned 2 2116862
owned 2 2116863
owned 2 2116864
owned 2 2116865
owned 2 2116866
owned 2 2116867
owned 2 2116868
owned 2 2118809
owned 2 2118810
owned 2 2118811
owned 2 2118812
owned 2 2118813
owned 2 2118814
owned 2 2118815
owned 2 2118816
owned 2 2120757
owned 2 2120758
owned 2 2120759
owned 2 2120760
owned 2 2120761
owned 2 2120762
owned 2 2120763
owned 2 2120764
owned 2 2122706
owned 2 2122707
owned 2 2122708
owned 2 2122709
owned 2 2122710
owned 2 2122711
owned 2 2124655
owned 2 2124656
owned 2 2124657
owned 2 2124658
bot 3 5 0grah7qg -2107334215 1179510 970 605 52
owner 3 425159 2
owner 3 423211 2
owner 3 427107 2
owner 3 425158 2
owner 3 425160 2
owner 3 423212 2
owner 3 427108 2
owner 3 425161 2
owner 3 423213 2
owner 3 427109 2
owner 3 425162 2
owner 3 423214 2
owner 3 427110 2
owner 3 421266 2
owner 3 421265 2
owner 3 419317 2
owner 3 421264 2
owner 3 419316 2
owner 3 421263 2
owner 3 419315 2
owner 3 421262 2
owner 3 419314 2
owner 3 423210 2
owner 3 421261 2
owner 3 419313 2
owner 3 423209 2
owner 3 421260 2
owner 3 419312 2
owner 3 423208 2
owner 3 421259 2
owner 3 423207 2
owner 3 425155 2
owner 3 427103 2
owner 3 425156 2
owner 3 427104 2
owner 3 425157 2
owner 3 427105 2
owner 3 429053 2
owner 3 427106 2
owner 3 429054 2
owner 3 431002 2
owner 3 429055 2
owner 3 431003 2
owner 3 429056 2
owner 3 431004 2
owner 3 429057 2
owner 3 431001 2
owner 3 429052 2
owner 3 417365 2
owner 3 417366 2
owner 3 417367 2
owner 3 417368 2
owner 3 1693713 3
owner 3 1691765 3
owner 3 1695661 3
owner 3 1693712 3
owner 3 1693714 3
owner 3 1691766 3
owner 3 1695662 3
owner 3 1693715 3
owner 3 1691767 3
owner 3 1695663 3
owner 3 1693716 3
owner 3 1691768 3
owner 3 1695664 3
owner 3 1689820 3
owner 3 1689819 3
owner 3 1687871 3
owner 3 1689818 3
owner 3 1687870 3
owner 3 1689817 3
owner 3 1687869 3
owner 3 1689816 3
owner 3 1687868 3
owner 3 1691764 3
owner 3 1689815 3
owner 3 1687867 3
owner 3 1691763 3
owner 3 1689814 3
owner 3 1687866 3
owner 3 1691762 3
owner 3 1689813 3
owner 3 1691761 3
owner 3 1693709 3
owner 3 1695657 3
owner 3 1693710 3
owner 3 1695658 3
owner 3 1693711 3
owner 3 1695659 3
owner 3 1697607 3
owner 3 1695660 3
owner 3 1697608 3
owner 3 1699556 3
owner 3 1697609 3
owner 3 1699557 3
owner 3 1697610 3
owner 3 1699558 3
owner 3 1697611 3
owner 3 1699555 3
owner 3 1697606 3
owner 3 1685919 3
owner 3 1685920 3
owner 3 1685921 3
owner 3 1685922 3
owner 3 2118813 4
owner 3 2116865 4
owner 3 2120761 4
owner 3 2118812 4
owner 3 2118814 4
owner 3 2116866 4
owner 3 2120762 4
owner 3 2118815 4
owner 3 2116867 4
owner 3 2120763 4
owner 3 2118816 4
owner 3 2116868 4
owner 3 2120764 4
owner 3 2114920 4
owner 3 2114919 4
owner 3 2112971 4
owner 3 2114918 4
owner 3 2112970 4
owner 3 2114917 4
owner 3 2112969 4
owner 3 2114916 4
owner 3 2112968 4
owner 3 2116864 4
owner 3 2114915 4
owner 3 2112967 4
owner 3 2116863 4
owner 3 2114914 4
owner 3 2112966 4
owner 3 2116862 4
owner 3 2114913 4
owner 3 2116861 4
owner 3 2118809 4
owner 3 2120757 4
owner 3 2118810 4
owner 3 2120758 4
owner 3 2118811 4
owner 3 2120759 4
owner 3 2122707 4
owner 3 2120760 4
owner 3 2122708 4
owner 3 2124656 4
owner 3 2122709 4
owner 3 2124657 4
owner 3 2122710 4
owner 3 2124658 4
owner 3 2122711 4
owner 3 2124655 4
owner 3 2122706 4
owner 3 2111019 4
owner 3 2111020 4
owner 3 2111021 4
owner 3 2111022 4
prev 3 425159
prev 3 1693713
prev 3 2118813
owned 3 1171716
owned 3 1171717
owned 3 1171718
owned 3 1171719
owned 3 1173663
owned 3 1173664
owned 3 1173665
owned 3 1173666
owned 3 1173667
owned 3 1173668
owned 3 1175610
owned 3 1175611
owned 3 1175612
owned 3 1175613
owned 3 1175614
owned 3 1175615
owned 3 1175616
owned 3 1175617
owned 3 1177558
owned 3 1177559
owned 3 1177560
owned 3 1177561
owned 3 1177562
owned 3 1177563
owned 3 1177564
owned 3 1177565
owned 3 1179506
owned 3 1179507
owned 3 1179508
owned 3 1179509
owned 3 1179510
owned 3 1179511
owned 3 1179512
owned 3 1179513
owned 3 1181454
owned 3 1181455
owned 3 1181456
owned 3 1181457
owned 3 1181458
owned 3 1181459
owned 3 1181460
owned 3 1181461
owned 3 1183403
owned 3 1183404
owned 3 1183405
owned 3 1183406
owned 3 1183407
owned 3 1183408
owned 3 1185352
owned 3 1185353
owned 3 1185354
owned 3 1185355
bot 4 6 79lbhuod 919150858 354112 1524 181 52
owner 4 425159 2
owner 4 423211 2
owner 4 427107 2
owner 4 425158 2
owner 4 425160 2
owner 4 423212 2
owner 4 427108 2
owner 4 425161 2
owner 4 423213 2
owner 4 427109 2
owner 4 425162 2
owner 4 423214 2
owner 4 427110 2
owner 4 421266 2
owner 4 421265 2
owner 4 419317 2
owner 4 421264 2
owner 4 419316 2
owner 4 421263 2
owner 4 419315 2
owner 4 421262 2
owner 4 419314 2
owner 4 423210 2
owner 4 421261 2
owner 4 419313 2
owner 4 423209 2
owner 4 421260 2
owner 4 419312 2
owner 4 423208 2
owner 4 421259 2
owner 4 423207 2
owner 4 425155 2
owner 4 427103 2
owner 4 425156 2
owner 4 427104 2
owner 4 425157 2
owner 4 427105 2
owner 4 429053 2
owner 4 427106 2
owner 4 429054 2
owner 4 431002 2
owner 4 429055 2
owner 4 431003 2
owner 4 429056 2
owner 4 431004 2
owner 4 429057 2
owner 4 431001 2
owner 4 429052 2
owner 4 417365 2
owner 4 417366 2
owner 4 417367 2
owner 4 417368 2
owner 4 1693713 3
owner 4 1691765 3
owner 4 1695661 3
owner 4 1693712 3
owner 4 1693714 3
owner 4 1691766 3
owner 4 1695662 3
owner 4 1693715 3
owner 4 1691767 3
owner 4 1695663 3
owner 4 1693716 3
owner 4 1691768 3
owner 4 1695664 3
owner 4 1689820 3
owner 4 1689819 3
owner 4 1687871 3
owner 4 1689818 3
owner 4 1687870 3
owner 4 1689817 3
owner 4 1687869 3
owner 4 1689816 3
owner 4 1687868 3
owner 4 1691764 3
owner 4 1689815 3
owner 4 1687867 3
owner 4 1691763 3
owner 4 1689814 3
owner 4 1687866 3
owner 4 1691762 3
owner 4 1689813 3
owner 4 1691761 3
owner 4 1693709 3
owner 4 1695657 3
owner 4 1693710 3
owner 4 1695658 3
owner 4 1693711 3
owner 4 1695659 3
owner 4 1697607 3
owner 4 1695660 3
owner 4 1697608 3
owner 4 1699556 3
owner 4 1697609 3
owner 4 1699557 3
owner 4 1697610 3
owner 4 1699558 3
owner 4 1697611 3
owner 4 1699555 3
owner 4 1697606 3
owner 4 1685919 3
owner 4 1685920 3
owner 4 1685921 3
owner 4 1685922 3
owner 4 2118813 4
owner 4 2116865 4
owner 4 2120761 4
owner 4 2118812 4
owner 4 2118814 4
owner 4 2116866 4
owner 4 2120762 4
owner 4 2118815 4
owner 4 2116867 4
owner 4 2120763 4
owner 4 2118816 4
owner 4 2116868 4
owner 4 2120764 4
owner 4 2114920 4
owner 4 2114919 4
owner 4 2112971 4
owner 4 2114918 4
owner 4 2112970 4
owner 4 2114917 4
owner 4 2112969 4
owner 4 2114916 4
owner 4 2112968 4
owner 4 2116864 4
owner 4 2114915 4
owner 4 2112967 4
owner 4 2116863 4
owner 4 2114914 4
owner 4 2112966 4
owner 4 2116862 4
owner 4 2114913 4
owner 4 2116861 4
owner 4 2118809 4
owner 4 2120757 4
owner 4 2118810 4
owner 4 2120758 4
owner 4 2118811 4
owner 4 2120759 4
owner 4 2122707 4
owner 4 2120760 4
owner 4 2122708 4
owner 4 2124656 4
owner 4 2122709 4
owner 4 2124657 4
owner 4 2122710 4
owner 4 2124658 4
owner 4 2122711 4
owner 4 2124655 4
owner 4 2122706 4
owner 4 2111019 4
owner 4 2111020 4
owner 4 2111021 4
owner 4 2111022 4
owner 4 1179510 5
owner 4 1177562 5
owner 4 1181458 5
owner 4 1179509 5
owner 4 1179511 5
owner 4 1177563 5
owner 4 1181459 5
owner 4 1179512 5
owner 4 1177564 5
owner 4 1181460 5
owner 4 1179513 5
owner 4 1177565 5
owner 4 1181461 5
owner 4 1175617 5
owner 4 1175616 5
owner 4 1173668 5
owner 4 1175615 5
owner 4 1173667 5
owner 4 1175614 5
owner 4 1173666 5
owner 4 1175613 5
owner 4 1173665 5
owner 4 1177561 5
owner 4 1175612 5
owner 4 1173664 5
owner 4 1177560 5
owner 4 1175611 5
owner 4 1173663 5
owner 4 1177559 5
owner 4 1175610 5
owner 4 1177558 5
owner 4 1179506 5
owner 4 1181454 5
owner 4 1179507 5
owner 4 1181455 5
owner 4 1179508 5
owner 4 1181456 5
owner 4 1183404 5
owner 4 1181457 5
owner 4 1183405 5
owner 4 1185353 5
owner 4 1183406 5
owner 4 1185354 5
owner 4 1183407 5
owner 4 1185355 5
owner 4 1183408 5
owner 4 1185352 5
owner 4 1183403 5
owner 4 1171716 5
owner 4 1171717 5
owner 4 1171718 5
owner 4 1171719 5
prev 4 425159
prev 4 1693713
prev 4 2118813
prev 4 1179510
owned 4 346318
owned 4 346319
owned 4 346320
owned 4 346321
owned 4 348265
owned 4 348266
owned 4 348267
owned 4 348268
owned 4 348269
owned 4 348270
owned 4 350212
owned 4 350213
owned 4 350214
owned 4 350215
owned 4 350216
owned 4 350217
owned 4 350218
owned 4 350219
owned 4 352160
owned 4 352161
owned 4 352162
owned 4 352163
owned 4 352164
owned 4 352165
owned 4 352166
owned 4 352167
owned 4 354108
owned 4 354109
owned 4 354110
owned 4 354111
owned 4 354112
owned 4 354113
owned 4 354114
owned 4 354115
owned 4 356056
owned 4 356057
owned 4 356058
owned 4 356059
owned 4 356060
owned 4 356061
owned 4 356062
owned 4 356063
owned 4 358005
owned 4 358006
owned 4 358007
owned 4 358008
owned 4 358009
owned 4 358010
owned 4 359954
owned 4 359955
owned 4 359956
owned 4 359957
bot 5 7 0eay8wsu 312910098 1672567 1183 858 52
owner 5 425159 2
owner 5 423211 2
owner 5 427107 2
owner 5 425158 2
owner 5 425160 2
owner 5 423212 2
owner 5 427108 2
owner 5 425161 2
owner 5 423213 2
owner 5 427109 2
owner 5 425162 2
owner 5 423214 2
owner 5 427110 2
owner 5 421266 2
owner 5 421265 2
owner 5 419317 2
owner 5 421264 2
owner 5 419316 2
owner 5 421263 2
owner 5 419315 2
owner 5 421262 2
owner 5 419314 2
owner 5 423210 2
owner 5 421261 2
owner 5 419313 2
owner 5 423209 2
owner 5 421260 2
owner 5 419312 2
owner 5 423208 2
owner 5 421259 2
owner 5 423207 2
owner 5 425155 2
owner 5 427103 2
owner 5 425156 2
owner 5 427104 2
owner 5 425157 2
owner 5 427105 2
owner 5 429053 2
owner 5 427106 2
owner 5 429054 2
owner 5 431002 2
owner 5 429055 2
owner 5 431003 2
owner 5 429056 2
owner 5 431004 2
owner 5 429057 2
owner 5 431001 2
owner 5 429052 2
owner 5 417365 2
owner 5 417366 2
owner 5 417367 2
owner 5 417368 2
owner 5 1693713 3
owner 5 1691765 3
owner 5 1695661 3
owner 5 1693712 3
owner 5 1693714 3
owner 5 1691766 3
owner 5 1695662 3
owner 5 1693715 3
owner 5 1691767 3
owner 5 1695663 3
owner 5 1693716 3
owner 5 1691768 3
owner 5 1695664 3
owner 5 1689820 3
owner 5 1689819 3
owner 5 1687871 3
owner 5 1689818 3
owner 5 1687870 3
owner 5 1689817 3
owner 5 1687869 3
owner 5 1689816 3
owner 5 1687868 3
owner 5 1691764 3
owner 5 1689815 3
owner 5 1687867 3
owner 5 1691763 3
owner 5 1689814 3
owner 5 1687866 3
owner 5 1691762 3
owner 5 1689813 3
owner 5 1691761 3
owner 5 1693709 3
owner 5 1695657 3
owner 5 1693710 3
owner 5 1695658 3
owner 5 1693711 3
owner 5 1695659 3
owner 5 1697607 3
owner 5 1695660 3
owner 5 1697608 3
owner 5 1699556 3
owner 5 1697609 3
owner 5 1699557 3
owner 5 1697610 3
owner 5 1699558 3
owner 5 1697611 3
owner 5 1699555 3
owner 5 1697606 3
owner 5 1685919 3
owner 5 1685920 3
owner 5 1685921 3
owner 5 1685922 3
owner 5 2118813 4
owner 5 2116865 4
owner 5 2120761 4
owner 5 2118812 4
owner 5 2118814 4
owner 5 2116866 4
owner 5 2120762 4
owner 5 2118815 4
owner 5 2116867 4
owner 5 2120763 4
owner 5 2118816 4
owner 5 2116868 4
owner 5 2120764 4
owner 5 2114920 4
owner 5 2114919 4
owner 5 2112971 4
owner 5 2114918 4
owner 5 2112970 4
owner 5 2114917 4
owner 5 2112969 4
owner 5 2114916 4
owner 5 2112968 4
owner 5 2116864 4
owner 5 2114915 4
owner 5 2112967 4
owner 5 2116863 4
owner 5 2114914 4
owner 5 2112966 4
owner 5 2116862 4
owner 5 2114913 4
owner 5 2116861 4
owner 5 2118809 4
owner 5 2120757 4
owner 5 2118810 4
owner 5 2120758 4
owner 5 2118811 4
owner 5 2120759 4
owner 5 2122707 4
owner 5 2120760 4
owner 5 2122708 4
owner 5 2124656 4
owner 5 2122709 4
owner 5 2124657 4
owner 5 2122710 4
owner 5 2124658 4
owner 5 2122711 4
owner 5 2124655 4
owner 5 2122706 4
owner 5 2111019 4
owner 5 2111020 4
owner 5 2111021 4
owner 5 2111022 4
owner 5 1179510 5
owner 5 1177562 5
owner 5 1181458 5
owner 5 1179509 5
owner 5 1179511 5
owner 5 1177563 5
owner 5 1181459 5
owner 5 1179512 5
owner 5 1177564 5
owner 5 1181460 5
owner 5 1179513 5
owner 5 1177565 5
owner 5 1181461 5
owner 5 1175617 5
owner 5 1175616 5
owner 5 1173668 5
owner 5 1175615 5
owner 5 1173667 5
owner 5 1175614 5
owner 5 1173666 5
owner 5 1175613 5
owner 5 1173665 5
owner 5 1177561 5
owner 5 1175612 5
owner 5 1173664 5
owner 5 1177560 5
owner 5 1175611 5
owner 5 1173663 5
owner 5 1177559 5
owner 5 1175610 5
owner 5 1177558 5
owner 5 1179506 5
owner 5 1181454 5
owner 5 1179507 5
owner 5 1181455 5
owner 5 1179508 5
owner 5 1181456 5
owner 5 1183404 5
owner 5 1181457 5
owner 5 1183405 5
owner 5 1185353 5
owner 5 1183406 5
owner 5 1185354 5
owner 5 1183407 5
owner 5 1185355 5
owner 5 1183408 5
owner 5 1185352 5
owner 5 1183403 5
owner 5 1171716 5
owner 5 1171717 5
owner 5 1171718 5
owner 5 1171719 5
owner 5 354112 6
owner 5 352164 6
owner 5 356060 6
owner 5 354111 6
owner 5 354113 6
owner 5 352165 6
owner 5 356061 6
owner 5 354114 6
owner 5 352166 6
owner 5 356062 6
owner 5 354115 6
owner 5 352167 6
owner 5 356063 6
owner 5 350219 6
owner 5 350218 6
owner 5 348270 6
owner 5 350217 6
owner 5 348269 6
owner 5 350216 6
owner 5 348268 6
owner 5 350215 6
owner 5 348267 6
owner 5 352163 6
owner 5 350214 6
owner 5 348266 6
owner 5 352162 6
owner 5 350213 6
owner 5 348265 6
owner 5 352161 6
owner 5 350212 6
owner 5 352160 6
owner 5 354108 6
owner 5 356056 6
owner 5 354109 6
owner 5 356057 6
owner 5 354110 6
owner 5 356058 6
owner 5 358006 6
owner 5 356059 6
owner 5 358007 6
owner 5 359955 6
owner 5 358008 6
owner 5 359956 6
owner 5 358009 6
owner 5 359957 6
owner 5 358010 6
owner 5 359954 6
owner 5 358005 6
owner 5 346318 6
owner 5 346319 6
owner 5 346320 6
owner 5 346321 6
prev 5 425159
prev 5 1693713
prev 5 2118813
prev 5 1179510
prev 5 354112
owned 5 1664773
owned 5 1664774
owned 5 1664775
owned 5 1664776
owned 5 1666720
owned 5 1666721
owned 5 1666722
owned 5 1666723
owned 5 1666724
owned 5 1666725
owned 5 1668667
owned 5 1668668
owned 5 1668669
owned 5 1668670
owned 5 1668671
owned 5 1668672
owned 5 1668673
owned 5 1668674
owned 5 1670615
owned 5 1670616
owned 5 1670617
owned 5 1670618
owned 5 1670619
owned 5 1670620
owned 5 1670621
owned 5 1670622
owned 5 1672563
owned 5 1672564
owned 5 1672565
owned 5 1672566
owned 5 1672567
owned 5 1672568
owned 5 1672569
owned 5 1672570
owned 5 1674511
owned 5 1674512
owned 5 1674513
owned 5 1674514
owned 5 1674515
owned 5 1674516
owned 5 1674517
owned 5 1674518
owned 5 1676460
owned 5 1676461
owned 5 1676462
owned 5 1676463
owned 5 1676464
owned 5 1676465
owned 5 1678409
owned 5 1678410
owned 5 1678411
owned 5 1678412
bot 6 8 l4g4juu8 1373847271 3737454 1190 1918 52
owner 6 425159 2
owner 6 423211 2
owner 6 427107 2
owner 6 425158 2
owner 6 425160 2
owner 6 423212 2
owner 6 427108 2
owner 6 425161 2
owner 6 423213 2
owner 6 427109 2
owner 6 425162 2
owner 6 423214 2
owner 6 427110 2
owner 6 421266 2
owner 6 421265 2
owner 6 419317 2
owner 6 421264 2
owner 6 419316 2
owner 6 421263 2
owner 6 419315 2
owner 6 421262 2
owner 6 419314 2
owner 6 423210 2
owner 6 421261 2
owner 6 419313 2
owner 6 423209 2
owner 6 421260 2
owner 6 419312 2
owner 6 423208 2
owner 6 421259 2
owner 6 423207 2
owner 6 425155 2
owner 6 427103 2
owner 6 425156 2
owner 6 427104 2
owner 6 425157 2
owner 6 427105 2
owner 6 429053 2
owner 6 427106 2
owner 6 429054 2
owner 6 431002 2
owner 6 429055 2
owner 6 431003 2
owner 6 429056 2
owner 6 431004 2
owner 6 429057 2
owner 6 431001 2
owner 6 429052 2
owner 6 417365 2
owner 6 417366 2
owner 6 417367 2
owner 6 417368 2
owner 6 1693713 3
owner 6 1691765 3
owner 6 1695661 3
owner 6 1693712 3
owner 6 1693714 3
owner 6 1691766 3
owner 6 1695662 3
owner 6 1693715 3
owner 6 1691767 3
owner 6 1695663 3
owner 6 1693716 3
owner 6 1691768 3
owner 6 1695664 3
owner 6 1689820 3
owner 6 1689819 3
owner 6 1687871 3
owner 6 1689818 3
owner 6 1687870 3
owner 6 1689817 3
owner 6 1687869 3
owner 6 1689816 3
owner 6 1687868 3
owner 6 1691764 3
owner 6 1689815 3
owner 6 1687867 3
owner 6 1691763 3
owner 6 1689814 3
owner 6 1687866 3
owner 6 1691762 3
owner 6 1689813 3
owner 6 1691761 3
owner 6 1693709 3
owner 6 1695657 3
owner 6 1693710 3
owner 6 1695658 3
owner 6 1693711 3
owner 6 1695659 3
owner 6 1697607 3
owner 6 1695660 3
owner 6 1697608 3
owner 6 1699556 3
owner 6 1697609 3
owner 6 1699557 3
owner 6 1697610 3
owner 6 1699558 3
owner 6 1697611 3
owner 6 1699555 3
owner 6 1697606 3
owner 6 1685919 3
owner 6 1685920 3
owner 6 1685921 3
owner 6 1685922 3
owner 6 2118813 4
owner 6 2116865 4
owner 6 2120761 4
owner 6 2118812 4
owner 6 2118814 4
owner 6 2116866 4
owner 6 2120762 4
owner 6 2118815 4
owner 6 2116867 4
owner 6 2120763 4
owner 6 2118816 4
owner 6 2116868 4
owner 6 2120764 4
owner 6 2114920 4
owner 6 2114919 4
owner 6 2112971 4
owner 6 2114918 4
owner 6 2112970 4
owner 6 2114917 4
owner 6 2112969 4
owner 6 2114916 4
owner 6 2112968 4
owner 6 2116864 4
owner 6 2114915 4
owner 6 2112967 4
owner 6 2116863 4
owner 6 2114914 4
owner 6 2112966 4
owner 6 2116862 4
owner 6 2114913 4
owner 6 2116861 4
owner 6 2118809 4
owner 6 2120757 4
owner 6 2118810 4
owner 6 2120758 4
owner 6 2118811 4
owner 6 2120759 4
owner 6 2122707 4
owner 6 2120760 4
owner 6 2122708 4
owner 6 2124656 4
owner 6 2122709 4
owner 6 2124657 4
owner 6 2122710 4
owner 6 2124658 4
owner 6 2122711 4
owner 6 2124655 4
owner 6 2122706 4
owner 6 2111019 4
owner 6 2111020 4
owner 6 2111021 4
owner 6 2111022 4
owner 6 1179510 5
owner 6 1177562 5
owner 6 1181458 5
owner 6 1179509 5
owner 6 1179511 5
owner 6 1177563 5
owner 6 1181459 5
owner 6 1179512 5
owner 6 1177564 5
owner 6 1181460 5
owner 6 1179513 5
owner 6 1177565 5
owner 6 1181461 5
owner 6 1175617 5
owner 6 1175616 5
owner 6 1173668 5
owner 6 1175615 5
owner 6 1173667 5
owner 6 1175614 5
owner 6 1173666 5
owner 6 1175613 5
owner 6 1173665 5
owner 6 1177561 5
owner 6 1175612 5
owner 6 1173664 5
owner 6 1177560 5
owner 6 1175611 5
owner 6 1173663 5
owner 6 1177559 5
owner 6 1175610 5
owner 6 1177558 5
owner 6 1179506 5
owner 6 1181454 5
owner 6 1179507 5
owner 6 1181455 5
owner 6 1179508 5
owner 6 1181456 5
owner 6 1183404 5
owner 6 1181457 5
owner 6 1183405 5
owner 6 1185353 5
owner 6 1183406 5
owner 6 1185354 5
owner 6 1183407 5
owner 6 1185355 5
owner 6 1183408 5
owner 6 1185352 5
owner 6 1183403 5
owner 6 1171716 5
owner 6 1171717 5
owner 6 1171718 5
owner 6 1171719 5
owner 6 354112 6
owner 6 352164 6
owner 6 356060 6
owner 6 354111 6
owner 6 354113 6
owner 6 352165 6
owner 6 356061 6
owner 6 354114 6
owner 6 352166 6
owner 6 356062 6
owner 6 354115 6
owner 6 352167 6
owner 6 356063 6
owner 6 350219 6
owner 6 350218 6
owner 6 348270 6
owner 6 350217 6
owner 6 348269 6
owner 6 350216 6
owner 6 348268 6
owner 6 350215 6
owner 6 348267 6
owner 6 352163 6
owner 6 350214 6
owner 6 348266 6
owner 6 352162 6
owner 6 350213 6
owner 6 348265 6
owner 6 352161 6
owner 6 350212 6
owner 6 352160 6
owner 6 354108 6
owner 6 356056 6
owner 6 354109 6
owner 6 356057 6
owner 6 354110 6
owner 6 356058 6
owner 6 358006 6
owner 6 356059 6
owner 6 358007 6
owner 6 359955 6
owner 6 358008 6
owner 6 359956 6
owner 6 358009 6
owner 6 359957 6
owner 6 358010 6
owner 6 359954 6
owner 6 358005 6
owner 6 346318 6
owner 6 346319 6
owner 6 346320 6
owner 6 346321 6
owner 6 1672567 7
owner 6 1670619 7
owner 6 1674515 7
owner 6 1672566 7
owner 6 1672568 7
owner 6 1670620 7
owner 6 1674516 7
owner 6 1672569 7
owner 6 1670621 7
owner 6 1674517 7
owner 6 1672570 7
owner 6 1670622 7
owner 6 1674518 7
owner 6 1668674 7
owner 6 1668673 7
owner 6 1666725 7
owner 6 1668672 7
owner 6 1666724 7
owner 6 1668671 7
owner 6 1666723 7
owner 6 1668670 7
owner 6 1666722 7
owner 6 1670618 7
owner 6 1668669 7
owner 6 1666721 7
owner 6 1670617 7
owner 6 1668668 7
owner 6 1666720 7
owner 6 1670616 7
owner 6 1668667 7
owner 6 1670615 7
owner 6 1672563 7
owner 6 1674511 7
owner 6 1672564 7
owner 6 1674512 7
owner 6 1672565 7
owner 6 1674513 7
owner 6 1676461 7
owner 6 1674514 7
owner 6 1676462 7
owner 6 1678410 7
owner 6 1676463 7
owner 6 1678411 7
owner 6 1676464 7
owner 6 1678412 7
owner 6 1676465 7
owner 6 1678409 7
owner 6 1676460 7
owner 6 1664773 7
owner 6 1664774 7
owner 6 1664775 7
owner 6 1664776 7
prev 6 425159
prev 6 1693713
prev 6 2118813
prev 6 1179510
prev 6 354112
prev 6 1672567
owned 6 3729660
owned 6 3729661
owned 6 3729662
owned 6 3729663
owned 6 3731607
owned 6 3731608
owned 6 3731609
owned 6 3731610
owned 6 3731611
owned 6 3731612
owned 6 3733554
owned 6 3733555
owned 6 3733556
owned 6 3733557
owned 6 3733558
owned 6 3733559
owned 6 3733560
owned 6 3733561
owned 6 3735502
owned 6 3735503
owned 6 3735504
owned 6 3735505
owned 6 3735506
owned 6 3735507
owned 6 3735508
owned 6 3735509
owned 6 3737450
owned 6 3737451
owned 6 3737452
owned 6 3737453
owned 6 3737454
owned 6 3737455
owned 6 3737456
owned 6 3737457
owned 6 3739398
owned 6 3739399
owned 6 3739400
owned 6 3739401
owned 6 3739402
owned 6 3739403
owned 6 3739404
owned 6 3739405
owned 6 3741347
owned 6 3741348
owned 6 3741349
owned 6 3741350
owned 6 3741351
owned 6 3741352
owned 6 3743296
owned 6 3743297
owned 6 3743298
owned 6 3743299
bot 7 9 gsw4n5km 1786011062 1534836 1760 787 52
owner 7 425159 2
owner 7 423211 2
owner 7 427107 2
owner 7 425158 2
owner 7 425160 2
owner 7 423212 2
owner 7 427108 2
owner 7 425161 2
owner 7 423213 2
owner 7 427109 2
owner 7 425162 2
owner 7 423214 2
owner 7 427110 2
owner 7 421266 2
owner 7 421265 2
owner 7 419317 2
owner 7 421264 2
owner 7 419316 2
owner 7 421263 2
owner 7 419315 2
owner 7 421262 2
owner 7 419314 2
owner 7 423210 2
owner 7 421261 2
owner 7 419313 2
owner 7 423209 2
owner 7 421260 2
owner 7 419312 2
owner 7 423208 2
owner 7 421259 2
owner 7 423207 2
owner 7 425155 2
owner 7 427103 2
owner 7 425156 2
owner 7 427104 2
owner 7 425157 2
owner 7 427105 2
owner 7 429053 2
owner 7 427106 2
owner 7 429054 2
owner 7 431002 2
owner 7 429055 2
owner 7 431003 2
owner 7 429056 2
owner 7 431004 2
owner 7 429057 2
owner 7 431001 2
owner 7 429052 2
owner 7 417365 2
owner 7 417366 2
owner 7 417367 2
owner 7 417368 2
owner 7 1693713 3
owner 7 1691765 3
owner 7 1695661 3
owner 7 1693712 3
owner 7 1693714 3
owner 7 1691766 3
owner 7 1695662 3
owner 7 1693715 3
owner 7 1691767 3
owner 7 1695663 3
owner 7 1693716 3
owner 7 1691768 3
owner 7 1695664 3
owner 7 1689820 3
owner 7 1689819 3
owner 7 1687871 3
owner 7 1689818 3
owner 7 1687870 3
owner 7 1689817 3
owner 7 1687869 3
owner 7 1689816 3
owner 7 1687868 3
owner 7 1691764 3
owner 7 1689815 3
owner 7 1687867 3
owner 7 1691763 3
owner 7 1689814 3
owner 7 1687866 3
owner 7 1691762 3
owner 7 1689813 3
owner 7 1691761 3
owner 7 1693709 3
owner 7 1695657 3
owner 7 1693710 3
owner 7 1695658 3
owner 7 1693711 3
owner 7 1695659 3
owner 7 1697607 3
owner 7 1695660 3
owner 7 1697608 3
owner 7 1699556 3
owner 7 1697609 3
owner 7 1699557 3
owner 7 1697610 3
owner 7 1699558 3
owner 7 1697611 3
owner 7 1699555 3
owner 7 1697606 3
owner 7 1685919 3
owner 7 1685920 3
owner 7 1685921 3
owner 7 1685922 3
owner 7 2118813 4
owner 7 2116865 4
owner 7 2120761 4
owner 7 2118812 4
owner 7 2118814 4
owner 7 2116866 4
owner 7 2120762 4
owner 7 2118815 4
owner 7 2116867 4
owner 7 2120763 4
owner 7 2118816 4
owner 7 2116868 4
owner 7 2120764 4
owner 7 2114920 4
owner 7 2114919 4
owner 7 2112971 4
owner 7 2114918 4
owner 7 2112970 4
owner 7 2114917 4
owner 7 2112969 4
owner 7 2114916 4
owner 7 2112968 4
owner 7 2116864 4
owner 7 2114915 4
owner 7 2112967 4
owner 7 2116863 4
owner 7 2114914 4
owner 7 2112966 4
owner 7 2116862 4
owner 7 2114913 4
owner 7 2116861 4
owner 7 2118809 4
owner 7 2120757 4
owner 7 2118810 4
owner 7 2120758 4
owner 7 2118811 4
owner 7 2120759 4
owner 7 2122707 4
owner 7 2120760 4
owner 7 2122708 4
owner 7 2124656 4
owner 7 2122709 4
owner 7 2124657 4
owner 7 2122710 4
owner 7 2124658 4
owner 7 2122711 4
owner 7 2124655 4
owner 7 2122706 4
owner 7 2111019 4
owner 7 2111020 4
owner 7 2111021 4
owner 7 2111022 4
owner 7 1179510 5
owner 7 1177562 5
owner 7 1181458 5
owner 7 1179509 5
owner 7 1179511 5
owner 7 1177563 5
owner 7 1181459 5
owner 7 1179512 5
owner 7 1177564 5
owner 7 1181460 5
owner 7 1179513 5
owner 7 1177565 5
owner 7 1181461 5
owner 7 1175617 5
owner 7 1175616 5
owner 7 1173668 5
owner 7 1175615 5
owner 7 1173667 5
owner 7 1175614 5
owner 7 1173666 5
owner 7 1175613 5
owner 7 1173665 5
owner 7 1177561 5
owner 7 1175612 5
owner 7 1173664 5
owner 7 1177560 5
owner 7 1175611 5
owner 7 1173663 5
owner 7 1177559 5
owner 7 1175610 5
owner 7 1177558 5
owner 7 1179506 5
owner 7 1181454 5
owner 7 1179507 5
owner 7 1181455 5
owner 7 1179508 5
owner 7 1181456 5
owner 7 1183404 5
owner 7 1181457 5
owner 7 1183405 5
owner 7 1185353 5
owner 7 1183406 5
owner 7 1185354 5
owner 7 1183407 5
owner 7 1185355 5
owner 7 1183408 5
owner 7 1185352 5
owner 7 1183403 5
owner 7 1171716 5
owner 7 1171717 5
owner 7 1171718 5
owner 7 1171719 5
owner 7 354112 6
owner 7 352164 6
owner 7 356060 6
owner 7 354111 6
owner 7 354113 6
owner 7 352165 6
owner 7 356061 6
owner 7 354114 6
owner 7 352166 6
owner 7 356062 6
owner 7 354115 6
owner 7 352167 6
owner 7 356063 6
owner 7 350219 6
owner 7 350218 6
owner 7 348270 6
owner 7 350217 6
owner 7 348269 6
owner 7 350216 6
owner 7 348268 6
owner 7 350215 6
owner 7 348267 6
owner 7 352163 6
owner 7 350214 6
owner 7 348266 6
owner 7 352162 6
owner 7 350213 6
owner 7 348265 6
owner 7 352161 6
owner 7 350212 6
owner 7 352160 6
owner 7 354108 6
owner 7 356056 6
owner 7 354109 6
owner 7 356057 6
owner 7 354110 6
owner 7 356058 6
owner 7 358006 6
owner 7 356059 6
owner 7 358007 6
owner 7 359955 6
owner 7 358008 6
owner 7 359956 6
owner 7 358009 6
owner 7 359957 6
owner 7 358010 6
owner 7 359954 6
owner 7 358005 6
owner 7 346318 6
owner 7 346319 6
owner 7 346320 6
owner 7 346321 6
owner 7 1672567 7
owner 7 1670619 7
owner 7 1674515 7
owner 7 1672566 7
owner 7 1672568 7
owner 7 1670620 7
owner 7 1674516 7
owner 7 1672569 7
owner 7 1670621 7
owner 7 1674517 7
owner 7 1672570 7
owner 7 1670622 7
owner 7 1674518 7
owner 7 1668674 7
owner 7 1668673 7
owner 7 1666725 7
owner 7 1668672 7
owner 7 1666724 7
owner 7 1668671 7
owner 7 1666723 7
owner 7 1668670 7
owner 7 1666722 7
owner 7 1670618 7
owner 7 1668669 7
owner 7 1666721 7
owner 7 1670617 7
owner 7 1668668 7
owner 7 1666720 7
owner 7 1670616 7
owner 7 1668667 7
owner 7 1670615 7
owner 7 1672563 7
owner 7 1674511 7
owner 7 1672564 7
owner 7 1674512 7
owner 7 1672565 7
owner 7 1674513 7
owner 7 1676461 7
owner 7 1674514 7
owner 7 1676462 7
owner 7 1678410 7
owner 7 1676463 7
owner 7 1678411 7
owner 7 1676464 7
owner 7 1678412 7
owner 7 1676465 7
owner 7 1678409 7
owner 7 1676460 7
owner 7 1664773 7
owner 7 1664774 7
owner 7 1664775 7
owner 7 1664776 7
owner 7 3737454 8
owner 7 3735506 8
owner 7 3739402 8
owner 7 3737453 8
owner 7 3737455 8
owner 7 3735507 8
owner 7 3739403 8
owner 7 3737456 8
owner 7 3735508 8
owner 7 3739404 8
owner 7 3737457 8
owner 7 3735509 8
owner 7 3739405 8
owner 7 3733561 8
owner 7 3733560 8
owner 7 3731612 8
owner 7 3733559 8
owner 7 3731611 8
owner 7 3733558 8
owner 7 3731610 8
owner 7 3733557 8
owner 7 3731609 8
owner 7 3735505 8
owner 7 3733556 8
owner 7 3731608 8
owner 7 3735504 8
owner 7 3733555 8
owner 7 3731607 8
owner 7 3735503 8
owner 7 3733554 8
owner 7 3735502 8
owner 7 3737450 8
owner 7 3739398 8
owner 7 3737451 8
owner 7 3739399 8
owner 7 3737452 8
owner 7 3739400 8
owner 7 3741348 8
owner 7 3739401 8
owner 7 3741349 8
owner 7 3743297 8
owner 7 3741350 8
owner 7 3743298 8
owner 7 3741351 8
owner 7 3743299 8
owner 7 3741352 8
owner 7 3743296 8
owner 7 3741347 8
owner 7 3729660 8
owner 7 3729661 8
owner 7 3729662 8
owner 7 3729663 8
prev 7 425159
prev 7 1693713
prev 7 2118813
prev 7 1179510
prev 7 354112
prev 7 1672567
prev 7 3737454
owned 7 1527042
owned 7 1527043
owned 7 1527044
owned 7 1527045
owned 7 1528989
owned 7 1528990
owned 7 1528991
owned 7 1528992
owned 7 1528993
owned 7 1528994
owned 7 1530936
owned 7 1530937
owned 7 1530938
owned 7 1530939
owned 7 1530940
owned 7 1530941
owned 7 1530942
owned 7 1530943
owned 7 1532884
owned 7 1532885
owned 7 1532886
owned 7 1532887
owned 7 1532888
owned 7 1532889
owned 7 1532890
owned 7 1532891
owned 7 1534832
owned 7 1534833
owned 7 1534834
owned 7 1534835
owned 7 1534836
owned 7 1534837
owned 7 1534838
owned 7 1534839
owned 7 1536780
owned 7 1536781
owned 7 1536782
owned 7 1536783
owned 7 1536784
owned 7 1536785
owned 7 1536786
owned 7 1536787
owned 7 1538729
owned 7 1538730
owned 7 1538731
owned 7 1538732
owned 7 1538733
owned 7 1538734
owned 7 1540678
owned 7 1540679
owned 7 1540680
owned 7 1540681
bot 8 10 ooz4f963 1067254298 1363119 1467 699 52
owner 8 425159 2
owner 8 423211 2
owner 8 427107 2
owner 8 425158 2
owner 8 425160 2
owner 8 423212 2
owner 8 427108 2
owner 8 425161 2
owner 8 423213 2
owner 8 427109 2
owner 8 425162 2
owner 8 423214 2
owner 8 427110 2
owner 8 421266 2
owner 8 421265 2
owner 8 419317 2
owner 8 421264 2
owner 8 419316 2
owner 8 421263 2
owner 8 419315 2
owner 8 421262 2
owner 8 419314 2
owner 8 423210 2
owner 8 421261 2
owner 8 419313 2
owner 8 423209 2
owner 8 421260 2
owner 8 419312 2
owner 8 423208 2
owner 8 421259 2
owner 8 423207 2
owner 8 425155 2
owner 8 427103 2
owner 8 425156 2
owner 8 427104 2
owner 8 425157 2
owner 8 427105 2
owner 8 429053 2
owner 8 427106 2
owner 8 429054 2
owner 8 431002 2
owner 8 429055 2
owner 8 431003 2
owner 8 429056 2
owner 8 431004 2
owner 8 429057 2
owner 8 431001 2
owner 8 429052 2
owner 8 417365 2
owner 8 417366 2
owner 8 417367 2
owner 8 417368 2
owner 8 1693713 3
owner 8 1691765 3
owner 8 1695661 3
owner 8 1693712 3
owner 8 1693714 3
owner 8 1691766 3
owner 8 1695662 3
owner 8 1693715 3
owner 8 1691767 3
owner 8 1695663 3
owner 8 1693716 3
owner 8 1691768 3
owner 8 1695664 3
owner 8 1689820 3
owner 8 1689819 3
owner 8 1687871 3
owner 8 1689818 3
owner 8 1687870 3
owner 8 1689817 3
owner 8 1687869 3
owner 8 1689816 3
owner 8 1687868 3
owner 8 1691764 3
owner 8 1689815 3
owner 8 1687867 3
owner 8 1691763 3
owner 8 1689814 3
owner 8 1687866 3
owner 8 1691762 3
owner 8 1689813 3
owner 8 1691761 3
owner 8 1693709 3
owner 8 1695657 3
owner 8 1693710 3
owner 8 1695658 3
owner 8 1693711 3
owner 8 1695659 3
owner 8 1697607 3
owner 8 1695660 3
owner 8 1697608 3
owner 8 1699556 3
owner 8 1697609 3
owner 8 1699557 3
owner 8 1697610 3
owner 8 1699558 3
owner 8 1697611 3
owner 8 1699555 3
owner 8 1697606 3
owner 8 1685919 3
owner 8 1685920 3
owner 8 1685921 3
owner 8 1685922 3
owner 8 2118813 4
owner 8 2116865 4
owner 8 2120761 4
owner 8 2118812 4
owner 8 2118814 4
owner 8 2116866 4
owner 8 2120762 4
owner 8 2118815 4
owner 8 2116867 4
owner 8 2120763 4
owner 8 2118816 4
owner 8 2116868 4
owner 8 2120764 4
owner 8 2114920 4
owner 8 2114919 4
owner 8 2112971 4
owner 8 2114918 4
owner 8 2112970 4
owner 8 2114917 4
owner 8 2112969 4
owner 8 2114916 4
owner 8 2112968 4
owner 8 2116864 4
owner 8 2114915 4
owner 8 2112967 4
owner 8 2116863 4
owner 8 2114914 4
owner 8 2112966 4
owner 8 2116862 4
owner 8 2114913 4
owner 8 2116861 4
owner 8 2118809 4
owner 8 2120757 4
owner 8 2118810 4
owner 8 2120758 4
owner 8 2118811 4
owner 8 2120759 4
owner 8 2122707 4
owner 8 2120760 4
owner 8 2122708 4
owner 8 2124656 4
owner 8 2122709 4
owner 8 2124657 4
owner 8 2122710 4
owner 8 2124658 4
owner 8 2122711 4
owner 8 2124655 4
owner 8 2122706 4
owner 8 2111019 4
owner 8 2111020 4
owner 8 2111021 4
owner 8 2111022 4
owner 8 1179510 5
owner 8 1177562 5
owner 8 1181458 5
owner 8 1179509 5
owner 8 1179511 5
owner 8 1177563 5
owner 8 1181459 5
owner 8 1179512 5
owner 8 1177564 5
owner 8 1181460 5
owner 8 1179513 5
owner 8 1177565 5
owner 8 1181461 5
owner 8 1175617 5
owner 8 1175616 5
owner 8 1173668 5
owner 8 1175615 5
owner 8 1173667 5
owner 8 1175614 5
owner 8 1173666 5
owner 8 1175613 5
owner 8 1173665 5
owner 8 1177561 5
owner 8 1175612 5
owner 8 1173664 5
owner 8 1177560 5
owner 8 1175611 5
owner 8 1173663 5
owner 8 1177559 5
owner 8 1175610 5
owner 8 1177558 5
owner 8 1179506 5
owner 8 1181454 5
owner 8 1179507 5
owner 8 1181455 5
owner 8 1179508 5
owner 8 1181456 5
owner 8 1183404 5
owner 8 1181457 5
owner 8 1183405 5
owner 8 1185353 5
owner 8 1183406 5
owner 8 1185354 5
owner 8 1183407 5
owner 8 1185355 5
owner 8 1183408 5
owner 8 1185352 5
owner 8 1183403 5
owner 8 1171716 5
owner 8 1171717 5
owner 8 1171718 5
owner 8 1171719 5
owner 8 354112 6
owner 8 352164 6
owner 8 356060 6
owner 8 354111 6
owner 8 354113 6
owner 8 352165 6
owner 8 356061 6
owner 8 354114 6
owner 8 352166 6
owner 8 356062 6
owner 8 354115 6
owner 8 352167 6
owner 8 356063 6
owner 8 350219 6
owner 8 350218 6
owner 8 348270 6
owner 8 350217 6
owner 8 348269 6
owner 8 350216 6
owner 8 348268 6
owner 8 350215 6
owner 8 348267 6
owner 8 352163 6
owner 8 350214 6
owner 8 348266 6
owner 8 352162 6
owner 8 350213 6
owner 8 348265 6
owner 8 352161 6
owner 8 350212 6
owner 8 352160 6
owner 8 354108 6
owner 8 356056 6
owner 8 354109 6
owner 8 356057 6
owner 8 354110 6
owner 8 356058 6
owner 8 358006 6
owner 8 356059 6
owner 8 358007 6
owner 8 359955 6
owner 8 358008 6
owner 8 359956 6
owner 8 358009 6
owner 8 359957 6
owner 8 358010 6
owner 8 359954 6
owner 8 358005 6
owner 8 346318 6
owner 8 346319 6
owner 8 346320 6
owner 8 346321 6
owner 8 1672567 7
owner 8 1670619 7
owner 8 1674515 7
owner 8 1672566 7
owner 8 1672568 7
owner 8 1670620 7
owner 8 1674516 7
owner 8 1672569 7
owner 8 1670621 7
owner 8 1674517 7
owner 8 1672570 7
owner 8 1670622 7
owner 8 1674518 7
owner 8 1668674 7
owner 8 1668673 7
owner 8 1666725 7
owner 8 1668672 7
owner 8 1666724 7
owner 8 1668671 7
owner 8 1666723 7
owner 8 1668670 7
owner 8 1666722 7
owner 8 1670618 7
owner 8 1668669 7
owner 8 1666721 7
owner 8 1670617 7
owner 8 1668668 7
owner 8 1666720 7
owner 8 1670616 7
owner 8 1668667 7
owner 8 1670615 7
owner 8 1672563 7
owner 8 1674511 7
owner 8 1672564 7
owner 8 1674512 7
owner 8 1672565 7
owner 8 1674513 7
owner 8 1676461 7
owner 8 1674514 7
owner 8 1676462 7
owner 8 1678410 7
owner 8 1676463 7
owner 8 1678411 7
owner 8 1676464 7
owner 8 1678412 7
owner 8 1676465 7
owner 8 1678409 7
owner 8 1676460 7
owner 8 1664773 7
owner 8 1664774 7
owner 8 1664775 7
owner 8 1664776 7
owner 8 3737454 8
owner 8 3735506 8
owner 8 3739402 8
owner 8 3737453 8
owner 8 3737455 8
owner 8 3735507 8
owner 8 3739403 8
owner 8 3737456 8
owner 8 3735508 8
owner 8 3739404 8
owner 8 3737457 8
owner 8 3735509 8
owner 8 3739405 8
owner 8 3733561 8
owner 8 3733560 8
owner 8 3731612 8
owner 8 3733559 8
owner 8 3731611 8
owner 8 3733558 8
owner 8 3731610 8
owner 8 3733557 8
owner 8 3731609 8
owner 8 3735505 8
owner 8 3733556 8
owner 8 3731608 8
owner 8 3735504 8
owner 8 3733555 8
owner 8 3731607 8
owner 8 3735503 8
owner 8 3733554 8
owner 8 3735502 8
owner 8 3737450 8
owner 8 3739398 8
owner 8 3737451 8
owner 8 3739399 8
owner 8 3737452 8
owner 8 3739400 8
owner 8 3741348 8
owner 8 3739401 8
owner 8 3741349 8
owner 8 3743297 8
owner 8 3741350 8
owner 8 3743298 8
owner 8 3741351 8
owner 8 3743299 8
owner 8 3741352 8
owner 8 3743296 8
owner 8 3741347 8
owner 8 3729660 8
owner 8 3729661 8
owner 8 3729662 8
owner 8 3729663 8
owner 8 1534836 9
owner 8 1532888 9
owner 8 1536784 9
owner 8 1534835 9
owner 8 1534837 9
owner 8 1532889 9
owner 8 1536785 9
owner 8 1534838 9
owner 8 1532890 9
owner 8 1536786 9
owner 8 1534839 9
owner 8 1532891 9
owner 8 1536787 9
owner 8 1530943 9
owner 8 1530942 9
owner 8 1528994 9
owner 8 1530941 9
owner 8 1528993 9
owner 8 1530940 9
owner 8 1528992 9
owner 8 1530939 9
owner 8 1528991 9
owner 8 1532887 9
owner 8 1530938 9
owner 8 1528990 9
owner 8 1532886 9
owner 8 1530937 9
owner 8 1528989 9
owner 8 1532885 9
owner 8 1530936 9
owner 8 1532884 9
owner 8 1534832 9
owner 8 1536780 9
owner 8 1534833 9
owner 8 1536781 9
owner 8 1534834 9
owner 8 1536782 9
owner 8 1538730 9
owner 8 1536783 9
owner 8 1538731 9
owner 8 1540679 9
owner 8 1538732 9
owner 8 1540680 9
owner 8 1538733 9
owner 8 1540681 9
owner 8 1538734 9
owner 8 1540678 9
owner 8 1538729 9
owner 8 1527042 9
owner 8 1527043 9
owner 8 1527044 9
owner 8 1527045 9
prev 8 425159
prev 8 1693713
prev 8 2118813
prev 8 1179510
prev 8 354112
prev 8 1672567
prev 8 3737454
prev 8 1534836
owned 8 1355325
owned 8 1355326
owned 8 1355327
owned 8 1355328
owned 8 1357272
owned 8 1357273
owned 8 1357274
owned 8 1357275
owned 8 1357276
owned 8 1357277
owned 8 1359219
owned 8 1359220
owned 8 1359221
owned 8 1359222
owned 8 1359223
owned 8 1359224
owned 8 1359225
owned 8 1359226
owned 8 1361167
owned 8 1361168
owned 8 1361169
owned 8 1361170
owned 8 1361171
owned 8 1361172
owned 8 1361173
owned 8 1361174
owned 8 1363115
owned 8 1363116
owned 8 1363117
owned 8 1363118
owned 8 1363119
owned 8 1363120
owned 8 1363121
owned 8 1363122
owned 8 1365063
owned 8 1365064
owned 8 1365065
owned 8 1365066
owned 8 1365067
owned 8 1365068
owned 8 1365069
owned 8 1365070
owned 8 1367012
owned 8 1367013
owned 8 1367014
owned 8 1367015
owned 8 1367016
owned 8 1367017
owned 8 1368961
owned 8 1368962
owned 8 1368963
owned 8 1368964
bot 9 11 g49bog52 471077977 1246290 1518 639 52
owner 9 425159 2
owner 9 423211 2
owner 9 427107 2
owner 9 425158 2
owner 9 425160 2
owner 9 423212 2
owner 9 427108 2
owner 9 425161 2
owner 9 423213 2
owner 9 427109 2
owner 9 425162 2
owner 9 423214 2
owner 9 427110 2
owner 9 421266 2
owner 9 421265 2
owner 9 419317 2
owner 9 421264 2
owner 9 419316 2
owner 9 421263 2
owner 9 419315 2
owner 9 421262 2
owner 9 419314 2
owner 9 423210 2
owner 9 421261 2
owner 9 419313 2
owner 9 423209 2
owner 9 421260 2
owner 9 419312 2
owner 9 423208 2
owner 9 421259 2
owner 9 423207 2
owner 9 425155 2
owner 9 427103 2
owner 9 425156 2
owner 9 427104 2
owner 9 425157 2
owner 9 427105 2
owner 9 429053 2
owner 9 427106 2
owner 9 429054 2
owner 9 431002 2
owner 9 429055 2
owner 9 431003 2
owner 9 429056 2
owner 9 431004 2
owner 9 429057 2
owner 9 431001 2
owner 9 429052 2
owner 9 417365 2
owner 9 417366 2
owner 9 417367 2
owner 9 417368 2
owner 9 1693713 3
owner 9 1691765 3
owner 9 1695661 3
owner 9 1693712 3
owner 9 1693714 3
owner 9 1691766 3
owner 9 1695662 3
owner 9 1693715 3
owner 9 1691767 3
owner 9 1695663 3
owner 9 1693716 3
owner 9 1691768 3
owner 9 1695664 3
owner 9 1689820 3
owner 9 1689819 3
owner 9 1687871 3
owner 9 1689818 3
owner 9 1687870 3
owner 9 1689817 3
owner 9 1687869 3
owner 9 1689816 3
owner 9 1687868 3
owner 9 1691764 3
owner 9 1689815 3
owner 9 1687867 3
owner 9 1691763 3
owner 9 1689814 3
owner 9 1687866 3
owner 9 1691762 3
owner 9 1689813 3
owner 9 1691761 3
owner 9 1693709 3
owner 9 1695657 3
owner 9 1693710 3
owner 9 1695658 3
owner 9 1693711 3
owner 9 1695659 3
owner 9 1697607 3
owner 9 1695660 3
owner 9 1697608 3
owner 9 1699556 3
owner 9 1697609 3
owner 9 1699557 3
owner 9 1697610 3
owner 9 1699558 3
owner 9 1697611 3
owner 9 1699555 3
owner 9 1697606 3
owner 9 1685919 3
owner 9 1685920 3
owner 9 1685921 3
owner 9 1685922 3
owner 9 2118813 4
owner 9 2116865 4
owner 9 2120761 4
owner 9 2118812 4
owner 9 2118814 4
owner 9 2116866 4
owner 9 2120762 4
owner 9 2118815 4
owner 9 2116867 4
owner 9 2120763 4
owner 9 2118816 4
owner 9 2116868 4
owner 9 2120764 4
owner 9 2114920 4
owner 9 2114919 4
owner 9 2112971 4
owner 9 2114918 4
owner 9 2112970 4
owner 9 2114917 4
owner 9 2112969 4
owner 9 2114916 4
owner 9 2112968 4
owner 9 2116864 4
owner 9 2114915 4
owner 9 2112967 4
owner 9 2116863 4
owner 9 2114914 4
owner 9 2112966 4
owner 9 2116862 4
owner 9 2114913 4
owner 9 2116861 4
owner 9 2118809 4
owner 9 2120757 4
owner 9 2118810 4
owner 9 2120758 4
owner 9 2118811 4
owner 9 2120759 4
owner 9 2122707 4
owner 9 2120760 4
owner 9 2122708 4
owner 9 2124656 4
owner 9 2122709 4
owner 9 2124657 4
owner 9 2122710 4
owner 9 2124658 4
owner 9 2122711 4
owner 9 2124655 4
owner 9 2122706 4
owner 9 2111019 4
owner 9 2111020 4
owner 9 2111021 4
owner 9 2111022 4
owner 9 1179510 5
owner 9 1177562 5
owner 9 1181458 5
owner 9 1179509 5
owner 9 1179511 5
owner 9 1177563 5
owner 9 1181459 5
owner 9 1179512 5
owner 9 1177564 5
owner 9 1181460 5
owner 9 1179513 5
owner 9 1177565 5
owner 9 1181461 5
owner 9 1175617 5
owner 9 1175616 5
owner 9 1173668 5
owner 9 1175615 5
owner 9 1173667 5
owner 9 1175614 5
owner 9 1173666 5
owner 9 1175613 5
owner 9 1173665 5
owner 9 1177561 5
owner 9 1175612 5
owner 9 1173664 5
owner 9 1177560 5
owner 9 1175611 5
owner 9 1173663 5
owner 9 1177559 5
owner 9 1175610 5
owner 9 1177558 5
owner 9 1179506 5
owner 9 1181454 5
owner 9 1179507 5
owner 9 1181455 5
owner 9 1179508 5
owner 9 1181456 5
owner 9 1183404 5
owner 9 1181457 5
owner 9 1183405 5
owner 9 1185353 5
owner 9 1183406 5
owner 9 1185354 5
owner 9 1183407 5
owner 9 1185355 5
owner 9 1183408 5
owner 9 1185352 5
owner 9 1183403 5
owner 9 1171716 5
owner 9 1171717 5
owner 9 1171718 5
owner 9 1171719 5
owner 9 354112 6
owner 9 352164 6
owner 9 356060 6
owner 9 354111 6
owner 9 354113 6
owner 9 352165 6
owner 9 356061 6
owner 9 354114 6
owner 9 352166 6
owner 9 356062 6
owner 9 354115 6
owner 9 352167 6
owner 9 356063 6
owner 9 350219 6
owner 9 350218 6
owner 9 348270 6
owner 9 350217 6
owner 9 348269 6
owner 9 350216 6
owner 9 348268 6
owner 9 350215 6
owner 9 348267 6
owner 9 352163 6
owner 9 350214 6
owner 9 348266 6
owner 9 352162 6
owner 9 350213 6
owner 9 348265 6
owner 9 352161 6
owner 9 350212 6
owner 9 352160 6
owner 9 354108 6
owner 9 356056 6
owner 9 354109 6
owner 9 356057 6
owner 9 354110 6
owner 9 356058 6
owner 9 358006 6
owner 9 356059 6
owner 9 358007 6
owner 9 359955 6
owner 9 358008 6
owner 9 359956 6
owner 9 358009 6
owner 9 359957 6
owner 9 358010 6
owner 9 359954 6
owner 9 358005 6
owner 9 346318 6
owner 9 346319 6
owner 9 346320 6
owner 9 346321 6
owner 9 1672567 7
owner 9 1670619 7
owner 9 1674515 7
owner 9 1672566 7
owner 9 1672568 7
owner 9 1670620 7
owner 9 1674516 7
owner 9 1672569 7
owner 9 1670621 7
owner 9 1674517 7
owner 9 1672570 7
owner 9 1670622 7
owner 9 1674518 7
owner 9 1668674 7
owner 9 1668673 7
owner 9 1666725 7
owner 9 1668672 7
owner 9 1666724 7
owner 9 1668671 7
owner 9 1666723 7
owner 9 1668670 7
owner 9 1666722 7
owner 9 1670618 7
owner 9 1668669 7
owner 9 1666721 7
owner 9 1670617 7
owner 9 1668668 7
owner 9 1666720 7
owner 9 1670616 7
owner 9 1668667 7
owner 9 1670615 7
owner 9 1672563 7
owner 9 1674511 7
owner 9 1672564 7
owner 9 1674512 7
owner 9 1672565 7
owner 9 1674513 7
owner 9 1676461 7
owner 9 1674514 7
owner 9 1676462 7
owner 9 1678410 7
owner 9 1676463 7
owner 9 1678411 7
owner 9 1676464 7
owner 9 1678412 7
owner 9 1676465 7
owner 9 1678409 7
owner 9 1676460 7
owner 9 1664773 7
owner 9 1664774 7
owner 9 1664775 7
owner 9 1664776 7
owner 9 3737454 8
owner 9 3735506 8
owner 9 3739402 8
owner 9 3737453 8
owner 9 3737455 8
owner 9 3735507 8
owner 9 3739403 8
owner 9 3737456 8
owner 9 3735508 8
owner 9 3739404 8
owner 9 3737457 8
owner 9 3735509 8
owner 9 3739405 8
owner 9 3733561 8
owner 9 3733560 8
owner 9 3731612 8
owner 9 3733559 8
owner 9 3731611 8
owner 9 3733558 8
owner 9 3731610 8
owner 9 3733557 8
owner 9 3731609 8
owner 9 3735505 8
owner 9 3733556 8
owner 9 3731608 8
owner 9 3735504 8
owner 9 3733555 8
owner 9 3731607 8
owner 9 3735503 8
owner 9 3733554 8
owner 9 3735502 8
owner 9 3737450 8
owner 9 3739398 8
owner 9 3737451 8
owner 9 3739399 8
owner 9 3737452 8
owner 9 3739400 8
owner 9 3741348 8
owner 9 3739401 8
owner 9 3741349 8
owner 9 3743297 8
owner 9 3741350 8
owner 9 3743298 8
owner 9 3741351 8
owner 9 3743299 8
owner 9 3741352 8
owner 9 3743296 8
owner 9 3741347 8
owner 9 3729660 8
owner 9 3729661 8
owner 9 3729662 8
owner 9 3729663 8
owner 9 1534836 9
owner 9 1532888 9
owner 9 1536784 9
owner 9 1534835 9
owner 9 1534837 9
owner 9 1532889 9
owner 9 1536785 9
owner 9 1534838 9
owner 9 1532890 9
owner 9 1536786 9
owner 9 1534839 9
owner 9 1532891 9
owner 9 1536787 9
owner 9 1530943 9
owner 9 1530942 9
owner 9 1528994 9
owner 9 1530941 9
owner 9 1528993 9
owner 9 1530940 9
owner 9 1528992 9
owner 9 1530939 9
owner 9 1528991 9
owner 9 1532887 9
owner 9 1530938 9
owner 9 1528990 9
owner 9 1532886 9
owner 9 1530937 9
owner 9 1528989 9
owner 9 1532885 9
owner 9 1530936 9
owner 9 1532884 9
owner 9 1534832 9
owner 9 1536780 9
owner 9 1534833 9
owner 9 1536781 9
owner 9 1534834 9
owner 9 1536782 9
owner 9 1538730 9
owner 9 1536783 9
owner 9 1538731 9
owner 9 1540679 9
owner 9 1538732 9
owner 9 1540680 9
owner 9 1538733 9
owner 9 1540681 9
owner 9 1538734 9
owner 9 1540678 9
owner 9 1538729 9
owner 9 1527042 9
owner 9 1527043 9
owner 9 1527044 9
owner 9 1527045 9
owner 9 1363119 10
owner 9 1361171 10
owner 9 1365067 10
owner 9 1363118 10
owner 9 1363120 10
owner 9 1361172 10
owner 9 1365068 10
owner 9 1363121 10
owner 9 1361173 10
owner 9 1365069 10
owner 9 1363122 10
owner 9 1361174 10
owner 9 1365070 10
owner 9 1359226 10
owner 9 1359225 10
owner 9 1357277 10
owner 9 1359224 10
owner 9 1357276 10
owner 9 1359223 10
owner 9 1357275 10
owner 9 1359222 10
owner 9 1357274 10
owner 9 1361170 10
owner 9 1359221 10
owner 9 1357273 10
owner 9 1361169 10
owner 9 1359220 10
owner 9 1357272 10
owner 9 1361168 10
owner 9 1359219 10
owner 9 1361167 10
owner 9 1363115 10
owner 9 1365063 10
owner 9 1363116 10
owner 9 1365064 10
owner 9 1363117 10
owner 9 1365065 10
owner 9 1367013 10
owner 9 1365066 10
owner 9 1367014 10
owner 9 1368962 10
owner 9 1367015 10
owner 9 1368963 10
owner 9 1367016 10
owner 9 1368964 10
owner 9 1367017 10
owner 9 1368961 10
owner 9 1367012 10
owner 9 1355325 10
owner 9 1355326 10
owner 9 1355327 10
owner 9 1355328 10
prev 9 425159
prev 9 1693713
prev 9 2118813
prev 9 1179510
prev 9 354112
prev 9 1672567
prev 9 3737454
prev 9 1534836
prev 9 1363119
owned 9 1238496
owned 9 1238497
owned 9 1238498
owned 9 1238499
owned 9 1240443
owned 9 1240444
owned 9 1240445
owned 9 1240446
owned 9 1240447
owned 9 1240448
owned 9 1242390
owned 9 1242391
owned 9 1242392
owned 9 1242393
owned 9 1242394
owned 9 1242395
owned 9 1242396
owned 9 1242397
owned 9 1244338
owned 9 1244339
owned 9 1244340
owned 9 1244341
owned 9 1244342
owned 9 1244343
owned 9 1244344
owned 9 1244345
owned 9 1246286
owned 9 1246287
owned 9 1246288
owned 9 1246289
owned 9 1246290
owned 9 1246291
owned 9 1246292
owned 9 1246293
owned 9 1248234
owned 9 1248235
owned 9 1248236
owned 9 1248237
owned 9 1248238
owned 9 1248239
owned 9 1248240
owned 9 1248241
owned 9 1250183
owned 9 1250184
owned 9 1250185
owned 9 1250186
owned 9 1250187
owned 9 1250188
owned 9 1252132
owned 9 1252133
owned 9 1252134
owned 9 1252135
bot 10 12 vl3arc4y 2110741002 488823 1823 250 52
owner 10 425159 2
owner 10 423211 2
owner 10 427107 2
owner 10 425158 2
owner 10 425160 2
owner 10 423212 2
owner 10 427108 2
owner 10 425161 2
owner 10 423213 2
owner 10 427109 2
owner 10 425162 2
owner 10 423214 2
owner 10 427110 2
owner 10 421266 2
owner 10 421265 2
owner 10 419317 2
owner 10 421264 2
owner 10 419316 2
owner 10 421263 2
owner 10 419315 2
owner 10 421262 2
owner 10 419314 2
owner 10 423210 2
owner 10 421261 2
owner 10 419313 2
owner 10 423209 2
owner 10 421260 2
owner 10 419312 2
owner 10 423208 2
owner 10 421259 2
owner 10 423207 2
owner 10 425155 2
owner 10 427103 2
owner 10 425156 2
owner 10 427104 2
owner 10 425157 2
owner 10 427105 2
owner 10 429053 2
owner 10 427106 2
owner 10 429054 2
owner 10 431002 2
owner 10 429055 2
owner 10 431003 2
owner 10 429056 2
owner 10 431004 2
owner 10 429057 2
owner 10 431001 2
owner 10 429052 2
owner 10 417365 2
owner 10 417366 2
owner 10 417367 2
owner 10 417368 2
owner 10 1693713 3
owner 10 1691765 3
owner 10 1695661 3
owner 10 1693712 3
owner 10 1693714 3
owner 10 1691766 3
owner 10 1695662 3
owner 10 1693715 3
owner 10 1691767 3
owner 10 1695663 3
owner 10 1693716 3
owner 10 1691768 3
owner 10 1695664 3
owner 10 1689820 3
owner 10 1689819 3
owner 10 1687871 3
owner 10 1689818 3
owner 10 1687870 3
owner 10 1689817 3
owner 10 1687869 3
owner 10 1689816 3
owner 10 1687868 3
owner 10 1691764 3
owner 10 1689815 3
owner 10 1687867 3
owner 10 1691763 3
owner 10 1689814 3
owner 10 1687866 3
owner 10 1691762 3
owner 10 1689813 3
owner 10 1691761 3
owner 10 1693709 3
owner 10 1695657 3
owner 10 1693710 3
owner 10 1695658 3
owner 10 1693711 3
owner 10 1695659 3
owner 10 1697607 3
owner 10 1695660 3
owner 10 1697608 3
owner 10 1699556 3
owner 10 1697609 3
owner 10 1699557 3
owner 10 1697610 3
owner 10 1699558 3
owner 10 1697611 3
owner 10 1699555 3
owner 10 1697606 3
owner 10 1685919 3
owner 10 1685920 3
owner 10 1685921 3
owner 10 1685922 3
owner 10 2118813 4
owner 10 2116865 4
owner 10 2120761 4
owner 10 2118812 4
owner 10 2118814 4
owner 10 2116866 4
owner 10 2120762 4
owner 10 2118815 4
owner 10 2116867 4
owner 10 2120763 4
owner 10 2118816 4
owner 10 2116868 4
owner 10 2120764 4
owner 10 2114920 4
owner 10 2114919 4
owner 10 2112971 4
owner 10 2114918 4
owner 10 2112970 4
owner 10 2114917 4
owner 10 2112969 4
owner 10 2114916 4
owner 10 2112968 4
owner 10 2116864 4
owner 10 2114915 4
owner 10 2112967 4
owner 10 2116863 4
owner 10 2114914 4
owner 10 2112966 4
owner 10 2116862 4
owner 10 2114913 4
owner 10 2116861 4
owner 10 2118809 4
owner 10 2120757 4
owner 10 2118810 4
owner 10 2120758 4
owner 10 2118811 4
owner 10 2120759 4
owner 10 2122707 4
owner 10 2120760 4
owner 10 2122708 4
owner 10 2124656 4
owner 10 2122709 4
owner 10 2124657 4
owner 10 2122710 4
owner 10 2124658 4
owner 10 2122711 4
owner 10 2124655 4
owner 10 2122706 4
owner 10 2111019 4
owner 10 2111020 4
owner 10 2111021 4
owner 10 2111022 4
owner 10 1179510 5
owner 10 1177562 5
owner 10 1181458 5
owner 10 1179509 5
owner 10 1179511 5
owner 10 1177563 5
owner 10 1181459 5
owner 10 1179512 5
owner 10 1177564 5
owner 10 1181460 5
owner 10 1179513 5
owner 10 1177565 5
owner 10 1181461 5
owner 10 1175617 5
owner 10 1175616 5
owner 10 1173668 5
owner 10 1175615 5
owner 10 1173667 5
owner 10 1175614 5
owner 10 1173666 5
owner 10 1175613 5
owner 10 1173665 5
owner 10 1177561 5
owner 10 1175612 5
owner 10 1173664 5
owner 10 1177560 5
owner 10 1175611 5
owner 10 1173663 5
owner 10 1177559 5
owner 10 1175610 5
owner 10 1177558 5
owner 10 1179506 5
owner 10 1181454 5
owner 10 1179507 5
owner 10 1181455 5
owner 10 1179508 5
owner 10 1181456 5
owner 10 1183404 5
owner 10 1181457 5
owner 10 1183405 5
owner 10 1185353 5
owner 10 1183406 5
owner 10 1185354 5
owner 10 1183407 5
owner 10 1185355 5
owner 10 1183408 5
owner 10 1185352 5
owner 10 1183403 5
owner 10 1171716 5
owner 10 1171717 5
owner 10 1171718 5
owner 10 1171719 5
owner 10 354112 6
owner 10 352164 6
owner 10 356060 6
owner 10 354111 6
owner 10 354113 6
owner 10 352165 6
owner 10 356061 6
owner 10 354114 6
owner 10 352166 6
owner 10 356062 6
owner 10 354115 6
owner 10 352167 6
owner 10 356063 6
owner 10 350219 6
owner 10 350218 6
owner 10 348270 6
owner 10 350217 6
owner 10 348269 6
owner 10 350216 6
owner 10 348268 6
owner 10 350215 6
owner 10 348267 6
owner 10 352163 6
owner 10 350214 6
owner 10 348266 6
owner 10 352162 6
owner 10 350213 6
owner 10 348265 6
owner 10 352161 6
owner 10 350212 6
owner 10 352160 6
owner 10 354108 6
owner 10 356056 6
owner 10 354109 6
owner 10 356057 6
owner 10 354110 6
owner 10 356058 6
owner 10 358006 6
owner 10 356059 6
owner 10 358007 6
owner 10 359955 6
owner 10 358008 6
owner 10 359956 6
owner 10 358009 6
owner 10 359957 6
owner 10 358010 6
owner 10 359954 6
owner 10 358005 6
owner 10 346318 6
owner 10 346319 6
owner 10 346320 6
owner 10 346321 6
owner 10 1672567 7
owner 10 1670619 7
owner 10 1674515 7
owner 10 1672566 7
owner 10 1672568 7
owner 10 1670620 7
owner 10 1674516 7
owner 10 1672569 7
owner 10 1670621 7
owner 10 1674517 7
owner 10 1672570 7
owner 10 1670622 7
owner 10 1674518 7
owner 10 1668674 7
owner 10 1668673 7
owner 10 1666725 7
owner 10 1668672 7
owner 10 1666724 7
owner 10 1668671 7
owner 10 1666723 7
owner 10 1668670 7
owner 10 1666722 7
owner 10 1670618 7
owner 10 1668669 7
owner 10 1666721 7
owner 10 1670617 7
owner 10 1668668 7
owner 10 1666720 7
owner 10 1670616 7
owner 10 1668667 7
owner 10 1670615 7
owner 10 1672563 7
owner 10 1674511 7
owner 10 1672564 7
owner 10 1674512 7
owner 10 1672565 7
owner 10 1674513 7
owner 10 1676461 7
owner 10 1674514 7
owner 10 1676462 7
owner 10 1678410 7
owner 10 1676463 7
owner 10 1678411 7
owner 10 1676464 7
owner 10 1678412 7
owner 10 1676465 7
owner 10 1678409 7
owner 10 1676460 7
owner 10 1664773 7
owner 10 1664774 7
owner 10 1664775 7
owner 10 1664776 7
owner 10 3737454 8
owner 10 3735506 8
owner 10 3739402 8
owner 10 3737453 8
owner 10 3737455 8
owner 10 3735507 8
owner 10 3739403 8
owner 10 3737456 8
owner 10 3735508 8
owner 10 3739404 8
owner 10 3737457 8
owner 10 3735509 8
owner 10 3739405 8
owner 10 3733561 8
owner 10 3733560 8
owner 10 3731612 8
owner 10 3733559 8
owner 10 3731611 8
owner 10 3733558 8
owner 10 3731610 8
owner 10 3733557 8
owner 10 3731609 8
owner 10 3735505 8
owner 10 3733556 8
owner 10 3731608 8
owner 10 3735504 8
owner 10 3733555 8
owner 10 3731607 8
owner 10 3735503 8
owner 10 3733554 8
owner 10 3735502 8
owner 10 3737450 8
owner 10 3739398 8
owner 10 3737451 8
owner 10 3739399 8
owner 10 3737452 8
owner 10 3739400 8
owner 10 3741348 8
owner 10 3739401 8
owner 10 3741349 8
owner 10 3743297 8
owner 10 3741350 8
owner 10 3743298 8
owner 10 3741351 8
owner 10 3743299 8
owner 10 3741352 8
owner 10 3743296 8
owner 10 3741347 8
owner 10 3729660 8
owner 10 3729661 8
owner 10 3729662 8
owner 10 3729663 8
owner 10 1534836 9
owner 10 1532888 9
owner 10 1536784 9
owner 10 1534835 9
owner 10 1534837 9
owner 10 1532889 9
owner 10 1536785 9
owner 10 1534838 9
owner 10 1532890 9
owner 10 1536786 9
owner 10 1534839 9
owner 10 1532891 9
owner 10 1536787 9
owner 10 1530943 9
owner 10 1530942 9
owner 10 1528994 9
owner 10 1530941 9
owner 10 1528993 9
owner 10 1530940 9
owner 10 1528992 9
owner 10 1530939 9
owner 10 1528991 9
owner 10 1532887 9
owner 10 1530938 9
owner 10 1528990 9
owner 10 1532886 9
owner 10 1530937 9
owner 10 1528989 9
owner 10 1532885 9
owner 10 1530936 9
owner 10 1532884 9
owner 10 1534832 9
owner 10 1536780 9
owner 10 1534833 9
owner 10 1536781 9
owner 10 1534834 9
owner 10 1536782 9
owner 10 1538730 9
owner 10 1536783 9
owner 10 1538731 9
owner 10 1540679 9
owner 10 1538732 9
owner 10 1540680 9
owner 10 1538733 9
owner 10 1540681 9
owner 10 1538734 9
owner 10 1540678 9
owner 10 1538729 9
owner 10 1527042 9
owner 10 1527043 9
owner 10 1527044 9
owner 10 1527045 9
owner 10 1363119 10
owner 10 1361171 10
owner 10 1365067 10
owner 10 1363118 10
owner 10 1363120 10
owner 10 1361172 10
owner 10 1365068 10
owner 10 1363121 10
owner 10 1361173 10
owner 10 1365069 10
owner 10 1363122 10
owner 10 1361174 10
owner 10 1365070 10
owner 10 1359226 10
owner 10 1359225 10
owner 10 1357277 10
owner 10 1359224 10
owner 10 1357276 10
owner 10 1359223 10
owner 10 1357275 10
owner 10 1359222 10
owner 10 1357274 10
owner 10 1361170 10
owner 10 1359221 10
owner 10 1357273 10
owner 10 1361169 10
owner 10 1359220 10
owner 10 1357272 10
owner 10 1361168 10
owner 10 1359219 10
owner 10 1361167 10
owner 10 1363115 10
owner 10 1365063 10
owner 10 1363116 10
owner 10 1365064 10
owner 10 1363117 10
owner 10 1365065 10
owner 10 1367013 10
owner 10 1365066 10
owner 10 1367014 10
owner 10 1368962 10
owner 10 1367015 10
owner 10 1368963 10
owner 10 1367016 10
owner 10 1368964 10
owner 10 1367017 10
owner 10 1368961 10
owner 10 1367012 10
owner 10 1355325 10
owner 10 1355326 10
owner 10 1355327 10
owner 10 1355328 10
owner 10 1246290 11
owner 10 1244342 11
owner 10 1248238 11
owner 10 1246289 11
owner 10 1246291 11
owner 10 1244343 11
owner 10 1248239 11
owner 10 1246292 11
owner 10 1244344 11
owner 10 1248240 11
owner 10 1246293 11
owner 10 1244345 11
owner 10 1248241 11
owner 10 1242397 11
owner 10 1242396 11
owner 10 1240448 11
owner 10 1242395 11
owner 10 1240447 11
owner 10 1242394 11
owner 10 1240446 11
owner 10 1242393 11
owner 10 1240445 11
owner 10 1244341 11
owner 10 1242392 11
owner 10 1240444 11
owner 10 1244340 11
owner 10 1242391 11
owner 10 1240443 11
owner 10 1244339 11
owner 10 1242390 11
owner 10 1244338 11
owner 10 1246286 11
owner 10 1248234 11
owner 10 1246287 11
owner 10 1248235 11
owner 10 1246288 11
owner 10 1248236 11
owner 10 1250184 11
owner 10 1248237 11
owner 10 1250185 11
owner 10 1252133 11
owner 10 1250186 11
owner 10 1252134 11
owner 10 1250187 11
owner 10 1252135 11
owner 10 1250188 11
owner 10 1252132 11
owner 10 1250183 11
owner 10 1238496 11
owner 10 1238497 11
owner 10 1238498 11
owner 10 1238499 11
prev 10 425159
prev 10 1693713
prev 10 2118813
prev 10 1179510
prev 10 354112
prev 10 1672567
prev 10 3737454
prev 10 1534836
prev 10 1363119
prev 10 1246290
owned 10 481029
owned 10 481030
owned 10 481031
owned 10 481032
owned 10 482976
owned 10 482977
owned 10 482978
owned 10 482979
owned 10 482980
owned 10 482981
owned 10 484923
owned 10 484924
owned 10 484925
owned 10 484926
owned 10 484927
owned 10 484928
owned 10 484929
owned 10 484930
owned 10 486871
owned 10 486872
owned 10 486873
owned 10 486874
owned 10 486875
owned 10 486876
owned 10 486877
owned 10 486878
owned 10 488819
owned 10 488820
owned 10 488821
owned 10 488822
owned 10 488823
owned 10 488824
owned 10 488825
owned 10 488826
owned 10 490767
owned 10 490768
owned 10 490769
owned 10 490770
owned 10 490771
owned 10 490772
owned 10 490773
owned 10 490774
owned 10 492716
owned 10 492717
owned 10 492718
owned 10 492719
owned 10 492720
owned 10 492721
owned 10 494665
owned 10 494666
owned 10 494667
owned 10 494668
bot 11 13 26spmsu2 1249151528 1567127 935 804 52
owner 11 425159 2
owner 11 423211 2
owner 11 427107 2
owner 11 425158 2
owner 11 425160 2
owner 11 423212 2
owner 11 427108 2
owner 11 425161 2
owner 11 423213 2
owner 11 427109 2
owner 11 425162 2
owner 11 423214 2
owner 11 427110 2
owner 11 421266 2
owner 11 421265 2
owner 11 419317 2
owner 11 421264 2
owner 11 419316 2
owner 11 421263 2
owner 11 419315 2
owner 11 421262 2
owner 11 419314 2
owner 11 423210 2
owner 11 421261 2
owner 11 419313 2
owner 11 423209 2
owner 11 421260 2
owner 11 419312 2
owner 11 423208 2
owner 11 421259 2
owner 11 423207 2
owner 11 425155 2
owner 11 427103 2
owner 11 425156 2
owner 11 427104 2
owner 11 425157 2
owner 11 427105 2
owner 11 429053 2
owner 11 427106 2
owner 11 429054 2
owner 11 431002 2
owner 11 429055 2
owner 11 431003 2
owner 11 429056 2
owner 11 431004 2
owner 11 429057 2
owner 11 431001 2
owner 11 429052 2
owner 11 417365 2
owner 11 417366 2
owner 11 417367 2
owner 11 417368 2
owner 11 1693713 3
owner 11 1691765 3
owner 11 1695661 3
owner 11 1693712 3
owner 11 1693714 3
owner 11 1691766 3
owner 11 1695662 3
owner 11 1693715 3
owner 11 1691767 3
owner 11 1695663 3
owner 11 1693716 3
owner 11 1691768 3
owner 11 1695664 3
owner 11 1689820 3
owner 11 1689819 3
owner 11 1687871 3
owner 11 1689818 3
owner 11 1687870 3
owner 11 1689817 3
owner 11 1687869 3
owner 11 1689816 3
owner 11 1687868 3
owner 11 1691764 3
owner 11 1689815 3
owner 11 1687867 3
owner 11 1691763 3
owner 11 1689814 3
owner 11 1687866 3
owner 11 1691762 3
owner 11 1689813 3
owner 11 1691761 3
owner 11 1693709 3
owner 11 1695657 3
owner 11 1693710 3
owner 11 1695658 3
owner 11 1693711 3
owner 11 1695659 3
owner 11 1697607 3
owner 11 1695660 3
owner 11 1697608 3
owner 11 1699556 3
owner 11 1697609 3
owner 11 1699557 3
owner 11 1697610 3
owner 11 1699558 3
owner 11 1697611 3
owner 11 1699555 3
owner 11 1697606 3
owner 11 1685919 3
owner 11 1685920 3
owner 11 1685921 3
owner 11 1685922 3
owner 11 2118813 4
owner 11 2116865 4
owner 11 2120761 4
owner 11 2118812 4
owner 11 2118814 4
owner 11 2116866 4
owner 11 2120762 4
owner 11 2118815 4
owner 11 2116867 4
owner 11 2120763 4
owner 11 2118816 4
owner 11 2116868 4
owner 11 2120764 4
owner 11 2114920 4
owner 11 2114919 4
owner 11 2112971 4
owner 11 2114918 4
owner 11 2112970 4
owner 11 2114917 4
owner 11 2112969 4
owner 11 2114916 4
owner 11 2112968 4
owner 11 2116864 4
owner 11 2114915 4
owner 11 2112967 4
owner 11 2116863 4
owner 11 2114914 4
owner 11 2112966 4
owner 11 2116862 4
owner 11 2114913 4
owner 11 2116861 4
owner 11 2118809 4
owner 11 2120757 4
owner 11 2118810 4
owner 11 2120758 4
owner 11 2118811 4
owner 11 2120759 4
owner 11 2122707 4
owner 11 2120760 4
owner 11 2122708 4
owner 11 2124656 4
owner 11 2122709 4
owner 11 2124657 4
owner 11 2122710 4
owner 11 2124658 4
owner 11 2122711 4
owner 11 2124655 4
owner 11 2122706 4
owner 11 2111019 4
owner 11 2111020 4
owner 11 2111021 4
owner 11 2111022 4
owner 11 1179510 5
owner 11 1177562 5
owner 11 1181458 5
owner 11 1179509 5
owner 11 1179511 5
owner 11 1177563 5
owner 11 1181459 5
owner 11 1179512 5
owner 11 1177564 5
owner 11 1181460 5
owner 11 1179513 5
owner 11 1177565 5
owner 11 1181461 5
owner 11 1175617 5
owner 11 1175616 5
owner 11 1173668 5
owner 11 1175615 5
owner 11 1173667 5
owner 11 1175614 5
owner 11 1173666 5
owner 11 1175613 5
owner 11 1173665 5
owner 11 1177561 5
owner 11 1175612 5
owner 11 1173664 5
owner 11 1177560 5
owner 11 1175611 5
owner 11 1173663 5
owner 11 1177559 5
owner 11 1175610 5
owner 11 1177558 5
owner 11 1179506 5
owner 11 1181454 5
owner 11 1179507 5
owner 11 1181455 5
owner 11 1179508 5
owner 11 1181456 5
owner 11 1183404 5
owner 11 1181457 5
owner 11 1183405 5
owner 11 1185353 5
owner 11 1183406 5
owner 11 1185354 5
owner 11 1183407 5
owner 11 1185355 5
owner 11 1183408 5
owner 11 1185352 5
owner 11 1183403 5
owner 11 1171716 5
owner 11 1171717 5
owner 11 1171718 5
owner 11 1171719 5
owner 11 354112 6
owner 11 352164 6
owner 11 356060 6
owner 11 354111 6
owner 11 354113 6
owner 11 352165 6
owner 11 356061 6
owner 11 354114 6
owner 11 352166 6
owner 11 356062 6
owner 11 354115 6
owner 11 352167 6
owner 11 356063 6
owner 11 350219 6
owner 11 350218 6
owner 11 348270 6
owner 11 350217 6
owner 11 348269 6
owner 11 350216 6
owner 11 348268 6
owner 11 350215 6
owner 11 348267 6
owner 11 352163 6
owner 11 350214 6
owner 11 348266 6
owner 11 352162 6
owner 11 350213 6
owner 11 348265 6
owner 11 352161 6
owner 11 350212 6
owner 11 352160 6
owner 11 354108 6
owner 11 356056 6
owner 11 354109 6
owner 11 356057 6
owner 11 354110 6
owner 11 356058 6
owner 11 358006 6
owner 11 356059 6
owner 11 358007 6
owner 11 359955 6
owner 11 358008 6
owner 11 359956 6
owner 11 358009 6
owner 11 359957 6
owner 11 358010 6
owner 11 359954 6
owner 11 358005 6
owner 11 346318 6
owner 11 346319 6
owner 11 346320 6
owner 11 346321 6
owner 11 1672567 7
owner 11 1670619 7
owner 11 1674515 7
owner 11 1672566 7
owner 11 1672568 7
owner 11 1670620 7
owner 11 1674516 7
owner 11 1672569 7
owner 11 1670621 7
owner 11 1674517 7
owner 11 1672570 7
owner 11 1670622 7
owner 11 1674518 7
owner 11 1668674 7
owner 11 1668673 7
owner 11 1666725 7
owner 11 1668672 7
owner 11 1666724 7
owner 11 1668671 7
owner 11 1666723 7
owner 11 1668670 7
owner 11 1666722 7
owner 11 1670618 7
owner 11 1668669 7
owner 11 1666721 7
owner 11 1670617 7
owner 11 1668668 7
owner 11 1666720 7
owner 11 1670616 7
owner 11 1668667 7
owner 11 1670615 7
owner 11 1672563 7
owner 11 1674511 7
owner 11 1672564 7
owner 11 1674512 7
owner 11 1672565 7
owner 11 1674513 7
owner 11 1676461 7
owner 11 1674514 7
owner 11 1676462 7
owner 11 1678410 7
owner 11 1676463 7
owner 11 1678411 7
owner 11 1676464 7
owner 11 1678412 7
owner 11 1676465 7
owner 11 1678409 7
owner 11 1676460 7
owner 11 1664773 7
owner 11 1664774 7
owner 11 1664775 7
owner 11 1664776 7
owner 11 3737454 8
owner 11 3735506 8
owner 11 3739402 8
owner 11 3737453 8
owner 11 3737455 8
owner 11 3735507 8
owner 11 3739403 8
owner 11 3737456 8
owner 11 3735508 8
owner 11 3739404 8
owner 11 3737457 8
owner 11 3735509 8
owner 11 3739405 8
owner 11 3733561 8
owner 11 3733560 8
owner 11 3731612 8
owner 11 3733559 8
owner 11 3731611 8
owner 11 3733558 8
owner 11 3731610 8
owner 11 3733557 8
owner 11 3731609 8
owner 11 3735505 8
owner 11 3733556 8
owner 11 3731608 8
owner 11 3735504 8
owner 11 3733555 8
owner 11 3731607 8
owner 11 3735503 8
owner 11 3733554 8
owner 11 3735502 8
owner 11 3737450 8
owner 11 3739398 8
owner 11 3737451 8
owner 11 3739399 8
owner 11 3737452 8
owner 11 3739400 8
owner 11 3741348 8
owner 11 3739401 8
owner 11 3741349 8
owner 11 3743297 8
owner 11 3741350 8
owner 11 3743298 8
owner 11 3741351 8
owner 11 3743299 8
owner 11 3741352 8
owner 11 3743296 8
owner 11 3741347 8
owner 11 3729660 8
owner 11 3729661 8
owner 11 3729662 8
owner 11 3729663 8
owner 11 1534836 9
owner 11 1532888 9
owner 11 1536784 9
owner 11 1534835 9
owner 11 1534837 9
owner 11 1532889 9
owner 11 1536785 9
owner 11 1534838 9
owner 11 1532890 9
owner 11 1536786 9
owner 11 1534839 9
owner 11 1532891 9
owner 11 1536787 9
owner 11 1530943 9
owner 11 1530942 9
owner 11 1528994 9
owner 11 1530941 9
owner 11 1528993 9
owner 11 1530940 9
owner 11 1528992 9
owner 11 1530939 9
owner 11 1528991 9
owner 11 1532887 9
owner 11 1530938 9
owner 11 1528990 9
owner 11 1532886 9
owner 11 1530937 9
owner 11 1528989 9
owner 11 1532885 9
owner 11 1530936 9
owner 11 1532884 9
owner 11 1534832 9
owner 11 1536780 9
owner 11 1534833 9
owner 11 1536781 9
owner 11 1534834 9
owner 11 1536782 9
owner 11 1538730 9
owner 11 1536783 9
owner 11 1538731 9
owner 11 1540679 9
owner 11 1538732 9
owner 11 1540680 9
owner 11 1538733 9
owner 11 1540681 9
owner 11 1538734 9
owner 11 1540678 9
owner 11 1538729 9
owner 11 1527042 9
owner 11 1527043 9
owner 11 1527044 9
owner 11 1527045 9
owner 11 1363119 10
owner 11 1361171 10
owner 11 1365067 10
owner 11 1363118 10
owner 11 1363120 10
owner 11 1361172 10
owner 11 1365068 10
owner 11 1363121 10
owner 11 1361173 10
owner 11 1365069 10
owner 11 1363122 10
owner 11 1361174 10
owner 11 1365070 10
owner 11 1359226 10
owner 11 1359225 10
owner 11 1357277 10
owner 11 1359224 10
owner 11 1357276 10
owner 11 1359223 10
owner 11 1357275 10
owner 11 1359222 10
owner 11 1357274 10
owner 11 1361170 10
owner 11 1359221 10
owner 11 1357273 10
owner 11 1361169 10
owner 11 1359220 10
owner 11 1357272 10
owner 11 1361168 10
owner 11 1359219 10
owner 11 1361167 10
owner 11 1363115 10
owner 11 1365063 10
owner 11 1363116 10
owner 11 1365064 10
owner 11 1363117 10
owner 11 1365065 10
owner 11 1367013 10
owner 11 1365066 10
owner 11 1367014 10
owner 11 1368962 10
owner 11 1367015 10
owner 11 1368963 10
owner 11 1367016 10
owner 11 1368964 10
owner 11 1367017 10
owner 11 1368961 10
owner 11 1367012 10
owner 11 1355325 10
owner 11 1355326 10
owner 11 1355327 10
owner 11 1355328 10
owner 11 1246290 11
owner 11 1244342 11
owner 11 1248238 11
owner 11 1246289 11
owner 11 1246291 11
owner 11 1244343 11
owner 11 1248239 11
owner 11 1246292 11
owner 11 1244344 11
owner 11 1248240 11
owner 11 1246293 11
owner 11 1244345 11
owner 11 1248241 11
owner 11 1242397 11
owner 11 1242396 11
owner 11 1240448 11
owner 11 1242395 11
owner 11 1240447 11
owner 11 1242394 11
owner 11 1240446 11
owner 11 1242393 11
owner 11 1240445 11
owner 11 1244341 11
owner 11 1242392 11
owner 11 1240444 11
owner 11 1244340 11
owner 11 1242391 11
owner 11 1240443 11
owner 11 1244339 11
owner 11 1242390 11
owner 11 1244338 11
owner 11 1246286 11
owner 11 1248234 11
owner 11 1246287 11
owner 11 1248235 11
owner 11 1246288 11
owner 11 1248236 11
owner 11 1250184 11
owner 11 1248237 11
owner 11 1250185 11
owner 11 1252133 11
owner 11 1250186 11
owner 11 1252134 11
owner 11 1250187 11
owner 11 1252135 11
owner 11 1250188 11
owner 11 1252132 11
owner 11 1250183 11
owner 11 1238496 11
owner 11 1238497 11
owner 11 1238498 11
owner 11 1238499 11
owner 11 488823 12
owner 11 486875 12
owner 11 490771 12
owner 11 488822 12
owner 11 488824 12
owner 11 486876 12
owner 11 490772 12
owner 11 488825 12
owner 11 486877 12
owner 11 490773 12
owner 11 488826 12
owner 11 486878 12
owner 11 490774 12
owner 11 484930 12
owner 11 484929 12
owner 11 482981 12
owner 11 484928 12
owner 11 482980 12
owner 11 484927 12
owner 11 482979 12
owner 11 484926 12
owner 11 482978 12
owner 11 486874 12
owner 11 484925 12
owner 11 482977 12
owner 11 486873 12
owner 11 484924 12
owner 11 482976 12
owner 11 486872 12
owner 11 484923 12
owner 11 486871 12
owner 11 488819 12
owner 11 490767 12
owner 11 488820 12
owner 11 490768 12
owner 11 488821 12
owner 11 490769 12
owner 11 492717 12
owner 11 490770 12
owner 11 492718 12
owner 11 494666 12
owner 11 492719 12
owner 11 494667 12
owner 11 492720 12
owner 11 494668 12
owner 11 492721 12
owner 11 494665 12
owner 11 492716 12
owner 11 481029 12
owner 11 481030 12
owner 11 481031 12
owner 11 481032 12
prev 11 425159
prev 11 1693713
prev 11 2118813
prev 11 1179510
prev 11 354112
prev 11 1672567
prev 11 3737454
prev 11 1534836
prev 11 1363119
prev 11 1246290
prev 11 488823
owned 11 1559333
owned 11 1559334
owned 11 1559335
owned 11 1559336
owned 11 1561280
owned 11 1561281
owned 11 1561282
owned 11 1561283
owned 11 1561284
owned 11 1561285
owned 11 1563227
owned 11 1563228
owned 11 1563229
owned 11 1563230
owned 11 1563231
owned 11 1563232
owned 11 1563233
owned 11 1563234
owned 11 1565175
owned 11 1565176
owned 11 1565177
owned 11 1565178
owned 11 1565179
owned 11 1565180
owned 11 1565181
owned 11 1565182
owned 11 1567123
owned 11 1567124
owned 11 1567125
owned 11 1567126
owned 11 1567127
owned 11 1567128
owned 11 1567129
owned 11 1567130
owned 11 1569071
owned 11 1569072
owned 11 1569073
owned 11 1569074
owned 11 1569075
owned 11 1569076
owned 11 1569077
owned 11 1569078
owned 11 1571020
owned 11 1571021
owned 11 1571022
owned 11 1571023
owned 11 1571024
owned 11 1571025
owned 11 1572969
owned 11 1572970
owned 11 1572971
owned 11 1572972
bot 12 14 666fmd2f -2125171585 1115588 1332 572 52
owner 12 425159 2
owner 12 423211 2
owner 12 427107 2
owner 12 425158 2
owner 12 425160 2
owner 12 423212 2
owner 12 427108 2
owner 12 425161 2
owner 12 423213 2
owner 12 427109 2
owner 12 425162 2
owner 12 423214 2
owner 12 427110 2
owner 12 421266 2
owner 12 421265 2
owner 12 419317 2
owner 12 421264 2
owner 12 419316 2
owner 12 421263 2
owner 12 419315 2
owner 12 421262 2
owner 12 419314 2
owner 12 423210 2
owner 12 421261 2
owner 12 419313 2
owner 12 423209 2
owner 12 421260 2
owner 12 419312 2
owner 12 423208 2
owner 12 421259 2
owner 12 423207 2
owner 12 425155 2
owner 12 427103 2
owner 12 425156 2
owner 12 427104 2
owner 12 425157 2
owner 12 427105 2
owner 12 429053 2
owner 12 427106 2
owner 12 429054 2
owner 12 431002 2
owner 12 429055 2
owner 12 431003 2
owner 12 429056 2
owner 12 431004 2
owner 12 429057 2
owner 12 431001 2
owner 12 429052 2
owner 12 417365 2
owner 12 417366 2
owner 12 417367 2
owner 12 417368 2
owner 12 1693713 3
owner 12 1691765 3
owner 12 1695661 3
owner 12 1693712 3
owner 12 1693714 3
owner 12 1691766 3
owner 12 1695662 3
owner 12 1693715 3
owner 12 1691767 3
owner 12 1695663 3
owner 12 1693716 3
owner 12 1691768 3
owner 12 1695664 3
owner 12 1689820 3
owner 12 1689819 3
owner 12 1687871 3
owner 12 1689818 3
owner 12 1687870 3
owner 12 1689817 3
owner 12 1687869 3
owner 12 1689816 3
owner 12 1687868 3
owner 12 1691764 3
owner 12 1689815 3
owner 12 1687867 3
owner 12 1691763 3
owner 12 1689814 3
owner 12 1687866 3
owner 12 1691762 3
owner 12 1689813 3
owner 12 1691761 3
owner 12 1693709 3
owner 12 1695657 3
owner 12 1693710 3
owner 12 1695658 3
owner 12 1693711 3
owner 12 1695659 3
owner 12 1697607 3
owner 12 1695660 3
owner 12 1697608 3
owner 12 1699556 3
owner 12 1697609 3
owner 12 1699557 3
owner 12 1697610 3
owner 12 1699558 3
owner 12 1697611 3
owner 12 1699555 3
owner 12 1697606 3
owner 12 1685919 3
owner 12 1685920 3
owner 12 1685921 3
owner 12 1685922 3
owner 12 2118813 4
owner 12 2116865 4
owner 12 2120761 4
owner 12 2118812 4
owner 12 2118814 4
owner 12 2116866 4
owner 12 2120762 4
owner 12 2118815 4
owner 12 2116867 4
owner 12 2120763 4
owner 12 2118816 4
owner 12 2116868 4
owner 12 2120764 4
owner 12 2114920 4
owner 12 2114919 4
owner 12 2112971 4
owner 12 2114918 4
owner 12 2112970 4
owner 12 2114917 4
owner 12 2112969 4
owner 12 2114916 4
owner 12 2112968 4
owner 12 2116864 4
owner 12 2114915 4
owner 12 2112967 4
owner 12 2116863 4
owner 12 2114914 4
owner 12 2112966 4
owner 12 2116862 4
owner 12 2114913 4
owner 12 2116861 4
owner 12 2118809 4
owner 12 2120757 4
owner 12 2118810 4
owner 12 2120758 4
owner 12 2118811 4
owner 12 2120759 4
owner 12 2122707 4
owner 12 2120760 4
owner 12 2122708 4
owner 12 2124656 4
owner 12 2122709 4
owner 12 2124657 4
owner 12 2122710 4
owner 12 2124658 4
owner 12 2122711 4
owner 12 2124655 4
owner 12 2122706 4
owner 12 2111019 4
owner 12 2111020 4
owner 12 2111021 4
owner 12 2111022 4
owner 12 1179510 5
owner 12 1177562 5
owner 12 1181458 5
owner 12 1179509 5
owner 12 1179511 5
owner 12 1177563 5
owner 12 1181459 5
owner 12 1179512 5
owner 12 1177564 5
owner 12 1181460 5
owner 12 1179513 5
owner 12 1177565 5
owner 12 1181461 5
owner 12 1175617 5
owner 12 1175616 5
owner 12 1173668 5
owner 12 1175615 5
owner 12 1173667 5
owner 12 1175614 5
owner 12 1173666 5
owner 12 1175613 5
owner 12 1173665 5
owner 12 1177561 5
owner 12 1175612 5
owner 12 1173664 5
owner 12 1177560 5
owner 12 1175611 5
owner 12 1173663 5
owner 12 1177559 5
owner 12 1175610 5
owner 12 1177558 5
owner 12 1179506 5
owner 12 1181454 5
owner 12 1179507 5
owner 12 1181455 5
owner 12 1179508 5
owner 12 1181456 5
owner 12 1183404 5
owner 12 1181457 5
owner 12 1183405 5
owner 12 1185353 5
owner 12 1183406 5
owner 12 1185354 5
owner 12 1183407 5
owner 12 1185355 5
owner 12 1183408 5
owner 12 1185352 5
owner 12 1183403 5
owner 12 1171716 5
owner 12 1171717 5
owner 12 1171718 5
owner 12 1171719 5
owner 12 354112 6
owner 12 352164 6
owner 12 356060 6
owner 12 354111 6
owner 12 354113 6
owner 12 352165 6
owner 12 356061 6
owner 12 354114 6
owner 12 352166 6
owner 12 356062 6
owner 12 354115 6
owner 12 352167 6
owner 12 356063 6
owner 12 350219 6
owner 12 350218 6
owner 12 348270 6
owner 12 350217 6
owner 12 348269 6
owner 12 350216 6
owner 12 348268 6
owner 12 350215 6
owner 12 348267 6
owner 12 352163 6
owner 12 350214 6
owner 12 348266 6
owner 12 352162 6
owner 12 350213 6
owner 12 348265 6
owner 12 352161 6
owner 12 350212 6
owner 12 352160 6
owner 12 354108 6
owner 12 356056 6
owner 12 354109 6
owner 12 356057 6
owner 12 354110 6
owner 12 356058 6
owner 12 358006 6
owner 12 356059 6
owner 12 358007 6
owner 12 359955 6
owner 12 358008 6
owner 12 359956 6
owner 12 358009 6
owner 12 359957 6
owner 12 358010 6
owner 12 359954 6
owner 12 358005 6
owner 12 346318 6
owner 12 346319 6
owner 12 346320 6
owner 12 346321 6
owner 12 1672567 7
owner 12 1670619 7
owner 12 1674515 7
owner 12 1672566 7
owner 12 1672568 7
owner 12 1670620 7
owner 12 1674516 7
owner 12 1672569 7
owner 12 1670621 7
owner 12 1674517 7
owner 12 1672570 7
owner 12 1670622 7
owner 12 1674518 7
owner 12 1668674 7
owner 12 1668673 7
owner 12 1666725 7
owner 12 1668672 7
owner 12 1666724 7
owner 12 1668671 7
owner 12 1666723 7
owner 12 1668670 7
owner 12 1666722 7
owner 12 1670618 7
owner 12 1668669 7
owner 12 1666721 7
owner 12 1670617 7
owner 12 1668668 7
owner 12 1666720 7
owner 12 1670616 7
owner 12 1668667 7
owner 12 1670615 7
owner 12 1672563 7
owner 12 1674511 7
owner 12 1672564 7
owner 12 1674512 7
owner 12 1672565 7
owner 12 1674513 7
owner 12 1676461 7
owner 12 1674514 7
owner 12 1676462 7
owner 12 1678410 7
owner 12 1676463 7
owner 12 1678411 7
owner 12 1676464 7
owner 12 1678412 7
owner 12 1676465 7
owner 12 1678409 7
owner 12 1676460 7
owner 12 1664773 7
owner 12 1664774 7
owner 12 1664775 7
owner 12 1664776 7
owner 12 3737454 8
owner 12 3735506 8
owner 12 3739402 8
owner 12 3737453 8
owner 12 3737455 8
owner 12 3735507 8
owner 12 3739403 8
owner 12 3737456 8
owner 12 3735508 8
owner 12 3739404 8
owner 12 3737457 8
owner 12 3735509 8
owner 12 3739405 8
owner 12 3733561 8
owner 12 3733560 8
owner 12 3731612 8
owner 12 3733559 8
owner 12 3731611 8
owner 12 3733558 8
owner 12 3731610 8
owner 12 3733557 8
owner 12 3731609 8
owner 12 3735505 8
owner 12 3733556 8
owner 12 3731608 8
owner 12 3735504 8
owner 12 3733555 8
owner 12 3731607 8
owner 12 3735503 8
owner 12 3733554 8
owner 12 3735502 8
owner 12 3737450 8
owner 12 3739398 8
owner 12 3737451 8
owner 12 3739399 8
owner 12 3737452 8
owner 12 3739400 8
owner 12 3741348 8
owner 12 3739401 8
owner 12 3741349 8
owner 12 3743297 8
owner 12 3741350 8
owner 12 3743298 8
owner 12 3741351 8
owner 12 3743299 8
owner 12 3741352 8
owner 12 3743296 8
owner 12 3741347 8
owner 12 3729660 8
owner 12 3729661 8
owner 12 3729662 8
owner 12 3729663 8
owner 12 1534836 9
owner 12 1532888 9
owner 12 1536784 9
owner 12 1534835 9
owner 12 1534837 9
owner 12 1532889 9
owner 12 1536785 9
owner 12 1534838 9
owner 12 1532890 9
owner 12 1536786 9
owner 12 1534839 9
owner 12 1532891 9
owner 12 1536787 9
owner 12 1530943 9
owner 12 1530942 9
owner 12 1528994 9
owner 12 1530941 9
owner 12 1528993 9
owner 12 1530940 9
owner 12 1528992 9
owner 12 1530939 9
owner 12 1528991 9
owner 12 1532887 9
owner 12 1530938 9
owner 12 1528990 9
owner 12 1532886 9
owner 12 1530937 9
owner 12 1528989 9
owner 12 1532885 9
owner 12 1530936 9
owner 12 1532884 9
owner 12 1534832 9
owner 12 1536780 9
owner 12 1534833 9
owner 12 1536781 9
owner 12 1534834 9
owner 12 1536782 9
owner 12 1538730 9
owner 12 1536783 9
owner 12 1538731 9
owner 12 1540679 9
owner 12 1538732 9
owner 12 1540680 9
owner 12 1538733 9
owner 12 1540681 9
owner 12 1538734 9
owner 12 1540678 9
owner 12 1538729 9
owner 12 1527042 9
owner 12 1527043 9
owner 12 1527044 9
owner 12 1527045 9
owner 12 1363119 10
owner 12 1361171 10
owner 12 1365067 10
owner 12 1363118 10
owner 12 1363120 10
owner 12 1361172 10
owner 12 1365068 10
owner 12 1363121 10
owner 12 1361173 10
owner 12 1365069 10
owner 12 1363122 10
owner 12 1361174 10
owner 12 1365070 10
owner 12 1359226 10
owner 12 1359225 10
owner 12 1357277 10
owner 12 1359224 10
owner 12 1357276 10
owner 12 1359223 10
owner 12 1357275 10
owner 12 1359222 10
owner 12 1357274 10
owner 12 1361170 10
owner 12 1359221 10
owner 12 1357273 10
owner 12 1361169 10
owner 12 1359220 10
owner 12 1357272 10
owner 12 1361168 10
owner 12 1359219 10
owner 12 1361167 10
owner 12 1363115 10
owner 12 1365063 10
owner 12 1363116 10
owner 12 1365064 10
owner 12 1363117 10
owner 12 1365065 10
owner 12 1367013 10
owner 12 1365066 10
owner 12 1367014 10
owner 12 1368962 10
owner 12 1367015 10
owner 12 1368963 10
owner 12 1367016 10
owner 12 1368964 10
owner 12 1367017 10
owner 12 1368961 10
owner 12 1367012 10
owner 12 1355325 10
owner 12 1355326 10
owner 12 1355327 10
owner 12 1355328 10
owner 12 1246290 11
owner 12 1244342 11
owner 12 1248238 11
owner 12 1246289 11
owner 12 1246291 11
owner 12 1244343 11
owner 12 1248239 11
owner 12 1246292 11
owner 12 1244344 11
owner 12 1248240 11
owner 12 1246293 11
owner 12 1244345 11
owner 12 1248241 11
owner 12 1242397 11
owner 12 1242396 11
owner 12 1240448 11
owner 12 1242395 11
owner 12 1240447 11
owner 12 1242394 11
owner 12 1240446 11
owner 12 1242393 11
owner 12 1240445 11
owner 12 1244341 11
owner 12 1242392 11
owner 12 1240444 11
owner 12 1244340 11
owner 12 1242391 11
owner 12 1240443 11
owner 12 1244339 11
owner 12 1242390 11
owner 12 1244338 11
owner 12 1246286 11
owner 12 1248234 11
owner 12 1246287 11
owner 12 1248235 11
owner 12 1246288 11
owner 12 1248236 11
owner 12 1250184 11
owner 12 1248237 11
owner 12 1250185 11
owner 12 1252133 11
owner 12 1250186 11
owner 12 1252134 11
owner 12 1250187 11
owner 12 1252135 11
owner 12 1250188 11
owner 12 1252132 11
owner 12 1250183 11
owner 12 1238496 11
owner 12 1238497 11
owner 12 1238498 11
owner 12 1238499 11
owner 12 488823 12
owner 12 486875 12
owner 12 490771 12
owner 12 488822 12
owner 12 488824 12
owner 12 486876 12
owner 12 490772 12
owner 12 488825 12
owner 12 486877 12
owner 12 490773 12
owner 12 488826 12
owner 12 486878 12
owner 12 490774 12
owner 12 484930 12
owner 12 484929 12
owner 12 482981 12
owner 12 484928 12
owner 12 482980 12
owner 12 484927 12
owner 12 482979 12
owner 12 484926 12
owner 12 482978 12
owner 12 486874 12
owner 12 484925 12
owner 12 482977 12
owner 12 486873 12
owner 12 484924 12
owner 12 482976 12
owner 12 486872 12
owner 12 484923 12
owner 12 486871 12
owner 12 488819 12
owner 12 490767 12
owner 12 488820 12
owner 12 490768 12
owner 12 488821 12
owner 12 490769 12
owner 12 492717 12
owner 12 490770 12
owner 12 492718 12
owner 12 494666 12
owner 12 492719 12
owner 12 494667 12
owner 12 492720 12
owner 12 494668 12
owner 12 492721 12
owner 12 494665 12
owner 12 492716 12
owner 12 481029 12
owner 12 481030 12
owner 12 481031 12
owner 12 481032 12
owner 12 1567127 13
owner 12 1565179 13
owner 12 1569075 13
owner 12 1567126 13
owner 12 1567128 13
owner 12 1565180 13
owner 12 1569076 13
owner 12 1567129 13
owner 12 1565181 13
owner 12 1569077 13
owner 12 1567130 13
owner 12 1565182 13
owner 12 1569078 13
owner 12 1563234 13
owner 12 1563233 13
owner 12 1561285 13
owner 12 1563232 13
owner 12 1561284 13
owner 12 1563231 13
owner 12 1561283 13
owner 12 1563230 13
owner 12 1561282 13
owner 12 1565178 13
owner 12 1563229 13
owner 12 1561281 13
owner 12 1565177 13
owner 12 1563228 13
owner 12 1561280 13
owner 12 1565176 13
owner 12 1563227 13
owner 12 1565175 13
owner 12 1567123 13
owner 12 1569071 13
owner 12 1567124 13
owner 12 1569072 13
owner 12 1567125 13
owner 12 1569073 13
owner 12 1571021 13
owner 12 1569074 13
owner 12 1571022 13
owner 12 1572970 13
owner 12 1571023 13
owner 12 1572971 13
owner 12 1571024 13
owner 12 1572972 13
owner 12 1571025 13
owner 12 1572969 13
owner 12 1571020 13
owner 12 1559333 13
owner 12 1559334 13
owner 12 1559335 13
owner 12 1559336 13
prev 12 425159
prev 12 1693713
prev 12 2118813
prev 12 1179510
prev 12 354112
prev 12 1672567
prev 12 3737454
prev 12 1534836
prev 12 1363119
prev 12 1246290
prev 12 488823
prev 12 1567127
owned 12 1107794
owned 12 1107795
owned 12 1107796
owned 12 1107797
owned 12 1109741
owned 12 1109742
owned 12 1109743
owned 12 1109744
owned 12 1109745
owned 12 1109746
owned 12 1111688
owned 12 1111689
owned 12 1111690
owned 12 1111691
owned 12 1111692
owned 12 1111693
owned 12 1111694
owned 12 1111695
owned 12 1113636
owned 12 1113637
owned 12 1113638
owned 12 1113639
owned 12 1113640
owned 12 1113641
owned 12 1113642
owned 12 1113643
owned 12 1115584
owned 12 1115585
owned 12 1115586
owned 12 1115587
owned 12 1115588
owned 12 1115589
owned 12 1115590
owned 12 1115591
owned 12 1117532
owned 12 1117533
owned 12 1117534
owned 12 1117535
owned 12 1117536
owned 12 1117537
owned 12 1117538
owned 12 1117539
owned 12 1119481
owned 12 1119482
owned 12 1119483
owned 12 1119484
owned 12 1119485
owned 12 1119486
owned 12 1121430
owned 12 1121431
owned 12 1121432
owned 12 1121433
bot 13 15 vybu8oes 2095769353 889433 1145 456 52
owner 13 425159 2
owner 13 423211 2
owner 13 427107 2
owner 13 425158 2
owner 13 425160 2
owner 13 423212 2
owner 13 427108 2
owner 13 425161 2
owner 13 423213 2
owner 13 427109 2
owner 13 425162 2
owner 13 423214 2
owner 13 427110 2
owner 13 421266 2
owner 13 421265 2
owner 13 419317 2
owner 13 421264 2
owner 13 419316 2
owner 13 421263 2
owner 13 419315 2
owner 13 421262 2
owner 13 419314 2
owner 13 423210 2
owner 13 421261 2
owner 13 419313 2
owner 13 423209 2
owner 13 421260 2
owner 13 419312 2
owner 13 423208 2
owner 13 421259 2
owner 13 423207 2
owner 13 425155 2
owner 13 427103 2
owner 13 425156 2
owner 13 427104 2
owner 13 425157 2
owner 13 427105 2
owner 13 429053 2
owner 13 427106 2
owner 13 429054 2
owner 13 431002 2
owner 13 429055 2
owner 13 431003 2
owner 13 429056 2
owner 13 431004 2
owner 13 429057 2
owner 13 431001 2
owner 13 429052 2
owner 13 417365 2
owner 13 417366 2
owner 13 417367 2
owner 13 417368 2
owner 13 1693713 3
owner 13 1691765 3
owner 13 1695661 3
owner 13 1693712 3
owner 13 1693714 3
owner 13 1691766 3
owner 13 1695662 3
owner 13 1693715 3
owner 13 1691767 3
owner 13 1695663 3
owner 13 1693716 3
owner 13 1691768 3
owner 13 1695664 3
owner 13 1689820 3
owner 13 1689819 3
owner 13 1687871 3
owner 13 1689818 3
owner 13 1687870 3
owner 13 1689817 3
owner 13 1687869 3
owner 13 1689816 3
owner 13 1687868 3
owner 13 1691764 3
owner 13 1689815 3
owner 13 1687867 3
owner 13 1691763 3
owner 13 1689814 3
owner 13 1687866 3
owner 13 1691762 3
owner 13 1689813 3
owner 13 1691761 3
owner 13 1693709 3
owner 13 1695657 3
owner 13 1693710 3
owner 13 1695658 3
owner 13 1693711 3
owner 13 1695659 3
owner 13 1697607 3
owner 13 1695660 3
owner 13 1697608 3
owner 13 1699556 3
owner 13 1697609 3
owner 13 1699557 3
owner 13 1697610 3
owner 13 1699558 3
owner 13 1697611 3
owner 13 1699555 3
owner 13 1697606 3
owner 13 1685919 3
owner 13 1685920 3
owner 13 1685921 3
owner 13 1685922 3
owner 13 2118813 4
owner 13 2116865 4
owner 13 2120761 4
owner 13 2118812 4
owner 13 2118814 4
owner 13 2116866 4
owner 13 2120762 4
owner 13 2118815 4
owner 13 2116867 4
owner 13 2120763 4
owner 13 2118816 4
owner 13 2116868 4
owner 13 2120764 4
owner 13 2114920 4
owner 13 2114919 4
owner 13 2112971 4
owner 13 2114918 4
owner 13 2112970 4
owner 13 2114917 4
owner 13 2112969 4
owner 13 2114916 4
owner 13 2112968 4
owner 13 2116864 4
owner 13 2114915 4
owner 13 2112967 4
owner 13 2116863 4
owner 13 2114914 4
owner 13 2112966 4
owner 13 2116862 4
owner 13 2114913 4
owner 13 2116861 4
owner 13 2118809 4
owner 13 2120757 4
owner 13 2118810 4
owner 13 2120758 4
owner 13 2118811 4
owner 13 2120759 4
owner 13 2122707 4
owner 13 2120760 4
owner 13 2122708 4
owner 13 2124656 4
owner 13 2122709 4
owner 13 2124657 4
owner 13 2122710 4
owner 13 2124658 4
owner 13 2122711 4
owner 13 2124655 4
owner 13 2122706 4
owner 13 2111019 4
owner 13 2111020 4
owner 13 2111021 4
owner 13 2111022 4
owner 13 1179510 5
owner 13 1177562 5
owner 13 1181458 5
owner 13 1179509 5
owner 13 1179511 5
owner 13 1177563 5
owner 13 1181459 5
owner 13 1179512 5
owner 13 1177564 5
owner 13 1181460 5
owner 13 1179513 5
owner 13 1177565 5
owner 13 1181461 5
owner 13 1175617 5
owner 13 1175616 5
owner 13 1173668 5
owner 13 1175615 5
owner 13 1173667 5
owner 13 1175614 5
owner 13 1173666 5
owner 13 1175613 5
owner 13 1173665 5
owner 13 1177561 5
owner 13 1175612 5
owner 13 1173664 5
owner 13 1177560 5
owner 13 1175611 5
owner 13 1173663 5
owner 13 1177559 5
owner 13 1175610 5
owner 13 1177558 5
owner 13 1179506 5
owner 13 1181454 5
owner 13 1179507 5
owner 13 1181455 5
owner 13 1179508 5
owner 13 1181456 5
owner 13 1183404 5
owner 13 1181457 5
owner 13 1183405 5
owner 13 1185353 5
owner 13 1183406 5
owner 13 1185354 5
owner 13 1183407 5
owner 13 1185355 5
owner 13 1183408 5
owner 13 1185352 5
owner 13 1183403 5
owner 13 1171716 5
owner 13 1171717 5
owner 13 1171718 5
owner 13 1171719 5
owner 13 354112 6
owner 13 352164 6
owner 13 356060 6
owner 13 354111 6
owner 13 354113 6
owner 13 352165 6
owner 13 356061 6
owner 13 354114 6
owner 13 352166 6
owner 13 356062 6
owner 13 354115 6
owner 13 352167 6
owner 13 356063 6
owner 13 350219 6
owner 13 350218 6
owner 13 348270 6
owner 13 350217 6
owner 13 348269 6
owner 13 350216 6
owner 13 348268 6
owner 13 350215 6
owner 13 348267 6
owner 13 352163 6
owner 13 350214 6
owner 13 348266 6
owner 13 352162 6
owner 13 350213 6
owner 13 348265 6
owner 13 352161 6
owner 13 350212 6
owner 13 352160 6
owner 13 354108 6
owner 13 356056 6
owner 13 354109 6
owner 13 356057 6
owner 13 354110 6
owner 13 356058 6
owner 13 358006 6
owner 13 356059 6
owner 13 358007 6
owner 13 359955 6
owner 13 358008 6
owner 13 359956 6
owner 13 358009 6
owner 13 359957 6
owner 13 358010 6
owner 13 359954 6
owner 13 358005 6
owner 13 346318 6
owner 13 346319 6
owner 13 346320 6
owner 13 346321 6
owner 13 1672567 7
owner 13 1670619 7
owner 13 1674515 7
owner 13 1672566 7
owner 13 1672568 7
owner 13 1670620 7
owner 13 1674516 7
owner 13 1672569 7
owner 13 1670621 7
owner 13 1674517 7
owner 13 1672570 7
owner 13 1670622 7
owner 13 1674518 7
owner 13 1668674 7
owner 13 1668673 7
owner 13 1666725 7
owner 13 1668672 7
owner 13 1666724 7
owner 13 1668671 7
owner 13 1666723 7
owner 13 1668670 7
owner 13 1666722 7
owner 13 1670618 7
owner 13 1668669 7
owner 13 1666721 7
owner 13 1670617 7
owner 13 1668668 7
owner 13 1666720 7
owner 13 1670616 7
owner 13 1668667 7
owner 13 1670615 7
owner 13 1672563 7
owner 13 1674511 7
owner 13 1672564 7
owner 13 1674512 7
owner 13 1672565 7
owner 13 1674513 7
owner 13 1676461 7
owner 13 1674514 7
owner 13 1676462 7
owner 13 1678410 7
owner 13 1676463 7
owner 13 1678411 7
owner 13 1676464 7
owner 13 1678412 7
owner 13 1676465 7
owner 13 1678409 7
owner 13 1676460 7
owner 13 1664773 7
owner 13 1664774 7
owner 13 1664775 7
owner 13 1664776 7
owner 13 3737454 8
owner 13 3735506 8
owner 13 3739402 8
owner 13 3737453 8
owner 13 3737455 8
owner 13 3735507 8
owner 13 3739403 8
owner 13 3737456 8
owner 13 3735508 8
owner 13 3739404 8
owner 13 3737457 8
owner 13 3735509 8
owner 13 3739405 8
owner 13 3733561 8
owner 13 3733560 8
owner 13 3731612 8
owner 13 3733559 8
owner 13 3731611 8
owner 13 3733558 8
owner 13 3731610 8
owner 13 3733557 8
owner 13 3731609 8
owner 13 3735505 8
owner 13 3733556 8
owner 13 3731608 8
owner 13 3735504 8
owner 13 3733555 8
owner 13 3731607 8
owner 13 3735503 8
owner 13 3733554 8
owner 13 3735502 8
owner 13 3737450 8
owner 13 3739398 8
owner 13 3737451 8
owner 13 3739399 8
owner 13 3737452 8
owner 13 3739400 8
owner 13 3741348 8
owner 13 3739401 8
owner 13 3741349 8
owner 13 3743297 8
owner 13 3741350 8
owner 13 3743298 8
owner 13 3741351 8
owner 13 3743299 8
owner 13 3741352 8
owner 13 3743296 8
owner 13 3741347 8
owner 13 3729660 8
owner 13 3729661 8
owner 13 3729662 8
owner 13 3729663 8
owner 13 1534836 9
owner 13 1532888 9
owner 13 1536784 9
owner 13 1534835 9
owner 13 1534837 9
owner 13 1532889 9
owner 13 1536785 9
owner 13 1534838 9
owner 13 1532890 9
owner 13 1536786 9
owner 13 1534839 9
owner 13 1532891 9
owner 13 1536787 9
owner 13 1530943 9
owner 13 1530942 9
owner 13 1528994 9
owner 13 1530941 9
owner 13 1528993 9
owner 13 1530940 9
owner 13 1528992 9
owner 13 1530939 9
owner 13 1528991 9
owner 13 1532887 9
owner 13 1530938 9
owner 13 1528990 9
owner 13 1532886 9
owner 13 1530937 9
owner 13 1528989 9
owner 13 1532885 9
owner 13 1530936 9
owner 13 1532884 9
owner 13 1534832 9
owner 13 1536780 9
owner 13 1534833 9
owner 13 1536781 9
owner 13 1534834 9
owner 13 1536782 9
owner 13 1538730 9
owner 13 1536783 9
owner 13 1538731 9
owner 13 1540679 9
owner 13 1538732 9
owner 13 1540680 9
owner 13 1538733 9
owner 13 1540681 9
owner 13 1538734 9
owner 13 1540678 9
owner 13 1538729 9
owner 13 1527042 9
owner 13 1527043 9
owner 13 1527044 9
owner 13 1527045 9
owner 13 1363119 10
owner 13 1361171 10
owner 13 1365067 10
owner 13 1363118 10
owner 13 1363120 10
owner 13 1361172 10
owner 13 1365068 10
owner 13 1363121 10
owner 13 1361173 10
owner 13 1365069 10
owner 13 1363122 10
owner 13 1361174 10
owner 13 1365070 10
owner 13 1359226 10
owner 13 1359225 10
owner 13 1357277 10
owner 13 1359224 10
owner 13 1357276 10
owner 13 1359223 10
owner 13 1357275 10
owner 13 1359222 10
owner 13 1357274 10
owner 13 1361170 10
owner 13 1359221 10
owner 13 1357273 10
owner 13 1361169 10
owner 13 1359220 10
owner 13 1357272 10
owner 13 1361168 10
owner 13 1359219 10
owner 13 1361167 10
owner 13 1363115 10
owner 13 1365063 10
owner 13 1363116 10
owner 13 1365064 10
owner 13 1363117 10
owner 13 1365065 10
owner 13 1367013 10
owner 13 1365066 10
owner 13 1367014 10
owner 13 1368962 10
owner 13 1367015 10
owner 13 1368963 10
owner 13 1367016 10
owner 13 1368964 10
owner 13 1367017 10
owner 13 1368961 10
owner 13 1367012 10
owner 13 1355325 10
owner 13 1355326 10
owner 13 1355327 10
owner 13 1355328 10
owner 13 1246290 11
owner 13 1244342 11
owner 13 1248238 11
owner 13 1246289 11
owner 13 1246291 11
owner 13 1244343 11
owner 13 1248239 11
owner 13 1246292 11
owner 13 1244344 11
owner 13 1248240 11
owner 13 1246293 11
owner 13 1244345 11
owner 13 1248241 11
owner 13 1242397 11
owner 13 1242396 11
owner 13 1240448 11
owner 13 1242395 11
owner 13 1240447 11
owner 13 1242394 11
owner 13 1240446 11
owner 13 1242393 11
owner 13 1240445 11
owner 13 1244341 11
owner 13 1242392 11
owner 13 1240444 11
owner 13 1244340 11
owner 13 1242391 11
owner 13 1240443 11
owner 13 1244339 11
owner 13 1242390 11
owner 13 1244338 11
owner 13 1246286 11
owner 13 1248234 11
owner 13 1246287 11
owner 13 1248235 11
owner 13 1246288 11
owner 13 1248236 11
owner 13 1250184 11
owner 13 1248237 11
owner 13 1250185 11
owner 13 1252133 11
owner 13 1250186 11
owner 13 1252134 11
owner 13 1250187 11
owner 13 1252135 11
owner 13 1250188 11
owner 13 1252132 11
owner 13 1250183 11
owner 13 1238496 11
owner 13 1238497 11
owner 13 1238498 11
owner 13 1238499 11
owner 13 488823 12
owner 13 486875 12
owner 13 490771 12
owner 13 488822 12
owner 13 488824 12
owner 13 486876 12
owner 13 490772 12
owner 13 488825 12
owner 13 486877 12
owner 13 490773 12
owner 13 488826 12
owner 13 486878 12
owner 13 490774 12
owner 13 484930 12
owner 13 484929 12
owner 13 482981 12
owner 13 484928 12
owner 13 482980 12
owner 13 484927 12
owner 13 482979 12
owner 13 484926 12
owner 13 482978 12
owner 13 486874 12
owner 13 484925 12
owner 13 482977 12
owner 13 486873 12
owner 13 484924 12
owner 13 482976 12
owner 13 486872 12
owner 13 484923 12
owner 13 486871 12
owner 13 488819 12
owner 13 490767 12
owner 13 488820 12
owner 13 490768 12
owner 13 488821 12
owner 13 490769 12
owner 13 492717 12
owner 13 490770 12
owner 13 492718 12
owner 13 494666 12
owner 13 492719 12
owner 13 494667 12
owner 13 492720 12
owner 13 494668 12
owner 13 492721 12
owner 13 494665 12
owner 13 492716 12
owner 13 481029 12
owner 13 481030 12
owner 13 481031 12
owner 13 481032 12
owner 13 1567127 13
owner 13 1565179 13
owner 13 1569075 13
owner 13 1567126 13
owner 13 1567128 13
owner 13 1565180 13
owner 13 1569076 13
owner 13 1567129 13
owner 13 1565181 13
owner 13 1569077 13
owner 13 1567130 13
owner 13 1565182 13
owner 13 1569078 13
owner 13 1563234 13
owner 13 1563233 13
owner 13 1561285 13
owner 13 1563232 13
owner 13 1561284 13
owner 13 1563231 13
owner 13 1561283 13
owner 13 1563230 13
owner 13 1561282 13
owner 13 1565178 13
owner 13 1563229 13
owner 13 1561281 13
owner 13 1565177 13
owner 13 1563228 13
owner 13 1561280 13
owner 13 1565176 13
owner 13 1563227 13
owner 13 1565175 13
owner 13 1567123 13
owner 13 1569071 13
owner 13 1567124 13
owner 13 1569072 13
owner 13 1567125 13
owner 13 1569073 13
owner 13 1571021 13
owner 13 1569074 13
owner 13 1571022 13
owner 13 1572970 13
owner 13 1571023 13
owner 13 1572971 13
owner 13 1571024 13
owner 13 1572972 13
owner 13 1571025 13
owner 13 1572969 13
owner 13 1571020 13
owner 13 1559333 13
owner 13 1559334 13
owner 13 1559335 13
owner 13 1559336 13
owner 13 1115588 14
owner 13 1113640 14
owner 13 1117536 14
owner 13 1115587 14
owner 13 1115589 14
owner 13 1113641 14
owner 13 1117537 14
owner 13 1115590 14
owner 13 1113642 14
owner 13 1117538 14
owner 13 1115591 14
owner 13 1113643 14
owner 13 1117539 14
owner 13 1111695 14
owner 13 1111694 14
owner 13 1109746 14
owner 13 1111693 14
owner 13 1109745 14
owner 13 1111692 14
owner 13 1109744 14
owner 13 1111691 14
owner 13 1109743 14
owner 13 1113639 14
owner 13 1111690 14
owner 13 1109742 14
owner 13 1113638 14
owner 13 1111689 14
owner 13 1109741 14
owner 13 1113637 14
owner 13 1111688 14
owner 13 1113636 14
owner 13 1115584 14
owner 13 1117532 14
owner 13 1115585 14
owner 13 1117533 14
owner 13 1115586 14
owner 13 1117534 14
owner 13 1119482 14
owner 13 1117535 14
owner 13 1119483 14
owner 13 1121431 14
owner 13 1119484 14
owner 13 1121432 14
owner 13 1119485 14
owner 13 1121433 14
owner 13 1119486 14
owner 13 1121430 14
owner 13 1119481 14
owner 13 1107794 14
owner 13 1107795 14
owner 13 1107796 14
owner 13 1107797 14
prev 13 425159
prev 13 1693713
prev 13 2118813
prev 13 1179510
prev 13 354112
prev 13 1672567
prev 13 3737454
prev 13 1534836
prev 13 1363119
prev 13 1246290
prev 13 488823
prev 13 1567127
prev 13 1115588
owned 13 881639
owned 13 881640
owned 13 881641
owned 13 881642
owned 13 883586
owned 13 883587
owned 13 883588
owned 13 883589
owned 13 883590
owned 13 883591
owned 13 885533
owned 13 885534
owned 13 885535
owned 13 885536
owned 13 885537
owned 13 885538
owned 13 885539
owned 13 885540
owned 13 887481
owned 13 887482
owned 13 887483
owned 13 887484
owned 13 887485
owned 13 887486
owned 13 887487
owned 13 887488
owned 13 889429
owned 13 889430
owned 13 889431
owned 13 889432
owned 13 889433
owned 13 889434
owned 13 889435
owned 13 889436
owned 13 891377
owned 13 891378
owned 13 891379
owned 13 891380
owned 13 891381
owned 13 891382
owned 13 891383
owned 13 891384
owned 13 893326
owned 13 893327
owned 13 893328
owned 13 893329
owned 13 893330
owned 13 893331
owned 13 895275
owned 13 895276
owned 13 895277
owned 13 895278
bot 14 16 tlx2iciq 1076827768 504886 354 259 52
owner 14 425159 2
owner 14 423211 2
owner 14 427107 2
owner 14 425158 2
owner 14 425160 2
owner 14 423212 2
owner 14 427108 2
owner 14 425161 2
owner 14 423213 2
owner 14 427109 2
owner 14 425162 2
owner 14 423214 2
owner 14 427110 2
owner 14 421266 2
owner 14 421265 2
owner 14 419317 2
owner 14 421264 2
owner 14 419316 2
owner 14 421263 2
owner 14 419315 2
owner 14 421262 2
owner 14 419314 2
owner 14 423210 2
owner 14 421261 2
owner 14 419313 2
owner 14 423209 2
owner 14 421260 2
owner 14 419312 2
owner 14 423208 2
owner 14 421259 2
owner 14 423207 2
owner 14 425155 2
owner 14 427103 2
owner 14 425156 2
owner 14 427104 2
owner 14 425157 2
owner 14 427105 2
owner 14 429053 2
owner 14 427106 2
owner 14 429054 2
owner 14 431002 2
owner 14 429055 2
owner 14 431003 2
owner 14 429056 2
owner 14 431004 2
owner 14 429057 2
owner 14 431001 2
owner 14 429052 2
owner 14 417365 2
owner 14 417366 2
owner 14 417367 2
owner 14 417368 2
owner 14 1693713 3
owner 14 1691765 3
owner 14 1695661 3
owner 14 1693712 3
owner 14 1693714 3
owner 14 1691766 3
owner 14 1695662 3
owner 14 1693715 3
owner 14 1691767 3
owner 14 1695663 3
owner 14 1693716 3
owner 14 1691768 3
owner 14 1695664 3
owner 14 1689820 3
owner 14 1689819 3
owner 14 1687871 3
owner 14 1689818 3
owner 14 1687870 3
owner 14 1689817 3
owner 14 1687869 3
owner 14 1689816 3
owner 14 1687868 3
owner 14 1691764 3
owner 14 1689815 3
owner 14 1687867 3
owner 14 1691763 3
owner 14 1689814 3
owner 14 1687866 3
owner 14 1691762 3
owner 14 1689813 3
owner 14 1691761 3
owner 14 1693709 3
owner 14 1695657 3
owner 14 1693710 3
owner 14 1695658 3
owner 14 1693711 3
owner 14 1695659 3
owner 14 1697607 3
owner 14 1695660 3
owner 14 1697608 3
owner 14 1699556 3
owner 14 1697609 3
owner 14 1699557 3
owner 14 1697610 3
owner 14 1699558 3
owner 14 1697611 3
owner 14 1699555 3
owner 14 1697606 3
owner 14 1685919 3
owner 14 1685920 3
owner 14 1685921 3
owner 14 1685922 3
owner 14 2118813 4
owner 14 2116865 4
owner 14 2120761 4
owner 14 2118812 4
owner 14 2118814 4
owner 14 2116866 4
owner 14 2120762 4
owner 14 2118815 4
owner 14 2116867 4
owner 14 2120763 4
owner 14 2118816 4
owner 14 2116868 4
owner 14 2120764 4
owner 14 2114920 4
owner 14 2114919 4
owner 14 2112971 4
owner 14 2114918 4
owner 14 2112970 4
owner 14 2114917 4
owner 14 2112969 4
owner 14 2114916 4
owner 14 2112968 4
owner 14 2116864 4
owner 14 2114915 4
owner 14 2112967 4
owner 14 2116863 4
owner 14 2114914 4
owner 14 2112966 4
owner 14 2116862 4
owner 14 2114913 4
owner 14 2116861 4
owner 14 2118809 4
owner 14 2120757 4
owner 14 2118810 4
owner 14 2120758 4
owner 14 2118811 4
owner 14 2120759 4
owner 14 2122707 4
owner 14 2120760 4
owner 14 2122708 4
owner 14 2124656 4
owner 14 2122709 4
owner 14 2124657 4
owner 14 2122710 4
owner 14 2124658 4
owner 14 2122711 4
owner 14 2124655 4
owner 14 2122706 4
owner 14 2111019 4
owner 14 2111020 4
owner 14 2111021 4
owner 14 2111022 4
owner 14 1179510 5
owner 14 1177562 5
owner 14 1181458 5
owner 14 1179509 5
owner 14 1179511 5
owner 14 1177563 5
owner 14 1181459 5
owner 14 1179512 5
owner 14 1177564 5
owner 14 1181460 5
owner 14 1179513 5
owner 14 1177565 5
owner 14 1181461 5
owner 14 1175617 5
owner 14 1175616 5
owner 14 1173668 5
owner 14 1175615 5
owner 14 1173667 5
owner 14 1175614 5
owner 14 1173666 5
owner 14 1175613 5
owner 14 1173665 5
owner 14 1177561 5
owner 14 1175612 5
owner 14 1173664 5
owner 14 1177560 5
owner 14 1175611 5
owner 14 1173663 5
owner 14 1177559 5
owner 14 1175610 5
owner 14 1177558 5
owner 14 1179506 5
owner 14 1181454 5
owner 14 1179507 5
owner 14 1181455 5
owner 14 1179508 5
owner 14 1181456 5
owner 14 1183404 5
owner 14 1181457 5
owner 14 1183405 5
owner 14 1185353 5
owner 14 1183406 5
owner 14 1185354 5
owner 14 1183407 5
owner 14 1185355 5
owner 14 1183408 5
owner 14 1185352 5
owner 14 1183403 5
owner 14 1171716 5
owner 14 1171717 5
owner 14 1171718 5
owner 14 1171719 5
owner 14 354112 6
owner 14 352164 6
owner 14 356060 6
owner 14 354111 6
owner 14 354113 6
owner 14 352165 6
owner 14 356061 6
owner 14 354114 6
owner 14 352166 6
owner 14 356062 6
owner 14 354115 6
owner 14 352167 6
owner 14 356063 6
owner 14 350219 6
owner 14 350218 6
owner 14 348270 6
owner 14 350217 6
owner 14 348269 6
owner 14 350216 6
owner 14 348268 6
owner 14 350215 6
owner 14 348267 6
owner 14 352163 6
owner 14 350214 6
owner 14 348266 6
owner 14 352162 6
owner 14 350213 6
owner 14 348265 6
owner 14 352161 6
owner 14 350212 6
owner 14 352160 6
owner 14 354108 6
owner 14 356056 6
owner 14 354109 6
owner 14 356057 6
owner 14 354110 6
owner 14 356058 6
owner 14 358006 6
owner 14 356059 6
owner 14 358007 6
owner 14 359955 6
owner 14 358008 6
owner 14 359956 6
owner 14 358009 6
owner 14 359957 6
owner 14 358010 6
owner 14 359954 6
owner 14 358005 6
owner 14 346318 6
owner 14 346319 6
owner 14 346320 6
owner 14 346321 6
owner 14 1672567 7
owner 14 1670619 7
owner 14 1674515 7
owner 14 1672566 7
owner 14 1672568 7
owner 14 1670620 7
owner 14 1674516 7
owner 14 1672569 7
owner 14 1670621 7
owner 14 1674517 7
owner 14 1672570 7
owner 14 1670622 7
owner 14 1674518 7
owner 14 1668674 7
owner 14 1668673 7
owner 14 1666725 7
owner 14 1668672 7
owner 14 1666724 7
owner 14 1668671 7
owner 14 1666723 7
owner 14 1668670 7
owner 14 1666722 7
owner 14 1670618 7
owner 14 1668669 7
owner 14 1666721 7
owner 14 1670617 7
owner 14 1668668 7
owner 14 1666720 7
owner 14 1670616 7
owner 14 1668667 7
owner 14 1670615 7
owner 14 1672563 7
owner 14 1674511 7
owner 14 1672564 7
owner 14 1674512 7
owner 14 1672565 7
owner 14 1674513 7
owner 14 1676461 7
owner 14 1674514 7
owner 14 1676462 7
owner 14 1678410 7
owner 14 1676463 7
owner 14 1678411 7
owner 14 1676464 7
owner 14 1678412 7
owner 14 1676465 7
owner 14 1678409 7
owner 14 1676460 7
owner 14 1664773 7
owner 14 1664774 7
owner 14 1664775 7
owner 14 1664776 7
owner 14 3737454 8
owner 14 3735506 8
owner 14 3739402 8
owner 14 3737453 8
owner 14 3737455 8
owner 14 3735507 8
owner 14 3739403 8
owner 14 3737456 8
owner 14 3735508 8
owner 14 3739404 8
owner 14 3737457 8
owner 14 3735509 8
owner 14 3739405 8
owner 14 3733561 8
owner 14 3733560 8
owner 14 3731612 8
owner 14 3733559 8
owner 14 3731611 8
owner 14 3733558 8
owner 14 3731610 8
owner 14 3733557 8
owner 14 3731609 8
owner 14 3735505 8
owner 14 3733556 8
owner 14 3731608 8
owner 14 3735504 8
owner 14 3733555 8
owner 14 3731607 8
owner 14 3735503 8
owner 14 3733554 8
owner 14 3735502 8
owner 14 3737450 8
owner 14 3739398 8
owner 14 3737451 8
owner 14 3739399 8
owner 14 3737452 8
owner 14 3739400 8
owner 14 3741348 8
owner 14 3739401 8
owner 14 3741349 8
owner 14 3743297 8
owner 14 3741350 8
owner 14 3743298 8
owner 14 3741351 8
owner 14 3743299 8
owner 14 3741352 8
owner 14 3743296 8
owner 14 3741347 8
owner 14 3729660 8
owner 14 3729661 8
owner 14 3729662 8
owner 14 3729663 8
owner 14 1534836 9
owner 14 1532888 9
owner 14 1536784 9
owner 14 1534835 9
owner 14 1534837 9
owner 14 1532889 9
owner 14 1536785 9
owner 14 1534838 9
owner 14 1532890 9
owner 14 1536786 9
owner 14 1534839 9
owner 14 1532891 9
owner 14 1536787 9
owner 14 1530943 9
owner 14 1530942 9
owner 14 1528994 9
owner 14 1530941 9
owner 14 1528993 9
owner 14 1530940 9
owner 14 1528992 9
owner 14 1530939 9
owner 14 1528991 9
owner 14 1532887 9
owner 14 1530938 9
owner 14 1528990 9
owner 14 1532886 9
owner 14 1530937 9
owner 14 1528989 9
owner 14 1532885 9
owner 14 1530936 9
owner 14 1532884 9
owner 14 1534832 9
owner 14 1536780 9
owner 14 1534833 9
owner 14 1536781 9
owner 14 1534834 9
owner 14 1536782 9
owner 14 1538730 9
owner 14 1536783 9
owner 14 1538731 9
owner 14 1540679 9
owner 14 1538732 9
owner 14 1540680 9
owner 14 1538733 9
owner 14 1540681 9
owner 14 1538734 9
owner 14 1540678 9
owner 14 1538729 9
owner 14 1527042 9
owner 14 1527043 9
owner 14 1527044 9
owner 14 1527045 9
owner 14 1363119 10
owner 14 1361171 10
owner 14 1365067 10
owner 14 1363118 10
owner 14 1363120 10
owner 14 1361172 10
owner 14 1365068 10
owner 14 1363121 10
owner 14 1361173 10
owner 14 1365069 10
owner 14 1363122 10
owner 14 1361174 10
owner 14 1365070 10
owner 14 1359226 10
owner 14 1359225 10
owner 14 1357277 10
owner 14 1359224 10
owner 14 1357276 10
owner 14 1359223 10
owner 14 1357275 10
owner 14 1359222 10
owner 14 1357274 10
owner 14 1361170 10
owner 14 1359221 10
owner 14 1357273 10
owner 14 1361169 10
owner 14 1359220 10
owner 14 1357272 10
owner 14 1361168 10
owner 14 1359219 10
owner 14 1361167 10
owner 14 1363115 10
owner 14 1365063 10
owner 14 1363116 10
owner 14 1365064 10
owner 14 1363117 10
owner 14 1365065 10
owner 14 1367013 10
owner 14 1365066 10
owner 14 1367014 10
owner 14 1368962 10
owner 14 1367015 10
owner 14 1368963 10
owner 14 1367016 10
owner 14 1368964 10
owner 14 1367017 10
owner 14 1368961 10
owner 14 1367012 10
owner 14 1355325 10
owner 14 1355326 10
owner 14 1355327 10
owner 14 1355328 10
owner 14 1246290 11
owner 14 1244342 11
owner 14 1248238 11
owner 14 1246289 11
owner 14 1246291 11
owner 14 1244343 11
owner 14 1248239 11
owner 14 1246292 11
owner 14 1244344 11
owner 14 1248240 11
owner 14 1246293 11
owner 14 1244345 11
owner 14 1248241 11
owner 14 1242397 11
owner 14 1242396 11
owner 14 1240448 11
owner 14 1242395 11
owner 14 1240447 11
owner 14 1242394 11
owner 14 1240446 11
owner 14 1242393 11
owner 14 1240445 11
owner 14 1244341 11
owner 14 1242392 11
owner 14 1240444 11
owner 14 1244340 11
owner 14 1242391 11
owner 14 1240443 11
owner 14 1244339 11
owner 14 1242390 11
owner 14 1244338 11
owner 14 1246286 11
owner 14 1248234 11
owner 14 1246287 11
owner 14 1248235 11
owner 14 1246288 11
owner 14 1248236 11
owner 14 1250184 11
owner 14 1248237 11
owner 14 1250185 11
owner 14 1252133 11
owner 14 1250186 11
owner 14 1252134 11
owner 14 1250187 11
owner 14 1252135 11
owner 14 1250188 11
owner 14 1252132 11
owner 14 1250183 11
owner 14 1238496 11
owner 14 1238497 11
owner 14 1238498 11
owner 14 1238499 11
owner 14 488823 12
owner 14 486875 12
owner 14 490771 12
owner 14 488822 12
owner 14 488824 12
owner 14 486876 12
owner 14 490772 12
owner 14 488825 12
owner 14 486877 12
owner 14 490773 12
owner 14 488826 12
owner 14 486878 12
owner 14 490774 12
owner 14 484930 12
owner 14 484929 12
owner 14 482981 12
owner 14 484928 12
owner 14 482980 12
owner 14 484927 12
owner 14 482979 12
owner 14 484926 12
owner 14 482978 12
owner 14 486874 12
owner 14 484925 12
owner 14 482977 12
owner 14 486873 12
owner 14 484924 12
owner 14 482976 12
owner 14 486872 12
owner 14 484923 12
owner 14 486871 12
owner 14 488819 12
owner 14 490767 12
owner 14 488820 12
owner 14 490768 12
owner 14 488821 12
owner 14 490769 12
owner 14 492717 12
owner 14 490770 12
owner 14 492718 12
owner 14 494666 12
owner 14 492719 12
owner 14 494667 12
owner 14 492720 12
owner 14 494668 12
owner 14 492721 12
owner 14 494665 12
owner 14 492716 12
owner 14 481029 12
owner 14 481030 12
owner 14 481031 12
owner 14 481032 12
owner 14 1567127 13
owner 14 1565179 13
owner 14 1569075 13
owner 14 1567126 13
owner 14 1567128 13
owner 14 1565180 13
owner 14 1569076 13
owner 14 1567129 13
owner 14 1565181 13
owner 14 1569077 13
owner 14 1567130 13
owner 14 1565182 13
owner 14 1569078 13
owner 14 1563234 13
owner 14 1563233 13
owner 14 1561285 13
owner 14 1563232 13
owner 14 1561284 13
owner 14 1563231 13
owner 14 1561283 13
owner 14 1563230 13
owner 14 1561282 13
owner 14 1565178 13
owner 14 1563229 13
owner 14 1561281 13
owner 14 1565177 13
owner 14 1563228 13
owner 14 1561280 13
owner 14 1565176 13
owner 14 1563227 13
owner 14 1565175 13
owner 14 1567123 13
owner 14 1569071 13
owner 14 1567124 13
owner 14 1569072 13
owner 14 1567125 13
owner 14 1569073 13
owner 14 1571021 13
owner 14 1569074 13
owner 14 1571022 13
owner 14 1572970 13
owner 14 1571023 13
owner 14 1572971 13
owner 14 1571024 13
owner 14 1572972 13
owner 14 1571025 13
owner 14 1572969 13
owner 14 1571020 13
owner 14 1559333 13
owner 14 1559334 13
owner 14 1559335 13
owner 14 1559336 13
owner 14 1115588 14
owner 14 1113640 14
owner 14 1117536 14
owner 14 1115587 14
owner 14 1115589 14
owner 14 1113641 14
owner 14 1117537 14
owner 14 1115590 14
owner 14 1113642 14
owner 14 1117538 14
owner 14 1115591 14
owner 14 1113643 14
owner 14 1117539 14
owner 14 1111695 14
owner 14 1111694 14
owner 14 1109746 14
owner 14 1111693 14
owner 14 1109745 14
owner 14 1111692 14
owner 14 1109744 14
owner 14 1111691 14
owner 14 1109743 14
owner 14 1113639 14
owner 14 1111690 14
owner 14 1109742 14
owner 14 1113638 14
owner 14 1111689 14
owner 14 1109741 14
owner 14 1113637 14
owner 14 1111688 14
owner 14 1113636 14
owner 14 1115584 14
owner 14 1117532 14
owner 14 1115585 14
owner 14 1117533 14
owner 14 1115586 14
owner 14 1117534 14
owner 14 1119482 14
owner 14 1117535 14
owner 14 1119483 14
owner 14 1121431 14
owner 14 1119484 14
owner 14 1121432 14
owner 14 1119485 14
owner 14 1121433 14
owner 14 1119486 14
owner 14 1121430 14
owner 14 1119481 14
owner 14 1107794 14
owner 14 1107795 14
owner 14 1107796 14
owner 14 1107797 14
owner 14 889433 15
owner 14 887485 15
owner 14 891381 15
owner 14 889432 15
owner 14 889434 15
owner 14 887486 15
owner 14 891382 15
owner 14 889435 15
owner 14 887487 15
owner 14 891383 15
owner 14 889436 15
owner 14 887488 15
owner 14 891384 15
owner 14 885540 15
owner 14 885539 15
owner 14 883591 15
owner 14 885538 15
owner 14 883590 15
owner 14 885537 15
owner 14 883589 15
owner 14 885536 15
owner 14 883588 15
owner 14 887484 15
owner 14 885535 15
owner 14 883587 15
owner 14 887483 15
owner 14 885534 15
owner 14 883586 15
owner 14 887482 15
owner 14 885533 15
owner 14 887481 15
owner 14 889429 15
owner 14 891377 15
owner 14 889430 15
owner 14 891378 15
owner 14 889431 15
owner 14 891379 15
owner 14 893327 15
owner 14 891380 15
owner 14 893328 15
owner 14 895276 15
owner 14 893329 15
owner 14 895277 15
owner 14 893330 15
owner 14 895278 15
owner 14 893331 15
owner 14 895275 15
owner 14 893326 15
owner 14 881639 15
owner 14 881640 15
owner 14 881641 15
owner 14 881642 15
prev 14 425159
prev 14 1693713
prev 14 2118813
prev 14 1179510
prev 14 354112
prev 14 1672567
prev 14 3737454
prev 14 1534836
prev 14 1363119
prev 14 1246290
prev 14 488823
prev 14 1567127
prev 14 1115588
prev 14 889433
owned 14 497092
owned 14 497093
owned 14 497094
owned 14 497095
owned 14 499039
owned 14 499040
owned 14 499041
owned 14 499042
owned 14 499043
owned 14 499044
owned 14 500986
owned 14 500987
owned 14 500988
owned 14 500989
owned 14 500990
owned 14 500991
owned 14 500992
owned 14 500993
owned 14 502934
owned 14 502935
owned 14 502936
owned 14 502937
owned 14 502938
owned 14 502939
owned 14 502940
owned 14 502941
owned 14 504882
owned 14 504883
owned 14 504884
owned 14 504885
owned 14 504886
owned 14 504887
owned 14 504888
owned 14 504889
owned 14 506830
owned 14 506831
owned 14 506832
owned 14 506833
owned 14 506834
owned 14 506835
owned 14 506836
owned 14 506837
owned 14 508779
owned 14 508780
owned 14 508781
owned 14 508782
owned 14 508783
owned 14 508784
owned 14 510728
owned 14 510729
owned 14 510730
owned 14 510731
bot 15 17 8i7cuo9t 1041878418 1520735 1295 780 52
owner 15 425159 2
owner 15 423211 2
owner 15 427107 2
owner 15 425158 2
owner 15 425160 2
owner 15 423212 2
owner 15 427108 2
owner 15 425161 2
owner 15 423213 2
owner 15 427109 2
owner 15 425162 2
owner 15 423214 2
owner 15 427110 2
owner 15 421266 2
owner 15 421265 2
owner 15 419317 2
owner 15 421264 2
owner 15 419316 2
owner 15 421263 2
owner 15 419315 2
owner 15 421262 2
owner 15 419314 2
owner 15 423210 2
owner 15 421261 2
owner 15 419313 2
owner 15 423209 2
owner 15 421260 2
owner 15 419312 2
owner 15 423208 2
owner 15 421259 2
owner 15 423207 2
owner 15 425155 2
owner 15 427103 2
owner 15 425156 2
owner 15 427104 2
owner 15 425157 2
owner 15 427105 2
owner 15 429053 2
owner 15 427106 2
owner 15 429054 2
owner 15 431002 2
owner 15 429055 2
owner 15 431003 2
owner 15 429056 2
owner 15 431004 2
owner 15 429057 2
owner 15 431001 2
owner 15 429052 2
owner 15 417365 2
owner 15 417366 2
owner 15 417367 2
owner 15 417368 2
owner 15 1693713 3
owner 15 1691765 3
owner 15 1695661 3
owner 15 1693712 3
owner 15 1693714 3
owner 15 1691766 3
owner 15 1695662 3
owner 15 1693715 3
owner 15 1691767 3
owner 15 1695663 3
owner 15 1693716 3
owner 15 1691768 3
owner 15 1695664 3
owner 15 1689820 3
owner 15 1689819 3
owner 15 1687871 3
owner 15 1689818 3
owner 15 1687870 3
owner 15 1689817 3
owner 15 1687869 3
owner 15 1689816 3
owner 15 1687868 3
owner 15 1691764 3
owner 15 1689815 3
owner 15 1687867 3
owner 15 1691763 3
owner 15 1689814 3
owner 15 1687866 3
owner 15 1691762 3
owner 15 1689813 3
owner 15 1691761 3
owner 15 1693709 3
owner 15 1695657 3
owner 15 1693710 3
owner 15 1695658 3
owner 15 1693711 3
owner 15 1695659 3
owner 15 1697607 3
owner 15 1695660 3
owner 15 1697608 3
owner 15 1699556 3
owner 15 1697609 3
owner 15 1699557 3
owner 15 1697610 3
owner 15 1699558 3
owner 15 1697611 3
owner 15 1699555 3
owner 15 1697606 3
owner 15 1685919 3
owner 15 1685920 3
owner 15 1685921 3
owner 15 1685922 3
owner 15 2118813 4
owner 15 2116865 4
owner 15 2120761 4
owner 15 2118812 4
owner 15 2118814 4
owner 15 2116866 4
owner 15 2120762 4
owner 15 2118815 4
owner 15 2116867 4
owner 15 2120763 4
owner 15 2118816 4
owner 15 2116868 4
owner 15 2120764 4
owner 15 2114920 4
owner 15 2114919 4
owner 15 2112971 4
owner 15 2114918 4
owner 15 2112970 4
owner 15 2114917 4
owner 15 2112969 4
owner 15 2114916 4
owner 15 2112968 4
owner 15 2116864 4
owner 15 2114915 4
owner 15 2112967 4
owner 15 2116863 4
owner 15 2114914 4
owner 15 2112966 4
owner 15 2116862 4
owner 15 2114913 4
owner 15 2116861 4
owner 15 2118809 4
owner 15 2120757 4
owner 15 2118810 4
owner 15 2120758 4
owner 15 2118811 4
owner 15 2120759 4
owner 15 2122707 4
owner 15 2120760 4
owner 15 2122708 4
owner 15 2124656 4
owner 15 2122709 4
owner 15 2124657 4
owner 15 2122710 4
owner 15 2124658 4
owner 15 2122711 4
owner 15 2124655 4
owner 15 2122706 4
owner 15 2111019 4
owner 15 2111020 4
owner 15 2111021 4
owner 15 2111022 4
owner 15 1179510 5
owner 15 1177562 5
owner 15 1181458 5
owner 15 1179509 5
owner 15 1179511 5
owner 15 1177563 5
owner 15 1181459 5
owner 15 1179512 5
owner 15 1177564 5
owner 15 1181460 5
owner 15 1179513 5
owner 15 1177565 5
owner 15 1181461 5
owner 15 1175617 5
owner 15 1175616 5
owner 15 1173668 5
owner 15 1175615 5
owner 15 1173667 5
owner 15 1175614 5
owner 15 1173666 5
owner 15 1175613 5
owner 15 1173665 5
owner 15 1177561 5
owner 15 1175612 5
owner 15 1173664 5
owner 15 1177560 5
owner 15 1175611 5
owner 15 1173663 5
owner 15 1177559 5
owner 15 1175610 5
owner 15 1177558 5
owner 15 1179506 5
owner 15 1181454 5
owner 15 1179507 5
owner 15 1181455 5
owner 15 1179508 5
owner 15 1181456 5
owner 15 1183404 5
owner 15 1181457 5
owner 15 1183405 5
owner 15 1185353 5
owner 15 1183406 5
owner 15 1185354 5
owner 15 1183407 5
owner 15 1185355 5
owner 15 1183408 5
owner 15 1185352 5
owner 15 1183403 5
owner 15 1171716 5
owner 15 1171717 5
owner 15 1171718 5
owner 15 1171719 5
owner 15 354112 6
owner 15 352164 6
owner 15 356060 6
owner 15 354111 6
owner 15 354113 6
owner 15 352165 6
owner 15 356061 6
owner 15 354114 6
owner 15 352166 6
owner 15 356062 6
owner 15 354115 6
owner 15 352167 6
owner 15 356063 6
owner 15 350219 6
owner 15 350218 6
owner 15 348270 6
owner 15 350217 6
owner 15 348269 6
owner 15 350216 6
owner 15 348268 6
owner 15 350215 6
owner 15 348267 6
owner 15 352163 6
owner 15 350214 6
owner 15 348266 6
owner 15 352162 6
owner 15 350213 6
owner 15 348265 6
owner 15 352161 6
owner 15 350212 6
owner 15 352160 6
owner 15 354108 6
owner 15 356056 6
owner 15 354109 6
owner 15 356057 6
owner 15 354110 6
owner 15 356058 6
owner 15 358006 6
owner 15 356059 6
owner 15 358007 6
owner 15 359955 6
owner 15 358008 6
owner 15 359956 6
owner 15 358009 6
owner 15 359957 6
owner 15 358010 6
owner 15 359954 6
owner 15 358005 6
owner 15 346318 6
owner 15 346319 6
owner 15 346320 6
owner 15 346321 6
owner 15 1672567 7
owner 15 1670619 7
owner 15 1674515 7
owner 15 1672566 7
owner 15 1672568 7
owner 15 1670620 7
owner 15 1674516 7
owner 15 1672569 7
owner 15 1670621 7
owner 15 1674517 7
owner 15 1672570 7
owner 15 1670622 7
owner 15 1674518 7
owner 15 1668674 7
owner 15 1668673 7
owner 15 1666725 7
owner 15 1668672 7
owner 15 1666724 7
owner 15 1668671 7
owner 15 1666723 7
owner 15 1668670 7
owner 15 1666722 7
owner 15 1670618 7
owner 15 1668669 7
owner 15 1666721 7
owner 15 1670617 7
owner 15 1668668 7
owner 15 1666720 7
owner 15 1670616 7
owner 15 1668667 7
owner 15 1670615 7
owner 15 1672563 7
owner 15 1674511 7
owner 15 1672564 7
owner 15 1674512 7
owner 15 1672565 7
owner 15 1674513 7
owner 15 1676461 7
owner 15 1674514 7
owner 15 1676462 7
owner 15 1678410 7
owner 15 1676463 7
owner 15 1678411 7
owner 15 1676464 7
owner 15 1678412 7
owner 15 1676465 7
owner 15 1678409 7
owner 15 1676460 7
owner 15 1664773 7
owner 15 1664774 7
owner 15 1664775 7
owner 15 1664776 7
owner 15 3737454 8
owner 15 3735506 8
owner 15 3739402 8
owner 15 3737453 8
owner 15 3737455 8
owner 15 3735507 8
owner 15 3739403 8
owner 15 3737456 8
owner 15 3735508 8
owner 15 3739404 8
owner 15 3737457 8
owner 15 3735509 8
owner 15 3739405 8
owner 15 3733561 8
owner 15 3733560 8
owner 15 3731612 8
owner 15 3733559 8
owner 15 3731611 8
owner 15 3733558 8
owner 15 3731610 8
owner 15 3733557 8
owner 15 3731609 8
owner 15 3735505 8
owner 15 3733556 8
owner 15 3731608 8
owner 15 3735504 8
owner 15 3733555 8
owner 15 3731607 8
owner 15 3735503 8
owner 15 3733554 8
owner 15 3735502 8
owner 15 3737450 8
owner 15 3739398 8
owner 15 3737451 8
owner 15 3739399 8
owner 15 3737452 8
owner 15 3739400 8
owner 15 3741348 8
owner 15 3739401 8
owner 15 3741349 8
owner 15 3743297 8
owner 15 3741350 8
owner 15 3743298 8
owner 15 3741351 8
owner 15 3743299 8
owner 15 3741352 8
owner 15 3743296 8
owner 15 3741347 8
owner 15 3729660 8
owner 15 3729661 8
owner 15 3729662 8
owner 15 3729663 8
owner 15 1534836 9
owner 15 1532888 9
owner 15 1536784 9
owner 15 1534835 9
owner 15 1534837 9
owner 15 1532889 9
owner 15 1536785 9
owner 15 1534838 9
owner 15 1532890 9
owner 15 1536786 9
owner 15 1534839 9
owner 15 1532891 9
owner 15 1536787 9
owner 15 1530943 9
owner 15 1530942 9
owner 15 1528994 9
owner 15 1530941 9
owner 15 1528993 9
owner 15 1530940 9
owner 15 1528992 9
owner 15 1530939 9
owner 15 1528991 9
owner 15 1532887 9
owner 15 1530938 9
owner 15 1528990 9
owner 15 1532886 9
owner 15 1530937 9
owner 15 1528989 9
owner 15 1532885 9
owner 15 1530936 9
owner 15 1532884 9
owner 15 1534832 9
owner 15 1536780 9
owner 15 1534833 9
owner 15 1536781 9
owner 15 1534834 9
owner 15 1536782 9
owner 15 1538730 9
owner 15 1536783 9
owner 15 1538731 9
owner 15 1540679 9
owner 15 1538732 9
owner 15 1540680 9
owner 15 1538733 9
owner 15 1540681 9
owner 15 1538734 9
owner 15 1540678 9
owner 15 1538729 9
owner 15 1527042 9
owner 15 1527043 9
owner 15 1527044 9
owner 15 1527045 9
owner 15 1363119 10
owner 15 1361171 10
owner 15 1365067 10
owner 15 1363118 10
owner 15 1363120 10
owner 15 1361172 10
owner 15 1365068 10
owner 15 1363121 10
owner 15 1361173 10
owner 15 1365069 10
owner 15 1363122 10
owner 15 1361174 10
owner 15 1365070 10
owner 15 1359226 10
owner 15 1359225 10
owner 15 1357277 10
owner 15 1359224 10
owner 15 1357276 10
owner 15 1359223 10
owner 15 1357275 10
owner 15 1359222 10
owner 15 1357274 10
owner 15 1361170 10
owner 15 1359221 10
owner 15 1357273 10
owner 15 1361169 10
owner 15 1359220 10
owner 15 1357272 10
owner 15 1361168 10
owner 15 1359219 10
owner 15 1361167 10
owner 15 1363115 10
owner 15 1365063 10
owner 15 1363116 10
owner 15 1365064 10
owner 15 1363117 10
owner 15 1365065 10
owner 15 1367013 10
owner 15 1365066 10
owner 15 1367014 10
owner 15 1368962 10
owner 15 1367015 10
owner 15 1368963 10
owner 15 1367016 10
owner 15 1368964 10
owner 15 1367017 10
owner 15 1368961 10
owner 15 1367012 10
owner 15 1355325 10
owner 15 1355326 10
owner 15 1355327 10
owner 15 1355328 10
owner 15 1246290 11
owner 15 1244342 11
owner 15 1248238 11
owner 15 1246289 11
owner 15 1246291 11
owner 15 1244343 11
owner 15 1248239 11
owner 15 1246292 11
owner 15 1244344 11
owner 15 1248240 11
owner 15 1246293 11
owner 15 1244345 11
owner 15 1248241 11
owner 15 1242397 11
owner 15 1242396 11
owner 15 1240448 11
owner 15 1242395 11
owner 15 1240447 11
owner 15 1242394 11
owner 15 1240446 11
owner 15 1242393 11
owner 15 1240445 11
owner 15 1244341 11
owner 15 1242392 11
owner 15 1240444 11
owner 15 1244340 11
owner 15 1242391 11
owner 15 1240443 11
owner 15 1244339 11
owner 15 1242390 11
owner 15 1244338 11
owner 15 1246286 11
owner 15 1248234 11
owner 15 1246287 11
owner 15 1248235 11
owner 15 1246288 11
owner 15 1248236 11
owner 15 1250184 11
owner 15 1248237 11
owner 15 1250185 11
owner 15 1252133 11
owner 15 1250186 11
owner 15 1252134 11
owner 15 1250187 11
owner 15 1252135 11
owner 15 1250188 11
owner 15 1252132 11
owner 15 1250183 11
owner 15 1238496 11
owner 15 1238497 11
owner 15 1238498 11
owner 15 1238499 11
owner 15 488823 12
owner 15 486875 12
owner 15 490771 12
owner 15 488822 12
owner 15 488824 12
owner 15 486876 12
owner 15 490772 12
owner 15 488825 12
owner 15 486877 12
owner 15 490773 12
owner 15 488826 12
owner 15 486878 12
owner 15 490774 12
owner 15 484930 12
owner 15 484929 12
owner 15 482981 12
owner 15 484928 12
owner 15 482980 12
owner 15 484927 12
owner 15 482979 12
owner 15 484926 12
owner 15 482978 12
owner 15 486874 12
owner 15 484925 12
owner 15 482977 12
owner 15 486873 12
owner 15 484924 12
owner 15 482976 12
owner 15 486872 12
owner 15 484923 12
owner 15 486871 12
owner 15 488819 12
owner 15 490767 12
owner 15 488820 12
owner 15 490768 12
owner 15 488821 12
owner 15 490769 12
owner 15 492717 12
owner 15 490770 12
owner 15 492718 12
owner 15 494666 12
owner 15 492719 12
owner 15 494667 12
owner 15 492720 12
owner 15 494668 12
owner 15 492721 12
owner 15 494665 12
owner 15 492716 12
owner 15 481029 12
owner 15 481030 12
owner 15 481031 12
owner 15 481032 12
owner 15 1567127 13
owner 15 1565179 13
owner 15 1569075 13
owner 15 1567126 13
owner 15 1567128 13
owner 15 1565180 13
owner 15 1569076 13
owner 15 1567129 13
owner 15 1565181 13
owner 15 1569077 13
owner 15 1567130 13
owner 15 1565182 13
owner 15 1569078 13
owner 15 1563234 13
owner 15 1563233 13
owner 15 1561285 13
owner 15 1563232 13
owner 15 1561284 13
owner 15 1563231 13
owner 15 1561283 13
owner 15 1563230 13
owner 15 1561282 13
owner 15 1565178 13
owner 15 1563229 13
owner 15 1561281 13
owner 15 1565177 13
owner 15 1563228 13
owner 15 1561280 13
owner 15 1565176 13
owner 15 1563227 13
owner 15 1565175 13
owner 15 1567123 13
owner 15 1569071 13
owner 15 1567124 13
owner 15 1569072 13
owner 15 1567125 13
owner 15 1569073 13
owner 15 1571021 13
owner 15 1569074 13
owner 15 1571022 13
owner 15 1572970 13
owner 15 1571023 13
owner 15 1572971 13
owner 15 1571024 13
owner 15 1572972 13
owner 15 1571025 13
owner 15 1572969 13
owner 15 1571020 13
owner 15 1559333 13
owner 15 1559334 13
owner 15 1559335 13
owner 15 1559336 13
owner 15 1115588 14
owner 15 1113640 14
owner 15 1117536 14
owner 15 1115587 14
owner 15 1115589 14
owner 15 1113641 14
owner 15 1117537 14
owner 15 1115590 14
owner 15 1113642 14
owner 15 1117538 14
owner 15 1115591 14
owner 15 1113643 14
owner 15 1117539 14
owner 15 1111695 14
owner 15 1111694 14
owner 15 1109746 14
owner 15 1111693 14
owner 15 1109745 14
owner 15 1111692 14
owner 15 1109744 14
owner 15 1111691 14
owner 15 1109743 14
owner 15 1113639 14
owner 15 1111690 14
owner 15 1109742 14
owner 15 1113638 14
owner 15 1111689 14
owner 15 1109741 14
owner 15 1113637 14
owner 15 1111688 14
owner 15 1113636 14
owner 15 1115584 14
owner 15 1117532 14
owner 15 1115585 14
owner 15 1117533 14
owner 15 1115586 14
owner 15 1117534 14
owner 15 1119482 14
owner 15 1117535 14
owner 15 1119483 14
owner 15 1121431 14
owner 15 1119484 14
owner 15 1121432 14
owner 15 1119485 14
owner 15 1121433 14
owner 15 1119486 14
owner 15 1121430 14
owner 15 1119481 14
owner 15 1107794 14
owner 15 1107795 14
owner 15 1107796 14
owner 15 1107797 14
owner 15 889433 15
owner 15 887485 15
owner 15 891381 15
owner 15 889432 15
owner 15 889434 15
owner 15 887486 15
owner 15 891382 15
owner 15 889435 15
owner 15 887487 15
owner 15 891383 15
owner 15 889436 15
owner 15 887488 15
owner 15 891384 15
owner 15 885540 15
owner 15 885539 15
owner 15 883591 15
owner 15 885538 15
owner 15 883590 15
owner 15 885537 15
owner 15 883589 15
owner 15 885536 15
owner 15 883588 15
owner 15 887484 15
owner 15 885535 15
owner 15 883587 15
owner 15 887483 15
owner 15 885534 15
owner 15 883586 15
owner 15 887482 15
owner 15 885533 15
owner 15 887481 15
owner 15 889429 15
owner 15 891377 15
owner 15 889430 15
owner 15 891378 15
owner 15 889431 15
owner 15 891379 15
owner 15 893327 15
owner 15 891380 15
owner 15 893328 15
owner 15 895276 15
owner 15 893329 15
owner 15 895277 15
owner 15 893330 15
owner 15 895278 15
owner 15 893331 15
owner 15 895275 15
owner 15 893326 15
owner 15 881639 15
owner 15 881640 15
owner 15 881641 15
owner 15 881642 15
owner 15 504886 16
owner 15 502938 16
owner 15 506834 16
owner 15 504885 16
owner 15 504887 16
owner 15 502939 16
owner 15 506835 16
owner 15 504888 16
owner 15 502940 16
owner 15 506836 16
owner 15 504889 16
owner 15 502941 16
owner 15 506837 16
owner 15 500993 16
owner 15 500992 16
owner 15 499044 16
owner 15 500991 16
owner 15 499043 16
owner 15 500990 16
owner 15 499042 16
owner 15 500989 16
owner 15 499041 16
owner 15 502937 16
owner 15 500988 16
owner 15 499040 16
owner 15 502936 16
owner 15 500987 16
owner 15 499039 16
owner 15 502935 16
owner 15 500986 16
owner 15 502934 16
owner 15 504882 16
owner 15 506830 16
owner 15 504883 16
owner 15 506831 16
owner 15 504884 16
owner 15 506832 16
owner 15 508780 16
owner 15 506833 16
owner 15 508781 16
owner 15 510729 16
owner 15 508782 16
owner 15 510730 16
owner 15 508783 16
owner 15 510731 16
owner 15 508784 16
owner 15 510728 16
owner 15 508779 16
owner 15 497092 16
owner 15 497093 16
owner 15 497094 16
owner 15 497095 16
prev 15 425159
prev 15 1693713
prev 15 2118813
prev 15 1179510
prev 15 354112
prev 15 1672567
prev 15 3737454
prev 15 1534836
prev 15 1363119
prev 15 1246290
prev 15 488823
prev 15 1567127
prev 15 1115588
prev 15 889433
prev 15 504886
owned 15 1512941
owned 15 1512942
owned 15 1512943
owned 15 1512944
owned 15 1514888
owned 15 1514889
owned 15 1514890
owned 15 1514891
owned 15 1514892
owned 15 1514893
owned 15 1516835
owned 15 1516836
owned 15 1516837
owned 15 1516838
owned 15 1516839
owned 15 1516840
owned 15 1516841
owned 15 1516842
owned 15 1518783
owned 15 1518784
owned 15 1518785
owned 15 1518786
owned 15 1518787
owned 15 1518788
owned 15 1518789
owned 15 1518790
owned 15 1520731
owned 15 1520732
owned 15 1520733
owned 15 1520734
owned 15 1520735
owned 15 1520736
owned 15 1520737
owned 15 1520738
owned 15 1522679
owned 15 1522680
owned 15 1522681
owned 15 1522682
owned 15 1522683
owned 15 1522684
owned 15 1522685
owned 15 1522686
owned 15 1524628
owned 15 1524629
owned 15 1524630
owned 15 1524631
owned 15 1524632
owned 15 1524633
owned 15 1526577
owned 15 1526578
owned 15 1526579
owned 15 1526580
bot 16 18 ay8xa67r 1238569276 2089760 1504 1072 52
owner 16 425159 2
owner 16 423211 2
owner 16 427107 2
owner 16 425158 2
owner 16 425160 2
owner 16 423212 2
owner 16 427108 2
owner 16 425161 2
owner 16 423213 2
owner 16 427109 2
owner 16 425162 2
owner 16 423214 2
owner 16 427110 2
owner 16 421266 2
owner 16 421265 2
owner 16 419317 2
owner 16 421264 2
owner 16 419316 2
owner 16 421263 2
owner 16 419315 2
owner 16 421262 2
owner 16 419314 2
owner 16 423210 2
owner 16 421261 2
owner 16 419313 2
owner 16 423209 2
owner 16 421260 2
owner 16 419312 2
owner 16 423208 2
owner 16 421259 2
owner 16 423207 2
owner 16 425155 2
owner 16 427103 2
owner 16 425156 2
owner 16 427104 2
owner 16 425157 2
owner 16 427105 2
owner 16 429053 2
owner 16 427106 2
owner 16 429054 2
owner 16 431002 2
owner 16 429055 2
owner 16 431003 2
owner 16 429056 2
owner 16 431004 2
owner 16 429057 2
owner 16 431001 2
owner 16 429052 2
owner 16 417365 2
owner 16 417366 2
owner 16 417367 2
owner 16 417368 2
owner 16 1693713 3
owner 16 1691765 3
owner 16 1695661 3
owner 16 1693712 3
owner 16 1693714 3
owner 16 1691766 3
owner 16 1695662 3
owner 16 1693715 3
owner 16 1691767 3
owner 16 1695663 3
owner 16 1693716 3
owner 16 1691768 3
owner 16 1695664 3
owner 16 1689820 3
owner 16 1689819 3
owner 16 1687871 3
owner 16 1689818 3
owner 16 1687870 3
owner 16 1689817 3
owner 16 1687869 3
owner 16 1689816 3
owner 16 1687868 3
owner 16 1691764 3
owner 16 1689815 3
owner 16 1687867 3
owner 16 1691763 3
owner 16 1689814 3
owner 16 1687866 3
owner 16 1691762 3
owner 16 1689813 3
owner 16 1691761 3
owner 16 1693709 3
owner 16 1695657 3
owner 16 1693710 3
owner 16 1695658 3
owner 16 1693711 3
owner 16 1695659 3
owner 16 1697607 3
owner 16 1695660 3
owner 16 1697608 3
owner 16 1699556 3
owner 16 1697609 3
owner 16 1699557 3
owner 16 1697610 3
owner 16 1699558 3
owner 16 1697611 3
owner 16 1699555 3
owner 16 1697606 3
owner 16 1685919 3
owner 16 1685920 3
owner 16 1685921 3
owner 16 1685922 3
owner 16 2118813 4
owner 16 2116865 4
owner 16 2120761 4
owner 16 2118812 4
owner 16 2118814 4
owner 16 2116866 4
owner 16 2120762 4
owner 16 2118815 4
owner 16 2116867 4
owner 16 2120763 4
owner 16 2118816 4
owner 16 2116868 4
owner 16 2120764 4
owner 16 2114920 4
owner 16 2114919 4
owner 16 2112971 4
owner 16 2114918 4
owner 16 2112970 4
owner 16 2114917 4
owner 16 2112969 4
owner 16 2114916 4
owner 16 2112968 4
owner 16 2116864 4
owner 16 2114915 4
owner 16 2112967 4
owner 16 2116863 4
owner 16 2114914 4
owner 16 2112966 4
owner 16 2116862 4
owner 16 2114913 4
owner 16 2116861 4
owner 16 2118809 4
owner 16 2120757 4
owner 16 2118810 4
owner 16 2120758 4
owner 16 2118811 4
owner 16 2120759 4
owner 16 2122707 4
owner 16 2120760 4
owner 16 2122708 4
owner 16 2124656 4
owner 16 2122709 4
owner 16 2124657 4
owner 16 2122710 4
owner 16 2124658 4
owner 16 2122711 4
owner 16 2124655 4
owner 16 2122706 4
owner 16 2111019 4
owner 16 2111020 4
owner 16 2111021 4
owner 16 2111022 4
owner 16 1179510 5
owner 16 1177562 5
owner 16 1181458 5
owner 16 1179509 5
owner 16 1179511 5
owner 16 1177563 5
owner 16 1181459 5
owner 16 1179512 5
owner 16 1177564 5
owner 16 1181460 5
owner 16 1179513 5
owner 16 1177565 5
owner 16 1181461 5
owner 16 1175617 5
owner 16 1175616 5
owner 16 1173668 5
owner 16 1175615 5
owner 16 1173667 5
owner 16 1175614 5
owner 16 1173666 5
owner 16 1175613 5
owner 16 1173665 5
owner 16 1177561 5
owner 16 1175612 5
owner 16 1173664 5
owner 16 1177560 5
owner 16 1175611 5
owner 16 1173663 5
owner 16 1177559 5
owner 16 1175610 5
owner 16 1177558 5
owner 16 1179506 5
owner 16 1181454 5
owner 16 1179507 5
owner 16 1181455 5
owner 16 1179508 5
owner 16 1181456 5
owner 16 1183404 5
owner 16 1181457 5
owner 16 1183405 5
owner 16 1185353 5
owner 16 1183406 5
owner 16 1185354 5
owner 16 1183407 5
owner 16 1185355 5
owner 16 1183408 5
owner 16 1185352 5
owner 16 1183403 5
owner 16 1171716 5
owner 16 1171717 5
owner 16 1171718 5
owner 16 1171719 5
owner 16 354112 6
owner 16 352164 6
owner 16 356060 6
owner 16 354111 6
owner 16 354113 6
owner 16 352165 6
owner 16 356061 6
owner 16 354114 6
owner 16 352166 6
owner 16 356062 6
owner 16 354115 6
owner 16 352167 6
owner 16 356063 6
owner 16 350219 6
owner 16 350218 6
owner 16 348270 6
owner 16 350217 6
owner 16 348269 6
owner 16 350216 6
owner 16 348268 6
owner 16 350215 6
owner 16 348267 6
owner 16 352163 6
owner 16 350214 6
owner 16 348266 6
owner 16 352162 6
owner 16 350213 6
owner 16 348265 6
owner 16 352161 6
owner 16 350212 6
owner 16 352160 6
owner 16 354108 6
owner 16 356056 6
owner 16 354109 6
owner 16 356057 6
owner 16 354110 6
owner 16 356058 6
owner 16 358006 6
owner 16 356059 6
owner 16 358007 6
owner 16 359955 6
owner 16 358008 6
owner 16 359956 6
owner 16 358009 6
owner 16 359957 6
owner 16 358010 6
owner 16 359954 6
owner 16 358005 6
owner 16 346318 6
owner 16 346319 6
owner 16 346320 6
owner 16 346321 6
owner 16 1672567 7
owner 16 1670619 7
owner 16 1674515 7
owner 16 1672566 7
owner 16 1672568 7
owner 16 1670620 7
owner 16 1674516 7
owner 16 1672569 7
owner 16 1670621 7
owner 16 1674517 7
owner 16 1672570 7
owner 16 1670622 7
owner 16 1674518 7
owner 16 1668674 7
owner 16 1668673 7
owner 16 1666725 7
owner 16 1668672 7
owner 16 1666724 7
owner 16 1668671 7
owner 16 1666723 7
owner 16 1668670 7
owner 16 1666722 7
owner 16 1670618 7
owner 16 1668669 7
owner 16 1666721 7
owner 16 1670617 7
owner 16 1668668 7
owner 16 1666720 7
owner 16 1670616 7
owner 16 1668667 7
owner 16 1670615 7
owner 16 1672563 7
owner 16 1674511 7
owner 16 1672564 7
owner 16 1674512 7
owner 16 1672565 7
owner 16 1674513 7
owner 16 1676461 7
owner 16 1674514 7
owner 16 1676462 7
owner 16 1678410 7
owner 16 1676463 7
owner 16 1678411 7
owner 16 1676464 7
owner 16 1678412 7
owner 16 1676465 7
owner 16 1678409 7
owner 16 1676460 7
owner 16 1664773 7
owner 16 1664774 7
owner 16 1664775 7
owner 16 1664776 7
owner 16 3737454 8
owner 16 3735506 8
owner 16 3739402 8
owner 16 3737453 8
owner 16 3737455 8
owner 16 3735507 8
owner 16 3739403 8
owner 16 3737456 8
owner 16 3735508 8
owner 16 3739404 8
owner 16 3737457 8
owner 16 3735509 8
owner 16 3739405 8
owner 16 3733561 8
owner 16 3733560 8
owner 16 3731612 8
owner 16 3733559 8
owner 16 3731611 8
owner 16 3733558 8
owner 16 3731610 8
owner 16 3733557 8
owner 16 3731609 8
owner 16 3735505 8
owner 16 3733556 8
owner 16 3731608 8
owner 16 3735504 8
owner 16 3733555 8
owner 16 3731607 8
owner 16 3735503 8
owner 16 3733554 8
owner 16 3735502 8
owner 16 3737450 8
owner 16 3739398 8
owner 16 3737451 8
owner 16 3739399 8
owner 16 3737452 8
owner 16 3739400 8
owner 16 3741348 8
owner 16 3739401 8
owner 16 3741349 8
owner 16 3743297 8
owner 16 3741350 8
owner 16 3743298 8
owner 16 3741351 8
owner 16 3743299 8
owner 16 3741352 8
owner 16 3743296 8
owner 16 3741347 8
owner 16 3729660 8
owner 16 3729661 8
owner 16 3729662 8
owner 16 3729663 8
owner 16 1534836 9
owner 16 1532888 9
owner 16 1536784 9
owner 16 1534835 9
owner 16 1534837 9
owner 16 1532889 9
owner 16 1536785 9
owner 16 1534838 9
owner 16 1532890 9
owner 16 1536786 9
owner 16 1534839 9
owner 16 1532891 9
owner 16 1536787 9
owner 16 1530943 9
owner 16 1530942 9
owner 16 1528994 9
owner 16 1530941 9
owner 16 1528993 9
owner 16 1530940 9
owner 16 1528992 9
owner 16 1530939 9
owner 16 1528991 9
owner 16 1532887 9
owner 16 1530938 9
owner 16 1528990 9
owner 16 1532886 9
owner 16 1530937 9
owner 16 1528989 9
owner 16 1532885 9
owner 16 1530936 9
owner 16 1532884 9
owner 16 1534832 9
owner 16 1536780 9
owner 16 1534833 9
owner 16 1536781 9
owner 16 1534834 9
owner 16 1536782 9
owner 16 1538730 9
owner 16 1536783 9
owner 16 1538731 9
owner 16 1540679 9
owner 16 1538732 9
owner 16 1540680 9
owner 16 1538733 9
owner 16 1540681 9
owner 16 1538734 9
owner 16 1540678 9
owner 16 1538729 9
owner 16 1527042 9
owner 16 1527043 9
owner 16 1527044 9
owner 16 1527045 9
owner 16 1363119 10
owner 16 1361171 10
owner 16 1365067 10
owner 16 1363118 10
owner 16 1363120 10
owner 16 1361172 10
owner 16 1365068 10
owner 16 1363121 10
owner 16 1361173 10
owner 16 1365069 10
owner 16 1363122 10
owner 16 1361174 10
owner 16 1365070 10
owner 16 1359226 10
owner 16 1359225 10
owner 16 1357277 10
owner 16 1359224 10
owner 16 1357276 10
owner 16 1359223 10
owner 16 1357275 10
owner 16 1359222 10
owner 16 1357274 10
owner 16 1361170 10
owner 16 1359221 10
owner 16 1357273 10
owner 16 1361169 10
owner 16 1359220 10
owner 16 1357272 10
owner 16 1361168 10
owner 16 1359219 10
owner 16 1361167 10
owner 16 1363115 10
owner 16 1365063 10
owner 16 1363116 10
owner 16 1365064 10
owner 16 1363117 10
owner 16 1365065 10
owner 16 1367013 10
owner 16 1365066 10
owner 16 1367014 10
owner 16 1368962 10
owner 16 1367015 10
owner 16 1368963 10
owner 16 1367016 10
owner 16 1368964 10
owner 16 1367017 10
owner 16 1368961 10
owner 16 1367012 10
owner 16 1355325 10
owner 16 1355326 10
owner 16 1355327 10
owner 16 1355328 10
owner 16 1246290 11
owner 16 1244342 11
owner 16 1248238 11
owner 16 1246289 11
owner 16 1246291 11
owner 16 1244343 11
owner 16 1248239 11
owner 16 1246292 11
owner 16 1244344 11
owner 16 1248240 11
owner 16 1246293 11
owner 16 1244345 11
owner 16 1248241 11
owner 16 1242397 11
owner 16 1242396 11
owner 16 1240448 11
owner 16 1242395 11
owner 16 1240447 11
owner 16 1242394 11
owner 16 1240446 11
owner 16 1242393 11
owner 16 1240445 11
owner 16 1244341 11
owner 16 1242392 11
owner 16 1240444 11
owner 16 1244340 11
owner 16 1242391 11
owner 16 1240443 11
owner 16 1244339 11
owner 16 1242390 11
owner 16 1244338 11
owner 16 1246286 11
owner 16 1248234 11
owner 16 1246287 11
owner 16 1248235 11
owner 16 1246288 11
owner 16 1248236 11
owner 16 1250184 11
owner 16 1248237 11
owner 16 1250185 11
owner 16 1252133 11
owner 16 1250186 11
owner 16 1252134 11
owner 16 1250187 11
owner 16 1252135 11
owner 16 1250188 11
owner 16 1252132 11
owner 16 1250183 11
owner 16 1238496 11
owner 16 1238497 11
owner 16 1238498 11
owner 16 1238499 11
owner 16 488823 12
owner 16 486875 12
owner 16 490771 12
owner 16 488822 12
owner 16 488824 12
owner 16 486876 12
owner 16 490772 12
owner 16 488825 12
owner 16 486877 12
owner 16 490773 12
owner 16 488826 12
owner 16 486878 12
owner 16 490774 12
owner 16 484930 12
owner 16 484929 12
owner 16 482981 12
owner 16 484928 12
owner 16 482980 12
owner 16 484927 12
owner 16 482979 12
owner 16 484926 12
owner 16 482978 12
owner 16 486874 12
owner 16 484925 12
owner 16 482977 12
owner 16 486873 12
owner 16 484924 12
owner 16 482976 12
owner 16 486872 12
owner 16 484923 12
owner 16 486871 12
owner 16 488819 12
owner 16 490767 12
owner 16 488820 12
owner 16 490768 12
owner 16 488821 12
owner 16 490769 12
owner 16 492717 12
owner 16 490770 12
owner 16 492718 12
owner 16 494666 12
owner 16 492719 12
owner 16 494667 12
owner 16 492720 12
owner 16 494668 12
owner 16 492721 12
owner 16 494665 12
owner 16 492716 12
owner 16 481029 12
owner 16 481030 12
owner 16 481031 12
owner 16 481032 12
owner 16 1567127 13
owner 16 1565179 13
owner 16 1569075 13
owner 16 1567126 13
owner 16 1567128 13
owner 16 1565180 13
owner 16 1569076 13
owner 16 1567129 13
owner 16 1565181 13
owner 16 1569077 13
owner 16 1567130 13
owner 16 1565182 13
owner 16 1569078 13
owner 16 1563234 13
owner 16 1563233 13
owner 16 1561285 13
owner 16 1563232 13
owner 16 1561284 13
owner 16 1563231 13
owner 16 1561283 13
owner 16 1563230 13
owner 16 1561282 13
owner 16 1565178 13
owner 16 1563229 13
owner 16 1561281 13
owner 16 1565177 13
owner 16 1563228 13
owner 16 1561280 13
owner 16 1565176 13
owner 16 1563227 13
owner 16 1565175 13
owner 16 1567123 13
owner 16 1569071 13
owner 16 1567124 13
owner 16 1569072 13
owner 16 1567125 13
owner 16 1569073 13
owner 16 1571021 13
owner 16 1569074 13
owner 16 1571022 13
owner 16 1572970 13
owner 16 1571023 13
owner 16 1572971 13
owner 16 1571024 13
owner 16 1572972 13
owner 16 1571025 13
owner 16 1572969 13
owner 16 1571020 13
owner 16 1559333 13
owner 16 1559334 13
owner 16 1559335 13
owner 16 1559336 13
owner 16 1115588 14
owner 16 1113640 14
owner 16 1117536 14
owner 16 1115587 14
owner 16 1115589 14
owner 16 1113641 14
owner 16 1117537 14
owner 16 1115590 14
owner 16 1113642 14
owner 16 1117538 14
owner 16 1115591 14
owner 16 1113643 14
owner 16 1117539 14
owner 16 1111695 14
owner 16 1111694 14
owner 16 1109746 14
owner 16 1111693 14
owner 16 1109745 14
owner 16 1111692 14
owner 16 1109744 14
owner 16 1111691 14
owner 16 1109743 14
owner 16 1113639 14
owner 16 1111690 14
owner 16 1109742 14
owner 16 1113638 14
owner 16 1111689 14
owner 16 1109741 14
owner 16 1113637 14
owner 16 1111688 14
owner 16 1113636 14
owner 16 1115584 14
owner 16 1117532 14
owner 16 1115585 14
owner 16 1117533 14
owner 16 1115586 14
owner 16 1117534 14
owner 16 1119482 14
owner 16 1117535 14
owner 16 1119483 14
owner 16 1121431 14
owner 16 1119484 14
owner 16 1121432 14
owner 16 1119485 14
owner 16 1121433 14
owner 16 1119486 14
owner 16 1121430 14
owner 16 1119481 14
owner 16 1107794 14
owner 16 1107795 14
owner 16 1107796 14
owner 16 1107797 14
owner 16 889433 15
owner 16 887485 15
owner 16 891381 15
owner 16 889432 15
owner 16 889434 15
owner 16 887486 15
owner 16 891382 15
owner 16 889435 15
owner 16 887487 15
owner 16 891383 15
owner 16 889436 15
owner 16 887488 15
owner 16 891384 15
owner 16 885540 15
owner 16 885539 15
owner 16 883591 15
owner 16 885538 15
owner 16 883590 15
owner 16 885537 15
owner 16 883589 15
owner 16 885536 15
owner 16 883588 15
owner 16 887484 15
owner 16 885535 15
owner 16 883587 15
owner 16 887483 15
owner 16 885534 15
owner 16 883586 15
owner 16 887482 15
owner 16 885533 15
owner 16 887481 15
owner 16 889429 15
owner 16 891377 15
owner 16 889430 15
owner 16 891378 15
owner 16 889431 15
owner 16 891379 15
owner 16 893327 15
owner 16 891380 15
owner 16 893328 15
owner 16 895276 15
owner 16 893329 15
owner 16 895277 15
owner 16 893330 15
owner 16 895278 15
owner 16 893331 15
owner 16 895275 15
owner 16 893326 15
owner 16 881639 15
owner 16 881640 15
owner 16 881641 15
owner 16 881642 15
owner 16 504886 16
owner 16 502938 16
owner 16 506834 16
owner 16 504885 16
owner 16 504887 16
owner 16 502939 16
owner 16 506835 16
owner 16 504888 16
owner 16 502940 16
owner 16 506836 16
owner 16 504889 16
owner 16 502941 16
owner 16 506837 16
owner 16 500993 16
owner 16 500992 16
owner 16 499044 16
owner 16 500991 16
owner 16 499043 16
owner 16 500990 16
owner 16 499042 16
owner 16 500989 16
owner 16 499041 16
owner 16 502937 16
owner 16 500988 16
owner 16 499040 16
owner 16 502936 16
owner 16 500987 16
owner 16 499039 16
owner 16 502935 16
owner 16 500986 16
owner 16 502934 16
owner 16 504882 16
owner 16 506830 16
owner 16 504883 16
owner 16 506831 16
owner 16 504884 16
owner 16 506832 16
owner 16 508780 16
owner 16 506833 16
owner 16 508781 16
owner 16 510729 16
owner 16 508782 16
owner 16 510730 16
owner 16 508783 16
owner 16 510731 16
owner 16 508784 16
owner 16 510728 16
owner 16 508779 16
owner 16 497092 16
owner 16 497093 16
owner 16 497094 16
owner 16 497095 16
owner 16 1520735 17
owner 16 1518787 17
owner 16 1522683 17
owner 16 1520734 17
owner 16 1520736 17
owner 16 1518788 17
owner 16 1522684 17
owner 16 1520737 17
owner 16 1518789 17
owner 16 1522685 17
owner 16 1520738 17
owner 16 1518790 17
owner 16 1522686 17
owner 16 1516842 17
owner 16 1516841 17
owner 16 1514893 17
owner 16 1516840 17
owner 16 1514892 17
owner 16 1516839 17
owner 16 1514891 17
owner 16 1516838 17
owner 16 1514890 17
owner 16 1518786 17
owner 16 1516837 17
owner 16 1514889 17
owner 16 1518785 17
owner 16 1516836 17
owner 16 1514888 17
owner 16 1518784 17
owner 16 1516835 17
owner 16 1518783 17
owner 16 1520731 17
owner 16 1522679 17
owner 16 1520732 17
owner 16 1522680 17
owner 16 1520733 17
owner 16 1522681 17
owner 16 1524629 17
owner 16 1522682 17
owner 16 1524630 17
owner 16 1526578 17
owner 16 1524631 17
owner 16 1526579 17
owner 16 1524632 17
owner 16 1526580 17
owner 16 1524633 17
owner 16 1526577 17
owner 16 1524628 17
owner 16 1512941 17
owner 16 1512942 17
owner 16 1512943 17
owner 16 1512944 17
prev 16 425159
prev 16 1693713
prev 16 2118813
prev 16 1179510
prev 16 354112
prev 16 1672567
prev 16 3737454
prev 16 1534836
prev 16 1363119
prev 16 1246290
prev 16 488823
prev 16 1567127
prev 16 1115588
prev 16 889433
prev 16 504886
prev 16 1520735
owned 16 2081966
owned 16 2081967
owned 16 2081968
owned 16 2081969
owned 16 2083913
owned 16 2083914
owned 16 2083915
owned 16 2083916
owned 16 2083917
owned 16 2083918
owned 16 2085860
owned 16 2085861
owned 16 2085862
owned 16 2085863
owned 16 2085864
owned 16 2085865
owned 16 2085866
owned 16 2085867
owned 16 2087808
owned 16 2087809
owned 16 2087810
owned 16 2087811
owned 16 2087812
owned 16 2087813
owned 16 2087814
owned 16 2087815
owned 16 2089756
owned 16 2089757
owned 16 2089758
owned 16 2089759
owned 16 2089760
owned 16 2089761
owned 16 2089762
owned 16 2089763
owned 16 2091704
owned 16 2091705
owned 16 2091706
owned 16 2091707
owned 16 2091708
owned 16 2091709
owned 16 2091710
owned 16 2091711
owned 16 2093653
owned 16 2093654
owned 16 2093655
owned 16 2093656
owned 16 2093657
owned 16 2093658
owned 16 2095602
owned 16 2095603
owned 16 2095604
owned 16 2095605
bot 17 19 fha1xhrw -2086814691 1741312 1748 893 52
owner 17 425159 2
owner 17 423211 2
owner 17 427107 2
owner 17 425158 2
owner 17 425160 2
owner 17 423212 2
owner 17 427108 2
owner 17 425161 2
owner 17 423213 2
owner 17 427109 2
owner 17 425162 2
owner 17 423214 2
owner 17 427110 2
owner 17 421266 2
owner 17 421265 2
owner 17 419317 2
owner 17 421264 2
owner 17 419316 2
owner 17 421263 2
owner 17 419315 2
owner 17 421262 2
owner 17 419314 2
owner 17 423210 2
owner 17 421261 2
owner 17 419313 2
owner 17 423209 2
owner 17 421260 2
owner 17 419312 2
owner 17 423208 2
owner 17 421259 2
owner 17 423207 2
owner 17 425155 2
owner 17 427103 2
owner 17 425156 2
owner 17 427104 2
owner 17 425157 2
owner 17 427105 2
owner 17 429053 2
owner 17 427106 2
owner 17 429054 2
owner 17 431002 2
owner 17 429055 2
owner 17 431003 2
owner 17 429056 2
owner 17 431004 2
owner 17 429057 2
owner 17 431001 2
owner 17 429052 2
owner 17 417365 2
owner 17 417366 2
owner 17 417367 2
owner 17 417368 2
owner 17 1693713 3
owner 17 1691765 3
owner 17 1695661 3
owner 17 1693712 3
owner 17 1693714 3
owner 17 1691766 3
owner 17 1695662 3
owner 17 1693715 3
owner 17 1691767 3
owner 17 1695663 3
owner 17 1693716 3
owner 17 1691768 3
owner 17 1695664 3
owner 17 1689820 3
owner 17 1689819 3
owner 17 1687871 3
owner 17 1689818 3
owner 17 1687870 3
owner 17 1689817 3
owner 17 1687869 3
owner 17 1689816 3
owner 17 1687868 3
owner 17 1691764 3
owner 17 1689815 3
owner 17 1687867 3
owner 17 1691763 3
owner 17 1689814 3
owner 17 1687866 3
owner 17 1691762 3
owner 17 1689813 3
owner 17 1691761 3
owner 17 1693709 3
owner 17 1695657 3
owner 17 1693710 3
owner 17 1695658 3
owner 17 1693711 3
owner 17 1695659 3
owner 17 1697607 3
owner 17 1695660 3
owner 17 1697608 3
owner 17 1699556 3
owner 17 1697609 3
owner 17 1699557 3
owner 17 1697610 3
owner 17 1699558 3
owner 17 1697611 3
owner 17 1699555 3
owner 17 1697606 3
owner 17 1685919 3
owner 17 1685920 3
owner 17 1685921 3
owner 17 1685922 3
owner 17 2118813 4
owner 17 2116865 4
owner 17 2120761 4
owner 17 2118812 4
owner 17 2118814 4
owner 17 2116866 4
owner 17 2120762 4
owner 17 2118815 4
owner 17 2116867 4
owner 17 2120763 4
owner 17 2118816 4
owner 17 2116868 4
owner 17 2120764 4
owner 17 2114920 4
owner 17 2114919 4
owner 17 2112971 4
owner 17 2114918 4
owner 17 2112970 4
owner 17 2114917 4
owner 17 2112969 4
owner 17 2114916 4
owner 17 2112968 4
owner 17 2116864 4
owner 17 2114915 4
owner 17 2112967 4
owner 17 2116863 4
owner 17 2114914 4
owner 17 2112966 4
owner 17 2116862 4
owner 17 2114913 4
owner 17 2116861 4
owner 17 2118809 4
owner 17 2120757 4
owner 17 2118810 4
owner 17 2120758 4
owner 17 2118811 4
owner 17 2120759 4
owner 17 2122707 4
owner 17 2120760 4
owner 17 2122708 4
owner 17 2124656 4
owner 17 2122709 4
owner 17 2124657 4
owner 17 2122710 4
owner 17 2124658 4
owner 17 2122711 4
owner 17 2124655 4
owner 17 2122706 4
owner 17 2111019 4
owner 17 2111020 4
owner 17 2111021 4
owner 17 2111022 4
owner 17 1179510 5
owner 17 1177562 5
owner 17 1181458 5
owner 17 1179509 5
owner 17 1179511 5
owner 17 1177563 5
owner 17 1181459 5
owner 17 1179512 5
owner 17 1177564 5
owner 17 1181460 5
owner 17 1179513 5
owner 17 1177565 5
owner 17 1181461 5
owner 17 1175617 5
owner 17 1175616 5
owner 17 1173668 5
owner 17 1175615 5
owner 17 1173667 5
owner 17 1175614 5
owner 17 1173666 5
owner 17 1175613 5
owner 17 1173665 5
owner 17 1177561 5
owner 17 1175612 5
owner 17 1173664 5
owner 17 1177560 5
owner 17 1175611 5
owner 17 1173663 5
owner 17 1177559 5
owner 17 1175610 5
owner 17 1177558 5
owner 17 1179506 5
owner 17 1181454 5
owner 17 1179507 5
owner 17 1181455 5
owner 17 1179508 5
owner 17 1181456 5
owner 17 1183404 5
owner 17 1181457 5
owner 17 1183405 5
owner 17 1185353 5
owner 17 1183406 5
owner 17 1185354 5
owner 17 1183407 5
owner 17 1185355 5
owner 17 1183408 5
owner 17 1185352 5
owner 17 1183403 5
owner 17 1171716 5
owner 17 1171717 5
owner 17 1171718 5
owner 17 1171719 5
owner 17 354112 6
owner 17 352164 6
owner 17 356060 6
owner 17 354111 6
owner 17 354113 6
owner 17 352165 6
owner 17 356061 6
owner 17 354114 6
owner 17 352166 6
owner 17 356062 6
owner 17 354115 6
owner 17 352167 6
owner 17 356063 6
owner 17 350219 6
owner 17 350218 6
owner 17 348270 6
owner 17 350217 6
owner 17 348269 6
owner 17 350216 6
owner 17 348268 6
owner 17 350215 6
owner 17 348267 6
owner 17 352163 6
owner 17 350214 6
owner 17 348266 6
owner 17 352162 6
owner 17 350213 6
owner 17 348265 6
owner 17 352161 6
owner 17 350212 6
owner 17 352160 6
owner 17 354108 6
owner 17 356056 6
owner 17 354109 6
owner 17 356057 6
owner 17 354110 6
owner 17 356058 6
owner 17 358006 6
owner 17 356059 6
owner 17 358007 6
owner 17 359955 6
owner 17 358008 6
owner 17 359956 6
owner 17 358009 6
owner 17 359957 6
owner 17 358010 6
owner 17 359954 6
owner 17 358005 6
owner 17 346318 6
owner 17 346319 6
owner 17 346320 6
owner 17 346321 6
owner 17 1672567 7
owner 17 1670619 7
owner 17 1674515 7
owner 17 1672566 7
owner 17 1672568 7
owner 17 1670620 7
owner 17 1674516 7
owner 17 1672569 7
owner 17 1670621 7
owner 17 1674517 7
owner 17 1672570 7
owner 17 1670622 7
owner 17 1674518 7
owner 17 1668674 7
owner 17 1668673 7
owner 17 1666725 7
owner 17 1668672 7
owner 17 1666724 7
owner 17 1668671 7
owner 17 1666723 7
owner 17 1668670 7
owner 17 1666722 7
owner 17 1670618 7
owner 17 1668669 7
owner 17 1666721 7
owner 17 1670617 7
owner 17 1668668 7
owner 17 1666720 7
owner 17 1670616 7
owner 17 1668667 7
owner 17 1670615 7
owner 17 1672563 7
owner 17 1674511 7
owner 17 1672564 7
owner 17 1674512 7
owner 17 1672565 7
owner 17 1674513 7
owner 17 1676461 7
owner 17 1674514 7
owner 17 1676462 7
owner 17 1678410 7
owner 17 1676463 7
owner 17 1678411 7
owner 17 1676464 7
owner 17 1678412 7
owner 17 1676465 7
owner 17 1678409 7
owner 17 1676460 7
owner 17 1664773 7
owner 17 1664774 7
owner 17 1664775 7
owner 17 1664776 7
owner 17 3737454 8
owner 17 3735506 8
owner 17 3739402 8
owner 17 3737453 8
owner 17 3737455 8
owner 17 3735507 8
owner 17 3739403 8
owner 17 3737456 8
owner 17 3735508 8
owner 17 3739404 8
owner 17 3737457 8
owner 17 3735509 8
owner 17 3739405 8
owner 17 3733561 8
owner 17 3733560 8
owner 17 3731612 8
owner 17 3733559 8
owner 17 3731611 8
owner 17 3733558 8
owner 17 3731610 8
owner 17 3733557 8
owner 17 3731609 8
owner 17 3735505 8
owner 17 3733556 8
owner 17 3731608 8
owner 17 3735504 8
owner 17 3733555 8
owner 17 3731607 8
owner 17 3735503 8
owner 17 3733554 8
owner 17 3735502 8
owner 17 3737450 8
owner 17 3739398 8
owner 17 3737451 8
owner 17 3739399 8
owner 17 3737452 8
owner 17 3739400 8
owner 17 3741348 8
owner 17 3739401 8
owner 17 3741349 8
owner 17 3743297 8
owner 17 3741350 8
owner 17 3743298 8
owner 17 3741351 8
owner 17 3743299 8
owner 17 3741352 8
owner 17 3743296 8
owner 17 3741347 8
owner 17 3729660 8
owner 17 3729661 8
owner 17 3729662 8
owner 17 3729663 8
owner 17 1534836 9
owner 17 1532888 9
owner 17 1536784 9
owner 17 1534835 9
owner 17 1534837 9
owner 17 1532889 9
owner 17 1536785 9
owner 17 1534838 9
owner 17 1532890 9
owner 17 1536786 9
owner 17 1534839 9
owner 17 1532891 9
owner 17 1536787 9
owner 17 1530943 9
owner 17 1530942 9
owner 17 1528994 9
owner 17 1530941 9
owner 17 1528993 9
owner 17 1530940 9
owner 17 1528992 9
owner 17 1530939 9
owner 17 1528991 9
owner 17 1532887 9
owner 17 1530938 9
owner 17 1528990 9
owner 17 1532886 9
owner 17 1530937 9
owner 17 1528989 9
owner 17 1532885 9
owner 17 1530936 9
owner 17 1532884 9
owner 17 1534832 9
owner 17 1536780 9
owner 17 1534833 9
owner 17 1536781 9
owner 17 1534834 9
owner 17 1536782 9
owner 17 1538730 9
owner 17 1536783 9
owner 17 1538731 9
owner 17 1540679 9
owner 17 1538732 9
owner 17 1540680 9
owner 17 1538733 9
owner 17 1540681 9
owner 17 1538734 9
owner 17 1540678 9
owner 17 1538729 9
owner 17 1527042 9
owner 17 1527043 9
owner 17 1527044 9
owner 17 1527045 9
owner 17 1363119 10
owner 17 1361171 10
owner 17 1365067 10
owner 17 1363118 10
owner 17 1363120 10
owner 17 1361172 10
owner 17 1365068 10
owner 17 1363121 10
owner 17 1361173 10
owner 17 1365069 10
owner 17 1363122 10
owner 17 1361174 10
owner 17 1365070 10
owner 17 1359226 10
owner 17 1359225 10
owner 17 1357277 10
owner 17 1359224 10
owner 17 1357276 10
owner 17 1359223 10
owner 17 1357275 10
owner 17 1359222 10
owner 17 1357274 10
owner 17 1361170 10
owner 17 1359221 10
owner 17 1357273 10
owner 17 1361169 10
owner 17 1359220 10
owner 17 1357272 10
owner 17 1361168 10
owner 17 1359219 10
owner 17 1361167 10
owner 17 1363115 10
owner 17 1365063 10
owner 17 1363116 10
owner 17 1365064 10
owner 17 1363117 10
owner 17 1365065 10
owner 17 1367013 10
owner 17 1365066 10
owner 17 1367014 10
owner 17 1368962 10
owner 17 1367015 10
owner 17 1368963 10
owner 17 1367016 10
owner 17 1368964 10
owner 17 1367017 10
owner 17 1368961 10
owner 17 1367012 10
owner 17 1355325 10
owner 17 1355326 10
owner 17 1355327 10
owner 17 1355328 10
owner 17 1246290 11
owner 17 1244342 11
owner 17 1248238 11
owner 17 1246289 11
owner 17 1246291 11
owner 17 1244343 11
owner 17 1248239 11
owner 17 1246292 11
owner 17 1244344 11
owner 17 1248240 11
owner 17 1246293 11
owner 17 1244345 11
owner 17 1248241 11
owner 17 1242397 11
owner 17 1242396 11
owner 17 1240448 11
owner 17 1242395 11
owner 17 1240447 11
owner 17 1242394 11
owner 17 1240446 11
owner 17 1242393 11
owner 17 1240445 11
owner 17 1244341 11
owner 17 1242392 11
owner 17 1240444 11
owner 17 1244340 11
owner 17 1242391 11
owner 17 1240443 11
owner 17 1244339 11
owner 17 1242390 11
owner 17 1244338 11
owner 17 1246286 11
owner 17 1248234 11
owner 17 1246287 11
owner 17 1248235 11
owner 17 1246288 11
owner 17 1248236 11
owner 17 1250184 11
owner 17 1248237 11
owner 17 1250185 11
owner 17 1252133 11
owner 17 1250186 11
owner 17 1252134 11
owner 17 1250187 11
owner 17 1252135 11
owner 17 1250188 11
owner 17 1252132 11
owner 17 1250183 11
owner 17 1238496 11
owner 17 1238497 11
owner 17 1238498 11
owner 17 1238499 11
owner 17 488823 12
owner 17 486875 12
owner 17 490771 12
owner 17 488822 12
owner 17 488824 12
owner 17 486876 12
owner 17 490772 12
owner 17 488825 12
owner 17 486877 12
owner 17 490773 12
owner 17 488826 12
owner 17 486878 12
owner 17 490774 12
owner 17 484930 12
owner 17 484929 12
owner 17 482981 12
owner 17 484928 12
owner 17 482980 12
owner 17 484927 12
owner 17 482979 12
owner 17 484926 12
owner 17 482978 12
owner 17 486874 12
owner 17 484925 12
owner 17 482977 12
owner 17 486873 12
owner 17 484924 12
owner 17 482976 12
owner 17 486872 12
owner 17 484923 12
owner 17 486871 12
owner 17 488819 12
owner 17 490767 12
owner 17 488820 12
owner 17 490768 12
owner 17 488821 12
owner 17 490769 12
owner 17 492717 12
owner 17 490770 12
owner 17 492718 12
owner 17 494666 12
owner 17 492719 12
owner 17 494667 12
owner 17 492720 12
owner 17 494668 12
owner 17 492721 12
owner 17 494665 12
owner 17 492716 12
owner 17 481029 12
owner 17 481030 12
owner 17 481031 12
owner 17 481032 12
owner 17 1567127 13
owner 17 1565179 13
owner 17 1569075 13
owner 17 1567126 13
owner 17 1567128 13
owner 17 1565180 13
owner 17 1569076 13
owner 17 1567129 13
owner 17 1565181 13
owner 17 1569077 13
owner 17 1567130 13
owner 17 1565182 13
owner 17 1569078 13
owner 17 1563234 13
owner 17 1563233 13
owner 17 1561285 13
owner 17 1563232 13
owner 17 1561284 13
owner 17 1563231 13
owner 17 1561283 13
owner 17 1563230 13
owner 17 1561282 13
owner 17 1565178 13
owner 17 1563229 13
owner 17 1561281 13
owner 17 1565177 13
owner 17 1563228 13
owner 17 1561280 13
owner 17 1565176 13
owner 17 1563227 13
owner 17 1565175 13
owner 17 1567123 13
owner 17 1569071 13
owner 17 1567124 13
owner 17 1569072 13
owner 17 1567125 13
owner 17 1569073 13
owner 17 1571021 13
owner 17 1569074 13
owner 17 1571022 13
owner 17 1572970 13
owner 17 1571023 13
owner 17 1572971 13
owner 17 1571024 13
owner 17 1572972 13
owner 17 1571025 13
owner 17 1572969 13
owner 17 1571020 13
owner 17 1559333 13
owner 17 1559334 13
owner 17 1559335 13
owner 17 1559336 13
owner 17 1115588 14
owner 17 1113640 14
owner 17 1117536 14
owner 17 1115587 14
owner 17 1115589 14
owner 17 1113641 14
owner 17 1117537 14
owner 17 1115590 14
owner 17 1113642 14
owner 17 1117538 14
owner 17 1115591 14
owner 17 1113643 14
owner 17 1117539 14
owner 17 1111695 14
owner 17 1111694 14
owner 17 1109746 14
owner 17 1111693 14
owner 17 1109745 14
owner 17 1111692 14
owner 17 1109744 14
owner 17 1111691 14
owner 17 1109743 14
owner 17 1113639 14
owner 17 1111690 14
owner 17 1109742 14
owner 17 1113638 14
owner 17 1111689 14
owner 17 1109741 14
owner 17 1113637 14
owner 17 1111688 14
owner 17 1113636 14
owner 17 1115584 14
owner 17 1117532 14
owner 17 1115585 14
owner 17 1117533 14
owner 17 1115586 14
owner 17 1117534 14
owner 17 1119482 14
owner 17 1117535 14
owner 17 1119483 14
owner 17 1121431 14
owner 17 1119484 14
owner 17 1121432 14
owner 17 1119485 14
owner 17 1121433 14
owner 17 1119486 14
owner 17 1121430 14
owner 17 1119481 14
owner 17 1107794 14
owner 17 1107795 14
owner 17 1107796 14
owner 17 1107797 14
owner 17 889433 15
owner 17 887485 15
owner 17 891381 15
owner 17 889432 15
owner 17 889434 15
owner 17 887486 15
owner 17 891382 15
owner 17 889435 15
owner 17 887487 15
owner 17 891383 15
owner 17 889436 15
owner 17 887488 15
owner 17 891384 15
owner 17 885540 15
owner 17 885539 15
owner 17 883591 15
owner 17 885538 15
owner 17 883590 15
owner 17 885537 15
owner 17 883589 15
owner 17 885536 15
owner 17 883588 15
owner 17 887484 15
owner 17 885535 15
owner 17 883587 15
owner 17 887483 15
owner 17 885534 15
owner 17 883586 15
owner 17 887482 15
owner 17 885533 15
owner 17 887481 15
owner 17 889429 15
owner 17 891377 15
owner 17 889430 15
owner 17 891378 15
owner 17 889431 15
owner 17 891379 15
owner 17 893327 15
owner 17 891380 15
owner 17 893328 15
owner 17 895276 15
owner 17 893329 15
owner 17 895277 15
owner 17 893330 15
owner 17 895278 15
owner 17 893331 15
owner 17 895275 15
owner 17 893326 15
owner 17 881639 15
owner 17 881640 15
owner 17 881641 15
owner 17 881642 15
owner 17 504886 16
owner 17 502938 16
owner 17 506834 16
owner 17 504885 16
owner 17 504887 16
owner 17 502939 16
owner 17 506835 16
owner 17 504888 16
owner 17 502940 16
owner 17 506836 16
owner 17 504889 16
owner 17 502941 16
owner 17 506837 16
owner 17 500993 16
owner 17 500992 16
owner 17 499044 16
owner 17 500991 16
owner 17 499043 16
owner 17 500990 16
owner 17 499042 16
owner 17 500989 16
owner 17 499041 16
owner 17 502937 16
owner 17 500988 16
owner 17 499040 16
owner 17 502936 16
owner 17 500987 16
owner 17 499039 16
owner 17 502935 16
owner 17 500986 16
owner 17 502934 16
owner 17 504882 16
owner 17 506830 16
owner 17 504883 16
owner 17 506831 16
owner 17 504884 16
owner 17 506832 16
owner 17 508780 16
owner 17 506833 16
owner 17 508781 16
owner 17 510729 16
owner 17 508782 16
owner 17 510730 16
owner 17 508783 16
owner 17 510731 16
owner 17 508784 16
owner 17 510728 16
owner 17 508779 16
owner 17 497092 16
owner 17 497093 16
owner 17 497094 16
owner 17 497095 16
owner 17 1520735 17
owner 17 1518787 17
owner 17 1522683 17
owner 17 1520734 17
owner 17 1520736 17
owner 17 1518788 17
owner 17 1522684 17
owner 17 1520737 17
owner 17 1518789 17
owner 17 1522685 17
owner 17 1520738 17
owner 17 1518790 17
owner 17 1522686 17
owner 17 1516842 17
owner 17 1516841 17
owner 17 1514893 17
owner 17 1516840 17
owner 17 1514892 17
owner 17 1516839 17
owner 17 1514891 17
owner 17 1516838 17
owner 17 1514890 17
owner 17 1518786 17
owner 17 1516837 17
owner 17 1514889 17
owner 17 1518785 17
owner 17 1516836 17
owner 17 1514888 17
owner 17 1518784 17
owner 17 1516835 17
owner 17 1518783 17
owner 17 1520731 17
owner 17 1522679 17
owner 17 1520732 17
owner 17 1522680 17
owner 17 1520733 17
owner 17 1522681 17
owner 17 1524629 17
owner 17 1522682 17
owner 17 1524630 17
owner 17 1526578 17
owner 17 1524631 17
owner 17 1526579 17
owner 17 1524632 17
owner 17 1526580 17
owner 17 1524633 17
owner 17 1526577 17
owner 17 1524628 17
owner 17 1512941 17
owner 17 1512942 17
owner 17 1512943 17
owner 17 1512944 17
owner 17 2089760 18
owner 17 2087812 18
owner 17 2091708 18
owner 17 2089759 18
owner 17 2089761 18
owner 17 2087813 18
owner 17 2091709 18
owner 17 2089762 18
owner 17 2087814 18
owner 17 2091710 18
owner 17 2089763 18
owner 17 2087815 18
owner 17 2091711 18
owner 17 2085867 18
owner 17 2085866 18
owner 17 2083918 18
owner 17 2085865 18
owner 17 2083917 18
owner 17 2085864 18
owner 17 2083916 18
owner 17 2085863 18
owner 17 2083915 18
owner 17 2087811 18
owner 17 2085862 18
owner 17 2083914 18
owner 17 2087810 18
owner 17 2085861 18
owner 17 2083913 18
owner 17 2087809 18
owner 17 2085860 18
owner 17 2087808 18
owner 17 2089756 18
owner 17 2091704 18
owner 17 2089757 18
owner 17 2091705 18
owner 17 2089758 18
owner 17 2091706 18
owner 17 2093654 18
owner 17 2091707 18
owner 17 2093655 18
owner 17 2095603 18
owner 17 2093656 18
owner 17 2095604 18
owner 17 2093657 18
owner 17 2095605 18
owner 17 2093658 18
owner 17 2095602 18
owner 17 2093653 18
owner 17 2081966 18
owner 17 2081967 18
owner 17 2081968 18
owner 17 2081969 18
prev 17 425159
prev 17 1693713
prev 17 2118813
prev 17 1179510
prev 17 354112
prev 17 1672567
prev 17 3737454
prev 17 1534836
prev 17 1363119
prev 17 1246290
prev 17 488823
prev 17 1567127
prev 17 1115588
prev 17 889433
prev 17 504886
prev 17 1520735
prev 17 2089760
owned 17 1733518
owned 17 1733519
owned 17 1733520
owned 17 1733521
owned 17 1735465
owned 17 1735466
owned 17 1735467
owned 17 1735468
owned 17 1735469
owned 17 1735470
owned 17 1737412
owned 17 1737413
owned 17 1737414
owned 17 1737415
owned 17 1737416
owned 17 1737417
owned 17 1737418
owned 17 1737419
owned 17 1739360
owned 17 1739361
owned 17 1739362
owned 17 1739363
owned 17 1739364
owned 17 1739365
owned 17 1739366
owned 17 1739367
owned 17 1741308
owned 17 1741309
owned 17 1741310
owned 17 1741311
owned 17 1741312
owned 17 1741313
owned 17 1741314
owned 17 1741315
owned 17 1743256
owned 17 1743257
owned 17 1743258
owned 17 1743259
owned 17 1743260
owned 17 1743261
owned 17 1743262
owned 17 1743263
owned 17 1745205
owned 17 1745206
owned 17 1745207
owned 17 1745208
owned 17 1745209
owned 17 1745210
owned 17 1747154
owned 17 1747155
owned 17 1747156
owned 17 1747157
