# ofcuda_spawn reference v1  (engine ground truth, arbitrary N)
# repo /opt/data/workspaces/skg/openfront-ai
map amazonriver
seed parity
game_id QqkIuyke
game_hash 223241348
agents 18
nations 0
human_agents 1
width 5536
height 276
min_dist 30
player 1 H nd8079oo -1 0 0
player 2 B 7kmb47oc 161952 1 52
player 3 B su965kfe 1111816 1 52
player 4 B 4918e5rs 1212964 1 52
player 5 B 0grah7qg 456708 1 52
player 6 B 79lbhuod 45018 1 52
player 7 B 0eay8wsu 545804 1 52
player 8 B l4g4juu8 1442744 1 52
player 9 B gsw4n5km 1368740 1 52
player 10 B ooz4f963 962566 1 52
player 11 B g49bog52 480411 1 52
player 12 B vl3arc4y 715375 1 52
player 13 B 26spmsu2 148161 1 52
player 14 B 666fmd2f 976489 1 52
player 15 B vybu8oes 346488 1 52
player 16 B tlx2iciq 194767 1 52
player 17 B 8i7cuo9t 893159 1 52
player 18 B ay8xa67r 1029773 1 52
player 19 B fha1xhrw 674825 1 52
bot 0 2 7kmb47oc 979863364 161952 1408 29 52
owned 0 139806
owned 0 139807
owned 0 139808
owned 0 139809
owned 0 145341
owned 0 145342
owned 0 145343
owned 0 145344
owned 0 145345
owned 0 145346
owned 0 150876
owned 0 150877
owned 0 150878
owned 0 150879
owned 0 150880
owned 0 150881
owned 0 150882
owned 0 150883
owned 0 156412
owned 0 156413
owned 0 156414
owned 0 156415
owned 0 156416
owned 0 156417
owned 0 156418
owned 0 156419
owned 0 161948
owned 0 161949
owned 0 161950
owned 0 161951
owned 0 161952
owned 0 161953
owned 0 161954
owned 0 161955
owned 0 167484
owned 0 167485
owned 0 167486
owned 0 167487
owned 0 167488
owned 0 167489
owned 0 167490
owned 0 167491
owned 0 173021
owned 0 173022
owned 0 173023
owned 0 173024
owned 0 173025
owned 0 173026
owned 0 178558
owned 0 178559
owned 0 178560
owned 0 178561
bot 1 3 su965kfe 1225099288 1111816 4616 200 52
owner 1 161952 2
owner 1 156416 2
owner 1 167488 2
owner 1 161951 2
owner 1 161953 2
owner 1 156417 2
owner 1 167489 2
owner 1 161954 2
owner 1 156418 2
owner 1 167490 2
owner 1 161955 2
owner 1 156419 2
owner 1 167491 2
owner 1 150883 2
owner 1 150882 2
owner 1 145346 2
owner 1 150881 2
owner 1 145345 2
owner 1 150880 2
owner 1 145344 2
owner 1 150879 2
owner 1 145343 2
owner 1 156415 2
owner 1 150878 2
owner 1 145342 2
owner 1 156414 2
owner 1 150877 2
owner 1 145341 2
owner 1 156413 2
owner 1 150876 2
owner 1 156412 2
owner 1 161948 2
owner 1 167484 2
owner 1 161949 2
owner 1 167485 2
owner 1 161950 2
owner 1 167486 2
owner 1 173022 2
owner 1 167487 2
owner 1 173023 2
owner 1 178559 2
owner 1 173024 2
owner 1 178560 2
owner 1 173025 2
owner 1 178561 2
owner 1 173026 2
owner 1 178558 2
owner 1 173021 2
owner 1 139806 2
owner 1 139807 2
owner 1 139808 2
owner 1 139809 2
prev 1 161952
owned 1 1089670
owned 1 1089671
owned 1 1089672
owned 1 1089673
owned 1 1095205
owned 1 1095206
owned 1 1095207
owned 1 1095208
owned 1 1095209
owned 1 1095210
owned 1 1100740
owned 1 1100741
owned 1 1100742
owned 1 1100743
owned 1 1100744
owned 1 1100745
owned 1 1100746
owned 1 1100747
owned 1 1106276
owned 1 1106277
owned 1 1106278
owned 1 1106279
owned 1 1106280
owned 1 1106281
owned 1 1106282
owned 1 1106283
owned 1 1111812
owned 1 1111813
owned 1 1111814
owned 1 1111815
owned 1 1111816
owned 1 1111817
owned 1 1111818
owned 1 1111819
owned 1 1117348
owned 1 1117349
owned 1 1117350
owned 1 1117351
owned 1 1117352
owned 1 1117353
owned 1 1117354
owned 1 1117355
owned 1 1122885
owned 1 1122886
owned 1 1122887
owned 1 1122888
owned 1 1122889
owned 1 1122890
owned 1 1128422
owned 1 1128423
owned 1 1128424
owned 1 1128425
bot 2 4 4918e5rs 1160776865 1212964 580 219 52
owner 2 161952 2
owner 2 156416 2
owner 2 167488 2
owner 2 161951 2
owner 2 161953 2
owner 2 156417 2
owner 2 167489 2
owner 2 161954 2
owner 2 156418 2
owner 2 167490 2
owner 2 161955 2
owner 2 156419 2
owner 2 167491 2
owner 2 150883 2
owner 2 150882 2
owner 2 145346 2
owner 2 150881 2
owner 2 145345 2
owner 2 150880 2
owner 2 145344 2
owner 2 150879 2
owner 2 145343 2
owner 2 156415 2
owner 2 150878 2
owner 2 145342 2
owner 2 156414 2
owner 2 150877 2
owner 2 145341 2
owner 2 156413 2
owner 2 150876 2
owner 2 156412 2
owner 2 161948 2
owner 2 167484 2
owner 2 161949 2
owner 2 167485 2
owner 2 161950 2
owner 2 167486 2
owner 2 173022 2
owner 2 167487 2
owner 2 173023 2
owner 2 178559 2
owner 2 173024 2
owner 2 178560 2
owner 2 173025 2
owner 2 178561 2
owner 2 173026 2
owner 2 178558 2
owner 2 173021 2
owner 2 139806 2
owner 2 139807 2
owner 2 139808 2
owner 2 139809 2
owner 2 1111816 3
owner 2 1106280 3
owner 2 1117352 3
owner 2 1111815 3
owner 2 1111817 3
owner 2 1106281 3
owner 2 1117353 3
owner 2 1111818 3
owner 2 1106282 3
owner 2 1117354 3
owner 2 1111819 3
owner 2 1106283 3
owner 2 1117355 3
owner 2 1100747 3
owner 2 1100746 3
owner 2 1095210 3
owner 2 1100745 3
owner 2 1095209 3
owner 2 1100744 3
owner 2 1095208 3
owner 2 1100743 3
owner 2 1095207 3
owner 2 1106279 3
owner 2 1100742 3
owner 2 1095206 3
owner 2 1106278 3
owner 2 1100741 3
owner 2 1095205 3
owner 2 1106277 3
owner 2 1100740 3
owner 2 1106276 3
owner 2 1111812 3
owner 2 1117348 3
owner 2 1111813 3
owner 2 1117349 3
owner 2 1111814 3
owner 2 1117350 3
owner 2 1122886 3
owner 2 1117351 3
owner 2 1122887 3
owner 2 1128423 3
owner 2 1122888 3
owner 2 1128424 3
owner 2 1122889 3
owner 2 1128425 3
owner 2 1122890 3
owner 2 1128422 3
owner 2 1122885 3
owner 2 1089670 3
owner 2 1089671 3
owner 2 1089672 3
owner 2 1089673 3
prev 2 161952
prev 2 1111816
owned 2 1190818
owned 2 1190819
owned 2 1190820
owned 2 1190821
owned 2 1196353
owned 2 1196354
owned 2 1196355
owned 2 1196356
owned 2 1196357
owned 2 1196358
owned 2 1201888
owned 2 1201889
owned 2 1201890
owned 2 1201891
owned 2 1201892
owned 2 1201893
owned 2 1201894
owned 2 1201895
owned 2 1207424
owned 2 1207425
owned 2 1207426
owned 2 1207427
owned 2 1207428
owned 2 1207429
owned 2 1207430
owned 2 1207431
owned 2 1212960
owned 2 1212961
owned 2 1212962
owned 2 1212963
owned 2 1212964
owned 2 1212965
owned 2 1212966
owned 2 1212967
owned 2 1218496
owned 2 1218497
owned 2 1218498
owned 2 1218499
owned 2 1218500
owned 2 1218501
owned 2 1218502
owned 2 1218503
owned 2 1224033
owned 2 1224034
owned 2 1224035
owned 2 1224036
owned 2 1224037
owned 2 1224038
owned 2 1229570
owned 2 1229571
owned 2 1229572
owned 2 1229573
bot 3 5 0grah7qg -2107334215 456708 2756 82 52
owner 3 161952 2
owner 3 156416 2
owner 3 167488 2
owner 3 161951 2
owner 3 161953 2
owner 3 156417 2
owner 3 167489 2
owner 3 161954 2
owner 3 156418 2
owner 3 167490 2
owner 3 161955 2
owner 3 156419 2
owner 3 167491 2
owner 3 150883 2
owner 3 150882 2
owner 3 145346 2
owner 3 150881 2
owner 3 145345 2
owner 3 150880 2
owner 3 145344 2
owner 3 150879 2
owner 3 145343 2
owner 3 156415 2
owner 3 150878 2
owner 3 145342 2
owner 3 156414 2
owner 3 150877 2
owner 3 145341 2
owner 3 156413 2
owner 3 150876 2
owner 3 156412 2
owner 3 161948 2
owner 3 167484 2
owner 3 161949 2
owner 3 167485 2
owner 3 161950 2
owner 3 167486 2
owner 3 173022 2
owner 3 167487 2
owner 3 173023 2
owner 3 178559 2
owner 3 173024 2
owner 3 178560 2
owner 3 173025 2
owner 3 178561 2
owner 3 173026 2
owner 3 178558 2
owner 3 173021 2
owner 3 139806 2
owner 3 139807 2
owner 3 139808 2
owner 3 139809 2
owner 3 1111816 3
owner 3 1106280 3
owner 3 1117352 3
owner 3 1111815 3
owner 3 1111817 3
owner 3 1106281 3
owner 3 1117353 3
owner 3 1111818 3
owner 3 1106282 3
owner 3 1117354 3
owner 3 1111819 3
owner 3 1106283 3
owner 3 1117355 3
owner 3 1100747 3
owner 3 1100746 3
owner 3 1095210 3
owner 3 1100745 3
owner 3 1095209 3
owner 3 1100744 3
owner 3 1095208 3
owner 3 1100743 3
owner 3 1095207 3
owner 3 1106279 3
owner 3 1100742 3
owner 3 1095206 3
owner 3 1106278 3
owner 3 1100741 3
owner 3 1095205 3
owner 3 1106277 3
owner 3 1100740 3
owner 3 1106276 3
owner 3 1111812 3
owner 3 1117348 3
owner 3 1111813 3
owner 3 1117349 3
owner 3 1111814 3
owner 3 1117350 3
owner 3 1122886 3
owner 3 1117351 3
owner 3 1122887 3
owner 3 1128423 3
owner 3 1122888 3
owner 3 1128424 3
owner 3 1122889 3
owner 3 1128425 3
owner 3 1122890 3
owner 3 1128422 3
owner 3 1122885 3
owner 3 1089670 3
owner 3 1089671 3
owner 3 1089672 3
owner 3 1089673 3
owner 3 1212964 4
owner 3 1207428 4
owner 3 1218500 4
owner 3 1212963 4
owner 3 1212965 4
owner 3 1207429 4
owner 3 1218501 4
owner 3 1212966 4
owner 3 1207430 4
owner 3 1218502 4
owner 3 1212967 4
owner 3 1207431 4
owner 3 1218503 4
owner 3 1201895 4
owner 3 1201894 4
owner 3 1196358 4
owner 3 1201893 4
owner 3 1196357 4
owner 3 1201892 4
owner 3 1196356 4
owner 3 1201891 4
owner 3 1196355 4
owner 3 1207427 4
owner 3 1201890 4
owner 3 1196354 4
owner 3 1207426 4
owner 3 1201889 4
owner 3 1196353 4
owner 3 1207425 4
owner 3 1201888 4
owner 3 1207424 4
owner 3 1212960 4
owner 3 1218496 4
owner 3 1212961 4
owner 3 1218497 4
owner 3 1212962 4
owner 3 1218498 4
owner 3 1224034 4
owner 3 1218499 4
owner 3 1224035 4
owner 3 1229571 4
owner 3 1224036 4
owner 3 1229572 4
owner 3 1224037 4
owner 3 1229573 4
owner 3 1224038 4
owner 3 1229570 4
owner 3 1224033 4
owner 3 1190818 4
owner 3 1190819 4
owner 3 1190820 4
owner 3 1190821 4
prev 3 161952
prev 3 1111816
prev 3 1212964
owned 3 434562
owned 3 434563
owned 3 434564
owned 3 434565
owned 3 440097
owned 3 440098
owned 3 440099
owned 3 440100
owned 3 440101
owned 3 440102
owned 3 445632
owned 3 445633
owned 3 445634
owned 3 445635
owned 3 445636
owned 3 445637
owned 3 445638
owned 3 445639
owned 3 451168
owned 3 451169
owned 3 451170
owned 3 451171
owned 3 451172
owned 3 451173
owned 3 451174
owned 3 451175
owned 3 456704
owned 3 456705
owned 3 456706
owned 3 456707
owned 3 456708
owned 3 456709
owned 3 456710
owned 3 456711
owned 3 462240
owned 3 462241
owned 3 462242
owned 3 462243
owned 3 462244
owned 3 462245
owned 3 462246
owned 3 462247
owned 3 467777
owned 3 467778
owned 3 467779
owned 3 467780
owned 3 467781
owned 3 467782
owned 3 473314
owned 3 473315
owned 3 473316
owned 3 473317
bot 4 6 79lbhuod 919150858 45018 730 8 52
owner 4 161952 2
owner 4 156416 2
owner 4 167488 2
owner 4 161951 2
owner 4 161953 2
owner 4 156417 2
owner 4 167489 2
owner 4 161954 2
owner 4 156418 2
owner 4 167490 2
owner 4 161955 2
owner 4 156419 2
owner 4 167491 2
owner 4 150883 2
owner 4 150882 2
owner 4 145346 2
owner 4 150881 2
owner 4 145345 2
owner 4 150880 2
owner 4 145344 2
owner 4 150879 2
owner 4 145343 2
owner 4 156415 2
owner 4 150878 2
owner 4 145342 2
owner 4 156414 2
owner 4 150877 2
owner 4 145341 2
owner 4 156413 2
owner 4 150876 2
owner 4 156412 2
owner 4 161948 2
owner 4 167484 2
owner 4 161949 2
owner 4 167485 2
owner 4 161950 2
owner 4 167486 2
owner 4 173022 2
owner 4 167487 2
owner 4 173023 2
owner 4 178559 2
owner 4 173024 2
owner 4 178560 2
owner 4 173025 2
owner 4 178561 2
owner 4 173026 2
owner 4 178558 2
owner 4 173021 2
owner 4 139806 2
owner 4 139807 2
owner 4 139808 2
owner 4 139809 2
owner 4 1111816 3
owner 4 1106280 3
owner 4 1117352 3
owner 4 1111815 3
owner 4 1111817 3
owner 4 1106281 3
owner 4 1117353 3
owner 4 1111818 3
owner 4 1106282 3
owner 4 1117354 3
owner 4 1111819 3
owner 4 1106283 3
owner 4 1117355 3
owner 4 1100747 3
owner 4 1100746 3
owner 4 1095210 3
owner 4 1100745 3
owner 4 1095209 3
owner 4 1100744 3
owner 4 1095208 3
owner 4 1100743 3
owner 4 1095207 3
owner 4 1106279 3
owner 4 1100742 3
owner 4 1095206 3
owner 4 1106278 3
owner 4 1100741 3
owner 4 1095205 3
owner 4 1106277 3
owner 4 1100740 3
owner 4 1106276 3
owner 4 1111812 3
owner 4 1117348 3
owner 4 1111813 3
owner 4 1117349 3
owner 4 1111814 3
owner 4 1117350 3
owner 4 1122886 3
owner 4 1117351 3
owner 4 1122887 3
owner 4 1128423 3
owner 4 1122888 3
owner 4 1128424 3
owner 4 1122889 3
owner 4 1128425 3
owner 4 1122890 3
owner 4 1128422 3
owner 4 1122885 3
owner 4 1089670 3
owner 4 1089671 3
owner 4 1089672 3
owner 4 1089673 3
owner 4 1212964 4
owner 4 1207428 4
owner 4 1218500 4
owner 4 1212963 4
owner 4 1212965 4
owner 4 1207429 4
owner 4 1218501 4
owner 4 1212966 4
owner 4 1207430 4
owner 4 1218502 4
owner 4 1212967 4
owner 4 1207431 4
owner 4 1218503 4
owner 4 1201895 4
owner 4 1201894 4
owner 4 1196358 4
owner 4 1201893 4
owner 4 1196357 4
owner 4 1201892 4
owner 4 1196356 4
owner 4 1201891 4
owner 4 1196355 4
owner 4 1207427 4
owner 4 1201890 4
owner 4 1196354 4
owner 4 1207426 4
owner 4 1201889 4
owner 4 1196353 4
owner 4 1207425 4
owner 4 1201888 4
owner 4 1207424 4
owner 4 1212960 4
owner 4 1218496 4
owner 4 1212961 4
owner 4 1218497 4
owner 4 1212962 4
owner 4 1218498 4
owner 4 1224034 4
owner 4 1218499 4
owner 4 1224035 4
owner 4 1229571 4
owner 4 1224036 4
owner 4 1229572 4
owner 4 1224037 4
owner 4 1229573 4
owner 4 1224038 4
owner 4 1229570 4
owner 4 1224033 4
owner 4 1190818 4
owner 4 1190819 4
owner 4 1190820 4
owner 4 1190821 4
owner 4 456708 5
owner 4 451172 5
owner 4 462244 5
owner 4 456707 5
owner 4 456709 5
owner 4 451173 5
owner 4 462245 5
owner 4 456710 5
owner 4 451174 5
owner 4 462246 5
owner 4 456711 5
owner 4 451175 5
owner 4 462247 5
owner 4 445639 5
owner 4 445638 5
owner 4 440102 5
owner 4 445637 5
owner 4 440101 5
owner 4 445636 5
owner 4 440100 5
owner 4 445635 5
owner 4 440099 5
owner 4 451171 5
owner 4 445634 5
owner 4 440098 5
owner 4 451170 5
owner 4 445633 5
owner 4 440097 5
owner 4 451169 5
owner 4 445632 5
owner 4 451168 5
owner 4 456704 5
owner 4 462240 5
owner 4 456705 5
owner 4 462241 5
owner 4 456706 5
owner 4 462242 5
owner 4 467778 5
owner 4 462243 5
owner 4 467779 5
owner 4 473315 5
owner 4 467780 5
owner 4 473316 5
owner 4 467781 5
owner 4 473317 5
owner 4 467782 5
owner 4 473314 5
owner 4 467777 5
owner 4 434562 5
owner 4 434563 5
owner 4 434564 5
owner 4 434565 5
prev 4 161952
prev 4 1111816
prev 4 1212964
prev 4 456708
owned 4 22872
owned 4 22873
owned 4 22874
owned 4 22875
owned 4 28407
owned 4 28408
owned 4 28409
owned 4 28410
owned 4 28411
owned 4 28412
owned 4 33942
owned 4 33943
owned 4 33944
owned 4 33945
owned 4 33946
owned 4 33947
owned 4 33948
owned 4 33949
owned 4 39478
owned 4 39479
owned 4 39480
owned 4 39481
owned 4 39482
owned 4 39483
owned 4 39484
owned 4 39485
owned 4 45014
owned 4 45015
owned 4 45016
owned 4 45017
owned 4 45018
owned 4 45019
owned 4 45020
owned 4 45021
owned 4 50550
owned 4 50551
owned 4 50552
owned 4 50553
owned 4 50554
owned 4 50555
owned 4 50556
owned 4 50557
owned 4 56087
owned 4 56088
owned 4 56089
owned 4 56090
owned 4 56091
owned 4 56092
owned 4 61624
owned 4 61625
owned 4 61626
owned 4 61627
bot 5 7 0eay8wsu 312910098 545804 3276 98 52
owner 5 161952 2
owner 5 156416 2
owner 5 167488 2
owner 5 161951 2
owner 5 161953 2
owner 5 156417 2
owner 5 167489 2
owner 5 161954 2
owner 5 156418 2
owner 5 167490 2
owner 5 161955 2
owner 5 156419 2
owner 5 167491 2
owner 5 150883 2
owner 5 150882 2
owner 5 145346 2
owner 5 150881 2
owner 5 145345 2
owner 5 150880 2
owner 5 145344 2
owner 5 150879 2
owner 5 145343 2
owner 5 156415 2
owner 5 150878 2
owner 5 145342 2
owner 5 156414 2
owner 5 150877 2
owner 5 145341 2
owner 5 156413 2
owner 5 150876 2
owner 5 156412 2
owner 5 161948 2
owner 5 167484 2
owner 5 161949 2
owner 5 167485 2
owner 5 161950 2
owner 5 167486 2
owner 5 173022 2
owner 5 167487 2
owner 5 173023 2
owner 5 178559 2
owner 5 173024 2
owner 5 178560 2
owner 5 173025 2
owner 5 178561 2
owner 5 173026 2
owner 5 178558 2
owner 5 173021 2
owner 5 139806 2
owner 5 139807 2
owner 5 139808 2
owner 5 139809 2
owner 5 1111816 3
owner 5 1106280 3
owner 5 1117352 3
owner 5 1111815 3
owner 5 1111817 3
owner 5 1106281 3
owner 5 1117353 3
owner 5 1111818 3
owner 5 1106282 3
owner 5 1117354 3
owner 5 1111819 3
owner 5 1106283 3
owner 5 1117355 3
owner 5 1100747 3
owner 5 1100746 3
owner 5 1095210 3
owner 5 1100745 3
owner 5 1095209 3
owner 5 1100744 3
owner 5 1095208 3
owner 5 1100743 3
owner 5 1095207 3
owner 5 1106279 3
owner 5 1100742 3
owner 5 1095206 3
owner 5 1106278 3
owner 5 1100741 3
owner 5 1095205 3
owner 5 1106277 3
owner 5 1100740 3
owner 5 1106276 3
owner 5 1111812 3
owner 5 1117348 3
owner 5 1111813 3
owner 5 1117349 3
owner 5 1111814 3
owner 5 1117350 3
owner 5 1122886 3
owner 5 1117351 3
owner 5 1122887 3
owner 5 1128423 3
owner 5 1122888 3
owner 5 1128424 3
owner 5 1122889 3
owner 5 1128425 3
owner 5 1122890 3
owner 5 1128422 3
owner 5 1122885 3
owner 5 1089670 3
owner 5 1089671 3
owner 5 1089672 3
owner 5 1089673 3
owner 5 1212964 4
owner 5 1207428 4
owner 5 1218500 4
owner 5 1212963 4
owner 5 1212965 4
owner 5 1207429 4
owner 5 1218501 4
owner 5 1212966 4
owner 5 1207430 4
owner 5 1218502 4
owner 5 1212967 4
owner 5 1207431 4
owner 5 1218503 4
owner 5 1201895 4
owner 5 1201894 4
owner 5 1196358 4
owner 5 1201893 4
owner 5 1196357 4
owner 5 1201892 4
owner 5 1196356 4
owner 5 1201891 4
owner 5 1196355 4
owner 5 1207427 4
owner 5 1201890 4
owner 5 1196354 4
owner 5 1207426 4
owner 5 1201889 4
owner 5 1196353 4
owner 5 1207425 4
owner 5 1201888 4
owner 5 1207424 4
owner 5 1212960 4
owner 5 1218496 4
owner 5 1212961 4
owner 5 1218497 4
owner 5 1212962 4
owner 5 1218498 4
owner 5 1224034 4
owner 5 1218499 4
owner 5 1224035 4
owner 5 1229571 4
owner 5 1224036 4
owner 5 1229572 4
owner 5 1224037 4
owner 5 1229573 4
owner 5 1224038 4
owner 5 1229570 4
owner 5 1224033 4
owner 5 1190818 4
owner 5 1190819 4
owner 5 1190820 4
owner 5 1190821 4
owner 5 456708 5
owner 5 451172 5
owner 5 462244 5
owner 5 456707 5
owner 5 456709 5
owner 5 451173 5
owner 5 462245 5
owner 5 456710 5
owner 5 451174 5
owner 5 462246 5
owner 5 456711 5
owner 5 451175 5
owner 5 462247 5
owner 5 445639 5
owner 5 445638 5
owner 5 440102 5
owner 5 445637 5
owner 5 440101 5
owner 5 445636 5
owner 5 440100 5
owner 5 445635 5
owner 5 440099 5
owner 5 451171 5
owner 5 445634 5
owner 5 440098 5
owner 5 451170 5
owner 5 445633 5
owner 5 440097 5
owner 5 451169 5
owner 5 445632 5
owner 5 451168 5
owner 5 456704 5
owner 5 462240 5
owner 5 456705 5
owner 5 462241 5
owner 5 456706 5
owner 5 462242 5
owner 5 467778 5
owner 5 462243 5
owner 5 467779 5
owner 5 473315 5
owner 5 467780 5
owner 5 473316 5
owner 5 467781 5
owner 5 473317 5
owner 5 467782 5
owner 5 473314 5
owner 5 467777 5
owner 5 434562 5
owner 5 434563 5
owner 5 434564 5
owner 5 434565 5
owner 5 45018 6
owner 5 39482 6
owner 5 50554 6
owner 5 45017 6
owner 5 45019 6
owner 5 39483 6
owner 5 50555 6
owner 5 45020 6
owner 5 39484 6
owner 5 50556 6
owner 5 45021 6
owner 5 39485 6
owner 5 50557 6
owner 5 33949 6
owner 5 33948 6
owner 5 28412 6
owner 5 33947 6
owner 5 28411 6
owner 5 33946 6
owner 5 28410 6
owner 5 33945 6
owner 5 28409 6
owner 5 39481 6
owner 5 33944 6
owner 5 28408 6
owner 5 39480 6
owner 5 33943 6
owner 5 28407 6
owner 5 39479 6
owner 5 33942 6
owner 5 39478 6
owner 5 45014 6
owner 5 50550 6
owner 5 45015 6
owner 5 50551 6
owner 5 45016 6
owner 5 50552 6
owner 5 56088 6
owner 5 50553 6
owner 5 56089 6
owner 5 61625 6
owner 5 56090 6
owner 5 61626 6
owner 5 56091 6
owner 5 61627 6
owner 5 56092 6
owner 5 61624 6
owner 5 56087 6
owner 5 22872 6
owner 5 22873 6
owner 5 22874 6
owner 5 22875 6
prev 5 161952
prev 5 1111816
prev 5 1212964
prev 5 456708
prev 5 45018
owned 5 523658
owned 5 523659
owned 5 523660
owned 5 523661
owned 5 529193
owned 5 529194
owned 5 529195
owned 5 529196
owned 5 529197
owned 5 529198
owned 5 534728
owned 5 534729
owned 5 534730
owned 5 534731
owned 5 534732
owned 5 534733
owned 5 534734
owned 5 534735
owned 5 540264
owned 5 540265
owned 5 540266
owned 5 540267
owned 5 540268
owned 5 540269
owned 5 540270
owned 5 540271
owned 5 545800
owned 5 545801
owned 5 545802
owned 5 545803
owned 5 545804
owned 5 545805
owned 5 545806
owned 5 545807
owned 5 551336
owned 5 551337
owned 5 551338
owned 5 551339
owned 5 551340
owned 5 551341
owned 5 551342
owned 5 551343
owned 5 556873
owned 5 556874
owned 5 556875
owned 5 556876
owned 5 556877
owned 5 556878
owned 5 562410
owned 5 562411
owned 5 562412
owned 5 562413
bot 6 8 l4g4juu8 1373847271 1442744 3384 260 52
owner 6 161952 2
owner 6 156416 2
owner 6 167488 2
owner 6 161951 2
owner 6 161953 2
owner 6 156417 2
owner 6 167489 2
owner 6 161954 2
owner 6 156418 2
owner 6 167490 2
owner 6 161955 2
owner 6 156419 2
owner 6 167491 2
owner 6 150883 2
owner 6 150882 2
owner 6 145346 2
owner 6 150881 2
owner 6 145345 2
owner 6 150880 2
owner 6 145344 2
owner 6 150879 2
owner 6 145343 2
owner 6 156415 2
owner 6 150878 2
owner 6 145342 2
owner 6 156414 2
owner 6 150877 2
owner 6 145341 2
owner 6 156413 2
owner 6 150876 2
owner 6 156412 2
owner 6 161948 2
owner 6 167484 2
owner 6 161949 2
owner 6 167485 2
owner 6 161950 2
owner 6 167486 2
owner 6 173022 2
owner 6 167487 2
owner 6 173023 2
owner 6 178559 2
owner 6 173024 2
owner 6 178560 2
owner 6 173025 2
owner 6 178561 2
owner 6 173026 2
owner 6 178558 2
owner 6 173021 2
owner 6 139806 2
owner 6 139807 2
owner 6 139808 2
owner 6 139809 2
owner 6 1111816 3
owner 6 1106280 3
owner 6 1117352 3
owner 6 1111815 3
owner 6 1111817 3
owner 6 1106281 3
owner 6 1117353 3
owner 6 1111818 3
owner 6 1106282 3
owner 6 1117354 3
owner 6 1111819 3
owner 6 1106283 3
owner 6 1117355 3
owner 6 1100747 3
owner 6 1100746 3
owner 6 1095210 3
owner 6 1100745 3
owner 6 1095209 3
owner 6 1100744 3
owner 6 1095208 3
owner 6 1100743 3
owner 6 1095207 3
owner 6 1106279 3
owner 6 1100742 3
owner 6 1095206 3
owner 6 1106278 3
owner 6 1100741 3
owner 6 1095205 3
owner 6 1106277 3
owner 6 1100740 3
owner 6 1106276 3
owner 6 1111812 3
owner 6 1117348 3
owner 6 1111813 3
owner 6 1117349 3
owner 6 1111814 3
owner 6 1117350 3
owner 6 1122886 3
owner 6 1117351 3
owner 6 1122887 3
owner 6 1128423 3
owner 6 1122888 3
owner 6 1128424 3
owner 6 1122889 3
owner 6 1128425 3
owner 6 1122890 3
owner 6 1128422 3
owner 6 1122885 3
owner 6 1089670 3
owner 6 1089671 3
owner 6 1089672 3
owner 6 1089673 3
owner 6 1212964 4
owner 6 1207428 4
owner 6 1218500 4
owner 6 1212963 4
owner 6 1212965 4
owner 6 1207429 4
owner 6 1218501 4
owner 6 1212966 4
owner 6 1207430 4
owner 6 1218502 4
owner 6 1212967 4
owner 6 1207431 4
owner 6 1218503 4
owner 6 1201895 4
owner 6 1201894 4
owner 6 1196358 4
owner 6 1201893 4
owner 6 1196357 4
owner 6 1201892 4
owner 6 1196356 4
owner 6 1201891 4
owner 6 1196355 4
owner 6 1207427 4
owner 6 1201890 4
owner 6 1196354 4
owner 6 1207426 4
owner 6 1201889 4
owner 6 1196353 4
owner 6 1207425 4
owner 6 1201888 4
owner 6 1207424 4
owner 6 1212960 4
owner 6 1218496 4
owner 6 1212961 4
owner 6 1218497 4
owner 6 1212962 4
owner 6 1218498 4
owner 6 1224034 4
owner 6 1218499 4
owner 6 1224035 4
owner 6 1229571 4
owner 6 1224036 4
owner 6 1229572 4
owner 6 1224037 4
owner 6 1229573 4
owner 6 1224038 4
owner 6 1229570 4
owner 6 1224033 4
owner 6 1190818 4
owner 6 1190819 4
owner 6 1190820 4
owner 6 1190821 4
owner 6 456708 5
owner 6 451172 5
owner 6 462244 5
owner 6 456707 5
owner 6 456709 5
owner 6 451173 5
owner 6 462245 5
owner 6 456710 5
owner 6 451174 5
owner 6 462246 5
owner 6 456711 5
owner 6 451175 5
owner 6 462247 5
owner 6 445639 5
owner 6 445638 5
owner 6 440102 5
owner 6 445637 5
owner 6 440101 5
owner 6 445636 5
owner 6 440100 5
owner 6 445635 5
owner 6 440099 5
owner 6 451171 5
owner 6 445634 5
owner 6 440098 5
owner 6 451170 5
owner 6 445633 5
owner 6 440097 5
owner 6 451169 5
owner 6 445632 5
owner 6 451168 5
owner 6 456704 5
owner 6 462240 5
owner 6 456705 5
owner 6 462241 5
owner 6 456706 5
owner 6 462242 5
owner 6 467778 5
owner 6 462243 5
owner 6 467779 5
owner 6 473315 5
owner 6 467780 5
owner 6 473316 5
owner 6 467781 5
owner 6 473317 5
owner 6 467782 5
owner 6 473314 5
owner 6 467777 5
owner 6 434562 5
owner 6 434563 5
owner 6 434564 5
owner 6 434565 5
owner 6 45018 6
owner 6 39482 6
owner 6 50554 6
owner 6 45017 6
owner 6 45019 6
owner 6 39483 6
owner 6 50555 6
owner 6 45020 6
owner 6 39484 6
owner 6 50556 6
owner 6 45021 6
owner 6 39485 6
owner 6 50557 6
owner 6 33949 6
owner 6 33948 6
owner 6 28412 6
owner 6 33947 6
owner 6 28411 6
owner 6 33946 6
owner 6 28410 6
owner 6 33945 6
owner 6 28409 6
owner 6 39481 6
owner 6 33944 6
owner 6 28408 6
owner 6 39480 6
owner 6 33943 6
owner 6 28407 6
owner 6 39479 6
owner 6 33942 6
owner 6 39478 6
owner 6 45014 6
owner 6 50550 6
owner 6 45015 6
owner 6 50551 6
owner 6 45016 6
owner 6 50552 6
owner 6 56088 6
owner 6 50553 6
owner 6 56089 6
owner 6 61625 6
owner 6 56090 6
owner 6 61626 6
owner 6 56091 6
owner 6 61627 6
owner 6 56092 6
owner 6 61624 6
owner 6 56087 6
owner 6 22872 6
owner 6 22873 6
owner 6 22874 6
owner 6 22875 6
owner 6 545804 7
owner 6 540268 7
owner 6 551340 7
owner 6 545803 7
owner 6 545805 7
owner 6 540269 7
owner 6 551341 7
owner 6 545806 7
owner 6 540270 7
owner 6 551342 7
owner 6 545807 7
owner 6 540271 7
owner 6 551343 7
owner 6 534735 7
owner 6 534734 7
owner 6 529198 7
owner 6 534733 7
owner 6 529197 7
owner 6 534732 7
owner 6 529196 7
owner 6 534731 7
owner 6 529195 7
owner 6 540267 7
owner 6 534730 7
owner 6 529194 7
owner 6 540266 7
owner 6 534729 7
owner 6 529193 7
owner 6 540265 7
owner 6 534728 7
owner 6 540264 7
owner 6 545800 7
owner 6 551336 7
owner 6 545801 7
owner 6 551337 7
owner 6 545802 7
owner 6 551338 7
owner 6 556874 7
owner 6 551339 7
owner 6 556875 7
owner 6 562411 7
owner 6 556876 7
owner 6 562412 7
owner 6 556877 7
owner 6 562413 7
owner 6 556878 7
owner 6 562410 7
owner 6 556873 7
owner 6 523658 7
owner 6 523659 7
owner 6 523660 7
owner 6 523661 7
prev 6 161952
prev 6 1111816
prev 6 1212964
prev 6 456708
prev 6 45018
prev 6 545804
owned 6 1420598
owned 6 1420599
owned 6 1420600
owned 6 1420601
owned 6 1426133
owned 6 1426134
owned 6 1426135
owned 6 1426136
owned 6 1426137
owned 6 1426138
owned 6 1431668
owned 6 1431669
owned 6 1431670
owned 6 1431671
owned 6 1431672
owned 6 1431673
owned 6 1431674
owned 6 1431675
owned 6 1437204
owned 6 1437205
owned 6 1437206
owned 6 1437207
owned 6 1437208
owned 6 1437209
owned 6 1437210
owned 6 1437211
owned 6 1442740
owned 6 1442741
owned 6 1442742
owned 6 1442743
owned 6 1442744
owned 6 1442745
owned 6 1442746
owned 6 1442747
owned 6 1448276
owned 6 1448277
owned 6 1448278
owned 6 1448279
owned 6 1448280
owned 6 1448281
owned 6 1448282
owned 6 1448283
owned 6 1453813
owned 6 1453814
owned 6 1453815
owned 6 1453816
owned 6 1453817
owned 6 1453818
owned 6 1459350
owned 6 1459351
owned 6 1459352
owned 6 1459353
bot 7 9 gsw4n5km 1786011062 1368740 1348 247 52
owner 7 161952 2
owner 7 156416 2
owner 7 167488 2
owner 7 161951 2
owner 7 161953 2
owner 7 156417 2
owner 7 167489 2
owner 7 161954 2
owner 7 156418 2
owner 7 167490 2
owner 7 161955 2
owner 7 156419 2
owner 7 167491 2
owner 7 150883 2
owner 7 150882 2
owner 7 145346 2
owner 7 150881 2
owner 7 145345 2
owner 7 150880 2
owner 7 145344 2
owner 7 150879 2
owner 7 145343 2
owner 7 156415 2
owner 7 150878 2
owner 7 145342 2
owner 7 156414 2
owner 7 150877 2
owner 7 145341 2
owner 7 156413 2
owner 7 150876 2
owner 7 156412 2
owner 7 161948 2
owner 7 167484 2
owner 7 161949 2
owner 7 167485 2
owner 7 161950 2
owner 7 167486 2
owner 7 173022 2
owner 7 167487 2
owner 7 173023 2
owner 7 178559 2
owner 7 173024 2
owner 7 178560 2
owner 7 173025 2
owner 7 178561 2
owner 7 173026 2
owner 7 178558 2
owner 7 173021 2
owner 7 139806 2
owner 7 139807 2
owner 7 139808 2
owner 7 139809 2
owner 7 1111816 3
owner 7 1106280 3
owner 7 1117352 3
owner 7 1111815 3
owner 7 1111817 3
owner 7 1106281 3
owner 7 1117353 3
owner 7 1111818 3
owner 7 1106282 3
owner 7 1117354 3
owner 7 1111819 3
owner 7 1106283 3
owner 7 1117355 3
owner 7 1100747 3
owner 7 1100746 3
owner 7 1095210 3
owner 7 1100745 3
owner 7 1095209 3
owner 7 1100744 3
owner 7 1095208 3
owner 7 1100743 3
owner 7 1095207 3
owner 7 1106279 3
owner 7 1100742 3
owner 7 1095206 3
owner 7 1106278 3
owner 7 1100741 3
owner 7 1095205 3
owner 7 1106277 3
owner 7 1100740 3
owner 7 1106276 3
owner 7 1111812 3
owner 7 1117348 3
owner 7 1111813 3
owner 7 1117349 3
owner 7 1111814 3
owner 7 1117350 3
owner 7 1122886 3
owner 7 1117351 3
owner 7 1122887 3
owner 7 1128423 3
owner 7 1122888 3
owner 7 1128424 3
owner 7 1122889 3
owner 7 1128425 3
owner 7 1122890 3
owner 7 1128422 3
owner 7 1122885 3
owner 7 1089670 3
owner 7 1089671 3
owner 7 1089672 3
owner 7 1089673 3
owner 7 1212964 4
owner 7 1207428 4
owner 7 1218500 4
owner 7 1212963 4
owner 7 1212965 4
owner 7 1207429 4
owner 7 1218501 4
owner 7 1212966 4
owner 7 1207430 4
owner 7 1218502 4
owner 7 1212967 4
owner 7 1207431 4
owner 7 1218503 4
owner 7 1201895 4
owner 7 1201894 4
owner 7 1196358 4
owner 7 1201893 4
owner 7 1196357 4
owner 7 1201892 4
owner 7 1196356 4
owner 7 1201891 4
owner 7 1196355 4
owner 7 1207427 4
owner 7 1201890 4
owner 7 1196354 4
owner 7 1207426 4
owner 7 1201889 4
owner 7 1196353 4
owner 7 1207425 4
owner 7 1201888 4
owner 7 1207424 4
owner 7 1212960 4
owner 7 1218496 4
owner 7 1212961 4
owner 7 1218497 4
owner 7 1212962 4
owner 7 1218498 4
owner 7 1224034 4
owner 7 1218499 4
owner 7 1224035 4
owner 7 1229571 4
owner 7 1224036 4
owner 7 1229572 4
owner 7 1224037 4
owner 7 1229573 4
owner 7 1224038 4
owner 7 1229570 4
owner 7 1224033 4
owner 7 1190818 4
owner 7 1190819 4
owner 7 1190820 4
owner 7 1190821 4
owner 7 456708 5
owner 7 451172 5
owner 7 462244 5
owner 7 456707 5
owner 7 456709 5
owner 7 451173 5
owner 7 462245 5
owner 7 456710 5
owner 7 451174 5
owner 7 462246 5
owner 7 456711 5
owner 7 451175 5
owner 7 462247 5
owner 7 445639 5
owner 7 445638 5
owner 7 440102 5
owner 7 445637 5
owner 7 440101 5
owner 7 445636 5
owner 7 440100 5
owner 7 445635 5
owner 7 440099 5
owner 7 451171 5
owner 7 445634 5
owner 7 440098 5
owner 7 451170 5
owner 7 445633 5
owner 7 440097 5
owner 7 451169 5
owner 7 445632 5
owner 7 451168 5
owner 7 456704 5
owner 7 462240 5
owner 7 456705 5
owner 7 462241 5
owner 7 456706 5
owner 7 462242 5
owner 7 467778 5
owner 7 462243 5
owner 7 467779 5
owner 7 473315 5
owner 7 467780 5
owner 7 473316 5
owner 7 467781 5
owner 7 473317 5
owner 7 467782 5
owner 7 473314 5
owner 7 467777 5
owner 7 434562 5
owner 7 434563 5
owner 7 434564 5
owner 7 434565 5
owner 7 45018 6
owner 7 39482 6
owner 7 50554 6
owner 7 45017 6
owner 7 45019 6
owner 7 39483 6
owner 7 50555 6
owner 7 45020 6
owner 7 39484 6
owner 7 50556 6
owner 7 45021 6
owner 7 39485 6
owner 7 50557 6
owner 7 33949 6
owner 7 33948 6
owner 7 28412 6
owner 7 33947 6
owner 7 28411 6
owner 7 33946 6
owner 7 28410 6
owner 7 33945 6
owner 7 28409 6
owner 7 39481 6
owner 7 33944 6
owner 7 28408 6
owner 7 39480 6
owner 7 33943 6
owner 7 28407 6
owner 7 39479 6
owner 7 33942 6
owner 7 39478 6
owner 7 45014 6
owner 7 50550 6
owner 7 45015 6
owner 7 50551 6
owner 7 45016 6
owner 7 50552 6
owner 7 56088 6
owner 7 50553 6
owner 7 56089 6
owner 7 61625 6
owner 7 56090 6
owner 7 61626 6
owner 7 56091 6
owner 7 61627 6
owner 7 56092 6
owner 7 61624 6
owner 7 56087 6
owner 7 22872 6
owner 7 22873 6
owner 7 22874 6
owner 7 22875 6
owner 7 545804 7
owner 7 540268 7
owner 7 551340 7
owner 7 545803 7
owner 7 545805 7
owner 7 540269 7
owner 7 551341 7
owner 7 545806 7
owner 7 540270 7
owner 7 551342 7
owner 7 545807 7
owner 7 540271 7
owner 7 551343 7
owner 7 534735 7
owner 7 534734 7
owner 7 529198 7
owner 7 534733 7
owner 7 529197 7
owner 7 534732 7
owner 7 529196 7
owner 7 534731 7
owner 7 529195 7
owner 7 540267 7
owner 7 534730 7
owner 7 529194 7
owner 7 540266 7
owner 7 534729 7
owner 7 529193 7
owner 7 540265 7
owner 7 534728 7
owner 7 540264 7
owner 7 545800 7
owner 7 551336 7
owner 7 545801 7
owner 7 551337 7
owner 7 545802 7
owner 7 551338 7
owner 7 556874 7
owner 7 551339 7
owner 7 556875 7
owner 7 562411 7
owner 7 556876 7
owner 7 562412 7
owner 7 556877 7
owner 7 562413 7
owner 7 556878 7
owner 7 562410 7
owner 7 556873 7
owner 7 523658 7
owner 7 523659 7
owner 7 523660 7
owner 7 523661 7
owner 7 1442744 8
owner 7 1437208 8
owner 7 1448280 8
owner 7 1442743 8
owner 7 1442745 8
owner 7 1437209 8
owner 7 1448281 8
owner 7 1442746 8
owner 7 1437210 8
owner 7 1448282 8
owner 7 1442747 8
owner 7 1437211 8
owner 7 1448283 8
owner 7 1431675 8
owner 7 1431674 8
owner 7 1426138 8
owner 7 1431673 8
owner 7 1426137 8
owner 7 1431672 8
owner 7 1426136 8
owner 7 1431671 8
owner 7 1426135 8
owner 7 1437207 8
owner 7 1431670 8
owner 7 1426134 8
owner 7 1437206 8
owner 7 1431669 8
owner 7 1426133 8
owner 7 1437205 8
owner 7 1431668 8
owner 7 1437204 8
owner 7 1442740 8
owner 7 1448276 8
owner 7 1442741 8
owner 7 1448277 8
owner 7 1442742 8
owner 7 1448278 8
owner 7 1453814 8
owner 7 1448279 8
owner 7 1453815 8
owner 7 1459351 8
owner 7 1453816 8
owner 7 1459352 8
owner 7 1453817 8
owner 7 1459353 8
owner 7 1453818 8
owner 7 1459350 8
owner 7 1453813 8
owner 7 1420598 8
owner 7 1420599 8
owner 7 1420600 8
owner 7 1420601 8
prev 7 161952
prev 7 1111816
prev 7 1212964
prev 7 456708
prev 7 45018
prev 7 545804
prev 7 1442744
owned 7 1346594
owned 7 1346595
owned 7 1346596
owned 7 1346597
owned 7 1352129
owned 7 1352130
owned 7 1352131
owned 7 1352132
owned 7 1352133
owned 7 1352134
owned 7 1357664
owned 7 1357665
owned 7 1357666
owned 7 1357667
owned 7 1357668
owned 7 1357669
owned 7 1357670
owned 7 1357671
owned 7 1363200
owned 7 1363201
owned 7 1363202
owned 7 1363203
owned 7 1363204
owned 7 1363205
owned 7 1363206
owned 7 1363207
owned 7 1368736
owned 7 1368737
owned 7 1368738
owned 7 1368739
owned 7 1368740
owned 7 1368741
owned 7 1368742
owned 7 1368743
owned 7 1374272
owned 7 1374273
owned 7 1374274
owned 7 1374275
owned 7 1374276
owned 7 1374277
owned 7 1374278
owned 7 1374279
owned 7 1379809
owned 7 1379810
owned 7 1379811
owned 7 1379812
owned 7 1379813
owned 7 1379814
owned 7 1385346
owned 7 1385347
owned 7 1385348
owned 7 1385349
bot 8 10 ooz4f963 1067254298 962566 4838 173 52
owner 8 161952 2
owner 8 156416 2
owner 8 167488 2
owner 8 161951 2
owner 8 161953 2
owner 8 156417 2
owner 8 167489 2
owner 8 161954 2
owner 8 156418 2
owner 8 167490 2
owner 8 161955 2
owner 8 156419 2
owner 8 167491 2
owner 8 150883 2
owner 8 150882 2
owner 8 145346 2
owner 8 150881 2
owner 8 145345 2
owner 8 150880 2
owner 8 145344 2
owner 8 150879 2
owner 8 145343 2
owner 8 156415 2
owner 8 150878 2
owner 8 145342 2
owner 8 156414 2
owner 8 150877 2
owner 8 145341 2
owner 8 156413 2
owner 8 150876 2
owner 8 156412 2
owner 8 161948 2
owner 8 167484 2
owner 8 161949 2
owner 8 167485 2
owner 8 161950 2
owner 8 167486 2
owner 8 173022 2
owner 8 167487 2
owner 8 173023 2
owner 8 178559 2
owner 8 173024 2
owner 8 178560 2
owner 8 173025 2
owner 8 178561 2
owner 8 173026 2
owner 8 178558 2
owner 8 173021 2
owner 8 139806 2
owner 8 139807 2
owner 8 139808 2
owner 8 139809 2
owner 8 1111816 3
owner 8 1106280 3
owner 8 1117352 3
owner 8 1111815 3
owner 8 1111817 3
owner 8 1106281 3
owner 8 1117353 3
owner 8 1111818 3
owner 8 1106282 3
owner 8 1117354 3
owner 8 1111819 3
owner 8 1106283 3
owner 8 1117355 3
owner 8 1100747 3
owner 8 1100746 3
owner 8 1095210 3
owner 8 1100745 3
owner 8 1095209 3
owner 8 1100744 3
owner 8 1095208 3
owner 8 1100743 3
owner 8 1095207 3
owner 8 1106279 3
owner 8 1100742 3
owner 8 1095206 3
owner 8 1106278 3
owner 8 1100741 3
owner 8 1095205 3
owner 8 1106277 3
owner 8 1100740 3
owner 8 1106276 3
owner 8 1111812 3
owner 8 1117348 3
owner 8 1111813 3
owner 8 1117349 3
owner 8 1111814 3
owner 8 1117350 3
owner 8 1122886 3
owner 8 1117351 3
owner 8 1122887 3
owner 8 1128423 3
owner 8 1122888 3
owner 8 1128424 3
owner 8 1122889 3
owner 8 1128425 3
owner 8 1122890 3
owner 8 1128422 3
owner 8 1122885 3
owner 8 1089670 3
owner 8 1089671 3
owner 8 1089672 3
owner 8 1089673 3
owner 8 1212964 4
owner 8 1207428 4
owner 8 1218500 4
owner 8 1212963 4
owner 8 1212965 4
owner 8 1207429 4
owner 8 1218501 4
owner 8 1212966 4
owner 8 1207430 4
owner 8 1218502 4
owner 8 1212967 4
owner 8 1207431 4
owner 8 1218503 4
owner 8 1201895 4
owner 8 1201894 4
owner 8 1196358 4
owner 8 1201893 4
owner 8 1196357 4
owner 8 1201892 4
owner 8 1196356 4
owner 8 1201891 4
owner 8 1196355 4
owner 8 1207427 4
owner 8 1201890 4
owner 8 1196354 4
owner 8 1207426 4
owner 8 1201889 4
owner 8 1196353 4
owner 8 1207425 4
owner 8 1201888 4
owner 8 1207424 4
owner 8 1212960 4
owner 8 1218496 4
owner 8 1212961 4
owner 8 1218497 4
owner 8 1212962 4
owner 8 1218498 4
owner 8 1224034 4
owner 8 1218499 4
owner 8 1224035 4
owner 8 1229571 4
owner 8 1224036 4
owner 8 1229572 4
owner 8 1224037 4
owner 8 1229573 4
owner 8 1224038 4
owner 8 1229570 4
owner 8 1224033 4
owner 8 1190818 4
owner 8 1190819 4
owner 8 1190820 4
owner 8 1190821 4
owner 8 456708 5
owner 8 451172 5
owner 8 462244 5
owner 8 456707 5
owner 8 456709 5
owner 8 451173 5
owner 8 462245 5
owner 8 456710 5
owner 8 451174 5
owner 8 462246 5
owner 8 456711 5
owner 8 451175 5
owner 8 462247 5
owner 8 445639 5
owner 8 445638 5
owner 8 440102 5
owner 8 445637 5
owner 8 440101 5
owner 8 445636 5
owner 8 440100 5
owner 8 445635 5
owner 8 440099 5
owner 8 451171 5
owner 8 445634 5
owner 8 440098 5
owner 8 451170 5
owner 8 445633 5
owner 8 440097 5
owner 8 451169 5
owner 8 445632 5
owner 8 451168 5
owner 8 456704 5
owner 8 462240 5
owner 8 456705 5
owner 8 462241 5
owner 8 456706 5
owner 8 462242 5
owner 8 467778 5
owner 8 462243 5
owner 8 467779 5
owner 8 473315 5
owner 8 467780 5
owner 8 473316 5
owner 8 467781 5
owner 8 473317 5
owner 8 467782 5
owner 8 473314 5
owner 8 467777 5
owner 8 434562 5
owner 8 434563 5
owner 8 434564 5
owner 8 434565 5
owner 8 45018 6
owner 8 39482 6
owner 8 50554 6
owner 8 45017 6
owner 8 45019 6
owner 8 39483 6
owner 8 50555 6
owner 8 45020 6
owner 8 39484 6
owner 8 50556 6
owner 8 45021 6
owner 8 39485 6
owner 8 50557 6
owner 8 33949 6
owner 8 33948 6
owner 8 28412 6
owner 8 33947 6
owner 8 28411 6
owner 8 33946 6
owner 8 28410 6
owner 8 33945 6
owner 8 28409 6
owner 8 39481 6
owner 8 33944 6
owner 8 28408 6
owner 8 39480 6
owner 8 33943 6
owner 8 28407 6
owner 8 39479 6
owner 8 33942 6
owner 8 39478 6
owner 8 45014 6
owner 8 50550 6
owner 8 45015 6
owner 8 50551 6
owner 8 45016 6
owner 8 50552 6
owner 8 56088 6
owner 8 50553 6
owner 8 56089 6
owner 8 61625 6
owner 8 56090 6
owner 8 61626 6
owner 8 56091 6
owner 8 61627 6
owner 8 56092 6
owner 8 61624 6
owner 8 56087 6
owner 8 22872 6
owner 8 22873 6
owner 8 22874 6
owner 8 22875 6
owner 8 545804 7
owner 8 540268 7
owner 8 551340 7
owner 8 545803 7
owner 8 545805 7
owner 8 540269 7
owner 8 551341 7
owner 8 545806 7
owner 8 540270 7
owner 8 551342 7
owner 8 545807 7
owner 8 540271 7
owner 8 551343 7
owner 8 534735 7
owner 8 534734 7
owner 8 529198 7
owner 8 534733 7
owner 8 529197 7
owner 8 534732 7
owner 8 529196 7
owner 8 534731 7
owner 8 529195 7
owner 8 540267 7
owner 8 534730 7
owner 8 529194 7
owner 8 540266 7
owner 8 534729 7
owner 8 529193 7
owner 8 540265 7
owner 8 534728 7
owner 8 540264 7
owner 8 545800 7
owner 8 551336 7
owner 8 545801 7
owner 8 551337 7
owner 8 545802 7
owner 8 551338 7
owner 8 556874 7
owner 8 551339 7
owner 8 556875 7
owner 8 562411 7
owner 8 556876 7
owner 8 562412 7
owner 8 556877 7
owner 8 562413 7
owner 8 556878 7
owner 8 562410 7
owner 8 556873 7
owner 8 523658 7
owner 8 523659 7
owner 8 523660 7
owner 8 523661 7
owner 8 1442744 8
owner 8 1437208 8
owner 8 1448280 8
owner 8 1442743 8
owner 8 1442745 8
owner 8 1437209 8
owner 8 1448281 8
owner 8 1442746 8
owner 8 1437210 8
owner 8 1448282 8
owner 8 1442747 8
owner 8 1437211 8
owner 8 1448283 8
owner 8 1431675 8
owner 8 1431674 8
owner 8 1426138 8
owner 8 1431673 8
owner 8 1426137 8
owner 8 1431672 8
owner 8 1426136 8
owner 8 1431671 8
owner 8 1426135 8
owner 8 1437207 8
owner 8 1431670 8
owner 8 1426134 8
owner 8 1437206 8
owner 8 1431669 8
owner 8 1426133 8
owner 8 1437205 8
owner 8 1431668 8
owner 8 1437204 8
owner 8 1442740 8
owner 8 1448276 8
owner 8 1442741 8
owner 8 1448277 8
owner 8 1442742 8
owner 8 1448278 8
owner 8 1453814 8
owner 8 1448279 8
owner 8 1453815 8
owner 8 1459351 8
owner 8 1453816 8
owner 8 1459352 8
owner 8 1453817 8
owner 8 1459353 8
owner 8 1453818 8
owner 8 1459350 8
owner 8 1453813 8
owner 8 1420598 8
owner 8 1420599 8
owner 8 1420600 8
owner 8 1420601 8
owner 8 1368740 9
owner 8 1363204 9
owner 8 1374276 9
owner 8 1368739 9
owner 8 1368741 9
owner 8 1363205 9
owner 8 1374277 9
owner 8 1368742 9
owner 8 1363206 9
owner 8 1374278 9
owner 8 1368743 9
owner 8 1363207 9
owner 8 1374279 9
owner 8 1357671 9
owner 8 1357670 9
owner 8 1352134 9
owner 8 1357669 9
owner 8 1352133 9
owner 8 1357668 9
owner 8 1352132 9
owner 8 1357667 9
owner 8 1352131 9
owner 8 1363203 9
owner 8 1357666 9
owner 8 1352130 9
owner 8 1363202 9
owner 8 1357665 9
owner 8 1352129 9
owner 8 1363201 9
owner 8 1357664 9
owner 8 1363200 9
owner 8 1368736 9
owner 8 1374272 9
owner 8 1368737 9
owner 8 1374273 9
owner 8 1368738 9
owner 8 1374274 9
owner 8 1379810 9
owner 8 1374275 9
owner 8 1379811 9
owner 8 1385347 9
owner 8 1379812 9
owner 8 1385348 9
owner 8 1379813 9
owner 8 1385349 9
owner 8 1379814 9
owner 8 1385346 9
owner 8 1379809 9
owner 8 1346594 9
owner 8 1346595 9
owner 8 1346596 9
owner 8 1346597 9
prev 8 161952
prev 8 1111816
prev 8 1212964
prev 8 456708
prev 8 45018
prev 8 545804
prev 8 1442744
prev 8 1368740
owned 8 940420
owned 8 940421
owned 8 940422
owned 8 940423
owned 8 945955
owned 8 945956
owned 8 945957
owned 8 945958
owned 8 945959
owned 8 945960
owned 8 951490
owned 8 951491
owned 8 951492
owned 8 951493
owned 8 951494
owned 8 951495
owned 8 951496
owned 8 951497
owned 8 957026
owned 8 957027
owned 8 957028
owned 8 957029
owned 8 957030
owned 8 957031
owned 8 957032
owned 8 957033
owned 8 962562
owned 8 962563
owned 8 962564
owned 8 962565
owned 8 962566
owned 8 962567
owned 8 962568
owned 8 962569
owned 8 968098
owned 8 968099
owned 8 968100
owned 8 968101
owned 8 968102
owned 8 968103
owned 8 968104
owned 8 968105
owned 8 973635
owned 8 973636
owned 8 973637
owned 8 973638
owned 8 973639
owned 8 973640
owned 8 979172
owned 8 979173
owned 8 979174
owned 8 979175
bot 9 11 g49bog52 471077977 480411 4315 86 52
owner 9 161952 2
owner 9 156416 2
owner 9 167488 2
owner 9 161951 2
owner 9 161953 2
owner 9 156417 2
owner 9 167489 2
owner 9 161954 2
owner 9 156418 2
owner 9 167490 2
owner 9 161955 2
owner 9 156419 2
owner 9 167491 2
owner 9 150883 2
owner 9 150882 2
owner 9 145346 2
owner 9 150881 2
owner 9 145345 2
owner 9 150880 2
owner 9 145344 2
owner 9 150879 2
owner 9 145343 2
owner 9 156415 2
owner 9 150878 2
owner 9 145342 2
owner 9 156414 2
owner 9 150877 2
owner 9 145341 2
owner 9 156413 2
owner 9 150876 2
owner 9 156412 2
owner 9 161948 2
owner 9 167484 2
owner 9 161949 2
owner 9 167485 2
owner 9 161950 2
owner 9 167486 2
owner 9 173022 2
owner 9 167487 2
owner 9 173023 2
owner 9 178559 2
owner 9 173024 2
owner 9 178560 2
owner 9 173025 2
owner 9 178561 2
owner 9 173026 2
owner 9 178558 2
owner 9 173021 2
owner 9 139806 2
owner 9 139807 2
owner 9 139808 2
owner 9 139809 2
owner 9 1111816 3
owner 9 1106280 3
owner 9 1117352 3
owner 9 1111815 3
owner 9 1111817 3
owner 9 1106281 3
owner 9 1117353 3
owner 9 1111818 3
owner 9 1106282 3
owner 9 1117354 3
owner 9 1111819 3
owner 9 1106283 3
owner 9 1117355 3
owner 9 1100747 3
owner 9 1100746 3
owner 9 1095210 3
owner 9 1100745 3
owner 9 1095209 3
owner 9 1100744 3
owner 9 1095208 3
owner 9 1100743 3
owner 9 1095207 3
owner 9 1106279 3
owner 9 1100742 3
owner 9 1095206 3
owner 9 1106278 3
owner 9 1100741 3
owner 9 1095205 3
owner 9 1106277 3
owner 9 1100740 3
owner 9 1106276 3
owner 9 1111812 3
owner 9 1117348 3
owner 9 1111813 3
owner 9 1117349 3
owner 9 1111814 3
owner 9 1117350 3
owner 9 1122886 3
owner 9 1117351 3
owner 9 1122887 3
owner 9 1128423 3
owner 9 1122888 3
owner 9 1128424 3
owner 9 1122889 3
owner 9 1128425 3
owner 9 1122890 3
owner 9 1128422 3
owner 9 1122885 3
owner 9 1089670 3
owner 9 1089671 3
owner 9 1089672 3
owner 9 1089673 3
owner 9 1212964 4
owner 9 1207428 4
owner 9 1218500 4
owner 9 1212963 4
owner 9 1212965 4
owner 9 1207429 4
owner 9 1218501 4
owner 9 1212966 4
owner 9 1207430 4
owner 9 1218502 4
owner 9 1212967 4
owner 9 1207431 4
owner 9 1218503 4
owner 9 1201895 4
owner 9 1201894 4
owner 9 1196358 4
owner 9 1201893 4
owner 9 1196357 4
owner 9 1201892 4
owner 9 1196356 4
owner 9 1201891 4
owner 9 1196355 4
owner 9 1207427 4
owner 9 1201890 4
owner 9 1196354 4
owner 9 1207426 4
owner 9 1201889 4
owner 9 1196353 4
owner 9 1207425 4
owner 9 1201888 4
owner 9 1207424 4
owner 9 1212960 4
owner 9 1218496 4
owner 9 1212961 4
owner 9 1218497 4
owner 9 1212962 4
owner 9 1218498 4
owner 9 1224034 4
owner 9 1218499 4
owner 9 1224035 4
owner 9 1229571 4
owner 9 1224036 4
owner 9 1229572 4
owner 9 1224037 4
owner 9 1229573 4
owner 9 1224038 4
owner 9 1229570 4
owner 9 1224033 4
owner 9 1190818 4
owner 9 1190819 4
owner 9 1190820 4
owner 9 1190821 4
owner 9 456708 5
owner 9 451172 5
owner 9 462244 5
owner 9 456707 5
owner 9 456709 5
owner 9 451173 5
owner 9 462245 5
owner 9 456710 5
owner 9 451174 5
owner 9 462246 5
owner 9 456711 5
owner 9 451175 5
owner 9 462247 5
owner 9 445639 5
owner 9 445638 5
owner 9 440102 5
owner 9 445637 5
owner 9 440101 5
owner 9 445636 5
owner 9 440100 5
owner 9 445635 5
owner 9 440099 5
owner 9 451171 5
owner 9 445634 5
owner 9 440098 5
owner 9 451170 5
owner 9 445633 5
owner 9 440097 5
owner 9 451169 5
owner 9 445632 5
owner 9 451168 5
owner 9 456704 5
owner 9 462240 5
owner 9 456705 5
owner 9 462241 5
owner 9 456706 5
owner 9 462242 5
owner 9 467778 5
owner 9 462243 5
owner 9 467779 5
owner 9 473315 5
owner 9 467780 5
owner 9 473316 5
owner 9 467781 5
owner 9 473317 5
owner 9 467782 5
owner 9 473314 5
owner 9 467777 5
owner 9 434562 5
owner 9 434563 5
owner 9 434564 5
owner 9 434565 5
owner 9 45018 6
owner 9 39482 6
owner 9 50554 6
owner 9 45017 6
owner 9 45019 6
owner 9 39483 6
owner 9 50555 6
owner 9 45020 6
owner 9 39484 6
owner 9 50556 6
owner 9 45021 6
owner 9 39485 6
owner 9 50557 6
owner 9 33949 6
owner 9 33948 6
owner 9 28412 6
owner 9 33947 6
owner 9 28411 6
owner 9 33946 6
owner 9 28410 6
owner 9 33945 6
owner 9 28409 6
owner 9 39481 6
owner 9 33944 6
owner 9 28408 6
owner 9 39480 6
owner 9 33943 6
owner 9 28407 6
owner 9 39479 6
owner 9 33942 6
owner 9 39478 6
owner 9 45014 6
owner 9 50550 6
owner 9 45015 6
owner 9 50551 6
owner 9 45016 6
owner 9 50552 6
owner 9 56088 6
owner 9 50553 6
owner 9 56089 6
owner 9 61625 6
owner 9 56090 6
owner 9 61626 6
owner 9 56091 6
owner 9 61627 6
owner 9 56092 6
owner 9 61624 6
owner 9 56087 6
owner 9 22872 6
owner 9 22873 6
owner 9 22874 6
owner 9 22875 6
owner 9 545804 7
owner 9 540268 7
owner 9 551340 7
owner 9 545803 7
owner 9 545805 7
owner 9 540269 7
owner 9 551341 7
owner 9 545806 7
owner 9 540270 7
owner 9 551342 7
owner 9 545807 7
owner 9 540271 7
owner 9 551343 7
owner 9 534735 7
owner 9 534734 7
owner 9 529198 7
owner 9 534733 7
owner 9 529197 7
owner 9 534732 7
owner 9 529196 7
owner 9 534731 7
owner 9 529195 7
owner 9 540267 7
owner 9 534730 7
owner 9 529194 7
owner 9 540266 7
owner 9 534729 7
owner 9 529193 7
owner 9 540265 7
owner 9 534728 7
owner 9 540264 7
owner 9 545800 7
owner 9 551336 7
owner 9 545801 7
owner 9 551337 7
owner 9 545802 7
owner 9 551338 7
owner 9 556874 7
owner 9 551339 7
owner 9 556875 7
owner 9 562411 7
owner 9 556876 7
owner 9 562412 7
owner 9 556877 7
owner 9 562413 7
owner 9 556878 7
owner 9 562410 7
owner 9 556873 7
owner 9 523658 7
owner 9 523659 7
owner 9 523660 7
owner 9 523661 7
owner 9 1442744 8
owner 9 1437208 8
owner 9 1448280 8
owner 9 1442743 8
owner 9 1442745 8
owner 9 1437209 8
owner 9 1448281 8
owner 9 1442746 8
owner 9 1437210 8
owner 9 1448282 8
owner 9 1442747 8
owner 9 1437211 8
owner 9 1448283 8
owner 9 1431675 8
owner 9 1431674 8
owner 9 1426138 8
owner 9 1431673 8
owner 9 1426137 8
owner 9 1431672 8
owner 9 1426136 8
owner 9 1431671 8
owner 9 1426135 8
owner 9 1437207 8
owner 9 1431670 8
owner 9 1426134 8
owner 9 1437206 8
owner 9 1431669 8
owner 9 1426133 8
owner 9 1437205 8
owner 9 1431668 8
owner 9 1437204 8
owner 9 1442740 8
owner 9 1448276 8
owner 9 1442741 8
owner 9 1448277 8
owner 9 1442742 8
owner 9 1448278 8
owner 9 1453814 8
owner 9 1448279 8
owner 9 1453815 8
owner 9 1459351 8
owner 9 1453816 8
owner 9 1459352 8
owner 9 1453817 8
owner 9 1459353 8
owner 9 1453818 8
owner 9 1459350 8
owner 9 1453813 8
owner 9 1420598 8
owner 9 1420599 8
owner 9 1420600 8
owner 9 1420601 8
owner 9 1368740 9
owner 9 1363204 9
owner 9 1374276 9
owner 9 1368739 9
owner 9 1368741 9
owner 9 1363205 9
owner 9 1374277 9
owner 9 1368742 9
owner 9 1363206 9
owner 9 1374278 9
owner 9 1368743 9
owner 9 1363207 9
owner 9 1374279 9
owner 9 1357671 9
owner 9 1357670 9
owner 9 1352134 9
owner 9 1357669 9
owner 9 1352133 9
owner 9 1357668 9
owner 9 1352132 9
owner 9 1357667 9
owner 9 1352131 9
owner 9 1363203 9
owner 9 1357666 9
owner 9 1352130 9
owner 9 1363202 9
owner 9 1357665 9
owner 9 1352129 9
owner 9 1363201 9
owner 9 1357664 9
owner 9 1363200 9
owner 9 1368736 9
owner 9 1374272 9
owner 9 1368737 9
owner 9 1374273 9
owner 9 1368738 9
owner 9 1374274 9
owner 9 1379810 9
owner 9 1374275 9
owner 9 1379811 9
owner 9 1385347 9
owner 9 1379812 9
owner 9 1385348 9
owner 9 1379813 9
owner 9 1385349 9
owner 9 1379814 9
owner 9 1385346 9
owner 9 1379809 9
owner 9 1346594 9
owner 9 1346595 9
owner 9 1346596 9
owner 9 1346597 9
owner 9 962566 10
owner 9 957030 10
owner 9 968102 10
owner 9 962565 10
owner 9 962567 10
owner 9 957031 10
owner 9 968103 10
owner 9 962568 10
owner 9 957032 10
owner 9 968104 10
owner 9 962569 10
owner 9 957033 10
owner 9 968105 10
owner 9 951497 10
owner 9 951496 10
owner 9 945960 10
owner 9 951495 10
owner 9 945959 10
owner 9 951494 10
owner 9 945958 10
owner 9 951493 10
owner 9 945957 10
owner 9 957029 10
owner 9 951492 10
owner 9 945956 10
owner 9 957028 10
owner 9 951491 10
owner 9 945955 10
owner 9 957027 10
owner 9 951490 10
owner 9 957026 10
owner 9 962562 10
owner 9 968098 10
owner 9 962563 10
owner 9 968099 10
owner 9 962564 10
owner 9 968100 10
owner 9 973636 10
owner 9 968101 10
owner 9 973637 10
owner 9 979173 10
owner 9 973638 10
owner 9 979174 10
owner 9 973639 10
owner 9 979175 10
owner 9 973640 10
owner 9 979172 10
owner 9 973635 10
owner 9 940420 10
owner 9 940421 10
owner 9 940422 10
owner 9 940423 10
prev 9 161952
prev 9 1111816
prev 9 1212964
prev 9 456708
prev 9 45018
prev 9 545804
prev 9 1442744
prev 9 1368740
prev 9 962566
owned 9 458265
owned 9 458266
owned 9 458267
owned 9 458268
owned 9 463800
owned 9 463801
owned 9 463802
owned 9 463803
owned 9 463804
owned 9 463805
owned 9 469335
owned 9 469336
owned 9 469337
owned 9 469338
owned 9 469339
owned 9 469340
owned 9 469341
owned 9 469342
owned 9 474871
owned 9 474872
owned 9 474873
owned 9 474874
owned 9 474875
owned 9 474876
owned 9 474877
owned 9 474878
owned 9 480407
owned 9 480408
owned 9 480409
owned 9 480410
owned 9 480411
owned 9 480412
owned 9 480413
owned 9 480414
owned 9 485943
owned 9 485944
owned 9 485945
owned 9 485946
owned 9 485947
owned 9 485948
owned 9 485949
owned 9 485950
owned 9 491480
owned 9 491481
owned 9 491482
owned 9 491483
owned 9 491484
owned 9 491485
owned 9 497017
owned 9 497018
owned 9 497019
owned 9 497020
bot 10 12 vl3arc4y 2110741002 715375 1231 129 52
owner 10 161952 2
owner 10 156416 2
owner 10 167488 2
owner 10 161951 2
owner 10 161953 2
owner 10 156417 2
owner 10 167489 2
owner 10 161954 2
owner 10 156418 2
owner 10 167490 2
owner 10 161955 2
owner 10 156419 2
owner 10 167491 2
owner 10 150883 2
owner 10 150882 2
owner 10 145346 2
owner 10 150881 2
owner 10 145345 2
owner 10 150880 2
owner 10 145344 2
owner 10 150879 2
owner 10 145343 2
owner 10 156415 2
owner 10 150878 2
owner 10 145342 2
owner 10 156414 2
owner 10 150877 2
owner 10 145341 2
owner 10 156413 2
owner 10 150876 2
owner 10 156412 2
owner 10 161948 2
owner 10 167484 2
owner 10 161949 2
owner 10 167485 2
owner 10 161950 2
owner 10 167486 2
owner 10 173022 2
owner 10 167487 2
owner 10 173023 2
owner 10 178559 2
owner 10 173024 2
owner 10 178560 2
owner 10 173025 2
owner 10 178561 2
owner 10 173026 2
owner 10 178558 2
owner 10 173021 2
owner 10 139806 2
owner 10 139807 2
owner 10 139808 2
owner 10 139809 2
owner 10 1111816 3
owner 10 1106280 3
owner 10 1117352 3
owner 10 1111815 3
owner 10 1111817 3
owner 10 1106281 3
owner 10 1117353 3
owner 10 1111818 3
owner 10 1106282 3
owner 10 1117354 3
owner 10 1111819 3
owner 10 1106283 3
owner 10 1117355 3
owner 10 1100747 3
owner 10 1100746 3
owner 10 1095210 3
owner 10 1100745 3
owner 10 1095209 3
owner 10 1100744 3
owner 10 1095208 3
owner 10 1100743 3
owner 10 1095207 3
owner 10 1106279 3
owner 10 1100742 3
owner 10 1095206 3
owner 10 1106278 3
owner 10 1100741 3
owner 10 1095205 3
owner 10 1106277 3
owner 10 1100740 3
owner 10 1106276 3
owner 10 1111812 3
owner 10 1117348 3
owner 10 1111813 3
owner 10 1117349 3
owner 10 1111814 3
owner 10 1117350 3
owner 10 1122886 3
owner 10 1117351 3
owner 10 1122887 3
owner 10 1128423 3
owner 10 1122888 3
owner 10 1128424 3
owner 10 1122889 3
owner 10 1128425 3
owner 10 1122890 3
owner 10 1128422 3
owner 10 1122885 3
owner 10 1089670 3
owner 10 1089671 3
owner 10 1089672 3
owner 10 1089673 3
owner 10 1212964 4
owner 10 1207428 4
owner 10 1218500 4
owner 10 1212963 4
owner 10 1212965 4
owner 10 1207429 4
owner 10 1218501 4
owner 10 1212966 4
owner 10 1207430 4
owner 10 1218502 4
owner 10 1212967 4
owner 10 1207431 4
owner 10 1218503 4
owner 10 1201895 4
owner 10 1201894 4
owner 10 1196358 4
owner 10 1201893 4
owner 10 1196357 4
owner 10 1201892 4
owner 10 1196356 4
owner 10 1201891 4
owner 10 1196355 4
owner 10 1207427 4
owner 10 1201890 4
owner 10 1196354 4
owner 10 1207426 4
owner 10 1201889 4
owner 10 1196353 4
owner 10 1207425 4
owner 10 1201888 4
owner 10 1207424 4
owner 10 1212960 4
owner 10 1218496 4
owner 10 1212961 4
owner 10 1218497 4
owner 10 1212962 4
owner 10 1218498 4
owner 10 1224034 4
owner 10 1218499 4
owner 10 1224035 4
owner 10 1229571 4
owner 10 1224036 4
owner 10 1229572 4
owner 10 1224037 4
owner 10 1229573 4
owner 10 1224038 4
owner 10 1229570 4
owner 10 1224033 4
owner 10 1190818 4
owner 10 1190819 4
owner 10 1190820 4
owner 10 1190821 4
owner 10 456708 5
owner 10 451172 5
owner 10 462244 5
owner 10 456707 5
owner 10 456709 5
owner 10 451173 5
owner 10 462245 5
owner 10 456710 5
owner 10 451174 5
owner 10 462246 5
owner 10 456711 5
owner 10 451175 5
owner 10 462247 5
owner 10 445639 5
owner 10 445638 5
owner 10 440102 5
owner 10 445637 5
owner 10 440101 5
owner 10 445636 5
owner 10 440100 5
owner 10 445635 5
owner 10 440099 5
owner 10 451171 5
owner 10 445634 5
owner 10 440098 5
owner 10 451170 5
owner 10 445633 5
owner 10 440097 5
owner 10 451169 5
owner 10 445632 5
owner 10 451168 5
owner 10 456704 5
owner 10 462240 5
owner 10 456705 5
owner 10 462241 5
owner 10 456706 5
owner 10 462242 5
owner 10 467778 5
owner 10 462243 5
owner 10 467779 5
owner 10 473315 5
owner 10 467780 5
owner 10 473316 5
owner 10 467781 5
owner 10 473317 5
owner 10 467782 5
owner 10 473314 5
owner 10 467777 5
owner 10 434562 5
owner 10 434563 5
owner 10 434564 5
owner 10 434565 5
owner 10 45018 6
owner 10 39482 6
owner 10 50554 6
owner 10 45017 6
owner 10 45019 6
owner 10 39483 6
owner 10 50555 6
owner 10 45020 6
owner 10 39484 6
owner 10 50556 6
owner 10 45021 6
owner 10 39485 6
owner 10 50557 6
owner 10 33949 6
owner 10 33948 6
owner 10 28412 6
owner 10 33947 6
owner 10 28411 6
owner 10 33946 6
owner 10 28410 6
owner 10 33945 6
owner 10 28409 6
owner 10 39481 6
owner 10 33944 6
owner 10 28408 6
owner 10 39480 6
owner 10 33943 6
owner 10 28407 6
owner 10 39479 6
owner 10 33942 6
owner 10 39478 6
owner 10 45014 6
owner 10 50550 6
owner 10 45015 6
owner 10 50551 6
owner 10 45016 6
owner 10 50552 6
owner 10 56088 6
owner 10 50553 6
owner 10 56089 6
owner 10 61625 6
owner 10 56090 6
owner 10 61626 6
owner 10 56091 6
owner 10 61627 6
owner 10 56092 6
owner 10 61624 6
owner 10 56087 6
owner 10 22872 6
owner 10 22873 6
owner 10 22874 6
owner 10 22875 6
owner 10 545804 7
owner 10 540268 7
owner 10 551340 7
owner 10 545803 7
owner 10 545805 7
owner 10 540269 7
owner 10 551341 7
owner 10 545806 7
owner 10 540270 7
owner 10 551342 7
owner 10 545807 7
owner 10 540271 7
owner 10 551343 7
owner 10 534735 7
owner 10 534734 7
owner 10 529198 7
owner 10 534733 7
owner 10 529197 7
owner 10 534732 7
owner 10 529196 7
owner 10 534731 7
owner 10 529195 7
owner 10 540267 7
owner 10 534730 7
owner 10 529194 7
owner 10 540266 7
owner 10 534729 7
owner 10 529193 7
owner 10 540265 7
owner 10 534728 7
owner 10 540264 7
owner 10 545800 7
owner 10 551336 7
owner 10 545801 7
owner 10 551337 7
owner 10 545802 7
owner 10 551338 7
owner 10 556874 7
owner 10 551339 7
owner 10 556875 7
owner 10 562411 7
owner 10 556876 7
owner 10 562412 7
owner 10 556877 7
owner 10 562413 7
owner 10 556878 7
owner 10 562410 7
owner 10 556873 7
owner 10 523658 7
owner 10 523659 7
owner 10 523660 7
owner 10 523661 7
owner 10 1442744 8
owner 10 1437208 8
owner 10 1448280 8
owner 10 1442743 8
owner 10 1442745 8
owner 10 1437209 8
owner 10 1448281 8
owner 10 1442746 8
owner 10 1437210 8
owner 10 1448282 8
owner 10 1442747 8
owner 10 1437211 8
owner 10 1448283 8
owner 10 1431675 8
owner 10 1431674 8
owner 10 1426138 8
owner 10 1431673 8
owner 10 1426137 8
owner 10 1431672 8
owner 10 1426136 8
owner 10 1431671 8
owner 10 1426135 8
owner 10 1437207 8
owner 10 1431670 8
owner 10 1426134 8
owner 10 1437206 8
owner 10 1431669 8
owner 10 1426133 8
owner 10 1437205 8
owner 10 1431668 8
owner 10 1437204 8
owner 10 1442740 8
owner 10 1448276 8
owner 10 1442741 8
owner 10 1448277 8
owner 10 1442742 8
owner 10 1448278 8
owner 10 1453814 8
owner 10 1448279 8
owner 10 1453815 8
owner 10 1459351 8
owner 10 1453816 8
owner 10 1459352 8
owner 10 1453817 8
owner 10 1459353 8
owner 10 1453818 8
owner 10 1459350 8
owner 10 1453813 8
owner 10 1420598 8
owner 10 1420599 8
owner 10 1420600 8
owner 10 1420601 8
owner 10 1368740 9
owner 10 1363204 9
owner 10 1374276 9
owner 10 1368739 9
owner 10 1368741 9
owner 10 1363205 9
owner 10 1374277 9
owner 10 1368742 9
owner 10 1363206 9
owner 10 1374278 9
owner 10 1368743 9
owner 10 1363207 9
owner 10 1374279 9
owner 10 1357671 9
owner 10 1357670 9
owner 10 1352134 9
owner 10 1357669 9
owner 10 1352133 9
owner 10 1357668 9
owner 10 1352132 9
owner 10 1357667 9
owner 10 1352131 9
owner 10 1363203 9
owner 10 1357666 9
owner 10 1352130 9
owner 10 1363202 9
owner 10 1357665 9
owner 10 1352129 9
owner 10 1363201 9
owner 10 1357664 9
owner 10 1363200 9
owner 10 1368736 9
owner 10 1374272 9
owner 10 1368737 9
owner 10 1374273 9
owner 10 1368738 9
owner 10 1374274 9
owner 10 1379810 9
owner 10 1374275 9
owner 10 1379811 9
owner 10 1385347 9
owner 10 1379812 9
owner 10 1385348 9
owner 10 1379813 9
owner 10 1385349 9
owner 10 1379814 9
owner 10 1385346 9
owner 10 1379809 9
owner 10 1346594 9
owner 10 1346595 9
owner 10 1346596 9
owner 10 1346597 9
owner 10 962566 10
owner 10 957030 10
owner 10 968102 10
owner 10 962565 10
owner 10 962567 10
owner 10 957031 10
owner 10 968103 10
owner 10 962568 10
owner 10 957032 10
owner 10 968104 10
owner 10 962569 10
owner 10 957033 10
owner 10 968105 10
owner 10 951497 10
owner 10 951496 10
owner 10 945960 10
owner 10 951495 10
owner 10 945959 10
owner 10 951494 10
owner 10 945958 10
owner 10 951493 10
owner 10 945957 10
owner 10 957029 10
owner 10 951492 10
owner 10 945956 10
owner 10 957028 10
owner 10 951491 10
owner 10 945955 10
owner 10 957027 10
owner 10 951490 10
owner 10 957026 10
owner 10 962562 10
owner 10 968098 10
owner 10 962563 10
owner 10 968099 10
owner 10 962564 10
owner 10 968100 10
owner 10 973636 10
owner 10 968101 10
owner 10 973637 10
owner 10 979173 10
owner 10 973638 10
owner 10 979174 10
owner 10 973639 10
owner 10 979175 10
owner 10 973640 10
owner 10 979172 10
owner 10 973635 10
owner 10 940420 10
owner 10 940421 10
owner 10 940422 10
owner 10 940423 10
owner 10 480411 11
owner 10 474875 11
owner 10 485947 11
owner 10 480410 11
owner 10 480412 11
owner 10 474876 11
owner 10 485948 11
owner 10 480413 11
owner 10 474877 11
owner 10 485949 11
owner 10 480414 11
owner 10 474878 11
owner 10 485950 11
owner 10 469342 11
owner 10 469341 11
owner 10 463805 11
owner 10 469340 11
owner 10 463804 11
owner 10 469339 11
owner 10 463803 11
owner 10 469338 11
owner 10 463802 11
owner 10 474874 11
owner 10 469337 11
owner 10 463801 11
owner 10 474873 11
owner 10 469336 11
owner 10 463800 11
owner 10 474872 11
owner 10 469335 11
owner 10 474871 11
owner 10 480407 11
owner 10 485943 11
owner 10 480408 11
owner 10 485944 11
owner 10 480409 11
owner 10 485945 11
owner 10 491481 11
owner 10 485946 11
owner 10 491482 11
owner 10 497018 11
owner 10 491483 11
owner 10 497019 11
owner 10 491484 11
owner 10 497020 11
owner 10 491485 11
owner 10 497017 11
owner 10 491480 11
owner 10 458265 11
owner 10 458266 11
owner 10 458267 11
owner 10 458268 11
prev 10 161952
prev 10 1111816
prev 10 1212964
prev 10 456708
prev 10 45018
prev 10 545804
prev 10 1442744
prev 10 1368740
prev 10 962566
prev 10 480411
owned 10 693229
owned 10 693230
owned 10 693231
owned 10 693232
owned 10 698764
owned 10 698765
owned 10 698766
owned 10 698767
owned 10 698768
owned 10 698769
owned 10 704299
owned 10 704300
owned 10 704301
owned 10 704302
owned 10 704303
owned 10 704304
owned 10 704305
owned 10 704306
owned 10 709835
owned 10 709836
owned 10 709837
owned 10 709838
owned 10 709839
owned 10 709840
owned 10 709841
owned 10 709842
owned 10 715371
owned 10 715372
owned 10 715373
owned 10 715374
owned 10 715375
owned 10 715376
owned 10 715377
owned 10 715378
owned 10 720907
owned 10 720908
owned 10 720909
owned 10 720910
owned 10 720911
owned 10 720912
owned 10 720913
owned 10 720914
owned 10 726444
owned 10 726445
owned 10 726446
owned 10 726447
owned 10 726448
owned 10 726449
owned 10 731981
owned 10 731982
owned 10 731983
owned 10 731984
bot 11 13 26spmsu2 1249151528 148161 4225 26 52
owner 11 161952 2
owner 11 156416 2
owner 11 167488 2
owner 11 161951 2
owner 11 161953 2
owner 11 156417 2
owner 11 167489 2
owner 11 161954 2
owner 11 156418 2
owner 11 167490 2
owner 11 161955 2
owner 11 156419 2
owner 11 167491 2
owner 11 150883 2
owner 11 150882 2
owner 11 145346 2
owner 11 150881 2
owner 11 145345 2
owner 11 150880 2
owner 11 145344 2
owner 11 150879 2
owner 11 145343 2
owner 11 156415 2
owner 11 150878 2
owner 11 145342 2
owner 11 156414 2
owner 11 150877 2
owner 11 145341 2
owner 11 156413 2
owner 11 150876 2
owner 11 156412 2
owner 11 161948 2
owner 11 167484 2
owner 11 161949 2
owner 11 167485 2
owner 11 161950 2
owner 11 167486 2
owner 11 173022 2
owner 11 167487 2
owner 11 173023 2
owner 11 178559 2
owner 11 173024 2
owner 11 178560 2
owner 11 173025 2
owner 11 178561 2
owner 11 173026 2
owner 11 178558 2
owner 11 173021 2
owner 11 139806 2
owner 11 139807 2
owner 11 139808 2
owner 11 139809 2
owner 11 1111816 3
owner 11 1106280 3
owner 11 1117352 3
owner 11 1111815 3
owner 11 1111817 3
owner 11 1106281 3
owner 11 1117353 3
owner 11 1111818 3
owner 11 1106282 3
owner 11 1117354 3
owner 11 1111819 3
owner 11 1106283 3
owner 11 1117355 3
owner 11 1100747 3
owner 11 1100746 3
owner 11 1095210 3
owner 11 1100745 3
owner 11 1095209 3
owner 11 1100744 3
owner 11 1095208 3
owner 11 1100743 3
owner 11 1095207 3
owner 11 1106279 3
owner 11 1100742 3
owner 11 1095206 3
owner 11 1106278 3
owner 11 1100741 3
owner 11 1095205 3
owner 11 1106277 3
owner 11 1100740 3
owner 11 1106276 3
owner 11 1111812 3
owner 11 1117348 3
owner 11 1111813 3
owner 11 1117349 3
owner 11 1111814 3
owner 11 1117350 3
owner 11 1122886 3
owner 11 1117351 3
owner 11 1122887 3
owner 11 1128423 3
owner 11 1122888 3
owner 11 1128424 3
owner 11 1122889 3
owner 11 1128425 3
owner 11 1122890 3
owner 11 1128422 3
owner 11 1122885 3
owner 11 1089670 3
owner 11 1089671 3
owner 11 1089672 3
owner 11 1089673 3
owner 11 1212964 4
owner 11 1207428 4
owner 11 1218500 4
owner 11 1212963 4
owner 11 1212965 4
owner 11 1207429 4
owner 11 1218501 4
owner 11 1212966 4
owner 11 1207430 4
owner 11 1218502 4
owner 11 1212967 4
owner 11 1207431 4
owner 11 1218503 4
owner 11 1201895 4
owner 11 1201894 4
owner 11 1196358 4
owner 11 1201893 4
owner 11 1196357 4
owner 11 1201892 4
owner 11 1196356 4
owner 11 1201891 4
owner 11 1196355 4
owner 11 1207427 4
owner 11 1201890 4
owner 11 1196354 4
owner 11 1207426 4
owner 11 1201889 4
owner 11 1196353 4
owner 11 1207425 4
owner 11 1201888 4
owner 11 1207424 4
owner 11 1212960 4
owner 11 1218496 4
owner 11 1212961 4
owner 11 1218497 4
owner 11 1212962 4
owner 11 1218498 4
owner 11 1224034 4
owner 11 1218499 4
owner 11 1224035 4
owner 11 1229571 4
owner 11 1224036 4
owner 11 1229572 4
owner 11 1224037 4
owner 11 1229573 4
owner 11 1224038 4
owner 11 1229570 4
owner 11 1224033 4
owner 11 1190818 4
owner 11 1190819 4
owner 11 1190820 4
owner 11 1190821 4
owner 11 456708 5
owner 11 451172 5
owner 11 462244 5
owner 11 456707 5
owner 11 456709 5
owner 11 451173 5
owner 11 462245 5
owner 11 456710 5
owner 11 451174 5
owner 11 462246 5
owner 11 456711 5
owner 11 451175 5
owner 11 462247 5
owner 11 445639 5
owner 11 445638 5
owner 11 440102 5
owner 11 445637 5
owner 11 440101 5
owner 11 445636 5
owner 11 440100 5
owner 11 445635 5
owner 11 440099 5
owner 11 451171 5
owner 11 445634 5
owner 11 440098 5
owner 11 451170 5
owner 11 445633 5
owner 11 440097 5
owner 11 451169 5
owner 11 445632 5
owner 11 451168 5
owner 11 456704 5
owner 11 462240 5
owner 11 456705 5
owner 11 462241 5
owner 11 456706 5
owner 11 462242 5
owner 11 467778 5
owner 11 462243 5
owner 11 467779 5
owner 11 473315 5
owner 11 467780 5
owner 11 473316 5
owner 11 467781 5
owner 11 473317 5
owner 11 467782 5
owner 11 473314 5
owner 11 467777 5
owner 11 434562 5
owner 11 434563 5
owner 11 434564 5
owner 11 434565 5
owner 11 45018 6
owner 11 39482 6
owner 11 50554 6
owner 11 45017 6
owner 11 45019 6
owner 11 39483 6
owner 11 50555 6
owner 11 45020 6
owner 11 39484 6
owner 11 50556 6
owner 11 45021 6
owner 11 39485 6
owner 11 50557 6
owner 11 33949 6
owner 11 33948 6
owner 11 28412 6
owner 11 33947 6
owner 11 28411 6
owner 11 33946 6
owner 11 28410 6
owner 11 33945 6
owner 11 28409 6
owner 11 39481 6
owner 11 33944 6
owner 11 28408 6
owner 11 39480 6
owner 11 33943 6
owner 11 28407 6
owner 11 39479 6
owner 11 33942 6
owner 11 39478 6
owner 11 45014 6
owner 11 50550 6
owner 11 45015 6
owner 11 50551 6
owner 11 45016 6
owner 11 50552 6
owner 11 56088 6
owner 11 50553 6
owner 11 56089 6
owner 11 61625 6
owner 11 56090 6
owner 11 61626 6
owner 11 56091 6
owner 11 61627 6
owner 11 56092 6
owner 11 61624 6
owner 11 56087 6
owner 11 22872 6
owner 11 22873 6
owner 11 22874 6
owner 11 22875 6
owner 11 545804 7
owner 11 540268 7
owner 11 551340 7
owner 11 545803 7
owner 11 545805 7
owner 11 540269 7
owner 11 551341 7
owner 11 545806 7
owner 11 540270 7
owner 11 551342 7
owner 11 545807 7
owner 11 540271 7
owner 11 551343 7
owner 11 534735 7
owner 11 534734 7
owner 11 529198 7
owner 11 534733 7
owner 11 529197 7
owner 11 534732 7
owner 11 529196 7
owner 11 534731 7
owner 11 529195 7
owner 11 540267 7
owner 11 534730 7
owner 11 529194 7
owner 11 540266 7
owner 11 534729 7
owner 11 529193 7
owner 11 540265 7
owner 11 534728 7
owner 11 540264 7
owner 11 545800 7
owner 11 551336 7
owner 11 545801 7
owner 11 551337 7
owner 11 545802 7
owner 11 551338 7
owner 11 556874 7
owner 11 551339 7
owner 11 556875 7
owner 11 562411 7
owner 11 556876 7
owner 11 562412 7
owner 11 556877 7
owner 11 562413 7
owner 11 556878 7
owner 11 562410 7
owner 11 556873 7
owner 11 523658 7
owner 11 523659 7
owner 11 523660 7
owner 11 523661 7
owner 11 1442744 8
owner 11 1437208 8
owner 11 1448280 8
owner 11 1442743 8
owner 11 1442745 8
owner 11 1437209 8
owner 11 1448281 8
owner 11 1442746 8
owner 11 1437210 8
owner 11 1448282 8
owner 11 1442747 8
owner 11 1437211 8
owner 11 1448283 8
owner 11 1431675 8
owner 11 1431674 8
owner 11 1426138 8
owner 11 1431673 8
owner 11 1426137 8
owner 11 1431672 8
owner 11 1426136 8
owner 11 1431671 8
owner 11 1426135 8
owner 11 1437207 8
owner 11 1431670 8
owner 11 1426134 8
owner 11 1437206 8
owner 11 1431669 8
owner 11 1426133 8
owner 11 1437205 8
owner 11 1431668 8
owner 11 1437204 8
owner 11 1442740 8
owner 11 1448276 8
owner 11 1442741 8
owner 11 1448277 8
owner 11 1442742 8
owner 11 1448278 8
owner 11 1453814 8
owner 11 1448279 8
owner 11 1453815 8
owner 11 1459351 8
owner 11 1453816 8
owner 11 1459352 8
owner 11 1453817 8
owner 11 1459353 8
owner 11 1453818 8
owner 11 1459350 8
owner 11 1453813 8
owner 11 1420598 8
owner 11 1420599 8
owner 11 1420600 8
owner 11 1420601 8
owner 11 1368740 9
owner 11 1363204 9
owner 11 1374276 9
owner 11 1368739 9
owner 11 1368741 9
owner 11 1363205 9
owner 11 1374277 9
owner 11 1368742 9
owner 11 1363206 9
owner 11 1374278 9
owner 11 1368743 9
owner 11 1363207 9
owner 11 1374279 9
owner 11 1357671 9
owner 11 1357670 9
owner 11 1352134 9
owner 11 1357669 9
owner 11 1352133 9
owner 11 1357668 9
owner 11 1352132 9
owner 11 1357667 9
owner 11 1352131 9
owner 11 1363203 9
owner 11 1357666 9
owner 11 1352130 9
owner 11 1363202 9
owner 11 1357665 9
owner 11 1352129 9
owner 11 1363201 9
owner 11 1357664 9
owner 11 1363200 9
owner 11 1368736 9
owner 11 1374272 9
owner 11 1368737 9
owner 11 1374273 9
owner 11 1368738 9
owner 11 1374274 9
owner 11 1379810 9
owner 11 1374275 9
owner 11 1379811 9
owner 11 1385347 9
owner 11 1379812 9
owner 11 1385348 9
owner 11 1379813 9
owner 11 1385349 9
owner 11 1379814 9
owner 11 1385346 9
owner 11 1379809 9
owner 11 1346594 9
owner 11 1346595 9
owner 11 1346596 9
owner 11 1346597 9
owner 11 962566 10
owner 11 957030 10
owner 11 968102 10
owner 11 962565 10
owner 11 962567 10
owner 11 957031 10
owner 11 968103 10
owner 11 962568 10
owner 11 957032 10
owner 11 968104 10
owner 11 962569 10
owner 11 957033 10
owner 11 968105 10
owner 11 951497 10
owner 11 951496 10
owner 11 945960 10
owner 11 951495 10
owner 11 945959 10
owner 11 951494 10
owner 11 945958 10
owner 11 951493 10
owner 11 945957 10
owner 11 957029 10
owner 11 951492 10
owner 11 945956 10
owner 11 957028 10
owner 11 951491 10
owner 11 945955 10
owner 11 957027 10
owner 11 951490 10
owner 11 957026 10
owner 11 962562 10
owner 11 968098 10
owner 11 962563 10
owner 11 968099 10
owner 11 962564 10
owner 11 968100 10
owner 11 973636 10
owner 11 968101 10
owner 11 973637 10
owner 11 979173 10
owner 11 973638 10
owner 11 979174 10
owner 11 973639 10
owner 11 979175 10
owner 11 973640 10
owner 11 979172 10
owner 11 973635 10
owner 11 940420 10
owner 11 940421 10
owner 11 940422 10
owner 11 940423 10
owner 11 480411 11
owner 11 474875 11
owner 11 485947 11
owner 11 480410 11
owner 11 480412 11
owner 11 474876 11
owner 11 485948 11
owner 11 480413 11
owner 11 474877 11
owner 11 485949 11
owner 11 480414 11
owner 11 474878 11
owner 11 485950 11
owner 11 469342 11
owner 11 469341 11
owner 11 463805 11
owner 11 469340 11
owner 11 463804 11
owner 11 469339 11
owner 11 463803 11
owner 11 469338 11
owner 11 463802 11
owner 11 474874 11
owner 11 469337 11
owner 11 463801 11
owner 11 474873 11
owner 11 469336 11
owner 11 463800 11
owner 11 474872 11
owner 11 469335 11
owner 11 474871 11
owner 11 480407 11
owner 11 485943 11
owner 11 480408 11
owner 11 485944 11
owner 11 480409 11
owner 11 485945 11
owner 11 491481 11
owner 11 485946 11
owner 11 491482 11
owner 11 497018 11
owner 11 491483 11
owner 11 497019 11
owner 11 491484 11
owner 11 497020 11
owner 11 491485 11
owner 11 497017 11
owner 11 491480 11
owner 11 458265 11
owner 11 458266 11
owner 11 458267 11
owner 11 458268 11
owner 11 715375 12
owner 11 709839 12
owner 11 720911 12
owner 11 715374 12
owner 11 715376 12
owner 11 709840 12
owner 11 720912 12
owner 11 715377 12
owner 11 709841 12
owner 11 720913 12
owner 11 715378 12
owner 11 709842 12
owner 11 720914 12
owner 11 704306 12
owner 11 704305 12
owner 11 698769 12
owner 11 704304 12
owner 11 698768 12
owner 11 704303 12
owner 11 698767 12
owner 11 704302 12
owner 11 698766 12
owner 11 709838 12
owner 11 704301 12
owner 11 698765 12
owner 11 709837 12
owner 11 704300 12
owner 11 698764 12
owner 11 709836 12
owner 11 704299 12
owner 11 709835 12
owner 11 715371 12
owner 11 720907 12
owner 11 715372 12
owner 11 720908 12
owner 11 715373 12
owner 11 720909 12
owner 11 726445 12
owner 11 720910 12
owner 11 726446 12
owner 11 731982 12
owner 11 726447 12
owner 11 731983 12
owner 11 726448 12
owner 11 731984 12
owner 11 726449 12
owner 11 731981 12
owner 11 726444 12
owner 11 693229 12
owner 11 693230 12
owner 11 693231 12
owner 11 693232 12
prev 11 161952
prev 11 1111816
prev 11 1212964
prev 11 456708
prev 11 45018
prev 11 545804
prev 11 1442744
prev 11 1368740
prev 11 962566
prev 11 480411
prev 11 715375
owned 11 126015
owned 11 126016
owned 11 126017
owned 11 126018
owned 11 131550
owned 11 131551
owned 11 131552
owned 11 131553
owned 11 131554
owned 11 131555
owned 11 137085
owned 11 137086
owned 11 137087
owned 11 137088
owned 11 137089
owned 11 137090
owned 11 137091
owned 11 137092
owned 11 142621
owned 11 142622
owned 11 142623
owned 11 142624
owned 11 142625
owned 11 142626
owned 11 142627
owned 11 142628
owned 11 148157
owned 11 148158
owned 11 148159
owned 11 148160
owned 11 148161
owned 11 148162
owned 11 148163
owned 11 148164
owned 11 153693
owned 11 153694
owned 11 153695
owned 11 153696
owned 11 153697
owned 11 153698
owned 11 153699
owned 11 153700
owned 11 159230
owned 11 159231
owned 11 159232
owned 11 159233
owned 11 159234
owned 11 159235
owned 11 164767
owned 11 164768
owned 11 164769
owned 11 164770
bot 12 14 666fmd2f -2125171585 976489 2153 176 52
owner 12 161952 2
owner 12 156416 2
owner 12 167488 2
owner 12 161951 2
owner 12 161953 2
owner 12 156417 2
owner 12 167489 2
owner 12 161954 2
owner 12 156418 2
owner 12 167490 2
owner 12 161955 2
owner 12 156419 2
owner 12 167491 2
owner 12 150883 2
owner 12 150882 2
owner 12 145346 2
owner 12 150881 2
owner 12 145345 2
owner 12 150880 2
owner 12 145344 2
owner 12 150879 2
owner 12 145343 2
owner 12 156415 2
owner 12 150878 2
owner 12 145342 2
owner 12 156414 2
owner 12 150877 2
owner 12 145341 2
owner 12 156413 2
owner 12 150876 2
owner 12 156412 2
owner 12 161948 2
owner 12 167484 2
owner 12 161949 2
owner 12 167485 2
owner 12 161950 2
owner 12 167486 2
owner 12 173022 2
owner 12 167487 2
owner 12 173023 2
owner 12 178559 2
owner 12 173024 2
owner 12 178560 2
owner 12 173025 2
owner 12 178561 2
owner 12 173026 2
owner 12 178558 2
owner 12 173021 2
owner 12 139806 2
owner 12 139807 2
owner 12 139808 2
owner 12 139809 2
owner 12 1111816 3
owner 12 1106280 3
owner 12 1117352 3
owner 12 1111815 3
owner 12 1111817 3
owner 12 1106281 3
owner 12 1117353 3
owner 12 1111818 3
owner 12 1106282 3
owner 12 1117354 3
owner 12 1111819 3
owner 12 1106283 3
owner 12 1117355 3
owner 12 1100747 3
owner 12 1100746 3
owner 12 1095210 3
owner 12 1100745 3
owner 12 1095209 3
owner 12 1100744 3
owner 12 1095208 3
owner 12 1100743 3
owner 12 1095207 3
owner 12 1106279 3
owner 12 1100742 3
owner 12 1095206 3
owner 12 1106278 3
owner 12 1100741 3
owner 12 1095205 3
owner 12 1106277 3
owner 12 1100740 3
owner 12 1106276 3
owner 12 1111812 3
owner 12 1117348 3
owner 12 1111813 3
owner 12 1117349 3
owner 12 1111814 3
owner 12 1117350 3
owner 12 1122886 3
owner 12 1117351 3
owner 12 1122887 3
owner 12 1128423 3
owner 12 1122888 3
owner 12 1128424 3
owner 12 1122889 3
owner 12 1128425 3
owner 12 1122890 3
owner 12 1128422 3
owner 12 1122885 3
owner 12 1089670 3
owner 12 1089671 3
owner 12 1089672 3
owner 12 1089673 3
owner 12 1212964 4
owner 12 1207428 4
owner 12 1218500 4
owner 12 1212963 4
owner 12 1212965 4
owner 12 1207429 4
owner 12 1218501 4
owner 12 1212966 4
owner 12 1207430 4
owner 12 1218502 4
owner 12 1212967 4
owner 12 1207431 4
owner 12 1218503 4
owner 12 1201895 4
owner 12 1201894 4
owner 12 1196358 4
owner 12 1201893 4
owner 12 1196357 4
owner 12 1201892 4
owner 12 1196356 4
owner 12 1201891 4
owner 12 1196355 4
owner 12 1207427 4
owner 12 1201890 4
owner 12 1196354 4
owner 12 1207426 4
owner 12 1201889 4
owner 12 1196353 4
owner 12 1207425 4
owner 12 1201888 4
owner 12 1207424 4
owner 12 1212960 4
owner 12 1218496 4
owner 12 1212961 4
owner 12 1218497 4
owner 12 1212962 4
owner 12 1218498 4
owner 12 1224034 4
owner 12 1218499 4
owner 12 1224035 4
owner 12 1229571 4
owner 12 1224036 4
owner 12 1229572 4
owner 12 1224037 4
owner 12 1229573 4
owner 12 1224038 4
owner 12 1229570 4
owner 12 1224033 4
owner 12 1190818 4
owner 12 1190819 4
owner 12 1190820 4
owner 12 1190821 4
owner 12 456708 5
owner 12 451172 5
owner 12 462244 5
owner 12 456707 5
owner 12 456709 5
owner 12 451173 5
owner 12 462245 5
owner 12 456710 5
owner 12 451174 5
owner 12 462246 5
owner 12 456711 5
owner 12 451175 5
owner 12 462247 5
owner 12 445639 5
owner 12 445638 5
owner 12 440102 5
owner 12 445637 5
owner 12 440101 5
owner 12 445636 5
owner 12 440100 5
owner 12 445635 5
owner 12 440099 5
owner 12 451171 5
owner 12 445634 5
owner 12 440098 5
owner 12 451170 5
owner 12 445633 5
owner 12 440097 5
owner 12 451169 5
owner 12 445632 5
owner 12 451168 5
owner 12 456704 5
owner 12 462240 5
owner 12 456705 5
owner 12 462241 5
owner 12 456706 5
owner 12 462242 5
owner 12 467778 5
owner 12 462243 5
owner 12 467779 5
owner 12 473315 5
owner 12 467780 5
owner 12 473316 5
owner 12 467781 5
owner 12 473317 5
owner 12 467782 5
owner 12 473314 5
owner 12 467777 5
owner 12 434562 5
owner 12 434563 5
owner 12 434564 5
owner 12 434565 5
owner 12 45018 6
owner 12 39482 6
owner 12 50554 6
owner 12 45017 6
owner 12 45019 6
owner 12 39483 6
owner 12 50555 6
owner 12 45020 6
owner 12 39484 6
owner 12 50556 6
owner 12 45021 6
owner 12 39485 6
owner 12 50557 6
owner 12 33949 6
owner 12 33948 6
owner 12 28412 6
owner 12 33947 6
owner 12 28411 6
owner 12 33946 6
owner 12 28410 6
owner 12 33945 6
owner 12 28409 6
owner 12 39481 6
owner 12 33944 6
owner 12 28408 6
owner 12 39480 6
owner 12 33943 6
owner 12 28407 6
owner 12 39479 6
owner 12 33942 6
owner 12 39478 6
owner 12 45014 6
owner 12 50550 6
owner 12 45015 6
owner 12 50551 6
owner 12 45016 6
owner 12 50552 6
owner 12 56088 6
owner 12 50553 6
owner 12 56089 6
owner 12 61625 6
owner 12 56090 6
owner 12 61626 6
owner 12 56091 6
owner 12 61627 6
owner 12 56092 6
owner 12 61624 6
owner 12 56087 6
owner 12 22872 6
owner 12 22873 6
owner 12 22874 6
owner 12 22875 6
owner 12 545804 7
owner 12 540268 7
owner 12 551340 7
owner 12 545803 7
owner 12 545805 7
owner 12 540269 7
owner 12 551341 7
owner 12 545806 7
owner 12 540270 7
owner 12 551342 7
owner 12 545807 7
owner 12 540271 7
owner 12 551343 7
owner 12 534735 7
owner 12 534734 7
owner 12 529198 7
owner 12 534733 7
owner 12 529197 7
owner 12 534732 7
owner 12 529196 7
owner 12 534731 7
owner 12 529195 7
owner 12 540267 7
owner 12 534730 7
owner 12 529194 7
owner 12 540266 7
owner 12 534729 7
owner 12 529193 7
owner 12 540265 7
owner 12 534728 7
owner 12 540264 7
owner 12 545800 7
owner 12 551336 7
owner 12 545801 7
owner 12 551337 7
owner 12 545802 7
owner 12 551338 7
owner 12 556874 7
owner 12 551339 7
owner 12 556875 7
owner 12 562411 7
owner 12 556876 7
owner 12 562412 7
owner 12 556877 7
owner 12 562413 7
owner 12 556878 7
owner 12 562410 7
owner 12 556873 7
owner 12 523658 7
owner 12 523659 7
owner 12 523660 7
owner 12 523661 7
owner 12 1442744 8
owner 12 1437208 8
owner 12 1448280 8
owner 12 1442743 8
owner 12 1442745 8
owner 12 1437209 8
owner 12 1448281 8
owner 12 1442746 8
owner 12 1437210 8
owner 12 1448282 8
owner 12 1442747 8
owner 12 1437211 8
owner 12 1448283 8
owner 12 1431675 8
owner 12 1431674 8
owner 12 1426138 8
owner 12 1431673 8
owner 12 1426137 8
owner 12 1431672 8
owner 12 1426136 8
owner 12 1431671 8
owner 12 1426135 8
owner 12 1437207 8
owner 12 1431670 8
owner 12 1426134 8
owner 12 1437206 8
owner 12 1431669 8
owner 12 1426133 8
owner 12 1437205 8
owner 12 1431668 8
owner 12 1437204 8
owner 12 1442740 8
owner 12 1448276 8
owner 12 1442741 8
owner 12 1448277 8
owner 12 1442742 8
owner 12 1448278 8
owner 12 1453814 8
owner 12 1448279 8
owner 12 1453815 8
owner 12 1459351 8
owner 12 1453816 8
owner 12 1459352 8
owner 12 1453817 8
owner 12 1459353 8
owner 12 1453818 8
owner 12 1459350 8
owner 12 1453813 8
owner 12 1420598 8
owner 12 1420599 8
owner 12 1420600 8
owner 12 1420601 8
owner 12 1368740 9
owner 12 1363204 9
owner 12 1374276 9
owner 12 1368739 9
owner 12 1368741 9
owner 12 1363205 9
owner 12 1374277 9
owner 12 1368742 9
owner 12 1363206 9
owner 12 1374278 9
owner 12 1368743 9
owner 12 1363207 9
owner 12 1374279 9
owner 12 1357671 9
owner 12 1357670 9
owner 12 1352134 9
owner 12 1357669 9
owner 12 1352133 9
owner 12 1357668 9
owner 12 1352132 9
owner 12 1357667 9
owner 12 1352131 9
owner 12 1363203 9
owner 12 1357666 9
owner 12 1352130 9
owner 12 1363202 9
owner 12 1357665 9
owner 12 1352129 9
owner 12 1363201 9
owner 12 1357664 9
owner 12 1363200 9
owner 12 1368736 9
owner 12 1374272 9
owner 12 1368737 9
owner 12 1374273 9
owner 12 1368738 9
owner 12 1374274 9
owner 12 1379810 9
owner 12 1374275 9
owner 12 1379811 9
owner 12 1385347 9
owner 12 1379812 9
owner 12 1385348 9
owner 12 1379813 9
owner 12 1385349 9
owner 12 1379814 9
owner 12 1385346 9
owner 12 1379809 9
owner 12 1346594 9
owner 12 1346595 9
owner 12 1346596 9
owner 12 1346597 9
owner 12 962566 10
owner 12 957030 10
owner 12 968102 10
owner 12 962565 10
owner 12 962567 10
owner 12 957031 10
owner 12 968103 10
owner 12 962568 10
owner 12 957032 10
owner 12 968104 10
owner 12 962569 10
owner 12 957033 10
owner 12 968105 10
owner 12 951497 10
owner 12 951496 10
owner 12 945960 10
owner 12 951495 10
owner 12 945959 10
owner 12 951494 10
owner 12 945958 10
owner 12 951493 10
owner 12 945957 10
owner 12 957029 10
owner 12 951492 10
owner 12 945956 10
owner 12 957028 10
owner 12 951491 10
owner 12 945955 10
owner 12 957027 10
owner 12 951490 10
owner 12 957026 10
owner 12 962562 10
owner 12 968098 10
owner 12 962563 10
owner 12 968099 10
owner 12 962564 10
owner 12 968100 10
owner 12 973636 10
owner 12 968101 10
owner 12 973637 10
owner 12 979173 10
owner 12 973638 10
owner 12 979174 10
owner 12 973639 10
owner 12 979175 10
owner 12 973640 10
owner 12 979172 10
owner 12 973635 10
owner 12 940420 10
owner 12 940421 10
owner 12 940422 10
owner 12 940423 10
owner 12 480411 11
owner 12 474875 11
owner 12 485947 11
owner 12 480410 11
owner 12 480412 11
owner 12 474876 11
owner 12 485948 11
owner 12 480413 11
owner 12 474877 11
owner 12 485949 11
owner 12 480414 11
owner 12 474878 11
owner 12 485950 11
owner 12 469342 11
owner 12 469341 11
owner 12 463805 11
owner 12 469340 11
owner 12 463804 11
owner 12 469339 11
owner 12 463803 11
owner 12 469338 11
owner 12 463802 11
owner 12 474874 11
owner 12 469337 11
owner 12 463801 11
owner 12 474873 11
owner 12 469336 11
owner 12 463800 11
owner 12 474872 11
owner 12 469335 11
owner 12 474871 11
owner 12 480407 11
owner 12 485943 11
owner 12 480408 11
owner 12 485944 11
owner 12 480409 11
owner 12 485945 11
owner 12 491481 11
owner 12 485946 11
owner 12 491482 11
owner 12 497018 11
owner 12 491483 11
owner 12 497019 11
owner 12 491484 11
owner 12 497020 11
owner 12 491485 11
owner 12 497017 11
owner 12 491480 11
owner 12 458265 11
owner 12 458266 11
owner 12 458267 11
owner 12 458268 11
owner 12 715375 12
owner 12 709839 12
owner 12 720911 12
owner 12 715374 12
owner 12 715376 12
owner 12 709840 12
owner 12 720912 12
owner 12 715377 12
owner 12 709841 12
owner 12 720913 12
owner 12 715378 12
owner 12 709842 12
owner 12 720914 12
owner 12 704306 12
owner 12 704305 12
owner 12 698769 12
owner 12 704304 12
owner 12 698768 12
owner 12 704303 12
owner 12 698767 12
owner 12 704302 12
owner 12 698766 12
owner 12 709838 12
owner 12 704301 12
owner 12 698765 12
owner 12 709837 12
owner 12 704300 12
owner 12 698764 12
owner 12 709836 12
owner 12 704299 12
owner 12 709835 12
owner 12 715371 12
owner 12 720907 12
owner 12 715372 12
owner 12 720908 12
owner 12 715373 12
owner 12 720909 12
owner 12 726445 12
owner 12 720910 12
owner 12 726446 12
owner 12 731982 12
owner 12 726447 12
owner 12 731983 12
owner 12 726448 12
owner 12 731984 12
owner 12 726449 12
owner 12 731981 12
owner 12 726444 12
owner 12 693229 12
owner 12 693230 12
owner 12 693231 12
owner 12 693232 12
owner 12 148161 13
owner 12 142625 13
owner 12 153697 13
owner 12 148160 13
owner 12 148162 13
owner 12 142626 13
owner 12 153698 13
owner 12 148163 13
owner 12 142627 13
owner 12 153699 13
owner 12 148164 13
owner 12 142628 13
owner 12 153700 13
owner 12 137092 13
owner 12 137091 13
owner 12 131555 13
owner 12 137090 13
owner 12 131554 13
owner 12 137089 13
owner 12 131553 13
owner 12 137088 13
owner 12 131552 13
owner 12 142624 13
owner 12 137087 13
owner 12 131551 13
owner 12 142623 13
owner 12 137086 13
owner 12 131550 13
owner 12 142622 13
owner 12 137085 13
owner 12 142621 13
owner 12 148157 13
owner 12 153693 13
owner 12 148158 13
owner 12 153694 13
owner 12 148159 13
owner 12 153695 13
owner 12 159231 13
owner 12 153696 13
owner 12 159232 13
owner 12 164768 13
owner 12 159233 13
owner 12 164769 13
owner 12 159234 13
owner 12 164770 13
owner 12 159235 13
owner 12 164767 13
owner 12 159230 13
owner 12 126015 13
owner 12 126016 13
owner 12 126017 13
owner 12 126018 13
prev 12 161952
prev 12 1111816
prev 12 1212964
prev 12 456708
prev 12 45018
prev 12 545804
prev 12 1442744
prev 12 1368740
prev 12 962566
prev 12 480411
prev 12 715375
prev 12 148161
owned 12 954343
owned 12 954344
owned 12 954345
owned 12 954346
owned 12 959878
owned 12 959879
owned 12 959880
owned 12 959881
owned 12 959882
owned 12 959883
owned 12 965413
owned 12 965414
owned 12 965415
owned 12 965416
owned 12 965417
owned 12 965418
owned 12 965419
owned 12 965420
owned 12 970949
owned 12 970950
owned 12 970951
owned 12 970952
owned 12 970953
owned 12 970954
owned 12 970955
owned 12 970956
owned 12 976485
owned 12 976486
owned 12 976487
owned 12 976488
owned 12 976489
owned 12 976490
owned 12 976491
owned 12 976492
owned 12 982021
owned 12 982022
owned 12 982023
owned 12 982024
owned 12 982025
owned 12 982026
owned 12 982027
owned 12 982028
owned 12 987558
owned 12 987559
owned 12 987560
owned 12 987561
owned 12 987562
owned 12 987563
owned 12 993095
owned 12 993096
owned 12 993097
owned 12 993098
bot 13 15 vybu8oes 2095769353 346488 3256 62 52
owner 13 161952 2
owner 13 156416 2
owner 13 167488 2
owner 13 161951 2
owner 13 161953 2
owner 13 156417 2
owner 13 167489 2
owner 13 161954 2
owner 13 156418 2
owner 13 167490 2
owner 13 161955 2
owner 13 156419 2
owner 13 167491 2
owner 13 150883 2
owner 13 150882 2
owner 13 145346 2
owner 13 150881 2
owner 13 145345 2
owner 13 150880 2
owner 13 145344 2
owner 13 150879 2
owner 13 145343 2
owner 13 156415 2
owner 13 150878 2
owner 13 145342 2
owner 13 156414 2
owner 13 150877 2
owner 13 145341 2
owner 13 156413 2
owner 13 150876 2
owner 13 156412 2
owner 13 161948 2
owner 13 167484 2
owner 13 161949 2
owner 13 167485 2
owner 13 161950 2
owner 13 167486 2
owner 13 173022 2
owner 13 167487 2
owner 13 173023 2
owner 13 178559 2
owner 13 173024 2
owner 13 178560 2
owner 13 173025 2
owner 13 178561 2
owner 13 173026 2
owner 13 178558 2
owner 13 173021 2
owner 13 139806 2
owner 13 139807 2
owner 13 139808 2
owner 13 139809 2
owner 13 1111816 3
owner 13 1106280 3
owner 13 1117352 3
owner 13 1111815 3
owner 13 1111817 3
owner 13 1106281 3
owner 13 1117353 3
owner 13 1111818 3
owner 13 1106282 3
owner 13 1117354 3
owner 13 1111819 3
owner 13 1106283 3
owner 13 1117355 3
owner 13 1100747 3
owner 13 1100746 3
owner 13 1095210 3
owner 13 1100745 3
owner 13 1095209 3
owner 13 1100744 3
owner 13 1095208 3
owner 13 1100743 3
owner 13 1095207 3
owner 13 1106279 3
owner 13 1100742 3
owner 13 1095206 3
owner 13 1106278 3
owner 13 1100741 3
owner 13 1095205 3
owner 13 1106277 3
owner 13 1100740 3
owner 13 1106276 3
owner 13 1111812 3
owner 13 1117348 3
owner 13 1111813 3
owner 13 1117349 3
owner 13 1111814 3
owner 13 1117350 3
owner 13 1122886 3
owner 13 1117351 3
owner 13 1122887 3
owner 13 1128423 3
owner 13 1122888 3
owner 13 1128424 3
owner 13 1122889 3
owner 13 1128425 3
owner 13 1122890 3
owner 13 1128422 3
owner 13 1122885 3
owner 13 1089670 3
owner 13 1089671 3
owner 13 1089672 3
owner 13 1089673 3
owner 13 1212964 4
owner 13 1207428 4
owner 13 1218500 4
owner 13 1212963 4
owner 13 1212965 4
owner 13 1207429 4
owner 13 1218501 4
owner 13 1212966 4
owner 13 1207430 4
owner 13 1218502 4
owner 13 1212967 4
owner 13 1207431 4
owner 13 1218503 4
owner 13 1201895 4
owner 13 1201894 4
owner 13 1196358 4
owner 13 1201893 4
owner 13 1196357 4
owner 13 1201892 4
owner 13 1196356 4
owner 13 1201891 4
owner 13 1196355 4
owner 13 1207427 4
owner 13 1201890 4
owner 13 1196354 4
owner 13 1207426 4
owner 13 1201889 4
owner 13 1196353 4
owner 13 1207425 4
owner 13 1201888 4
owner 13 1207424 4
owner 13 1212960 4
owner 13 1218496 4
owner 13 1212961 4
owner 13 1218497 4
owner 13 1212962 4
owner 13 1218498 4
owner 13 1224034 4
owner 13 1218499 4
owner 13 1224035 4
owner 13 1229571 4
owner 13 1224036 4
owner 13 1229572 4
owner 13 1224037 4
owner 13 1229573 4
owner 13 1224038 4
owner 13 1229570 4
owner 13 1224033 4
owner 13 1190818 4
owner 13 1190819 4
owner 13 1190820 4
owner 13 1190821 4
owner 13 456708 5
owner 13 451172 5
owner 13 462244 5
owner 13 456707 5
owner 13 456709 5
owner 13 451173 5
owner 13 462245 5
owner 13 456710 5
owner 13 451174 5
owner 13 462246 5
owner 13 456711 5
owner 13 451175 5
owner 13 462247 5
owner 13 445639 5
owner 13 445638 5
owner 13 440102 5
owner 13 445637 5
owner 13 440101 5
owner 13 445636 5
owner 13 440100 5
owner 13 445635 5
owner 13 440099 5
owner 13 451171 5
owner 13 445634 5
owner 13 440098 5
owner 13 451170 5
owner 13 445633 5
owner 13 440097 5
owner 13 451169 5
owner 13 445632 5
owner 13 451168 5
owner 13 456704 5
owner 13 462240 5
owner 13 456705 5
owner 13 462241 5
owner 13 456706 5
owner 13 462242 5
owner 13 467778 5
owner 13 462243 5
owner 13 467779 5
owner 13 473315 5
owner 13 467780 5
owner 13 473316 5
owner 13 467781 5
owner 13 473317 5
owner 13 467782 5
owner 13 473314 5
owner 13 467777 5
owner 13 434562 5
owner 13 434563 5
owner 13 434564 5
owner 13 434565 5
owner 13 45018 6
owner 13 39482 6
owner 13 50554 6
owner 13 45017 6
owner 13 45019 6
owner 13 39483 6
owner 13 50555 6
owner 13 45020 6
owner 13 39484 6
owner 13 50556 6
owner 13 45021 6
owner 13 39485 6
owner 13 50557 6
owner 13 33949 6
owner 13 33948 6
owner 13 28412 6
owner 13 33947 6
owner 13 28411 6
owner 13 33946 6
owner 13 28410 6
owner 13 33945 6
owner 13 28409 6
owner 13 39481 6
owner 13 33944 6
owner 13 28408 6
owner 13 39480 6
owner 13 33943 6
owner 13 28407 6
owner 13 39479 6
owner 13 33942 6
owner 13 39478 6
owner 13 45014 6
owner 13 50550 6
owner 13 45015 6
owner 13 50551 6
owner 13 45016 6
owner 13 50552 6
owner 13 56088 6
owner 13 50553 6
owner 13 56089 6
owner 13 61625 6
owner 13 56090 6
owner 13 61626 6
owner 13 56091 6
owner 13 61627 6
owner 13 56092 6
owner 13 61624 6
owner 13 56087 6
owner 13 22872 6
owner 13 22873 6
owner 13 22874 6
owner 13 22875 6
owner 13 545804 7
owner 13 540268 7
owner 13 551340 7
owner 13 545803 7
owner 13 545805 7
owner 13 540269 7
owner 13 551341 7
owner 13 545806 7
owner 13 540270 7
owner 13 551342 7
owner 13 545807 7
owner 13 540271 7
owner 13 551343 7
owner 13 534735 7
owner 13 534734 7
owner 13 529198 7
owner 13 534733 7
owner 13 529197 7
owner 13 534732 7
owner 13 529196 7
owner 13 534731 7
owner 13 529195 7
owner 13 540267 7
owner 13 534730 7
owner 13 529194 7
owner 13 540266 7
owner 13 534729 7
owner 13 529193 7
owner 13 540265 7
owner 13 534728 7
owner 13 540264 7
owner 13 545800 7
owner 13 551336 7
owner 13 545801 7
owner 13 551337 7
owner 13 545802 7
owner 13 551338 7
owner 13 556874 7
owner 13 551339 7
owner 13 556875 7
owner 13 562411 7
owner 13 556876 7
owner 13 562412 7
owner 13 556877 7
owner 13 562413 7
owner 13 556878 7
owner 13 562410 7
owner 13 556873 7
owner 13 523658 7
owner 13 523659 7
owner 13 523660 7
owner 13 523661 7
owner 13 1442744 8
owner 13 1437208 8
owner 13 1448280 8
owner 13 1442743 8
owner 13 1442745 8
owner 13 1437209 8
owner 13 1448281 8
owner 13 1442746 8
owner 13 1437210 8
owner 13 1448282 8
owner 13 1442747 8
owner 13 1437211 8
owner 13 1448283 8
owner 13 1431675 8
owner 13 1431674 8
owner 13 1426138 8
owner 13 1431673 8
owner 13 1426137 8
owner 13 1431672 8
owner 13 1426136 8
owner 13 1431671 8
owner 13 1426135 8
owner 13 1437207 8
owner 13 1431670 8
owner 13 1426134 8
owner 13 1437206 8
owner 13 1431669 8
owner 13 1426133 8
owner 13 1437205 8
owner 13 1431668 8
owner 13 1437204 8
owner 13 1442740 8
owner 13 1448276 8
owner 13 1442741 8
owner 13 1448277 8
owner 13 1442742 8
owner 13 1448278 8
owner 13 1453814 8
owner 13 1448279 8
owner 13 1453815 8
owner 13 1459351 8
owner 13 1453816 8
owner 13 1459352 8
owner 13 1453817 8
owner 13 1459353 8
owner 13 1453818 8
owner 13 1459350 8
owner 13 1453813 8
owner 13 1420598 8
owner 13 1420599 8
owner 13 1420600 8
owner 13 1420601 8
owner 13 1368740 9
owner 13 1363204 9
owner 13 1374276 9
owner 13 1368739 9
owner 13 1368741 9
owner 13 1363205 9
owner 13 1374277 9
owner 13 1368742 9
owner 13 1363206 9
owner 13 1374278 9
owner 13 1368743 9
owner 13 1363207 9
owner 13 1374279 9
owner 13 1357671 9
owner 13 1357670 9
owner 13 1352134 9
owner 13 1357669 9
owner 13 1352133 9
owner 13 1357668 9
owner 13 1352132 9
owner 13 1357667 9
owner 13 1352131 9
owner 13 1363203 9
owner 13 1357666 9
owner 13 1352130 9
owner 13 1363202 9
owner 13 1357665 9
owner 13 1352129 9
owner 13 1363201 9
owner 13 1357664 9
owner 13 1363200 9
owner 13 1368736 9
owner 13 1374272 9
owner 13 1368737 9
owner 13 1374273 9
owner 13 1368738 9
owner 13 1374274 9
owner 13 1379810 9
owner 13 1374275 9
owner 13 1379811 9
owner 13 1385347 9
owner 13 1379812 9
owner 13 1385348 9
owner 13 1379813 9
owner 13 1385349 9
owner 13 1379814 9
owner 13 1385346 9
owner 13 1379809 9
owner 13 1346594 9
owner 13 1346595 9
owner 13 1346596 9
owner 13 1346597 9
owner 13 962566 10
owner 13 957030 10
owner 13 968102 10
owner 13 962565 10
owner 13 962567 10
owner 13 957031 10
owner 13 968103 10
owner 13 962568 10
owner 13 957032 10
owner 13 968104 10
owner 13 962569 10
owner 13 957033 10
owner 13 968105 10
owner 13 951497 10
owner 13 951496 10
owner 13 945960 10
owner 13 951495 10
owner 13 945959 10
owner 13 951494 10
owner 13 945958 10
owner 13 951493 10
owner 13 945957 10
owner 13 957029 10
owner 13 951492 10
owner 13 945956 10
owner 13 957028 10
owner 13 951491 10
owner 13 945955 10
owner 13 957027 10
owner 13 951490 10
owner 13 957026 10
owner 13 962562 10
owner 13 968098 10
owner 13 962563 10
owner 13 968099 10
owner 13 962564 10
owner 13 968100 10
owner 13 973636 10
owner 13 968101 10
owner 13 973637 10
owner 13 979173 10
owner 13 973638 10
owner 13 979174 10
owner 13 973639 10
owner 13 979175 10
owner 13 973640 10
owner 13 979172 10
owner 13 973635 10
owner 13 940420 10
owner 13 940421 10
owner 13 940422 10
owner 13 940423 10
owner 13 480411 11
owner 13 474875 11
owner 13 485947 11
owner 13 480410 11
owner 13 480412 11
owner 13 474876 11
owner 13 485948 11
owner 13 480413 11
owner 13 474877 11
owner 13 485949 11
owner 13 480414 11
owner 13 474878 11
owner 13 485950 11
owner 13 469342 11
owner 13 469341 11
owner 13 463805 11
owner 13 469340 11
owner 13 463804 11
owner 13 469339 11
owner 13 463803 11
owner 13 469338 11
owner 13 463802 11
owner 13 474874 11
owner 13 469337 11
owner 13 463801 11
owner 13 474873 11
owner 13 469336 11
owner 13 463800 11
owner 13 474872 11
owner 13 469335 11
owner 13 474871 11
owner 13 480407 11
owner 13 485943 11
owner 13 480408 11
owner 13 485944 11
owner 13 480409 11
owner 13 485945 11
owner 13 491481 11
owner 13 485946 11
owner 13 491482 11
owner 13 497018 11
owner 13 491483 11
owner 13 497019 11
owner 13 491484 11
owner 13 497020 11
owner 13 491485 11
owner 13 497017 11
owner 13 491480 11
owner 13 458265 11
owner 13 458266 11
owner 13 458267 11
owner 13 458268 11
owner 13 715375 12
owner 13 709839 12
owner 13 720911 12
owner 13 715374 12
owner 13 715376 12
owner 13 709840 12
owner 13 720912 12
owner 13 715377 12
owner 13 709841 12
owner 13 720913 12
owner 13 715378 12
owner 13 709842 12
owner 13 720914 12
owner 13 704306 12
owner 13 704305 12
owner 13 698769 12
owner 13 704304 12
owner 13 698768 12
owner 13 704303 12
owner 13 698767 12
owner 13 704302 12
owner 13 698766 12
owner 13 709838 12
owner 13 704301 12
owner 13 698765 12
owner 13 709837 12
owner 13 704300 12
owner 13 698764 12
owner 13 709836 12
owner 13 704299 12
owner 13 709835 12
owner 13 715371 12
owner 13 720907 12
owner 13 715372 12
owner 13 720908 12
owner 13 715373 12
owner 13 720909 12
owner 13 726445 12
owner 13 720910 12
owner 13 726446 12
owner 13 731982 12
owner 13 726447 12
owner 13 731983 12
owner 13 726448 12
owner 13 731984 12
owner 13 726449 12
owner 13 731981 12
owner 13 726444 12
owner 13 693229 12
owner 13 693230 12
owner 13 693231 12
owner 13 693232 12
owner 13 148161 13
owner 13 142625 13
owner 13 153697 13
owner 13 148160 13
owner 13 148162 13
owner 13 142626 13
owner 13 153698 13
owner 13 148163 13
owner 13 142627 13
owner 13 153699 13
owner 13 148164 13
owner 13 142628 13
owner 13 153700 13
owner 13 137092 13
owner 13 137091 13
owner 13 131555 13
owner 13 137090 13
owner 13 131554 13
owner 13 137089 13
owner 13 131553 13
owner 13 137088 13
owner 13 131552 13
owner 13 142624 13
owner 13 137087 13
owner 13 131551 13
owner 13 142623 13
owner 13 137086 13
owner 13 131550 13
owner 13 142622 13
owner 13 137085 13
owner 13 142621 13
owner 13 148157 13
owner 13 153693 13
owner 13 148158 13
owner 13 153694 13
owner 13 148159 13
owner 13 153695 13
owner 13 159231 13
owner 13 153696 13
owner 13 159232 13
owner 13 164768 13
owner 13 159233 13
owner 13 164769 13
owner 13 159234 13
owner 13 164770 13
owner 13 159235 13
owner 13 164767 13
owner 13 159230 13
owner 13 126015 13
owner 13 126016 13
owner 13 126017 13
owner 13 126018 13
owner 13 976489 14
owner 13 970953 14
owner 13 982025 14
owner 13 976488 14
owner 13 976490 14
owner 13 970954 14
owner 13 982026 14
owner 13 976491 14
owner 13 970955 14
owner 13 982027 14
owner 13 976492 14
owner 13 970956 14
owner 13 982028 14
owner 13 965420 14
owner 13 965419 14
owner 13 959883 14
owner 13 965418 14
owner 13 959882 14
owner 13 965417 14
owner 13 959881 14
owner 13 965416 14
owner 13 959880 14
owner 13 970952 14
owner 13 965415 14
owner 13 959879 14
owner 13 970951 14
owner 13 965414 14
owner 13 959878 14
owner 13 970950 14
owner 13 965413 14
owner 13 970949 14
owner 13 976485 14
owner 13 982021 14
owner 13 976486 14
owner 13 982022 14
owner 13 976487 14
owner 13 982023 14
owner 13 987559 14
owner 13 982024 14
owner 13 987560 14
owner 13 993096 14
owner 13 987561 14
owner 13 993097 14
owner 13 987562 14
owner 13 993098 14
owner 13 987563 14
owner 13 993095 14
owner 13 987558 14
owner 13 954343 14
owner 13 954344 14
owner 13 954345 14
owner 13 954346 14
prev 13 161952
prev 13 1111816
prev 13 1212964
prev 13 456708
prev 13 45018
prev 13 545804
prev 13 1442744
prev 13 1368740
prev 13 962566
prev 13 480411
prev 13 715375
prev 13 148161
prev 13 976489
owned 13 324342
owned 13 324343
owned 13 324344
owned 13 324345
owned 13 329877
owned 13 329878
owned 13 329879
owned 13 329880
owned 13 329881
owned 13 329882
owned 13 335412
owned 13 335413
owned 13 335414
owned 13 335415
owned 13 335416
owned 13 335417
owned 13 335418
owned 13 335419
owned 13 340948
owned 13 340949
owned 13 340950
owned 13 340951
owned 13 340952
owned 13 340953
owned 13 340954
owned 13 340955
owned 13 346484
owned 13 346485
owned 13 346486
owned 13 346487
owned 13 346488
owned 13 346489
owned 13 346490
owned 13 346491
owned 13 352020
owned 13 352021
owned 13 352022
owned 13 352023
owned 13 352024
owned 13 352025
owned 13 352026
owned 13 352027
owned 13 357557
owned 13 357558
owned 13 357559
owned 13 357560
owned 13 357561
owned 13 357562
owned 13 363094
owned 13 363095
owned 13 363096
owned 13 363097
bot 14 16 tlx2iciq 1076827768 194767 1007 35 52
owner 14 161952 2
owner 14 156416 2
owner 14 167488 2
owner 14 161951 2
owner 14 161953 2
owner 14 156417 2
owner 14 167489 2
owner 14 161954 2
owner 14 156418 2
owner 14 167490 2
owner 14 161955 2
owner 14 156419 2
owner 14 167491 2
owner 14 150883 2
owner 14 150882 2
owner 14 145346 2
owner 14 150881 2
owner 14 145345 2
owner 14 150880 2
owner 14 145344 2
owner 14 150879 2
owner 14 145343 2
owner 14 156415 2
owner 14 150878 2
owner 14 145342 2
owner 14 156414 2
owner 14 150877 2
owner 14 145341 2
owner 14 156413 2
owner 14 150876 2
owner 14 156412 2
owner 14 161948 2
owner 14 167484 2
owner 14 161949 2
owner 14 167485 2
owner 14 161950 2
owner 14 167486 2
owner 14 173022 2
owner 14 167487 2
owner 14 173023 2
owner 14 178559 2
owner 14 173024 2
owner 14 178560 2
owner 14 173025 2
owner 14 178561 2
owner 14 173026 2
owner 14 178558 2
owner 14 173021 2
owner 14 139806 2
owner 14 139807 2
owner 14 139808 2
owner 14 139809 2
owner 14 1111816 3
owner 14 1106280 3
owner 14 1117352 3
owner 14 1111815 3
owner 14 1111817 3
owner 14 1106281 3
owner 14 1117353 3
owner 14 1111818 3
owner 14 1106282 3
owner 14 1117354 3
owner 14 1111819 3
owner 14 1106283 3
owner 14 1117355 3
owner 14 1100747 3
owner 14 1100746 3
owner 14 1095210 3
owner 14 1100745 3
owner 14 1095209 3
owner 14 1100744 3
owner 14 1095208 3
owner 14 1100743 3
owner 14 1095207 3
owner 14 1106279 3
owner 14 1100742 3
owner 14 1095206 3
owner 14 1106278 3
owner 14 1100741 3
owner 14 1095205 3
owner 14 1106277 3
owner 14 1100740 3
owner 14 1106276 3
owner 14 1111812 3
owner 14 1117348 3
owner 14 1111813 3
owner 14 1117349 3
owner 14 1111814 3
owner 14 1117350 3
owner 14 1122886 3
owner 14 1117351 3
owner 14 1122887 3
owner 14 1128423 3
owner 14 1122888 3
owner 14 1128424 3
owner 14 1122889 3
owner 14 1128425 3
owner 14 1122890 3
owner 14 1128422 3
owner 14 1122885 3
owner 14 1089670 3
owner 14 1089671 3
owner 14 1089672 3
owner 14 1089673 3
owner 14 1212964 4
owner 14 1207428 4
owner 14 1218500 4
owner 14 1212963 4
owner 14 1212965 4
owner 14 1207429 4
owner 14 1218501 4
owner 14 1212966 4
owner 14 1207430 4
owner 14 1218502 4
owner 14 1212967 4
owner 14 1207431 4
owner 14 1218503 4
owner 14 1201895 4
owner 14 1201894 4
owner 14 1196358 4
owner 14 1201893 4
owner 14 1196357 4
owner 14 1201892 4
owner 14 1196356 4
owner 14 1201891 4
owner 14 1196355 4
owner 14 1207427 4
owner 14 1201890 4
owner 14 1196354 4
owner 14 1207426 4
owner 14 1201889 4
owner 14 1196353 4
owner 14 1207425 4
owner 14 1201888 4
owner 14 1207424 4
owner 14 1212960 4
owner 14 1218496 4
owner 14 1212961 4
owner 14 1218497 4
owner 14 1212962 4
owner 14 1218498 4
owner 14 1224034 4
owner 14 1218499 4
owner 14 1224035 4
owner 14 1229571 4
owner 14 1224036 4
owner 14 1229572 4
owner 14 1224037 4
owner 14 1229573 4
owner 14 1224038 4
owner 14 1229570 4
owner 14 1224033 4
owner 14 1190818 4
owner 14 1190819 4
owner 14 1190820 4
owner 14 1190821 4
owner 14 456708 5
owner 14 451172 5
owner 14 462244 5
owner 14 456707 5
owner 14 456709 5
owner 14 451173 5
owner 14 462245 5
owner 14 456710 5
owner 14 451174 5
owner 14 462246 5
owner 14 456711 5
owner 14 451175 5
owner 14 462247 5
owner 14 445639 5
owner 14 445638 5
owner 14 440102 5
owner 14 445637 5
owner 14 440101 5
owner 14 445636 5
owner 14 440100 5
owner 14 445635 5
owner 14 440099 5
owner 14 451171 5
owner 14 445634 5
owner 14 440098 5
owner 14 451170 5
owner 14 445633 5
owner 14 440097 5
owner 14 451169 5
owner 14 445632 5
owner 14 451168 5
owner 14 456704 5
owner 14 462240 5
owner 14 456705 5
owner 14 462241 5
owner 14 456706 5
owner 14 462242 5
owner 14 467778 5
owner 14 462243 5
owner 14 467779 5
owner 14 473315 5
owner 14 467780 5
owner 14 473316 5
owner 14 467781 5
owner 14 473317 5
owner 14 467782 5
owner 14 473314 5
owner 14 467777 5
owner 14 434562 5
owner 14 434563 5
owner 14 434564 5
owner 14 434565 5
owner 14 45018 6
owner 14 39482 6
owner 14 50554 6
owner 14 45017 6
owner 14 45019 6
owner 14 39483 6
owner 14 50555 6
owner 14 45020 6
owner 14 39484 6
owner 14 50556 6
owner 14 45021 6
owner 14 39485 6
owner 14 50557 6
owner 14 33949 6
owner 14 33948 6
owner 14 28412 6
owner 14 33947 6
owner 14 28411 6
owner 14 33946 6
owner 14 28410 6
owner 14 33945 6
owner 14 28409 6
owner 14 39481 6
owner 14 33944 6
owner 14 28408 6
owner 14 39480 6
owner 14 33943 6
owner 14 28407 6
owner 14 39479 6
owner 14 33942 6
owner 14 39478 6
owner 14 45014 6
owner 14 50550 6
owner 14 45015 6
owner 14 50551 6
owner 14 45016 6
owner 14 50552 6
owner 14 56088 6
owner 14 50553 6
owner 14 56089 6
owner 14 61625 6
owner 14 56090 6
owner 14 61626 6
owner 14 56091 6
owner 14 61627 6
owner 14 56092 6
owner 14 61624 6
owner 14 56087 6
owner 14 22872 6
owner 14 22873 6
owner 14 22874 6
owner 14 22875 6
owner 14 545804 7
owner 14 540268 7
owner 14 551340 7
owner 14 545803 7
owner 14 545805 7
owner 14 540269 7
owner 14 551341 7
owner 14 545806 7
owner 14 540270 7
owner 14 551342 7
owner 14 545807 7
owner 14 540271 7
owner 14 551343 7
owner 14 534735 7
owner 14 534734 7
owner 14 529198 7
owner 14 534733 7
owner 14 529197 7
owner 14 534732 7
owner 14 529196 7
owner 14 534731 7
owner 14 529195 7
owner 14 540267 7
owner 14 534730 7
owner 14 529194 7
owner 14 540266 7
owner 14 534729 7
owner 14 529193 7
owner 14 540265 7
owner 14 534728 7
owner 14 540264 7
owner 14 545800 7
owner 14 551336 7
owner 14 545801 7
owner 14 551337 7
owner 14 545802 7
owner 14 551338 7
owner 14 556874 7
owner 14 551339 7
owner 14 556875 7
owner 14 562411 7
owner 14 556876 7
owner 14 562412 7
owner 14 556877 7
owner 14 562413 7
owner 14 556878 7
owner 14 562410 7
owner 14 556873 7
owner 14 523658 7
owner 14 523659 7
owner 14 523660 7
owner 14 523661 7
owner 14 1442744 8
owner 14 1437208 8
owner 14 1448280 8
owner 14 1442743 8
owner 14 1442745 8
owner 14 1437209 8
owner 14 1448281 8
owner 14 1442746 8
owner 14 1437210 8
owner 14 1448282 8
owner 14 1442747 8
owner 14 1437211 8
owner 14 1448283 8
owner 14 1431675 8
owner 14 1431674 8
owner 14 1426138 8
owner 14 1431673 8
owner 14 1426137 8
owner 14 1431672 8
owner 14 1426136 8
owner 14 1431671 8
owner 14 1426135 8
owner 14 1437207 8
owner 14 1431670 8
owner 14 1426134 8
owner 14 1437206 8
owner 14 1431669 8
owner 14 1426133 8
owner 14 1437205 8
owner 14 1431668 8
owner 14 1437204 8
owner 14 1442740 8
owner 14 1448276 8
owner 14 1442741 8
owner 14 1448277 8
owner 14 1442742 8
owner 14 1448278 8
owner 14 1453814 8
owner 14 1448279 8
owner 14 1453815 8
owner 14 1459351 8
owner 14 1453816 8
owner 14 1459352 8
owner 14 1453817 8
owner 14 1459353 8
owner 14 1453818 8
owner 14 1459350 8
owner 14 1453813 8
owner 14 1420598 8
owner 14 1420599 8
owner 14 1420600 8
owner 14 1420601 8
owner 14 1368740 9
owner 14 1363204 9
owner 14 1374276 9
owner 14 1368739 9
owner 14 1368741 9
owner 14 1363205 9
owner 14 1374277 9
owner 14 1368742 9
owner 14 1363206 9
owner 14 1374278 9
owner 14 1368743 9
owner 14 1363207 9
owner 14 1374279 9
owner 14 1357671 9
owner 14 1357670 9
owner 14 1352134 9
owner 14 1357669 9
owner 14 1352133 9
owner 14 1357668 9
owner 14 1352132 9
owner 14 1357667 9
owner 14 1352131 9
owner 14 1363203 9
owner 14 1357666 9
owner 14 1352130 9
owner 14 1363202 9
owner 14 1357665 9
owner 14 1352129 9
owner 14 1363201 9
owner 14 1357664 9
owner 14 1363200 9
owner 14 1368736 9
owner 14 1374272 9
owner 14 1368737 9
owner 14 1374273 9
owner 14 1368738 9
owner 14 1374274 9
owner 14 1379810 9
owner 14 1374275 9
owner 14 1379811 9
owner 14 1385347 9
owner 14 1379812 9
owner 14 1385348 9
owner 14 1379813 9
owner 14 1385349 9
owner 14 1379814 9
owner 14 1385346 9
owner 14 1379809 9
owner 14 1346594 9
owner 14 1346595 9
owner 14 1346596 9
owner 14 1346597 9
owner 14 962566 10
owner 14 957030 10
owner 14 968102 10
owner 14 962565 10
owner 14 962567 10
owner 14 957031 10
owner 14 968103 10
owner 14 962568 10
owner 14 957032 10
owner 14 968104 10
owner 14 962569 10
owner 14 957033 10
owner 14 968105 10
owner 14 951497 10
owner 14 951496 10
owner 14 945960 10
owner 14 951495 10
owner 14 945959 10
owner 14 951494 10
owner 14 945958 10
owner 14 951493 10
owner 14 945957 10
owner 14 957029 10
owner 14 951492 10
owner 14 945956 10
owner 14 957028 10
owner 14 951491 10
owner 14 945955 10
owner 14 957027 10
owner 14 951490 10
owner 14 957026 10
owner 14 962562 10
owner 14 968098 10
owner 14 962563 10
owner 14 968099 10
owner 14 962564 10
owner 14 968100 10
owner 14 973636 10
owner 14 968101 10
owner 14 973637 10
owner 14 979173 10
owner 14 973638 10
owner 14 979174 10
owner 14 973639 10
owner 14 979175 10
owner 14 973640 10
owner 14 979172 10
owner 14 973635 10
owner 14 940420 10
owner 14 940421 10
owner 14 940422 10
owner 14 940423 10
owner 14 480411 11
owner 14 474875 11
owner 14 485947 11
owner 14 480410 11
owner 14 480412 11
owner 14 474876 11
owner 14 485948 11
owner 14 480413 11
owner 14 474877 11
owner 14 485949 11
owner 14 480414 11
owner 14 474878 11
owner 14 485950 11
owner 14 469342 11
owner 14 469341 11
owner 14 463805 11
owner 14 469340 11
owner 14 463804 11
owner 14 469339 11
owner 14 463803 11
owner 14 469338 11
owner 14 463802 11
owner 14 474874 11
owner 14 469337 11
owner 14 463801 11
owner 14 474873 11
owner 14 469336 11
owner 14 463800 11
owner 14 474872 11
owner 14 469335 11
owner 14 474871 11
owner 14 480407 11
owner 14 485943 11
owner 14 480408 11
owner 14 485944 11
owner 14 480409 11
owner 14 485945 11
owner 14 491481 11
owner 14 485946 11
owner 14 491482 11
owner 14 497018 11
owner 14 491483 11
owner 14 497019 11
owner 14 491484 11
owner 14 497020 11
owner 14 491485 11
owner 14 497017 11
owner 14 491480 11
owner 14 458265 11
owner 14 458266 11
owner 14 458267 11
owner 14 458268 11
owner 14 715375 12
owner 14 709839 12
owner 14 720911 12
owner 14 715374 12
owner 14 715376 12
owner 14 709840 12
owner 14 720912 12
owner 14 715377 12
owner 14 709841 12
owner 14 720913 12
owner 14 715378 12
owner 14 709842 12
owner 14 720914 12
owner 14 704306 12
owner 14 704305 12
owner 14 698769 12
owner 14 704304 12
owner 14 698768 12
owner 14 704303 12
owner 14 698767 12
owner 14 704302 12
owner 14 698766 12
owner 14 709838 12
owner 14 704301 12
owner 14 698765 12
owner 14 709837 12
owner 14 704300 12
owner 14 698764 12
owner 14 709836 12
owner 14 704299 12
owner 14 709835 12
owner 14 715371 12
owner 14 720907 12
owner 14 715372 12
owner 14 720908 12
owner 14 715373 12
owner 14 720909 12
owner 14 726445 12
owner 14 720910 12
owner 14 726446 12
owner 14 731982 12
owner 14 726447 12
owner 14 731983 12
owner 14 726448 12
owner 14 731984 12
owner 14 726449 12
owner 14 731981 12
owner 14 726444 12
owner 14 693229 12
owner 14 693230 12
owner 14 693231 12
owner 14 693232 12
owner 14 148161 13
owner 14 142625 13
owner 14 153697 13
owner 14 148160 13
owner 14 148162 13
owner 14 142626 13
owner 14 153698 13
owner 14 148163 13
owner 14 142627 13
owner 14 153699 13
owner 14 148164 13
owner 14 142628 13
owner 14 153700 13
owner 14 137092 13
owner 14 137091 13
owner 14 131555 13
owner 14 137090 13
owner 14 131554 13
owner 14 137089 13
owner 14 131553 13
owner 14 137088 13
owner 14 131552 13
owner 14 142624 13
owner 14 137087 13
owner 14 131551 13
owner 14 142623 13
owner 14 137086 13
owner 14 131550 13
owner 14 142622 13
owner 14 137085 13
owner 14 142621 13
owner 14 148157 13
owner 14 153693 13
owner 14 148158 13
owner 14 153694 13
owner 14 148159 13
owner 14 153695 13
owner 14 159231 13
owner 14 153696 13
owner 14 159232 13
owner 14 164768 13
owner 14 159233 13
owner 14 164769 13
owner 14 159234 13
owner 14 164770 13
owner 14 159235 13
owner 14 164767 13
owner 14 159230 13
owner 14 126015 13
owner 14 126016 13
owner 14 126017 13
owner 14 126018 13
owner 14 976489 14
owner 14 970953 14
owner 14 982025 14
owner 14 976488 14
owner 14 976490 14
owner 14 970954 14
owner 14 982026 14
owner 14 976491 14
owner 14 970955 14
owner 14 982027 14
owner 14 976492 14
owner 14 970956 14
owner 14 982028 14
owner 14 965420 14
owner 14 965419 14
owner 14 959883 14
owner 14 965418 14
owner 14 959882 14
owner 14 965417 14
owner 14 959881 14
owner 14 965416 14
owner 14 959880 14
owner 14 970952 14
owner 14 965415 14
owner 14 959879 14
owner 14 970951 14
owner 14 965414 14
owner 14 959878 14
owner 14 970950 14
owner 14 965413 14
owner 14 970949 14
owner 14 976485 14
owner 14 982021 14
owner 14 976486 14
owner 14 982022 14
owner 14 976487 14
owner 14 982023 14
owner 14 987559 14
owner 14 982024 14
owner 14 987560 14
owner 14 993096 14
owner 14 987561 14
owner 14 993097 14
owner 14 987562 14
owner 14 993098 14
owner 14 987563 14
owner 14 993095 14
owner 14 987558 14
owner 14 954343 14
owner 14 954344 14
owner 14 954345 14
owner 14 954346 14
owner 14 346488 15
owner 14 340952 15
owner 14 352024 15
owner 14 346487 15
owner 14 346489 15
owner 14 340953 15
owner 14 352025 15
owner 14 346490 15
owner 14 340954 15
owner 14 352026 15
owner 14 346491 15
owner 14 340955 15
owner 14 352027 15
owner 14 335419 15
owner 14 335418 15
owner 14 329882 15
owner 14 335417 15
owner 14 329881 15
owner 14 335416 15
owner 14 329880 15
owner 14 335415 15
owner 14 329879 15
owner 14 340951 15
owner 14 335414 15
owner 14 329878 15
owner 14 340950 15
owner 14 335413 15
owner 14 329877 15
owner 14 340949 15
owner 14 335412 15
owner 14 340948 15
owner 14 346484 15
owner 14 352020 15
owner 14 346485 15
owner 14 352021 15
owner 14 346486 15
owner 14 352022 15
owner 14 357558 15
owner 14 352023 15
owner 14 357559 15
owner 14 363095 15
owner 14 357560 15
owner 14 363096 15
owner 14 357561 15
owner 14 363097 15
owner 14 357562 15
owner 14 363094 15
owner 14 357557 15
owner 14 324342 15
owner 14 324343 15
owner 14 324344 15
owner 14 324345 15
prev 14 161952
prev 14 1111816
prev 14 1212964
prev 14 456708
prev 14 45018
prev 14 545804
prev 14 1442744
prev 14 1368740
prev 14 962566
prev 14 480411
prev 14 715375
prev 14 148161
prev 14 976489
prev 14 346488
owned 14 172621
owned 14 172622
owned 14 172623
owned 14 172624
owned 14 178156
owned 14 178157
owned 14 178158
owned 14 178159
owned 14 178160
owned 14 178161
owned 14 183691
owned 14 183692
owned 14 183693
owned 14 183694
owned 14 183695
owned 14 183696
owned 14 183697
owned 14 183698
owned 14 189227
owned 14 189228
owned 14 189229
owned 14 189230
owned 14 189231
owned 14 189232
owned 14 189233
owned 14 189234
owned 14 194763
owned 14 194764
owned 14 194765
owned 14 194766
owned 14 194767
owned 14 194768
owned 14 194769
owned 14 194770
owned 14 200299
owned 14 200300
owned 14 200301
owned 14 200302
owned 14 200303
owned 14 200304
owned 14 200305
owned 14 200306
owned 14 205836
owned 14 205837
owned 14 205838
owned 14 205839
owned 14 205840
owned 14 205841
owned 14 211373
owned 14 211374
owned 14 211375
owned 14 211376
bot 15 17 8i7cuo9t 1041878418 893159 1863 161 52
owner 15 161952 2
owner 15 156416 2
owner 15 167488 2
owner 15 161951 2
owner 15 161953 2
owner 15 156417 2
owner 15 167489 2
owner 15 161954 2
owner 15 156418 2
owner 15 167490 2
owner 15 161955 2
owner 15 156419 2
owner 15 167491 2
owner 15 150883 2
owner 15 150882 2
owner 15 145346 2
owner 15 150881 2
owner 15 145345 2
owner 15 150880 2
owner 15 145344 2
owner 15 150879 2
owner 15 145343 2
owner 15 156415 2
owner 15 150878 2
owner 15 145342 2
owner 15 156414 2
owner 15 150877 2
owner 15 145341 2
owner 15 156413 2
owner 15 150876 2
owner 15 156412 2
owner 15 161948 2
owner 15 167484 2
owner 15 161949 2
owner 15 167485 2
owner 15 161950 2
owner 15 167486 2
owner 15 173022 2
owner 15 167487 2
owner 15 173023 2
owner 15 178559 2
owner 15 173024 2
owner 15 178560 2
owner 15 173025 2
owner 15 178561 2
owner 15 173026 2
owner 15 178558 2
owner 15 173021 2
owner 15 139806 2
owner 15 139807 2
owner 15 139808 2
owner 15 139809 2
owner 15 1111816 3
owner 15 1106280 3
owner 15 1117352 3
owner 15 1111815 3
owner 15 1111817 3
owner 15 1106281 3
owner 15 1117353 3
owner 15 1111818 3
owner 15 1106282 3
owner 15 1117354 3
owner 15 1111819 3
owner 15 1106283 3
owner 15 1117355 3
owner 15 1100747 3
owner 15 1100746 3
owner 15 1095210 3
owner 15 1100745 3
owner 15 1095209 3
owner 15 1100744 3
owner 15 1095208 3
owner 15 1100743 3
owner 15 1095207 3
owner 15 1106279 3
owner 15 1100742 3
owner 15 1095206 3
owner 15 1106278 3
owner 15 1100741 3
owner 15 1095205 3
owner 15 1106277 3
owner 15 1100740 3
owner 15 1106276 3
owner 15 1111812 3
owner 15 1117348 3
owner 15 1111813 3
owner 15 1117349 3
owner 15 1111814 3
owner 15 1117350 3
owner 15 1122886 3
owner 15 1117351 3
owner 15 1122887 3
owner 15 1128423 3
owner 15 1122888 3
owner 15 1128424 3
owner 15 1122889 3
owner 15 1128425 3
owner 15 1122890 3
owner 15 1128422 3
owner 15 1122885 3
owner 15 1089670 3
owner 15 1089671 3
owner 15 1089672 3
owner 15 1089673 3
owner 15 1212964 4
owner 15 1207428 4
owner 15 1218500 4
owner 15 1212963 4
owner 15 1212965 4
owner 15 1207429 4
owner 15 1218501 4
owner 15 1212966 4
owner 15 1207430 4
owner 15 1218502 4
owner 15 1212967 4
owner 15 1207431 4
owner 15 1218503 4
owner 15 1201895 4
owner 15 1201894 4
owner 15 1196358 4
owner 15 1201893 4
owner 15 1196357 4
owner 15 1201892 4
owner 15 1196356 4
owner 15 1201891 4
owner 15 1196355 4
owner 15 1207427 4
owner 15 1201890 4
owner 15 1196354 4
owner 15 1207426 4
owner 15 1201889 4
owner 15 1196353 4
owner 15 1207425 4
owner 15 1201888 4
owner 15 1207424 4
owner 15 1212960 4
owner 15 1218496 4
owner 15 1212961 4
owner 15 1218497 4
owner 15 1212962 4
owner 15 1218498 4
owner 15 1224034 4
owner 15 1218499 4
owner 15 1224035 4
owner 15 1229571 4
owner 15 1224036 4
owner 15 1229572 4
owner 15 1224037 4
owner 15 1229573 4
owner 15 1224038 4
owner 15 1229570 4
owner 15 1224033 4
owner 15 1190818 4
owner 15 1190819 4
owner 15 1190820 4
owner 15 1190821 4
owner 15 456708 5
owner 15 451172 5
owner 15 462244 5
owner 15 456707 5
owner 15 456709 5
owner 15 451173 5
owner 15 462245 5
owner 15 456710 5
owner 15 451174 5
owner 15 462246 5
owner 15 456711 5
owner 15 451175 5
owner 15 462247 5
owner 15 445639 5
owner 15 445638 5
owner 15 440102 5
owner 15 445637 5
owner 15 440101 5
owner 15 445636 5
owner 15 440100 5
owner 15 445635 5
owner 15 440099 5
owner 15 451171 5
owner 15 445634 5
owner 15 440098 5
owner 15 451170 5
owner 15 445633 5
owner 15 440097 5
owner 15 451169 5
owner 15 445632 5
owner 15 451168 5
owner 15 456704 5
owner 15 462240 5
owner 15 456705 5
owner 15 462241 5
owner 15 456706 5
owner 15 462242 5
owner 15 467778 5
owner 15 462243 5
owner 15 467779 5
owner 15 473315 5
owner 15 467780 5
owner 15 473316 5
owner 15 467781 5
owner 15 473317 5
owner 15 467782 5
owner 15 473314 5
owner 15 467777 5
owner 15 434562 5
owner 15 434563 5
owner 15 434564 5
owner 15 434565 5
owner 15 45018 6
owner 15 39482 6
owner 15 50554 6
owner 15 45017 6
owner 15 45019 6
owner 15 39483 6
owner 15 50555 6
owner 15 45020 6
owner 15 39484 6
owner 15 50556 6
owner 15 45021 6
owner 15 39485 6
owner 15 50557 6
owner 15 33949 6
owner 15 33948 6
owner 15 28412 6
owner 15 33947 6
owner 15 28411 6
owner 15 33946 6
owner 15 28410 6
owner 15 33945 6
owner 15 28409 6
owner 15 39481 6
owner 15 33944 6
owner 15 28408 6
owner 15 39480 6
owner 15 33943 6
owner 15 28407 6
owner 15 39479 6
owner 15 33942 6
owner 15 39478 6
owner 15 45014 6
owner 15 50550 6
owner 15 45015 6
owner 15 50551 6
owner 15 45016 6
owner 15 50552 6
owner 15 56088 6
owner 15 50553 6
owner 15 56089 6
owner 15 61625 6
owner 15 56090 6
owner 15 61626 6
owner 15 56091 6
owner 15 61627 6
owner 15 56092 6
owner 15 61624 6
owner 15 56087 6
owner 15 22872 6
owner 15 22873 6
owner 15 22874 6
owner 15 22875 6
owner 15 545804 7
owner 15 540268 7
owner 15 551340 7
owner 15 545803 7
owner 15 545805 7
owner 15 540269 7
owner 15 551341 7
owner 15 545806 7
owner 15 540270 7
owner 15 551342 7
owner 15 545807 7
owner 15 540271 7
owner 15 551343 7
owner 15 534735 7
owner 15 534734 7
owner 15 529198 7
owner 15 534733 7
owner 15 529197 7
owner 15 534732 7
owner 15 529196 7
owner 15 534731 7
owner 15 529195 7
owner 15 540267 7
owner 15 534730 7
owner 15 529194 7
owner 15 540266 7
owner 15 534729 7
owner 15 529193 7
owner 15 540265 7
owner 15 534728 7
owner 15 540264 7
owner 15 545800 7
owner 15 551336 7
owner 15 545801 7
owner 15 551337 7
owner 15 545802 7
owner 15 551338 7
owner 15 556874 7
owner 15 551339 7
owner 15 556875 7
owner 15 562411 7
owner 15 556876 7
owner 15 562412 7
owner 15 556877 7
owner 15 562413 7
owner 15 556878 7
owner 15 562410 7
owner 15 556873 7
owner 15 523658 7
owner 15 523659 7
owner 15 523660 7
owner 15 523661 7
owner 15 1442744 8
owner 15 1437208 8
owner 15 1448280 8
owner 15 1442743 8
owner 15 1442745 8
owner 15 1437209 8
owner 15 1448281 8
owner 15 1442746 8
owner 15 1437210 8
owner 15 1448282 8
owner 15 1442747 8
owner 15 1437211 8
owner 15 1448283 8
owner 15 1431675 8
owner 15 1431674 8
owner 15 1426138 8
owner 15 1431673 8
owner 15 1426137 8
owner 15 1431672 8
owner 15 1426136 8
owner 15 1431671 8
owner 15 1426135 8
owner 15 1437207 8
owner 15 1431670 8
owner 15 1426134 8
owner 15 1437206 8
owner 15 1431669 8
owner 15 1426133 8
owner 15 1437205 8
owner 15 1431668 8
owner 15 1437204 8
owner 15 1442740 8
owner 15 1448276 8
owner 15 1442741 8
owner 15 1448277 8
owner 15 1442742 8
owner 15 1448278 8
owner 15 1453814 8
owner 15 1448279 8
owner 15 1453815 8
owner 15 1459351 8
owner 15 1453816 8
owner 15 1459352 8
owner 15 1453817 8
owner 15 1459353 8
owner 15 1453818 8
owner 15 1459350 8
owner 15 1453813 8
owner 15 1420598 8
owner 15 1420599 8
owner 15 1420600 8
owner 15 1420601 8
owner 15 1368740 9
owner 15 1363204 9
owner 15 1374276 9
owner 15 1368739 9
owner 15 1368741 9
owner 15 1363205 9
owner 15 1374277 9
owner 15 1368742 9
owner 15 1363206 9
owner 15 1374278 9
owner 15 1368743 9
owner 15 1363207 9
owner 15 1374279 9
owner 15 1357671 9
owner 15 1357670 9
owner 15 1352134 9
owner 15 1357669 9
owner 15 1352133 9
owner 15 1357668 9
owner 15 1352132 9
owner 15 1357667 9
owner 15 1352131 9
owner 15 1363203 9
owner 15 1357666 9
owner 15 1352130 9
owner 15 1363202 9
owner 15 1357665 9
owner 15 1352129 9
owner 15 1363201 9
owner 15 1357664 9
owner 15 1363200 9
owner 15 1368736 9
owner 15 1374272 9
owner 15 1368737 9
owner 15 1374273 9
owner 15 1368738 9
owner 15 1374274 9
owner 15 1379810 9
owner 15 1374275 9
owner 15 1379811 9
owner 15 1385347 9
owner 15 1379812 9
owner 15 1385348 9
owner 15 1379813 9
owner 15 1385349 9
owner 15 1379814 9
owner 15 1385346 9
owner 15 1379809 9
owner 15 1346594 9
owner 15 1346595 9
owner 15 1346596 9
owner 15 1346597 9
owner 15 962566 10
owner 15 957030 10
owner 15 968102 10
owner 15 962565 10
owner 15 962567 10
owner 15 957031 10
owner 15 968103 10
owner 15 962568 10
owner 15 957032 10
owner 15 968104 10
owner 15 962569 10
owner 15 957033 10
owner 15 968105 10
owner 15 951497 10
owner 15 951496 10
owner 15 945960 10
owner 15 951495 10
owner 15 945959 10
owner 15 951494 10
owner 15 945958 10
owner 15 951493 10
owner 15 945957 10
owner 15 957029 10
owner 15 951492 10
owner 15 945956 10
owner 15 957028 10
owner 15 951491 10
owner 15 945955 10
owner 15 957027 10
owner 15 951490 10
owner 15 957026 10
owner 15 962562 10
owner 15 968098 10
owner 15 962563 10
owner 15 968099 10
owner 15 962564 10
owner 15 968100 10
owner 15 973636 10
owner 15 968101 10
owner 15 973637 10
owner 15 979173 10
owner 15 973638 10
owner 15 979174 10
owner 15 973639 10
owner 15 979175 10
owner 15 973640 10
owner 15 979172 10
owner 15 973635 10
owner 15 940420 10
owner 15 940421 10
owner 15 940422 10
owner 15 940423 10
owner 15 480411 11
owner 15 474875 11
owner 15 485947 11
owner 15 480410 11
owner 15 480412 11
owner 15 474876 11
owner 15 485948 11
owner 15 480413 11
owner 15 474877 11
owner 15 485949 11
owner 15 480414 11
owner 15 474878 11
owner 15 485950 11
owner 15 469342 11
owner 15 469341 11
owner 15 463805 11
owner 15 469340 11
owner 15 463804 11
owner 15 469339 11
owner 15 463803 11
owner 15 469338 11
owner 15 463802 11
owner 15 474874 11
owner 15 469337 11
owner 15 463801 11
owner 15 474873 11
owner 15 469336 11
owner 15 463800 11
owner 15 474872 11
owner 15 469335 11
owner 15 474871 11
owner 15 480407 11
owner 15 485943 11
owner 15 480408 11
owner 15 485944 11
owner 15 480409 11
owner 15 485945 11
owner 15 491481 11
owner 15 485946 11
owner 15 491482 11
owner 15 497018 11
owner 15 491483 11
owner 15 497019 11
owner 15 491484 11
owner 15 497020 11
owner 15 491485 11
owner 15 497017 11
owner 15 491480 11
owner 15 458265 11
owner 15 458266 11
owner 15 458267 11
owner 15 458268 11
owner 15 715375 12
owner 15 709839 12
owner 15 720911 12
owner 15 715374 12
owner 15 715376 12
owner 15 709840 12
owner 15 720912 12
owner 15 715377 12
owner 15 709841 12
owner 15 720913 12
owner 15 715378 12
owner 15 709842 12
owner 15 720914 12
owner 15 704306 12
owner 15 704305 12
owner 15 698769 12
owner 15 704304 12
owner 15 698768 12
owner 15 704303 12
owner 15 698767 12
owner 15 704302 12
owner 15 698766 12
owner 15 709838 12
owner 15 704301 12
owner 15 698765 12
owner 15 709837 12
owner 15 704300 12
owner 15 698764 12
owner 15 709836 12
owner 15 704299 12
owner 15 709835 12
owner 15 715371 12
owner 15 720907 12
owner 15 715372 12
owner 15 720908 12
owner 15 715373 12
owner 15 720909 12
owner 15 726445 12
owner 15 720910 12
owner 15 726446 12
owner 15 731982 12
owner 15 726447 12
owner 15 731983 12
owner 15 726448 12
owner 15 731984 12
owner 15 726449 12
owner 15 731981 12
owner 15 726444 12
owner 15 693229 12
owner 15 693230 12
owner 15 693231 12
owner 15 693232 12
owner 15 148161 13
owner 15 142625 13
owner 15 153697 13
owner 15 148160 13
owner 15 148162 13
owner 15 142626 13
owner 15 153698 13
owner 15 148163 13
owner 15 142627 13
owner 15 153699 13
owner 15 148164 13
owner 15 142628 13
owner 15 153700 13
owner 15 137092 13
owner 15 137091 13
owner 15 131555 13
owner 15 137090 13
owner 15 131554 13
owner 15 137089 13
owner 15 131553 13
owner 15 137088 13
owner 15 131552 13
owner 15 142624 13
owner 15 137087 13
owner 15 131551 13
owner 15 142623 13
owner 15 137086 13
owner 15 131550 13
owner 15 142622 13
owner 15 137085 13
owner 15 142621 13
owner 15 148157 13
owner 15 153693 13
owner 15 148158 13
owner 15 153694 13
owner 15 148159 13
owner 15 153695 13
owner 15 159231 13
owner 15 153696 13
owner 15 159232 13
owner 15 164768 13
owner 15 159233 13
owner 15 164769 13
owner 15 159234 13
owner 15 164770 13
owner 15 159235 13
owner 15 164767 13
owner 15 159230 13
owner 15 126015 13
owner 15 126016 13
owner 15 126017 13
owner 15 126018 13
owner 15 976489 14
owner 15 970953 14
owner 15 982025 14
owner 15 976488 14
owner 15 976490 14
owner 15 970954 14
owner 15 982026 14
owner 15 976491 14
owner 15 970955 14
owner 15 982027 14
owner 15 976492 14
owner 15 970956 14
owner 15 982028 14
owner 15 965420 14
owner 15 965419 14
owner 15 959883 14
owner 15 965418 14
owner 15 959882 14
owner 15 965417 14
owner 15 959881 14
owner 15 965416 14
owner 15 959880 14
owner 15 970952 14
owner 15 965415 14
owner 15 959879 14
owner 15 970951 14
owner 15 965414 14
owner 15 959878 14
owner 15 970950 14
owner 15 965413 14
owner 15 970949 14
owner 15 976485 14
owner 15 982021 14
owner 15 976486 14
owner 15 982022 14
owner 15 976487 14
owner 15 982023 14
owner 15 987559 14
owner 15 982024 14
owner 15 987560 14
owner 15 993096 14
owner 15 987561 14
owner 15 993097 14
owner 15 987562 14
owner 15 993098 14
owner 15 987563 14
owner 15 993095 14
owner 15 987558 14
owner 15 954343 14
owner 15 954344 14
owner 15 954345 14
owner 15 954346 14
owner 15 346488 15
owner 15 340952 15
owner 15 352024 15
owner 15 346487 15
owner 15 346489 15
owner 15 340953 15
owner 15 352025 15
owner 15 346490 15
owner 15 340954 15
owner 15 352026 15
owner 15 346491 15
owner 15 340955 15
owner 15 352027 15
owner 15 335419 15
owner 15 335418 15
owner 15 329882 15
owner 15 335417 15
owner 15 329881 15
owner 15 335416 15
owner 15 329880 15
owner 15 335415 15
owner 15 329879 15
owner 15 340951 15
owner 15 335414 15
owner 15 329878 15
owner 15 340950 15
owner 15 335413 15
owner 15 329877 15
owner 15 340949 15
owner 15 335412 15
owner 15 340948 15
owner 15 346484 15
owner 15 352020 15
owner 15 346485 15
owner 15 352021 15
owner 15 346486 15
owner 15 352022 15
owner 15 357558 15
owner 15 352023 15
owner 15 357559 15
owner 15 363095 15
owner 15 357560 15
owner 15 363096 15
owner 15 357561 15
owner 15 363097 15
owner 15 357562 15
owner 15 363094 15
owner 15 357557 15
owner 15 324342 15
owner 15 324343 15
owner 15 324344 15
owner 15 324345 15
owner 15 194767 16
owner 15 189231 16
owner 15 200303 16
owner 15 194766 16
owner 15 194768 16
owner 15 189232 16
owner 15 200304 16
owner 15 194769 16
owner 15 189233 16
owner 15 200305 16
owner 15 194770 16
owner 15 189234 16
owner 15 200306 16
owner 15 183698 16
owner 15 183697 16
owner 15 178161 16
owner 15 183696 16
owner 15 178160 16
owner 15 183695 16
owner 15 178159 16
owner 15 183694 16
owner 15 178158 16
owner 15 189230 16
owner 15 183693 16
owner 15 178157 16
owner 15 189229 16
owner 15 183692 16
owner 15 178156 16
owner 15 189228 16
owner 15 183691 16
owner 15 189227 16
owner 15 194763 16
owner 15 200299 16
owner 15 194764 16
owner 15 200300 16
owner 15 194765 16
owner 15 200301 16
owner 15 205837 16
owner 15 200302 16
owner 15 205838 16
owner 15 211374 16
owner 15 205839 16
owner 15 211375 16
owner 15 205840 16
owner 15 211376 16
owner 15 205841 16
owner 15 211373 16
owner 15 205836 16
owner 15 172621 16
owner 15 172622 16
owner 15 172623 16
owner 15 172624 16
prev 15 161952
prev 15 1111816
prev 15 1212964
prev 15 456708
prev 15 45018
prev 15 545804
prev 15 1442744
prev 15 1368740
prev 15 962566
prev 15 480411
prev 15 715375
prev 15 148161
prev 15 976489
prev 15 346488
prev 15 194767
owned 15 871013
owned 15 871014
owned 15 871015
owned 15 871016
owned 15 876548
owned 15 876549
owned 15 876550
owned 15 876551
owned 15 876552
owned 15 876553
owned 15 882083
owned 15 882084
owned 15 882085
owned 15 882086
owned 15 882087
owned 15 882088
owned 15 882089
owned 15 882090
owned 15 887619
owned 15 887620
owned 15 887621
owned 15 887622
owned 15 887623
owned 15 887624
owned 15 887625
owned 15 887626
owned 15 893155
owned 15 893156
owned 15 893157
owned 15 893158
owned 15 893159
owned 15 893160
owned 15 893161
owned 15 893162
owned 15 898691
owned 15 898692
owned 15 898693
owned 15 898694
owned 15 898695
owned 15 898696
owned 15 898697
owned 15 898698
owned 15 904228
owned 15 904229
owned 15 904230
owned 15 904231
owned 15 904232
owned 15 904233
owned 15 909765
owned 15 909766
owned 15 909767
owned 15 909768
bot 16 18 ay8xa67r 1238569276 1029773 77 186 52
owner 16 161952 2
owner 16 156416 2
owner 16 167488 2
owner 16 161951 2
owner 16 161953 2
owner 16 156417 2
owner 16 167489 2
owner 16 161954 2
owner 16 156418 2
owner 16 167490 2
owner 16 161955 2
owner 16 156419 2
owner 16 167491 2
owner 16 150883 2
owner 16 150882 2
owner 16 145346 2
owner 16 150881 2
owner 16 145345 2
owner 16 150880 2
owner 16 145344 2
owner 16 150879 2
owner 16 145343 2
owner 16 156415 2
owner 16 150878 2
owner 16 145342 2
owner 16 156414 2
owner 16 150877 2
owner 16 145341 2
owner 16 156413 2
owner 16 150876 2
owner 16 156412 2
owner 16 161948 2
owner 16 167484 2
owner 16 161949 2
owner 16 167485 2
owner 16 161950 2
owner 16 167486 2
owner 16 173022 2
owner 16 167487 2
owner 16 173023 2
owner 16 178559 2
owner 16 173024 2
owner 16 178560 2
owner 16 173025 2
owner 16 178561 2
owner 16 173026 2
owner 16 178558 2
owner 16 173021 2
owner 16 139806 2
owner 16 139807 2
owner 16 139808 2
owner 16 139809 2
owner 16 1111816 3
owner 16 1106280 3
owner 16 1117352 3
owner 16 1111815 3
owner 16 1111817 3
owner 16 1106281 3
owner 16 1117353 3
owner 16 1111818 3
owner 16 1106282 3
owner 16 1117354 3
owner 16 1111819 3
owner 16 1106283 3
owner 16 1117355 3
owner 16 1100747 3
owner 16 1100746 3
owner 16 1095210 3
owner 16 1100745 3
owner 16 1095209 3
owner 16 1100744 3
owner 16 1095208 3
owner 16 1100743 3
owner 16 1095207 3
owner 16 1106279 3
owner 16 1100742 3
owner 16 1095206 3
owner 16 1106278 3
owner 16 1100741 3
owner 16 1095205 3
owner 16 1106277 3
owner 16 1100740 3
owner 16 1106276 3
owner 16 1111812 3
owner 16 1117348 3
owner 16 1111813 3
owner 16 1117349 3
owner 16 1111814 3
owner 16 1117350 3
owner 16 1122886 3
owner 16 1117351 3
owner 16 1122887 3
owner 16 1128423 3
owner 16 1122888 3
owner 16 1128424 3
owner 16 1122889 3
owner 16 1128425 3
owner 16 1122890 3
owner 16 1128422 3
owner 16 1122885 3
owner 16 1089670 3
owner 16 1089671 3
owner 16 1089672 3
owner 16 1089673 3
owner 16 1212964 4
owner 16 1207428 4
owner 16 1218500 4
owner 16 1212963 4
owner 16 1212965 4
owner 16 1207429 4
owner 16 1218501 4
owner 16 1212966 4
owner 16 1207430 4
owner 16 1218502 4
owner 16 1212967 4
owner 16 1207431 4
owner 16 1218503 4
owner 16 1201895 4
owner 16 1201894 4
owner 16 1196358 4
owner 16 1201893 4
owner 16 1196357 4
owner 16 1201892 4
owner 16 1196356 4
owner 16 1201891 4
owner 16 1196355 4
owner 16 1207427 4
owner 16 1201890 4
owner 16 1196354 4
owner 16 1207426 4
owner 16 1201889 4
owner 16 1196353 4
owner 16 1207425 4
owner 16 1201888 4
owner 16 1207424 4
owner 16 1212960 4
owner 16 1218496 4
owner 16 1212961 4
owner 16 1218497 4
owner 16 1212962 4
owner 16 1218498 4
owner 16 1224034 4
owner 16 1218499 4
owner 16 1224035 4
owner 16 1229571 4
owner 16 1224036 4
owner 16 1229572 4
owner 16 1224037 4
owner 16 1229573 4
owner 16 1224038 4
owner 16 1229570 4
owner 16 1224033 4
owner 16 1190818 4
owner 16 1190819 4
owner 16 1190820 4
owner 16 1190821 4
owner 16 456708 5
owner 16 451172 5
owner 16 462244 5
owner 16 456707 5
owner 16 456709 5
owner 16 451173 5
owner 16 462245 5
owner 16 456710 5
owner 16 451174 5
owner 16 462246 5
owner 16 456711 5
owner 16 451175 5
owner 16 462247 5
owner 16 445639 5
owner 16 445638 5
owner 16 440102 5
owner 16 445637 5
owner 16 440101 5
owner 16 445636 5
owner 16 440100 5
owner 16 445635 5
owner 16 440099 5
owner 16 451171 5
owner 16 445634 5
owner 16 440098 5
owner 16 451170 5
owner 16 445633 5
owner 16 440097 5
owner 16 451169 5
owner 16 445632 5
owner 16 451168 5
owner 16 456704 5
owner 16 462240 5
owner 16 456705 5
owner 16 462241 5
owner 16 456706 5
owner 16 462242 5
owner 16 467778 5
owner 16 462243 5
owner 16 467779 5
owner 16 473315 5
owner 16 467780 5
owner 16 473316 5
owner 16 467781 5
owner 16 473317 5
owner 16 467782 5
owner 16 473314 5
owner 16 467777 5
owner 16 434562 5
owner 16 434563 5
owner 16 434564 5
owner 16 434565 5
owner 16 45018 6
owner 16 39482 6
owner 16 50554 6
owner 16 45017 6
owner 16 45019 6
owner 16 39483 6
owner 16 50555 6
owner 16 45020 6
owner 16 39484 6
owner 16 50556 6
owner 16 45021 6
owner 16 39485 6
owner 16 50557 6
owner 16 33949 6
owner 16 33948 6
owner 16 28412 6
owner 16 33947 6
owner 16 28411 6
owner 16 33946 6
owner 16 28410 6
owner 16 33945 6
owner 16 28409 6
owner 16 39481 6
owner 16 33944 6
owner 16 28408 6
owner 16 39480 6
owner 16 33943 6
owner 16 28407 6
owner 16 39479 6
owner 16 33942 6
owner 16 39478 6
owner 16 45014 6
owner 16 50550 6
owner 16 45015 6
owner 16 50551 6
owner 16 45016 6
owner 16 50552 6
owner 16 56088 6
owner 16 50553 6
owner 16 56089 6
owner 16 61625 6
owner 16 56090 6
owner 16 61626 6
owner 16 56091 6
owner 16 61627 6
owner 16 56092 6
owner 16 61624 6
owner 16 56087 6
owner 16 22872 6
owner 16 22873 6
owner 16 22874 6
owner 16 22875 6
owner 16 545804 7
owner 16 540268 7
owner 16 551340 7
owner 16 545803 7
owner 16 545805 7
owner 16 540269 7
owner 16 551341 7
owner 16 545806 7
owner 16 540270 7
owner 16 551342 7
owner 16 545807 7
owner 16 540271 7
owner 16 551343 7
owner 16 534735 7
owner 16 534734 7
owner 16 529198 7
owner 16 534733 7
owner 16 529197 7
owner 16 534732 7
owner 16 529196 7
owner 16 534731 7
owner 16 529195 7
owner 16 540267 7
owner 16 534730 7
owner 16 529194 7
owner 16 540266 7
owner 16 534729 7
owner 16 529193 7
owner 16 540265 7
owner 16 534728 7
owner 16 540264 7
owner 16 545800 7
owner 16 551336 7
owner 16 545801 7
owner 16 551337 7
owner 16 545802 7
owner 16 551338 7
owner 16 556874 7
owner 16 551339 7
owner 16 556875 7
owner 16 562411 7
owner 16 556876 7
owner 16 562412 7
owner 16 556877 7
owner 16 562413 7
owner 16 556878 7
owner 16 562410 7
owner 16 556873 7
owner 16 523658 7
owner 16 523659 7
owner 16 523660 7
owner 16 523661 7
owner 16 1442744 8
owner 16 1437208 8
owner 16 1448280 8
owner 16 1442743 8
owner 16 1442745 8
owner 16 1437209 8
owner 16 1448281 8
owner 16 1442746 8
owner 16 1437210 8
owner 16 1448282 8
owner 16 1442747 8
owner 16 1437211 8
owner 16 1448283 8
owner 16 1431675 8
owner 16 1431674 8
owner 16 1426138 8
owner 16 1431673 8
owner 16 1426137 8
owner 16 1431672 8
owner 16 1426136 8
owner 16 1431671 8
owner 16 1426135 8
owner 16 1437207 8
owner 16 1431670 8
owner 16 1426134 8
owner 16 1437206 8
owner 16 1431669 8
owner 16 1426133 8
owner 16 1437205 8
owner 16 1431668 8
owner 16 1437204 8
owner 16 1442740 8
owner 16 1448276 8
owner 16 1442741 8
owner 16 1448277 8
owner 16 1442742 8
owner 16 1448278 8
owner 16 1453814 8
owner 16 1448279 8
owner 16 1453815 8
owner 16 1459351 8
owner 16 1453816 8
owner 16 1459352 8
owner 16 1453817 8
owner 16 1459353 8
owner 16 1453818 8
owner 16 1459350 8
owner 16 1453813 8
owner 16 1420598 8
owner 16 1420599 8
owner 16 1420600 8
owner 16 1420601 8
owner 16 1368740 9
owner 16 1363204 9
owner 16 1374276 9
owner 16 1368739 9
owner 16 1368741 9
owner 16 1363205 9
owner 16 1374277 9
owner 16 1368742 9
owner 16 1363206 9
owner 16 1374278 9
owner 16 1368743 9
owner 16 1363207 9
owner 16 1374279 9
owner 16 1357671 9
owner 16 1357670 9
owner 16 1352134 9
owner 16 1357669 9
owner 16 1352133 9
owner 16 1357668 9
owner 16 1352132 9
owner 16 1357667 9
owner 16 1352131 9
owner 16 1363203 9
owner 16 1357666 9
owner 16 1352130 9
owner 16 1363202 9
owner 16 1357665 9
owner 16 1352129 9
owner 16 1363201 9
owner 16 1357664 9
owner 16 1363200 9
owner 16 1368736 9
owner 16 1374272 9
owner 16 1368737 9
owner 16 1374273 9
owner 16 1368738 9
owner 16 1374274 9
owner 16 1379810 9
owner 16 1374275 9
owner 16 1379811 9
owner 16 1385347 9
owner 16 1379812 9
owner 16 1385348 9
owner 16 1379813 9
owner 16 1385349 9
owner 16 1379814 9
owner 16 1385346 9
owner 16 1379809 9
owner 16 1346594 9
owner 16 1346595 9
owner 16 1346596 9
owner 16 1346597 9
owner 16 962566 10
owner 16 957030 10
owner 16 968102 10
owner 16 962565 10
owner 16 962567 10
owner 16 957031 10
owner 16 968103 10
owner 16 962568 10
owner 16 957032 10
owner 16 968104 10
owner 16 962569 10
owner 16 957033 10
owner 16 968105 10
owner 16 951497 10
owner 16 951496 10
owner 16 945960 10
owner 16 951495 10
owner 16 945959 10
owner 16 951494 10
owner 16 945958 10
owner 16 951493 10
owner 16 945957 10
owner 16 957029 10
owner 16 951492 10
owner 16 945956 10
owner 16 957028 10
owner 16 951491 10
owner 16 945955 10
owner 16 957027 10
owner 16 951490 10
owner 16 957026 10
owner 16 962562 10
owner 16 968098 10
owner 16 962563 10
owner 16 968099 10
owner 16 962564 10
owner 16 968100 10
owner 16 973636 10
owner 16 968101 10
owner 16 973637 10
owner 16 979173 10
owner 16 973638 10
owner 16 979174 10
owner 16 973639 10
owner 16 979175 10
owner 16 973640 10
owner 16 979172 10
owner 16 973635 10
owner 16 940420 10
owner 16 940421 10
owner 16 940422 10
owner 16 940423 10
owner 16 480411 11
owner 16 474875 11
owner 16 485947 11
owner 16 480410 11
owner 16 480412 11
owner 16 474876 11
owner 16 485948 11
owner 16 480413 11
owner 16 474877 11
owner 16 485949 11
owner 16 480414 11
owner 16 474878 11
owner 16 485950 11
owner 16 469342 11
owner 16 469341 11
owner 16 463805 11
owner 16 469340 11
owner 16 463804 11
owner 16 469339 11
owner 16 463803 11
owner 16 469338 11
owner 16 463802 11
owner 16 474874 11
owner 16 469337 11
owner 16 463801 11
owner 16 474873 11
owner 16 469336 11
owner 16 463800 11
owner 16 474872 11
owner 16 469335 11
owner 16 474871 11
owner 16 480407 11
owner 16 485943 11
owner 16 480408 11
owner 16 485944 11
owner 16 480409 11
owner 16 485945 11
owner 16 491481 11
owner 16 485946 11
owner 16 491482 11
owner 16 497018 11
owner 16 491483 11
owner 16 497019 11
owner 16 491484 11
owner 16 497020 11
owner 16 491485 11
owner 16 497017 11
owner 16 491480 11
owner 16 458265 11
owner 16 458266 11
owner 16 458267 11
owner 16 458268 11
owner 16 715375 12
owner 16 709839 12
owner 16 720911 12
owner 16 715374 12
owner 16 715376 12
owner 16 709840 12
owner 16 720912 12
owner 16 715377 12
owner 16 709841 12
owner 16 720913 12
owner 16 715378 12
owner 16 709842 12
owner 16 720914 12
owner 16 704306 12
owner 16 704305 12
owner 16 698769 12
owner 16 704304 12
owner 16 698768 12
owner 16 704303 12
owner 16 698767 12
owner 16 704302 12
owner 16 698766 12
owner 16 709838 12
owner 16 704301 12
owner 16 698765 12
owner 16 709837 12
owner 16 704300 12
owner 16 698764 12
owner 16 709836 12
owner 16 704299 12
owner 16 709835 12
owner 16 715371 12
owner 16 720907 12
owner 16 715372 12
owner 16 720908 12
owner 16 715373 12
owner 16 720909 12
owner 16 726445 12
owner 16 720910 12
owner 16 726446 12
owner 16 731982 12
owner 16 726447 12
owner 16 731983 12
owner 16 726448 12
owner 16 731984 12
owner 16 726449 12
owner 16 731981 12
owner 16 726444 12
owner 16 693229 12
owner 16 693230 12
owner 16 693231 12
owner 16 693232 12
owner 16 148161 13
owner 16 142625 13
owner 16 153697 13
owner 16 148160 13
owner 16 148162 13
owner 16 142626 13
owner 16 153698 13
owner 16 148163 13
owner 16 142627 13
owner 16 153699 13
owner 16 148164 13
owner 16 142628 13
owner 16 153700 13
owner 16 137092 13
owner 16 137091 13
owner 16 131555 13
owner 16 137090 13
owner 16 131554 13
owner 16 137089 13
owner 16 131553 13
owner 16 137088 13
owner 16 131552 13
owner 16 142624 13
owner 16 137087 13
owner 16 131551 13
owner 16 142623 13
owner 16 137086 13
owner 16 131550 13
owner 16 142622 13
owner 16 137085 13
owner 16 142621 13
owner 16 148157 13
owner 16 153693 13
owner 16 148158 13
owner 16 153694 13
owner 16 148159 13
owner 16 153695 13
owner 16 159231 13
owner 16 153696 13
owner 16 159232 13
owner 16 164768 13
owner 16 159233 13
owner 16 164769 13
owner 16 159234 13
owner 16 164770 13
owner 16 159235 13
owner 16 164767 13
owner 16 159230 13
owner 16 126015 13
owner 16 126016 13
owner 16 126017 13
owner 16 126018 13
owner 16 976489 14
owner 16 970953 14
owner 16 982025 14
owner 16 976488 14
owner 16 976490 14
owner 16 970954 14
owner 16 982026 14
owner 16 976491 14
owner 16 970955 14
owner 16 982027 14
owner 16 976492 14
owner 16 970956 14
owner 16 982028 14
owner 16 965420 14
owner 16 965419 14
owner 16 959883 14
owner 16 965418 14
owner 16 959882 14
owner 16 965417 14
owner 16 959881 14
owner 16 965416 14
owner 16 959880 14
owner 16 970952 14
owner 16 965415 14
owner 16 959879 14
owner 16 970951 14
owner 16 965414 14
owner 16 959878 14
owner 16 970950 14
owner 16 965413 14
owner 16 970949 14
owner 16 976485 14
owner 16 982021 14
owner 16 976486 14
owner 16 982022 14
owner 16 976487 14
owner 16 982023 14
owner 16 987559 14
owner 16 982024 14
owner 16 987560 14
owner 16 993096 14
owner 16 987561 14
owner 16 993097 14
owner 16 987562 14
owner 16 993098 14
owner 16 987563 14
owner 16 993095 14
owner 16 987558 14
owner 16 954343 14
owner 16 954344 14
owner 16 954345 14
owner 16 954346 14
owner 16 346488 15
owner 16 340952 15
owner 16 352024 15
owner 16 346487 15
owner 16 346489 15
owner 16 340953 15
owner 16 352025 15
owner 16 346490 15
owner 16 340954 15
owner 16 352026 15
owner 16 346491 15
owner 16 340955 15
owner 16 352027 15
owner 16 335419 15
owner 16 335418 15
owner 16 329882 15
owner 16 335417 15
owner 16 329881 15
owner 16 335416 15
owner 16 329880 15
owner 16 335415 15
owner 16 329879 15
owner 16 340951 15
owner 16 335414 15
owner 16 329878 15
owner 16 340950 15
owner 16 335413 15
owner 16 329877 15
owner 16 340949 15
owner 16 335412 15
owner 16 340948 15
owner 16 346484 15
owner 16 352020 15
owner 16 346485 15
owner 16 352021 15
owner 16 346486 15
owner 16 352022 15
owner 16 357558 15
owner 16 352023 15
owner 16 357559 15
owner 16 363095 15
owner 16 357560 15
owner 16 363096 15
owner 16 357561 15
owner 16 363097 15
owner 16 357562 15
owner 16 363094 15
owner 16 357557 15
owner 16 324342 15
owner 16 324343 15
owner 16 324344 15
owner 16 324345 15
owner 16 194767 16
owner 16 189231 16
owner 16 200303 16
owner 16 194766 16
owner 16 194768 16
owner 16 189232 16
owner 16 200304 16
owner 16 194769 16
owner 16 189233 16
owner 16 200305 16
owner 16 194770 16
owner 16 189234 16
owner 16 200306 16
owner 16 183698 16
owner 16 183697 16
owner 16 178161 16
owner 16 183696 16
owner 16 178160 16
owner 16 183695 16
owner 16 178159 16
owner 16 183694 16
owner 16 178158 16
owner 16 189230 16
owner 16 183693 16
owner 16 178157 16
owner 16 189229 16
owner 16 183692 16
owner 16 178156 16
owner 16 189228 16
owner 16 183691 16
owner 16 189227 16
owner 16 194763 16
owner 16 200299 16
owner 16 194764 16
owner 16 200300 16
owner 16 194765 16
owner 16 200301 16
owner 16 205837 16
owner 16 200302 16
owner 16 205838 16
owner 16 211374 16
owner 16 205839 16
owner 16 211375 16
owner 16 205840 16
owner 16 211376 16
owner 16 205841 16
owner 16 211373 16
owner 16 205836 16
owner 16 172621 16
owner 16 172622 16
owner 16 172623 16
owner 16 172624 16
owner 16 893159 17
owner 16 887623 17
owner 16 898695 17
owner 16 893158 17
owner 16 893160 17
owner 16 887624 17
owner 16 898696 17
owner 16 893161 17
owner 16 887625 17
owner 16 898697 17
owner 16 893162 17
owner 16 887626 17
owner 16 898698 17
owner 16 882090 17
owner 16 882089 17
owner 16 876553 17
owner 16 882088 17
owner 16 876552 17
owner 16 882087 17
owner 16 876551 17
owner 16 882086 17
owner 16 876550 17
owner 16 887622 17
owner 16 882085 17
owner 16 876549 17
owner 16 887621 17
owner 16 882084 17
owner 16 876548 17
owner 16 887620 17
owner 16 882083 17
owner 16 887619 17
owner 16 893155 17
owner 16 898691 17
owner 16 893156 17
owner 16 898692 17
owner 16 893157 17
owner 16 898693 17
owner 16 904229 17
owner 16 898694 17
owner 16 904230 17
owner 16 909766 17
owner 16 904231 17
owner 16 909767 17
owner 16 904232 17
owner 16 909768 17
owner 16 904233 17
owner 16 909765 17
owner 16 904228 17
owner 16 871013 17
owner 16 871014 17
owner 16 871015 17
owner 16 871016 17
prev 16 161952
prev 16 1111816
prev 16 1212964
prev 16 456708
prev 16 45018
prev 16 545804
prev 16 1442744
prev 16 1368740
prev 16 962566
prev 16 480411
prev 16 715375
prev 16 148161
prev 16 976489
prev 16 346488
prev 16 194767
prev 16 893159
owned 16 1007627
owned 16 1007628
owned 16 1007629
owned 16 1007630
owned 16 1013162
owned 16 1013163
owned 16 1013164
owned 16 1013165
owned 16 1013166
owned 16 1013167
owned 16 1018697
owned 16 1018698
owned 16 1018699
owned 16 1018700
owned 16 1018701
owned 16 1018702
owned 16 1018703
owned 16 1018704
owned 16 1024233
owned 16 1024234
owned 16 1024235
owned 16 1024236
owned 16 1024237
owned 16 1024238
owned 16 1024239
owned 16 1024240
owned 16 1029769
owned 16 1029770
owned 16 1029771
owned 16 1029772
owned 16 1029773
owned 16 1029774
owned 16 1029775
owned 16 1029776
owned 16 1035305
owned 16 1035306
owned 16 1035307
owned 16 1035308
owned 16 1035309
owned 16 1035310
owned 16 1035311
owned 16 1035312
owned 16 1040842
owned 16 1040843
owned 16 1040844
owned 16 1040845
owned 16 1040846
owned 16 1040847
owned 16 1046379
owned 16 1046380
owned 16 1046381
owned 16 1046382
bot 17 19 fha1xhrw -2086814691 674825 4969 121 52
owner 17 161952 2
owner 17 156416 2
owner 17 167488 2
owner 17 161951 2
owner 17 161953 2
owner 17 156417 2
owner 17 167489 2
owner 17 161954 2
owner 17 156418 2
owner 17 167490 2
owner 17 161955 2
owner 17 156419 2
owner 17 167491 2
owner 17 150883 2
owner 17 150882 2
owner 17 145346 2
owner 17 150881 2
owner 17 145345 2
owner 17 150880 2
owner 17 145344 2
owner 17 150879 2
owner 17 145343 2
owner 17 156415 2
owner 17 150878 2
owner 17 145342 2
owner 17 156414 2
owner 17 150877 2
owner 17 145341 2
owner 17 156413 2
owner 17 150876 2
owner 17 156412 2
owner 17 161948 2
owner 17 167484 2
owner 17 161949 2
owner 17 167485 2
owner 17 161950 2
owner 17 167486 2
owner 17 173022 2
owner 17 167487 2
owner 17 173023 2
owner 17 178559 2
owner 17 173024 2
owner 17 178560 2
owner 17 173025 2
owner 17 178561 2
owner 17 173026 2
owner 17 178558 2
owner 17 173021 2
owner 17 139806 2
owner 17 139807 2
owner 17 139808 2
owner 17 139809 2
owner 17 1111816 3
owner 17 1106280 3
owner 17 1117352 3
owner 17 1111815 3
owner 17 1111817 3
owner 17 1106281 3
owner 17 1117353 3
owner 17 1111818 3
owner 17 1106282 3
owner 17 1117354 3
owner 17 1111819 3
owner 17 1106283 3
owner 17 1117355 3
owner 17 1100747 3
owner 17 1100746 3
owner 17 1095210 3
owner 17 1100745 3
owner 17 1095209 3
owner 17 1100744 3
owner 17 1095208 3
owner 17 1100743 3
owner 17 1095207 3
owner 17 1106279 3
owner 17 1100742 3
owner 17 1095206 3
owner 17 1106278 3
owner 17 1100741 3
owner 17 1095205 3
owner 17 1106277 3
owner 17 1100740 3
owner 17 1106276 3
owner 17 1111812 3
owner 17 1117348 3
owner 17 1111813 3
owner 17 1117349 3
owner 17 1111814 3
owner 17 1117350 3
owner 17 1122886 3
owner 17 1117351 3
owner 17 1122887 3
owner 17 1128423 3
owner 17 1122888 3
owner 17 1128424 3
owner 17 1122889 3
owner 17 1128425 3
owner 17 1122890 3
owner 17 1128422 3
owner 17 1122885 3
owner 17 1089670 3
owner 17 1089671 3
owner 17 1089672 3
owner 17 1089673 3
owner 17 1212964 4
owner 17 1207428 4
owner 17 1218500 4
owner 17 1212963 4
owner 17 1212965 4
owner 17 1207429 4
owner 17 1218501 4
owner 17 1212966 4
owner 17 1207430 4
owner 17 1218502 4
owner 17 1212967 4
owner 17 1207431 4
owner 17 1218503 4
owner 17 1201895 4
owner 17 1201894 4
owner 17 1196358 4
owner 17 1201893 4
owner 17 1196357 4
owner 17 1201892 4
owner 17 1196356 4
owner 17 1201891 4
owner 17 1196355 4
owner 17 1207427 4
owner 17 1201890 4
owner 17 1196354 4
owner 17 1207426 4
owner 17 1201889 4
owner 17 1196353 4
owner 17 1207425 4
owner 17 1201888 4
owner 17 1207424 4
owner 17 1212960 4
owner 17 1218496 4
owner 17 1212961 4
owner 17 1218497 4
owner 17 1212962 4
owner 17 1218498 4
owner 17 1224034 4
owner 17 1218499 4
owner 17 1224035 4
owner 17 1229571 4
owner 17 1224036 4
owner 17 1229572 4
owner 17 1224037 4
owner 17 1229573 4
owner 17 1224038 4
owner 17 1229570 4
owner 17 1224033 4
owner 17 1190818 4
owner 17 1190819 4
owner 17 1190820 4
owner 17 1190821 4
owner 17 456708 5
owner 17 451172 5
owner 17 462244 5
owner 17 456707 5
owner 17 456709 5
owner 17 451173 5
owner 17 462245 5
owner 17 456710 5
owner 17 451174 5
owner 17 462246 5
owner 17 456711 5
owner 17 451175 5
owner 17 462247 5
owner 17 445639 5
owner 17 445638 5
owner 17 440102 5
owner 17 445637 5
owner 17 440101 5
owner 17 445636 5
owner 17 440100 5
owner 17 445635 5
owner 17 440099 5
owner 17 451171 5
owner 17 445634 5
owner 17 440098 5
owner 17 451170 5
owner 17 445633 5
owner 17 440097 5
owner 17 451169 5
owner 17 445632 5
owner 17 451168 5
owner 17 456704 5
owner 17 462240 5
owner 17 456705 5
owner 17 462241 5
owner 17 456706 5
owner 17 462242 5
owner 17 467778 5
owner 17 462243 5
owner 17 467779 5
owner 17 473315 5
owner 17 467780 5
owner 17 473316 5
owner 17 467781 5
owner 17 473317 5
owner 17 467782 5
owner 17 473314 5
owner 17 467777 5
owner 17 434562 5
owner 17 434563 5
owner 17 434564 5
owner 17 434565 5
owner 17 45018 6
owner 17 39482 6
owner 17 50554 6
owner 17 45017 6
owner 17 45019 6
owner 17 39483 6
owner 17 50555 6
owner 17 45020 6
owner 17 39484 6
owner 17 50556 6
owner 17 45021 6
owner 17 39485 6
owner 17 50557 6
owner 17 33949 6
owner 17 33948 6
owner 17 28412 6
owner 17 33947 6
owner 17 28411 6
owner 17 33946 6
owner 17 28410 6
owner 17 33945 6
owner 17 28409 6
owner 17 39481 6
owner 17 33944 6
owner 17 28408 6
owner 17 39480 6
owner 17 33943 6
owner 17 28407 6
owner 17 39479 6
owner 17 33942 6
owner 17 39478 6
owner 17 45014 6
owner 17 50550 6
owner 17 45015 6
owner 17 50551 6
owner 17 45016 6
owner 17 50552 6
owner 17 56088 6
owner 17 50553 6
owner 17 56089 6
owner 17 61625 6
owner 17 56090 6
owner 17 61626 6
owner 17 56091 6
owner 17 61627 6
owner 17 56092 6
owner 17 61624 6
owner 17 56087 6
owner 17 22872 6
owner 17 22873 6
owner 17 22874 6
owner 17 22875 6
owner 17 545804 7
owner 17 540268 7
owner 17 551340 7
owner 17 545803 7
owner 17 545805 7
owner 17 540269 7
owner 17 551341 7
owner 17 545806 7
owner 17 540270 7
owner 17 551342 7
owner 17 545807 7
owner 17 540271 7
owner 17 551343 7
owner 17 534735 7
owner 17 534734 7
owner 17 529198 7
owner 17 534733 7
owner 17 529197 7
owner 17 534732 7
owner 17 529196 7
owner 17 534731 7
owner 17 529195 7
owner 17 540267 7
owner 17 534730 7
owner 17 529194 7
owner 17 540266 7
owner 17 534729 7
owner 17 529193 7
owner 17 540265 7
owner 17 534728 7
owner 17 540264 7
owner 17 545800 7
owner 17 551336 7
owner 17 545801 7
owner 17 551337 7
owner 17 545802 7
owner 17 551338 7
owner 17 556874 7
owner 17 551339 7
owner 17 556875 7
owner 17 562411 7
owner 17 556876 7
owner 17 562412 7
owner 17 556877 7
owner 17 562413 7
owner 17 556878 7
owner 17 562410 7
owner 17 556873 7
owner 17 523658 7
owner 17 523659 7
owner 17 523660 7
owner 17 523661 7
owner 17 1442744 8
owner 17 1437208 8
owner 17 1448280 8
owner 17 1442743 8
owner 17 1442745 8
owner 17 1437209 8
owner 17 1448281 8
owner 17 1442746 8
owner 17 1437210 8
owner 17 1448282 8
owner 17 1442747 8
owner 17 1437211 8
owner 17 1448283 8
owner 17 1431675 8
owner 17 1431674 8
owner 17 1426138 8
owner 17 1431673 8
owner 17 1426137 8
owner 17 1431672 8
owner 17 1426136 8
owner 17 1431671 8
owner 17 1426135 8
owner 17 1437207 8
owner 17 1431670 8
owner 17 1426134 8
owner 17 1437206 8
owner 17 1431669 8
owner 17 1426133 8
owner 17 1437205 8
owner 17 1431668 8
owner 17 1437204 8
owner 17 1442740 8
owner 17 1448276 8
owner 17 1442741 8
owner 17 1448277 8
owner 17 1442742 8
owner 17 1448278 8
owner 17 1453814 8
owner 17 1448279 8
owner 17 1453815 8
owner 17 1459351 8
owner 17 1453816 8
owner 17 1459352 8
owner 17 1453817 8
owner 17 1459353 8
owner 17 1453818 8
owner 17 1459350 8
owner 17 1453813 8
owner 17 1420598 8
owner 17 1420599 8
owner 17 1420600 8
owner 17 1420601 8
owner 17 1368740 9
owner 17 1363204 9
owner 17 1374276 9
owner 17 1368739 9
owner 17 1368741 9
owner 17 1363205 9
owner 17 1374277 9
owner 17 1368742 9
owner 17 1363206 9
owner 17 1374278 9
owner 17 1368743 9
owner 17 1363207 9
owner 17 1374279 9
owner 17 1357671 9
owner 17 1357670 9
owner 17 1352134 9
owner 17 1357669 9
owner 17 1352133 9
owner 17 1357668 9
owner 17 1352132 9
owner 17 1357667 9
owner 17 1352131 9
owner 17 1363203 9
owner 17 1357666 9
owner 17 1352130 9
owner 17 1363202 9
owner 17 1357665 9
owner 17 1352129 9
owner 17 1363201 9
owner 17 1357664 9
owner 17 1363200 9
owner 17 1368736 9
owner 17 1374272 9
owner 17 1368737 9
owner 17 1374273 9
owner 17 1368738 9
owner 17 1374274 9
owner 17 1379810 9
owner 17 1374275 9
owner 17 1379811 9
owner 17 1385347 9
owner 17 1379812 9
owner 17 1385348 9
owner 17 1379813 9
owner 17 1385349 9
owner 17 1379814 9
owner 17 1385346 9
owner 17 1379809 9
owner 17 1346594 9
owner 17 1346595 9
owner 17 1346596 9
owner 17 1346597 9
owner 17 962566 10
owner 17 957030 10
owner 17 968102 10
owner 17 962565 10
owner 17 962567 10
owner 17 957031 10
owner 17 968103 10
owner 17 962568 10
owner 17 957032 10
owner 17 968104 10
owner 17 962569 10
owner 17 957033 10
owner 17 968105 10
owner 17 951497 10
owner 17 951496 10
owner 17 945960 10
owner 17 951495 10
owner 17 945959 10
owner 17 951494 10
owner 17 945958 10
owner 17 951493 10
owner 17 945957 10
owner 17 957029 10
owner 17 951492 10
owner 17 945956 10
owner 17 957028 10
owner 17 951491 10
owner 17 945955 10
owner 17 957027 10
owner 17 951490 10
owner 17 957026 10
owner 17 962562 10
owner 17 968098 10
owner 17 962563 10
owner 17 968099 10
owner 17 962564 10
owner 17 968100 10
owner 17 973636 10
owner 17 968101 10
owner 17 973637 10
owner 17 979173 10
owner 17 973638 10
owner 17 979174 10
owner 17 973639 10
owner 17 979175 10
owner 17 973640 10
owner 17 979172 10
owner 17 973635 10
owner 17 940420 10
owner 17 940421 10
owner 17 940422 10
owner 17 940423 10
owner 17 480411 11
owner 17 474875 11
owner 17 485947 11
owner 17 480410 11
owner 17 480412 11
owner 17 474876 11
owner 17 485948 11
owner 17 480413 11
owner 17 474877 11
owner 17 485949 11
owner 17 480414 11
owner 17 474878 11
owner 17 485950 11
owner 17 469342 11
owner 17 469341 11
owner 17 463805 11
owner 17 469340 11
owner 17 463804 11
owner 17 469339 11
owner 17 463803 11
owner 17 469338 11
owner 17 463802 11
owner 17 474874 11
owner 17 469337 11
owner 17 463801 11
owner 17 474873 11
owner 17 469336 11
owner 17 463800 11
owner 17 474872 11
owner 17 469335 11
owner 17 474871 11
owner 17 480407 11
owner 17 485943 11
owner 17 480408 11
owner 17 485944 11
owner 17 480409 11
owner 17 485945 11
owner 17 491481 11
owner 17 485946 11
owner 17 491482 11
owner 17 497018 11
owner 17 491483 11
owner 17 497019 11
owner 17 491484 11
owner 17 497020 11
owner 17 491485 11
owner 17 497017 11
owner 17 491480 11
owner 17 458265 11
owner 17 458266 11
owner 17 458267 11
owner 17 458268 11
owner 17 715375 12
owner 17 709839 12
owner 17 720911 12
owner 17 715374 12
owner 17 715376 12
owner 17 709840 12
owner 17 720912 12
owner 17 715377 12
owner 17 709841 12
owner 17 720913 12
owner 17 715378 12
owner 17 709842 12
owner 17 720914 12
owner 17 704306 12
owner 17 704305 12
owner 17 698769 12
owner 17 704304 12
owner 17 698768 12
owner 17 704303 12
owner 17 698767 12
owner 17 704302 12
owner 17 698766 12
owner 17 709838 12
owner 17 704301 12
owner 17 698765 12
owner 17 709837 12
owner 17 704300 12
owner 17 698764 12
owner 17 709836 12
owner 17 704299 12
owner 17 709835 12
owner 17 715371 12
owner 17 720907 12
owner 17 715372 12
owner 17 720908 12
owner 17 715373 12
owner 17 720909 12
owner 17 726445 12
owner 17 720910 12
owner 17 726446 12
owner 17 731982 12
owner 17 726447 12
owner 17 731983 12
owner 17 726448 12
owner 17 731984 12
owner 17 726449 12
owner 17 731981 12
owner 17 726444 12
owner 17 693229 12
owner 17 693230 12
owner 17 693231 12
owner 17 693232 12
owner 17 148161 13
owner 17 142625 13
owner 17 153697 13
owner 17 148160 13
owner 17 148162 13
owner 17 142626 13
owner 17 153698 13
owner 17 148163 13
owner 17 142627 13
owner 17 153699 13
owner 17 148164 13
owner 17 142628 13
owner 17 153700 13
owner 17 137092 13
owner 17 137091 13
owner 17 131555 13
owner 17 137090 13
owner 17 131554 13
owner 17 137089 13
owner 17 131553 13
owner 17 137088 13
owner 17 131552 13
owner 17 142624 13
owner 17 137087 13
owner 17 131551 13
owner 17 142623 13
owner 17 137086 13
owner 17 131550 13
owner 17 142622 13
owner 17 137085 13
owner 17 142621 13
owner 17 148157 13
owner 17 153693 13
owner 17 148158 13
owner 17 153694 13
owner 17 148159 13
owner 17 153695 13
owner 17 159231 13
owner 17 153696 13
owner 17 159232 13
owner 17 164768 13
owner 17 159233 13
owner 17 164769 13
owner 17 159234 13
owner 17 164770 13
owner 17 159235 13
owner 17 164767 13
owner 17 159230 13
owner 17 126015 13
owner 17 126016 13
owner 17 126017 13
owner 17 126018 13
owner 17 976489 14
owner 17 970953 14
owner 17 982025 14
owner 17 976488 14
owner 17 976490 14
owner 17 970954 14
owner 17 982026 14
owner 17 976491 14
owner 17 970955 14
owner 17 982027 14
owner 17 976492 14
owner 17 970956 14
owner 17 982028 14
owner 17 965420 14
owner 17 965419 14
owner 17 959883 14
owner 17 965418 14
owner 17 959882 14
owner 17 965417 14
owner 17 959881 14
owner 17 965416 14
owner 17 959880 14
owner 17 970952 14
owner 17 965415 14
owner 17 959879 14
owner 17 970951 14
owner 17 965414 14
owner 17 959878 14
owner 17 970950 14
owner 17 965413 14
owner 17 970949 14
owner 17 976485 14
owner 17 982021 14
owner 17 976486 14
owner 17 982022 14
owner 17 976487 14
owner 17 982023 14
owner 17 987559 14
owner 17 982024 14
owner 17 987560 14
owner 17 993096 14
owner 17 987561 14
owner 17 993097 14
owner 17 987562 14
owner 17 993098 14
owner 17 987563 14
owner 17 993095 14
owner 17 987558 14
owner 17 954343 14
owner 17 954344 14
owner 17 954345 14
owner 17 954346 14
owner 17 346488 15
owner 17 340952 15
owner 17 352024 15
owner 17 346487 15
owner 17 346489 15
owner 17 340953 15
owner 17 352025 15
owner 17 346490 15
owner 17 340954 15
owner 17 352026 15
owner 17 346491 15
owner 17 340955 15
owner 17 352027 15
owner 17 335419 15
owner 17 335418 15
owner 17 329882 15
owner 17 335417 15
owner 17 329881 15
owner 17 335416 15
owner 17 329880 15
owner 17 335415 15
owner 17 329879 15
owner 17 340951 15
owner 17 335414 15
owner 17 329878 15
owner 17 340950 15
owner 17 335413 15
owner 17 329877 15
owner 17 340949 15
owner 17 335412 15
owner 17 340948 15
owner 17 346484 15
owner 17 352020 15
owner 17 346485 15
owner 17 352021 15
owner 17 346486 15
owner 17 352022 15
owner 17 357558 15
owner 17 352023 15
owner 17 357559 15
owner 17 363095 15
owner 17 357560 15
owner 17 363096 15
owner 17 357561 15
owner 17 363097 15
owner 17 357562 15
owner 17 363094 15
owner 17 357557 15
owner 17 324342 15
owner 17 324343 15
owner 17 324344 15
owner 17 324345 15
owner 17 194767 16
owner 17 189231 16
owner 17 200303 16
owner 17 194766 16
owner 17 194768 16
owner 17 189232 16
owner 17 200304 16
owner 17 194769 16
owner 17 189233 16
owner 17 200305 16
owner 17 194770 16
owner 17 189234 16
owner 17 200306 16
owner 17 183698 16
owner 17 183697 16
owner 17 178161 16
owner 17 183696 16
owner 17 178160 16
owner 17 183695 16
owner 17 178159 16
owner 17 183694 16
owner 17 178158 16
owner 17 189230 16
owner 17 183693 16
owner 17 178157 16
owner 17 189229 16
owner 17 183692 16
owner 17 178156 16
owner 17 189228 16
owner 17 183691 16
owner 17 189227 16
owner 17 194763 16
owner 17 200299 16
owner 17 194764 16
owner 17 200300 16
owner 17 194765 16
owner 17 200301 16
owner 17 205837 16
owner 17 200302 16
owner 17 205838 16
owner 17 211374 16
owner 17 205839 16
owner 17 211375 16
owner 17 205840 16
owner 17 211376 16
owner 17 205841 16
owner 17 211373 16
owner 17 205836 16
owner 17 172621 16
owner 17 172622 16
owner 17 172623 16
owner 17 172624 16
owner 17 893159 17
owner 17 887623 17
owner 17 898695 17
owner 17 893158 17
owner 17 893160 17
owner 17 887624 17
owner 17 898696 17
owner 17 893161 17
owner 17 887625 17
owner 17 898697 17
owner 17 893162 17
owner 17 887626 17
owner 17 898698 17
owner 17 882090 17
owner 17 882089 17
owner 17 876553 17
owner 17 882088 17
owner 17 876552 17
owner 17 882087 17
owner 17 876551 17
owner 17 882086 17
owner 17 876550 17
owner 17 887622 17
owner 17 882085 17
owner 17 876549 17
owner 17 887621 17
owner 17 882084 17
owner 17 876548 17
owner 17 887620 17
owner 17 882083 17
owner 17 887619 17
owner 17 893155 17
owner 17 898691 17
owner 17 893156 17
owner 17 898692 17
owner 17 893157 17
owner 17 898693 17
owner 17 904229 17
owner 17 898694 17
owner 17 904230 17
owner 17 909766 17
owner 17 904231 17
owner 17 909767 17
owner 17 904232 17
owner 17 909768 17
owner 17 904233 17
owner 17 909765 17
owner 17 904228 17
owner 17 871013 17
owner 17 871014 17
owner 17 871015 17
owner 17 871016 17
owner 17 1029773 18
owner 17 1024237 18
owner 17 1035309 18
owner 17 1029772 18
owner 17 1029774 18
owner 17 1024238 18
owner 17 1035310 18
owner 17 1029775 18
owner 17 1024239 18
owner 17 1035311 18
owner 17 1029776 18
owner 17 1024240 18
owner 17 1035312 18
owner 17 1018704 18
owner 17 1018703 18
owner 17 1013167 18
owner 17 1018702 18
owner 17 1013166 18
owner 17 1018701 18
owner 17 1013165 18
owner 17 1018700 18
owner 17 1013164 18
owner 17 1024236 18
owner 17 1018699 18
owner 17 1013163 18
owner 17 1024235 18
owner 17 1018698 18
owner 17 1013162 18
owner 17 1024234 18
owner 17 1018697 18
owner 17 1024233 18
owner 17 1029769 18
owner 17 1035305 18
owner 17 1029770 18
owner 17 1035306 18
owner 17 1029771 18
owner 17 1035307 18
owner 17 1040843 18
owner 17 1035308 18
owner 17 1040844 18
owner 17 1046380 18
owner 17 1040845 18
owner 17 1046381 18
owner 17 1040846 18
owner 17 1046382 18
owner 17 1040847 18
owner 17 1046379 18
owner 17 1040842 18
owner 17 1007627 18
owner 17 1007628 18
owner 17 1007629 18
owner 17 1007630 18
prev 17 161952
prev 17 1111816
prev 17 1212964
prev 17 456708
prev 17 45018
prev 17 545804
prev 17 1442744
prev 17 1368740
prev 17 962566
prev 17 480411
prev 17 715375
prev 17 148161
prev 17 976489
prev 17 346488
prev 17 194767
prev 17 893159
prev 17 1029773
owned 17 652679
owned 17 652680
owned 17 652681
owned 17 652682
owned 17 658214
owned 17 658215
owned 17 658216
owned 17 658217
owned 17 658218
owned 17 658219
owned 17 663749
owned 17 663750
owned 17 663751
owned 17 663752
owned 17 663753
owned 17 663754
owned 17 663755
owned 17 663756
owned 17 669285
owned 17 669286
owned 17 669287
owned 17 669288
owned 17 669289
owned 17 669290
owned 17 669291
owned 17 669292
owned 17 674821
owned 17 674822
owned 17 674823
owned 17 674824
owned 17 674825
owned 17 674826
owned 17 674827
owned 17 674828
owned 17 680357
owned 17 680358
owned 17 680359
owned 17 680360
owned 17 680361
owned 17 680362
owned 17 680363
owned 17 680364
owned 17 685894
owned 17 685895
owned 17 685896
owned 17 685897
owned 17 685898
owned 17 685899
owned 17 691431
owned 17 691432
owned 17 691433
owned 17 691434
