# ofcuda_prng initial-state v1 (port spawn/initial state; engine-bit-exact)
# source reference /opt/data/workspaces/skg/ofcuda_matrix/out/matrix/refs/amazonriver_a488_nat0.spawn.txt
map amazonriver
seed parity
game_id QqkIuyke
game_hash 223241348
agents 488
nations 0
human_agents 1
width 5536
height 276
min_dist 30
player 1 H nd8079oo -1 0 0
player 2 B 7kmb47oc 161952 1 52
player 3 B su965kfe 1111816 1 52
player 4 B 4918e5rs 1212964 1 52
player 5 B 0grah7qg 456708 1 52
player 6 B 79lbhuod 45018 1 52
player 7 B 0eay8wsu 545804 1 52
player 8 B l4g4juu8 1442744 1 52
player 9 B gsw4n5km 1368740 1 52
player 10 B ooz4f963 962566 1 52
player 11 B g49bog52 480411 1 52
player 12 B vl3arc4y 715375 1 52
player 13 B 26spmsu2 148161 1 52
player 14 B 666fmd2f 976489 1 52
player 15 B vybu8oes 346488 1 52
player 16 B tlx2iciq 194767 1 52
player 17 B 8i7cuo9t 893159 1 52
player 18 B ay8xa67r 1029773 1 52
player 19 B fha1xhrw 674825 1 52
player 20 B 0n5m7v7w 629488 1 52
player 21 B g1kcotxi 175611 1 52
player 22 B onu80sk7 583681 1 52
player 23 B mt378h9n 1374793 1 52
player 24 B bo2xv2tw 602321 1 52
player 25 B 4j0jwl8e 363309 1 52
player 26 B 2q1yboxl 1525239 1 34
player 27 B uf1afynu 913023 1 52
player 28 B hnp5jsyu 130817 1 52
player 29 B 3ks2xdvj 1499201 1 52
player 30 B 6udu18l9 275875 1 52
player 31 B u9qkgxb0 97728 1 52
player 32 B gxzvzcy1 806697 1 52
player 33 B soumc8lx 1479210 1 52
player 34 B pbtdxhy8 507129 1 52
player 35 B 7qca320q 254342 1 52
player 36 B qu4dw13r 1124518 1 52
player 37 B uf42rmom 310936 1 52
player 38 B 5pzo5nyp 1161567 1 52
player 39 B lpeu6a40 89244 1 52
player 40 B m01qyq41 139431 1 52
player 41 B qp5j7mcl 1126783 1 52
player 42 B daoks386 899401 1 52
player 43 B 1adrc0if 111628 1 52
player 44 B z2sjy7tl 288395 1 52
player 45 B 2a2pcqq2 409460 1 52
player 46 B 965x3zic 344813 1 52
player 47 B yytwuuvv 525870 1 52
player 48 B 0bq4zvkx 126938 1 52
player 49 B fqo7elia 694248 1 52
player 50 B xb2eodru 1234524 1 52
player 51 B dn2a1fmz 543805 1 52
player 52 B c657fqi1 689522 1 52
player 53 B 3oa0wbik 1488696 1 52
player 54 B bbor86ta 835916 1 52
player 55 B ke481hq3 130556 1 52
player 56 B 1p7me35b 681169 1 52
player 57 B ros1fefm 173625 1 52
player 58 B bbj4439d 69026 1 52
player 59 B 50euwmgf 328468 1 52
player 60 B 6ifrrqwg 910308 1 52
player 61 B t3qojvzx 186060 1 52
player 62 B e39s2b1x 563515 1 52
player 63 B 8elalp3o 1476989 1 52
player 64 B drzdgt29 1271942 1 52
player 65 B a5l13l40 1474420 1 52
player 66 B 15jsgukl 622190 1 52
player 67 B 457rtifd 791693 1 52
player 68 B nvln8mx2 168662 1 52
player 69 B xdf4q9ey 76504 1 52
player 70 B aehphxxq 1299885 1 52
player 71 B r69884b7 1411620 1 52
player 72 B 1fi956n2 1172256 1 52
player 73 B x0s75hnx 158796 1 52
player 74 B jjcxe8w7 107832 1 52
player 75 B pa9du0an 353360 1 52
player 76 B wr1iodtv 1412021 1 52
player 77 B q4t061qn 327610 1 52
player 78 B 5walu3qw 1058718 1 52
player 79 B 9qsdvg22 163617 1 52
player 80 B kxhibxlj 1207600 1 52
player 81 B 3lvh3hh1 1348246 1 52
player 82 B hhxd8zhc 661944 1 52
player 83 B 68hvehkn 221989 1 52
player 84 B 0ysk38le 331118 1 52
player 85 B p9mtmjen 238771 1 52
player 86 B vtv2qiiq 171346 1 52
player 87 B npcd7vse 463369 1 52
player 88 B fyrg30wr 881595 1 52
player 89 B qg4cg39i 494591 1 52
player 90 B kqu8z0ef 1032329 1 52
player 91 B bdv4tpd7 608763 1 52
player 92 B ok13k4z3 5958 1 34
player 93 B hkwcx197 430828 1 52
player 94 B ko4t02h4 694761 1 52
player 95 B a769y4e5 464519 1 52
player 96 B po0wxlw1 552208 1 52
player 97 B o8264l3e 194355 1 52
player 98 B 9rke6fm3 1169236 1 52
player 99 B gyjc9x52 1316901 1 52
player 100 B x793lc6c 1194727 1 52
player 101 B 93k3li8n 1215442 1 52
player 102 B a1hte6qb 1080802 1 52
player 103 B jklgnd18 1504340 1 52
player 104 B vfadfhgj 771960 1 52
player 105 B cwni1kcb 11042 1 34
player 106 B 8z4z0zds 986512 1 52
player 107 B cdzck1ki 6364 1 34
player 108 B zbaa3l3a 154999 1 52
player 109 B xm369xbs 777884 1 52
player 110 B e4dqhzo1 420496 1 52
player 111 B fepimk2i 92878 1 52
player 112 B o2es7ebc 1143029 1 52
player 113 B l4opv4e9 536723 1 52
player 114 B 4b3f45hy 378215 1 52
player 115 B r3pvfglh 204119 1 52
player 116 B fnl5ocw8 1447263 1 52
player 117 B 7391zjkf 1403491 1 52
player 118 B ow5basj8 1481652 1 52
player 119 B olinuy4r 1059925 1 52
player 120 B 2e2jcypv 529056 1 52
player 121 B nx0it9ss 771524 1 52
player 122 B tt57j91k 374053 1 52
player 123 B 87aoci2n 106734 1 52
player 124 B wk147shp 1035911 1 52
player 125 B q8jb2dnz 1017029 1 52
player 126 B 4yzxt2gp 184467 1 52
player 127 B 755xej7w 1495089 1 52
player 128 B hjhprwfn 70526 1 52
player 129 B n66i0csf 1091993 1 52
player 130 B am3stnxi 1196097 1 52
player 131 B pmeqlcvs 1264852 1 52
player 132 B xl8vnvj2 1309345 1 52
player 133 B 0f3l9cg5 95819 1 52
player 134 B siocmotr 1478095 1 52
player 135 B uf75fjkr 675141 1 52
player 136 B 3nuksgyo 460227 1 52
player 137 B isfwwr01 1411769 1 52
player 138 B auuv9uim 1492297 1 52
player 139 B mdro7fya 673806 1 52
player 140 B 8qfmz7a7 1346132 1 52
player 141 B m8j6zoax 343672 1 52
player 142 B 7236xcde 535628 1 52
player 143 B n4vtdnwp 135160 1 52
player 144 B yggevgbl 86458 1 52
player 145 B beijdl2w 1322381 1 52
player 146 B d2oo7mhj 854369 1 52
player 147 B wrheiirw 1455434 1 52
player 148 B d03y3hz5 1169473 1 52
player 149 B 5xaek3av 46535 1 52
player 150 B gz34o9hq 216581 1 52
player 151 B 37xw489f 156300 1 52
player 152 B k3srrvn9 1230463 1 52
player 153 B 5isbkj04 1452842 1 52
player 154 B r73y2vzl 927672 1 52
player 155 B 36x3kyhk 67530 1 52
player 156 B 01ob2tlo 68284 1 52
player 157 B cb13fbp5 1378376 1 52
player 158 B vmmrq63s 898625 1 52
player 159 B nkjckjq8 1407220 1 52
player 160 B wcggivof 1043704 1 52
player 161 B 1w1ciciy 54179 1 52
player 162 B 2a0v7iem 1384571 1 52
player 163 B jcz64pkr 361580 1 52
player 164 B v0ljq6tk 263613 1 52
player 165 B adg8798c 802838 1 52
player 166 B 5ghp3e6u 1425234 1 52
player 167 B h5bdt6q4 654590 1 52
player 168 B 5oce5zsz 186888 1 52
player 169 B xka3bnm9 1490194 1 52
player 170 B 3w1tydq6 564788 1 52
player 171 B upd1qyae 80461 1 52
player 172 B v4u31rox 10629 1 34
player 173 B q9vm95if 943878 1 52
player 174 B 0yu8n2tu 1060894 1 52
player 175 B sc2ctn85 21971 1 48
player 176 B z0gmspsi 144554 1 52
player 177 B z7avk2un 1332993 1 52
player 178 B 8efmeybn 882436 1 52
player 179 B bifxmou2 447745 1 52
player 180 B plh6en5t 876600 1 52
player 181 B ay3m2wg5 1353742 1 52
player 182 B 1zmogxmk 343515 1 52
player 183 B 55yraoi7 1182580 1 52
player 184 B 1sc05h43 1271014 1 52
player 185 B 37ibwik8 1190288 1 52
player 186 B uec16uxz 24639 1 52
player 187 B 9fd5ewrs 1272136 1 52
player 188 B pe2p79c6 608971 1 52
player 189 B h1r85byk 150274 1 52
player 190 B exulggll 79476 1 52
player 191 B zouqcp7v 390094 1 52
player 192 B k39sgybe 1249669 1 52
player 193 B orxhfzvz 478218 1 52
player 194 B uz8ynaez 337625 1 52
player 195 B ubigewsr 345728 1 52
player 196 B w0ozvjdh 7013 1 34
player 197 B f7yj98q8 183101 1 52
player 198 B 2xzw4gp3 335529 1 52
player 199 B 9rkdgj28 550435 1 52
player 200 B aw987uy7 368693 1 52
player 201 B gr243zlh 165304 1 52
player 202 B zowu9kf4 76451 1 52
player 203 B 2dtf8q4x 684988 1 52
player 204 B y9oft8w2 256748 1 52
player 205 B ed7kjxq3 1326951 1 52
player 206 B nxt1ptsi 32372 1 52
player 207 B p825v2fd 122037 1 52
player 208 B wyarb4qo 1346044 1 52
player 209 B qfs7b4z4 952665 1 52
player 210 B ms13gmzm 1065169 1 52
player 211 B ym8zggo3 1229933 1 52
player 212 B 8jahbnpg 33536 1 52
player 213 B b0djjiez 1083862 1 52
player 214 B s9xysw8i 99822 1 52
player 215 B t3s2qgvc 1129809 1 52
player 216 B aquue8ni 1219178 1 52
player 217 B u3k8ktyr 871803 1 52
player 218 B i7egn3zz 500704 1 52
player 219 B o3vgfhge 1504612 1 52
player 220 B m4aem5hx 1490463 1 52
player 221 B p6i95qgo 325747 1 52
player 222 B gvho8qeo 537201 1 52
player 223 B 9iatvpoi 974373 1 52
player 224 B zd9jsqbj 511120 1 52
player 225 B zw1dwnig 482513 1 52
player 226 B be5xt98q 9995 1 34
player 227 B 522b0ju8 939617 1 52
player 228 B ibxwtyy7 485634 1 52
player 229 B zjhashkb 140448 1 52
player 230 B 89ttdia6 1295630 1 52
player 231 B 6o2o0nvl 666991 1 52
player 232 B xldl70se 177190 1 52
player 233 B qrwgzvzz 1137535 1 52
player 234 B h711p697 430625 1 52
player 235 B g4ulqqm0 340082 1 52
player 236 B v18jrx10 620324 1 52
player 237 B 8sd3i7p8 359363 1 52
player 238 B l5o27mtm 671974 1 52
player 239 B b6f6r0t2 222380 1 52
player 240 B 7j5a3pfw 982066 1 52
player 241 B m5sg1z4l 693405 1 52
player 242 B ehpglvfz 1524870 1 34
player 243 B wu3zthbo 594176 1 52
player 244 B yeh875u5 1141630 1 52
player 245 B 8nuwzyn1 235711 1 52
player 246 B t0zwn9eb 1468686 1 52
player 247 B 8zjwwdck 463758 1 52
player 248 B jwrhd5ij 115513 1 52
player 249 B jyb8rp14 445136 1 52
player 250 B wl7sxu3v 304455 1 52
player 251 B y0r0fu1j 1462423 1 52
player 252 B kneohbbr 31151 1 52
player 253 B qc8m814x 540196 1 52
player 254 B ix3jngmf 420881 1 52
player 255 B 9mzpcgft 409885 1 52
player 256 B l5z5w588 337437 1 52
player 257 B pt0jqntf 161302 1 52
player 258 B 2e8alk85 1029805 1 52
player 259 B hwe3kfal 1372780 1 52
player 260 B 47li627l 1398651 1 52
player 261 B 3asdumaj 718029 1 52
player 262 B l75txeu7 480584 1 52
player 263 B tbcz7mf1 301580 1 52
player 264 B o1ilw638 1010401 1 52
player 265 B la4ytzgl 767080 1 52
player 266 B in2bq49j 941265 1 52
player 267 B 5irnw7ij 522348 1 52
player 268 B noxeflvy 822062 1 52
player 269 B 8gn7568f 577751 1 52
player 270 B 5c1omdu5 97237 1 52
player 271 B yc2b3pvx 339898 1 52
player 272 B lml55dcl 403802 1 52
player 273 B 1o5etbis 874524 1 52
player 274 B bulnhjw5 162015 1 52
player 275 B c6y4cfry 1337953 1 52
player 276 B kbpw8sak 486246 1 52
player 277 B 65e8qmsr 193653 1 52
player 278 B furhe0mp 181750 1 52
player 279 B 92npvjrt 720591 1 52
player 280 B c56xdfdl 1499299 1 52
player 281 B jul4zb4e 196913 1 52
player 282 B mpuzdlvw 762437 1 52
player 283 B plrlx715 1211147 1 52
player 284 B yl9vsjpk 601973 1 52
player 285 B mkfgkn7r 541405 1 52
player 286 B v5nlafkw 1040677 1 52
player 287 B 2p3gb961 828587 1 52
player 288 B uc4jshlt 82823 1 52
player 289 B 6xdips73 12991 1 42
player 290 B fqxqj0bu 734582 1 52
player 291 B yen0iwte 1509601 1 52
player 292 B 77ucsgzt 1073947 1 52
player 293 B 4c1d18ro 1485168 1 52
player 294 B bz5je7hx 1374529 1 52
player 295 B fn7ax8sx 1286063 1 52
player 296 B owdtos2u 747381 1 52
player 297 B f33f3rln 1453415 1 52
player 298 B shy7v4eo 1373332 1 52
player 299 B qi05x4jp 1237322 1 52
player 300 B rtwhvg9g 885046 1 52
player 301 B xebmdu02 959058 1 52
player 302 B minv0qzi 337314 1 52
player 303 B s3tsi6x9 1010241 1 52
player 304 B k4ol3ovv 220265 1 52
player 305 B my4alddo 54790 1 52
player 306 B j2kjyzt1 1289052 1 52
player 307 B x5ff4utp 1410989 1 52
player 308 B lokk2xdf 1513136 1 48
player 309 B sylg30cf 662095 1 52
player 310 B sahbcu7b 727922 1 52
player 311 B zuvsbbzm 877555 1 52
player 312 B n4n57mjy 172121 1 52
player 313 B 8s3w15kq 921237 1 52
player 314 B a6z0gp5d 1108321 1 52
player 315 B momzwuew 450279 1 52
player 316 B swknlr19 560847 1 52
player 317 B 68tli42a 1227178 1 52
player 318 B 43wn7pvq 1307697 1 52
player 319 B ssod81st 273544 1 52
player 320 B 9fudx3o3 1132109 1 52
player 321 B cm4ig7bz 221029 1 52
player 322 B ajwm3pcu 98180 1 52
player 323 B wcn2fdks 522556 1 52
player 324 B 0a4r00hz 190446 1 52
player 325 B 548y287t 89782 1 52
player 326 B rkqmpoqo 2148 1 26
player 327 B nrv83khf 721482 1 52
player 328 B 00wyr0st 201771 1 52
player 329 B dhvz0u2j 283175 1 52
player 330 B 87uy1srx 1235422 1 52
player 331 B 26wgkglj 298507 1 52
player 332 B s4otxlhb 105109 1 52
player 333 B 65ikynwk 239677 1 52
player 334 B goxpy54y 1453919 1 52
player 335 B etvrjl78 939881 1 52
player 336 B y58lji80 32250 1 52
player 337 B 13dy28ag 553302 1 52
player 338 B 0dg1h5h5 515473 1 52
player 339 B e9ncqhcw 1006796 1 52
player 340 B uhxjrdbv 1308928 1 52
player 341 B gv359a4k 104665 1 52
player 342 B p4ehczm2 354645 1 52
player 343 B p2xbynef 52038 1 52
player 344 B co561w2j 419148 1 52
player 345 B wz0zkd1s 835586 1 52
player 346 B m7jnfagf 33365 1 52
player 347 B rq439wc6 1257044 1 52
player 348 B lkklizjr 1011193 1 52
player 349 B 2uyam605 749507 1 52
player 350 B er3wo1bg 1289253 1 52
player 351 B ezt35u0l 1224532 1 52
player 352 B 593d2qcb 1019256 1 52
player 353 B y51cphtm 1296286 1 52
player 354 B g94go6fd 1198904 1 52
player 355 B 9ksqwgqt 739471 1 52
player 356 B ykirk4lg 554072 1 52
player 357 B jurxvo26 395464 1 52
player 358 B to8bcohn 884773 1 52
player 359 B ensatih4 870551 1 52
player 360 B nbbu08hb 1290013 1 52
player 361 B rxlhv8ic 484792 1 52
player 362 B aiowrq52 1293332 1 52
player 363 B bo94our7 480214 1 52
player 364 B jxqkb7y6 762522 1 52
player 365 B ikezntfk 298990 1 52
player 366 B j4e63dwu 784080 1 52
player 367 B t0b9mavx 1169149 1 52
player 368 B bu0hz5bz 238067 1 52
player 369 B 368l6a1p 483957 1 52
player 370 B 6cr9h8xa 1162755 1 52
player 371 B 8y4zfq0g 919534 1 52
player 372 B tz0sezi7 639121 1 52
player 373 B dazr70tn 292840 1 52
player 374 B tx1pjsyg 229038 1 52
player 375 B ndjtlp8r 633976 1 52
player 376 B bsklet6g 709787 1 52
player 377 B hsozrzu4 382011 1 52
player 378 B otmybkm3 1073010 1 52
player 379 B yfm1nyqy 1303549 1 52
player 380 B kr6ytu3l 1338064 1 52
player 381 B 3pagyfng 1508714 1 52
player 382 B w1mobjvk 764136 1 52
player 383 B xm7i5x3m 666275 1 52
player 384 B 8u02tf2g 281213 1 52
player 385 B lp6sri88 67432 1 52
player 386 B sb1tap3p 902583 1 52
player 387 B mv01333k 1498396 1 52
player 388 B g9mp2ife 270651 1 52
player 389 B jtq0seut 429666 1 52
player 390 B 525mh9ql 1437119 1 52
player 391 B fvbpmsvz 981876 1 52
player 392 B xwn3ivem 156739 1 52
player 393 B fqbyj4jd 1163206 1 52
player 394 B xfiw8ywg 284324 1 52
player 395 B iw3dqxmq 1294026 1 52
player 396 B yc0ao6et 82444 1 52
player 397 B ixj6ihi7 1502129 1 52
player 398 B 9l5wwvr3 942312 1 52
player 399 B 2w6i33lv 902463 1 52
player 400 B sba949vb 1484102 1 52
player 401 B ijcmefns 145002 1 52
player 402 B isnsszoo 1468095 1 52
player 403 B 9z76va23 206370 1 52
player 404 B h1wbhdhm 1245443 1 52
player 405 B tewvulrm 1238010 1 52
player 406 B wp3bxzsu 25673 1 52
player 407 B d0g6avrv 4049 1 26
player 408 B hsyivnsn 557583 1 52
player 409 B ox9ept1k 1349784 1 52
player 410 B ny87grni 1413086 1 52
player 411 B k2th9538 1196395 1 52
player 412 B ysltjm94 335330 1 52
player 413 B u5klj2eh 1183909 1 52
player 414 B k7ka2ci1 434619 1 52
player 415 B qtul4azs 13642 1 42
player 416 B ll69i57o 1172096 1 52
player 417 B 9vuokjnw 209391 1 52
player 418 B ggb3bab1 371450 1 52
player 419 B drdo3t90 466549 1 52
player 420 B xieaxa2f 439368 1 52
player 421 B kqp7ewus 1251621 1 52
player 422 B 3kitma91 1123629 1 52
player 423 B m7y3u0aw 666517 1 52
player 424 B epuw8vpi 519848 1 52
player 425 B nzx54fm6 1433982 1 52
player 426 B fsk2kd7w 177456 1 52
player 427 B p8jddnkm 867676 1 52
player 428 B wvgzie3u 794274 1 52
player 429 B mwh2z96c 1319569 1 52
player 430 B l4ku27pt 824485 1 52
player 431 B jpvsmxxx 859307 1 52
player 432 B s4xo3abv 637894 1 52
player 433 B zte7u069 315199 1 52
player 434 B azlpbpke 404222 1 52
player 435 B 0pmbiw8o 1508512 1 52
player 436 B rygf4mvr 1109553 1 52
player 437 B mg9pgnw7 636616 1 52
player 438 B 8olnebf1 268777 1 52
player 439 B rzlsw9x1 346261 1 52
player 440 B o0jhfyxc 1368533 1 52
player 441 B vki91ouc 1304112 1 52
player 442 B 0onssx3n 45706 1 52
player 443 B ymrho9y4 1393968 1 52
player 444 B 4jjh2h8g 7349 1 34
player 445 B af8k17d8 557464 1 52
player 446 B qt2a41r9 218230 1 52
player 447 B dmqr8rk9 275719 1 52
player 448 B gdvex2np 706027 1 52
player 449 B z6dhj6lz 589050 1 52
player 450 B ztlqrwwc 25584 1 52
player 451 B qk845cyd 60914 1 52
player 452 B g5ubwqld 1082346 1 52
player 453 B voc18itg 510992 1 52
player 454 B 3noal342 982751 1 52
player 455 B r8slsgxy 509658 1 52
player 456 B kwh9u6xu 561063 1 52
player 457 B 8k335xf9 1171686 1 52
player 458 B r8oeocye 1157448 1 52
player 459 B aux9eznz 1415027 1 52
player 460 B tl8i4sqm 1486179 1 52
player 461 B 5tvnmw0x 1355359 1 52
player 462 B iaxyjwg2 141089 1 52
player 463 B vsouyzqb 1373596 1 52
player 464 B qo2yiqyt 290968 1 52
player 465 B 4b0bsp77 41529 1 52
player 466 B zt5za47g 1463832 1 52
player 467 B ialnkrtf 1379085 1 52
player 468 B euhp0q2h 104080 1 52
player 469 B hxtuit3a 587393 1 52
player 470 B cfqynmub 1084910 1 52
player 471 B kp4qpq36 238284 1 52
player 472 B m4sv56ts 848130 1 52
player 473 B 90lwnghk 240208 1 52
player 474 B 6s4qrb66 845335 1 52
player 475 B zm2durya 1508971 1 52
player 476 B r78jt2dp 829874 1 52
player 477 B 2l6px65c 927630 1 52
player 478 B 8m9tfbvi 793496 1 52
player 479 B 9mt34ypn 17771 1 48
player 480 B 7q708nxs 841722 1 52
player 481 B vaum2ag5 77963 1 52
player 482 B lhw012op 626554 1 52
player 483 B ov7icohk 1262381 1 52
player 484 B wdgpft73 1219215 1 52
player 485 B 77xjevxo 102386 1 52
player 486 B oqm2d2ls 1182938 1 52
player 487 B s4bnz7gf 315864 1 52
player 488 B qareow7n 97410 1 52
player 489 B 0qjiaqhk 8905 1 34
bot 0 2 7kmb47oc 979863364 161952 52
owned 0 161952 161953 161954 161955 167491 156419 150883 150882 150881 150880 150879 150878 150877 150876 156412 161948 161949 161950 167486 167487 173023 173024 173025 173026 178561 178560 178559 178558 173022 173021 167485 167484 156413 145341 156414 145342 139806 139807 139808 139809 156415 145343 145344 145345 145346 167490 156418 167489 156417 161951 167488 156416
bot 1 3 su965kfe 1225099288 1111816 52
owned 1 1111816 1111817 1111818 1111819 1117355 1106283 1100747 1100746 1100745 1100744 1100743 1100742 1100741 1100740 1106276 1111812 1111813 1111814 1117350 1117351 1122887 1122888 1122889 1122890 1128425 1128424 1128423 1128422 1122886 1122885 1117349 1117348 1106277 1095205 1106278 1095206 1089670 1089671 1089672 1089673 1106279 1095207 1095208 1095209 1095210 1117354 1106282 1117353 1106281 1111815 1117352 1106280
bot 2 4 4918e5rs 1160776865 1212964 52
owned 2 1212964 1212965 1212966 1212967 1218503 1207431 1201895 1201894 1201893 1201892 1201891 1201890 1201889 1201888 1207424 1212960 1212961 1212962 1218498 1218499 1224035 1224036 1224037 1224038 1229573 1229572 1229571 1229570 1224034 1224033 1218497 1218496 1207425 1196353 1207426 1196354 1190818 1190819 1190820 1190821 1207427 1196355 1196356 1196357 1196358 1218502 1207430 1218501 1207429 1212963 1218500 1207428
bot 3 5 0grah7qg -2107334215 456708 52
owned 3 456708 456709 456710 456711 462247 451175 445639 445638 445637 445636 445635 445634 445633 445632 451168 456704 456705 456706 462242 462243 467779 467780 467781 467782 473317 473316 473315 473314 467778 467777 462241 462240 451169 440097 451170 440098 434562 434563 434564 434565 451171 440099 440100 440101 440102 462246 451174 462245 451173 456707 462244 451172
bot 4 6 79lbhuod 919150858 45018 52
owned 4 45018 45019 45020 45021 50557 39485 33949 33948 33947 33946 33945 33944 33943 33942 39478 45014 45015 45016 50552 50553 56089 56090 56091 56092 61627 61626 61625 61624 56088 56087 50551 50550 39479 28407 39480 28408 22872 22873 22874 22875 39481 28409 28410 28411 28412 50556 39484 50555 39483 45017 50554 39482
bot 5 7 0eay8wsu 312910098 545804 52
owned 5 545804 545805 545806 545807 551343 540271 534735 534734 534733 534732 534731 534730 534729 534728 540264 545800 545801 545802 551338 551339 556875 556876 556877 556878 562413 562412 562411 562410 556874 556873 551337 551336 540265 529193 540266 529194 523658 523659 523660 523661 540267 529195 529196 529197 529198 551342 540270 551341 540269 545803 551340 540268
bot 6 8 l4g4juu8 1373847271 1442744 52
owned 6 1442744 1442745 1442746 1442747 1448283 1437211 1431675 1431674 1431673 1431672 1431671 1431670 1431669 1431668 1437204 1442740 1442741 1442742 1448278 1448279 1453815 1453816 1453817 1453818 1459353 1459352 1459351 1459350 1453814 1453813 1448277 1448276 1437205 1426133 1437206 1426134 1420598 1420599 1420600 1420601 1437207 1426135 1426136 1426137 1426138 1448282 1437210 1448281 1437209 1442743 1448280 1437208
bot 7 9 gsw4n5km 1786011062 1368740 52
owned 7 1368740 1368741 1368742 1368743 1374279 1363207 1357671 1357670 1357669 1357668 1357667 1357666 1357665 1357664 1363200 1368736 1368737 1368738 1374274 1374275 1379811 1379812 1379813 1379814 1385349 1385348 1385347 1385346 1379810 1379809 1374273 1374272 1363201 1352129 1363202 1352130 1346594 1346595 1346596 1346597 1363203 1352131 1352132 1352133 1352134 1374278 1363206 1374277 1363205 1368739 1374276 1363204
bot 8 10 ooz4f963 1067254298 962566 52
owned 8 962566 962567 962568 962569 968105 957033 951497 951496 951495 951494 951493 951492 951491 951490 957026 962562 962563 962564 968100 968101 973637 973638 973639 973640 979175 979174 979173 979172 973636 973635 968099 968098 957027 945955 957028 945956 940420 940421 940422 940423 957029 945957 945958 945959 945960 968104 957032 968103 957031 962565 968102 957030
bot 9 11 g49bog52 471077977 480411 52
owned 9 480411 480412 480413 480414 485950 474878 469342 469341 469340 469339 469338 469337 469336 469335 474871 480407 480408 480409 485945 485946 491482 491483 491484 491485 497020 497019 497018 497017 491481 491480 485944 485943 474872 463800 474873 463801 458265 458266 458267 458268 474874 463802 463803 463804 463805 485949 474877 485948 474876 480410 485947 474875
bot 10 12 vl3arc4y 2110741002 715375 52
owned 10 715375 715376 715377 715378 720914 709842 704306 704305 704304 704303 704302 704301 704300 704299 709835 715371 715372 715373 720909 720910 726446 726447 726448 726449 731984 731983 731982 731981 726445 726444 720908 720907 709836 698764 709837 698765 693229 693230 693231 693232 709838 698766 698767 698768 698769 720913 709841 720912 709840 715374 720911 709839
bot 11 13 26spmsu2 1249151528 148161 52
owned 11 148161 148162 148163 148164 153700 142628 137092 137091 137090 137089 137088 137087 137086 137085 142621 148157 148158 148159 153695 153696 159232 159233 159234 159235 164770 164769 164768 164767 159231 159230 153694 153693 142622 131550 142623 131551 126015 126016 126017 126018 142624 131552 131553 131554 131555 153699 142627 153698 142626 148160 153697 142625
bot 12 14 666fmd2f -2125171585 976489 52
owned 12 976489 976490 976491 976492 982028 970956 965420 965419 965418 965417 965416 965415 965414 965413 970949 976485 976486 976487 982023 982024 987560 987561 987562 987563 993098 993097 993096 993095 987559 987558 982022 982021 970950 959878 970951 959879 954343 954344 954345 954346 970952 959880 959881 959882 959883 982027 970955 982026 970954 976488 982025 970953
bot 13 15 vybu8oes 2095769353 346488 52
owned 13 346488 346489 346490 346491 352027 340955 335419 335418 335417 335416 335415 335414 335413 335412 340948 346484 346485 346486 352022 352023 357559 357560 357561 357562 363097 363096 363095 363094 357558 357557 352021 352020 340949 329877 340950 329878 324342 324343 324344 324345 340951 329879 329880 329881 329882 352026 340954 352025 340953 346487 352024 340952
bot 14 16 tlx2iciq 1076827768 194767 52
owned 14 194767 194768 194769 194770 200306 189234 183698 183697 183696 183695 183694 183693 183692 183691 189227 194763 194764 194765 200301 200302 205838 205839 205840 205841 211376 211375 211374 211373 205837 205836 200300 200299 189228 178156 189229 178157 172621 172622 172623 172624 189230 178158 178159 178160 178161 200305 189233 200304 189232 194766 200303 189231
bot 15 17 8i7cuo9t 1041878418 893159 52
owned 15 893159 893160 893161 893162 898698 887626 882090 882089 882088 882087 882086 882085 882084 882083 887619 893155 893156 893157 898693 898694 904230 904231 904232 904233 909768 909767 909766 909765 904229 904228 898692 898691 887620 876548 887621 876549 871013 871014 871015 871016 887622 876550 876551 876552 876553 898697 887625 898696 887624 893158 898695 887623
bot 16 18 ay8xa67r 1238569276 1029773 52
owned 16 1029773 1029774 1029775 1029776 1035312 1024240 1018704 1018703 1018702 1018701 1018700 1018699 1018698 1018697 1024233 1029769 1029770 1029771 1035307 1035308 1040844 1040845 1040846 1040847 1046382 1046381 1046380 1046379 1040843 1040842 1035306 1035305 1024234 1013162 1024235 1013163 1007627 1007628 1007629 1007630 1024236 1013164 1013165 1013166 1013167 1035311 1024239 1035310 1024238 1029772 1035309 1024237
bot 17 19 fha1xhrw -2086814691 674825 52
owned 17 674825 674826 674827 674828 680364 669292 663756 663755 663754 663753 663752 663751 663750 663749 669285 674821 674822 674823 680359 680360 685896 685897 685898 685899 691434 691433 691432 691431 685895 685894 680358 680357 669286 658214 669287 658215 652679 652680 652681 652682 669288 658216 658217 658218 658219 680363 669291 680362 669290 674824 680361 669289
bot 18 20 0n5m7v7w 2006771567 629488 52
owned 18 629488 629489 629490 629491 635027 623955 618419 618418 618417 618416 618415 618414 618413 618412 623948 629484 629485 629486 635022 635023 640559 640560 640561 640562 646097 646096 646095 646094 640558 640557 635021 635020 623949 612877 623950 612878 607342 607343 607344 607345 623951 612879 612880 612881 612882 635026 623954 635025 623953 629487 635024 623952
bot 19 21 g1kcotxi 1701193324 175611 52
owned 19 175611 175612 175613 175614 181150 170078 164542 164541 164540 164539 164538 164537 164536 164535 170071 175607 175608 175609 181145 181146 186682 186683 186684 186685 192220 192219 192218 192217 186681 186680 181144 181143 170072 159000 170073 159001 153465 153466 153467 153468 170074 159002 159003 159004 159005 181149 170077 181148 170076 175610 181147 170075
bot 20 22 onu80sk7 2095760979 583681 52
owned 20 583681 583682 583683 583684 589220 578148 572612 572611 572610 572609 572608 572607 572606 572605 578141 583677 583678 583679 589215 589216 594752 594753 594754 594755 600290 600289 600288 600287 594751 594750 589214 589213 578142 567070 578143 567071 561535 561536 561537 561538 578144 567072 567073 567074 567075 589219 578147 589218 578146 583680 589217 578145
bot 21 23 mt378h9n 2146580788 1374793 52
owned 21 1374793 1374794 1374795 1374796 1380332 1369260 1363724 1363723 1363722 1363721 1363720 1363719 1363718 1363717 1369253 1374789 1374790 1374791 1380327 1380328 1385864 1385865 1385866 1385867 1391402 1391401 1391400 1391399 1385863 1385862 1380326 1380325 1369254 1358182 1369255 1358183 1352647 1352648 1352649 1352650 1369256 1358184 1358185 1358186 1358187 1380331 1369259 1380330 1369258 1374792 1380329 1369257
bot 22 24 bo2xv2tw 494470294 602321 52
owned 22 602321 602322 602323 602324 607860 596788 591252 591251 591250 591249 591248 591247 591246 591245 596781 602317 602318 602319 607855 607856 613392 613393 613394 613395 618930 618929 618928 618927 613391 613390 607854 607853 596782 585710 596783 585711 580175 580176 580177 580178 596784 585712 585713 585714 585715 607859 596787 607858 596786 602320 607857 596785
bot 23 25 4j0jwl8e 1716918454 363309 52
owned 23 363309 363310 363311 363312 368848 357776 352240 352239 352238 352237 352236 352235 352234 352233 357769 363305 363306 363307 368843 368844 374380 374381 374382 374383 379918 379917 379916 379915 374379 374378 368842 368841 357770 346698 357771 346699 341163 341164 341165 341166 357772 346700 346701 346702 346703 368847 357775 368846 357774 363308 368845 357773
bot 24 26 2q1yboxl 255765212 1525239 34
owned 24 1525239 1525240 1525241 1525242 1519706 1514170 1514169 1514168 1514167 1514166 1514165 1514164 1514163 1519699 1525235 1525236 1525237 1519700 1508628 1519701 1508629 1503093 1503094 1503095 1503096 1519702 1508630 1508631 1508632 1508633 1519705 1519704 1525238 1519703
bot 25 27 uf1afynu 646231689 913023 52
owned 25 913023 913024 913025 913026 918562 907490 901954 901953 901952 901951 901950 901949 901948 901947 907483 913019 913020 913021 918557 918558 924094 924095 924096 924097 929632 929631 929630 929629 924093 924092 918556 918555 907484 896412 907485 896413 890877 890878 890879 890880 907486 896414 896415 896416 896417 918561 907489 918560 907488 913022 918559 907487
bot 26 28 hnp5jsyu 1554719380 130817 52
owned 26 130817 130818 130819 130820 136356 125284 119748 119747 119746 119745 119744 119743 119742 119741 125277 130813 130814 130815 136351 136352 141888 141889 141890 141891 147426 147425 147424 147423 141887 141886 136350 136349 125278 114206 125279 114207 108671 108672 108673 108674 125280 114208 114209 114210 114211 136355 125283 136354 125282 130816 136353 125281
bot 27 29 3ks2xdvj 2013378221 1499201 52
owned 27 1499201 1499202 1499203 1499204 1504740 1493668 1488132 1488131 1488130 1488129 1488128 1488127 1488126 1488125 1493661 1499197 1499198 1499199 1504735 1504736 1510272 1510273 1510274 1510275 1515810 1515809 1515808 1515807 1510271 1510270 1504734 1504733 1493662 1482590 1493663 1482591 1477055 1477056 1477057 1477058 1493664 1482592 1482593 1482594 1482595 1504739 1493667 1504738 1493666 1499200 1504737 1493665
bot 28 30 6udu18l9 1164531456 275875 52
owned 28 275875 275876 275877 275878 281414 270342 264806 264805 264804 264803 264802 264801 264800 264799 270335 275871 275872 275873 281409 281410 286946 286947 286948 286949 292484 292483 292482 292481 286945 286944 281408 281407 270336 259264 270337 259265 253729 253730 253731 253732 270338 259266 259267 259268 259269 281413 270341 281412 270340 275874 281411 270339
bot 29 31 u9qkgxb0 358820289 97728 52
owned 29 97728 97729 97730 97731 103267 92195 86659 86658 86657 86656 86655 86654 86653 86652 92188 97724 97725 97726 103262 103263 108799 108800 108801 108802 114337 114336 114335 114334 108798 108797 103261 103260 92189 81117 92190 81118 75582 75583 75584 75585 92191 81119 81120 81121 81122 103266 92194 103265 92193 97727 103264 92192
bot 30 32 gxzvzcy1 2075804082 806697 52
owned 30 806697 806698 806699 806700 812236 801164 795628 795627 795626 795625 795624 795623 795622 795621 801157 806693 806694 806695 812231 812232 817768 817769 817770 817771 823306 823305 823304 823303 817767 817766 812230 812229 801158 790086 801159 790087 784551 784552 784553 784554 801160 790088 790089 790090 790091 812235 801163 812234 801162 806696 812233 801161
bot 31 33 soumc8lx 1964908793 1479210 52
owned 31 1479210 1479211 1479212 1479213 1484749 1473677 1468141 1468140 1468139 1468138 1468137 1468136 1468135 1468134 1473670 1479206 1479207 1479208 1484744 1484745 1490281 1490282 1490283 1490284 1495819 1495818 1495817 1495816 1490280 1490279 1484743 1484742 1473671 1462599 1473672 1462600 1457064 1457065 1457066 1457067 1473673 1462601 1462602 1462603 1462604 1484748 1473676 1484747 1473675 1479209 1484746 1473674
bot 32 34 pbtdxhy8 -1952436939 507129 52
owned 32 507129 507130 507131 507132 512668 501596 496060 496059 496058 496057 496056 496055 496054 496053 501589 507125 507126 507127 512663 512664 518200 518201 518202 518203 523738 523737 523736 523735 518199 518198 512662 512661 501590 490518 501591 490519 484983 484984 484985 484986 501592 490520 490521 490522 490523 512667 501595 512666 501594 507128 512665 501593
bot 33 35 7qca320q 1722666588 254342 52
owned 33 254342 254343 254344 254345 259881 248809 243273 243272 243271 243270 243269 243268 243267 243266 248802 254338 254339 254340 259876 259877 265413 265414 265415 265416 270951 270950 270949 270948 265412 265411 259875 259874 248803 237731 248804 237732 232196 232197 232198 232199 248805 237733 237734 237735 237736 259880 248808 259879 248807 254341 259878 248806
bot 34 36 qu4dw13r 1935691025 1124518 52
owned 34 1124518 1124519 1124520 1124521 1130057 1118985 1113449 1113448 1113447 1113446 1113445 1113444 1113443 1113442 1118978 1124514 1124515 1124516 1130052 1130053 1135589 1135590 1135591 1135592 1141127 1141126 1141125 1141124 1135588 1135587 1130051 1130050 1118979 1107907 1118980 1107908 1102372 1102373 1102374 1102375 1118981 1107909 1107910 1107911 1107912 1130056 1118984 1130055 1118983 1124517 1130054 1118982
bot 35 37 uf42rmom 603403740 310936 52
owned 35 310936 310937 310938 310939 316475 305403 299867 299866 299865 299864 299863 299862 299861 299860 305396 310932 310933 310934 316470 316471 322007 322008 322009 322010 327545 327544 327543 327542 322006 322005 316469 316468 305397 294325 305398 294326 288790 288791 288792 288793 305399 294327 294328 294329 294330 316474 305402 316473 305401 310935 316472 305400
bot 36 38 5pzo5nyp -1978938492 1161567 52
owned 36 1161567 1161568 1161569 1161570 1167106 1156034 1150498 1150497 1150496 1150495 1150494 1150493 1150492 1150491 1156027 1161563 1161564 1161565 1167101 1167102 1172638 1172639 1172640 1172641 1178176 1178175 1178174 1178173 1172637 1172636 1167100 1167099 1156028 1144956 1156029 1144957 1139421 1139422 1139423 1139424 1156030 1144958 1144959 1144960 1144961 1167105 1156033 1167104 1156032 1161566 1167103 1156031
bot 37 39 lpeu6a40 1655789225 89244 52
owned 37 89244 89245 89246 89247 94783 83711 78175 78174 78173 78172 78171 78170 78169 78168 83704 89240 89241 89242 94778 94779 100315 100316 100317 100318 105853 105852 105851 105850 100314 100313 94777 94776 83705 72633 83706 72634 67098 67099 67100 67101 83707 72635 72636 72637 72638 94782 83710 94781 83709 89243 94780 83708
bot 38 40 m01qyq41 -1925929108 139431 52
owned 38 139431 139432 139433 139434 144970 133898 128362 128361 128360 128359 128358 128357 128356 128355 133891 139427 139428 139429 144965 144966 150502 150503 150504 150505 156040 156039 156038 156037 150501 150500 144964 144963 133892 122820 133893 122821 117285 117286 117287 117288 133894 122822 122823 122824 122825 144969 133897 144968 133896 139430 144967 133895
bot 39 41 qp5j7mcl 1825462711 1126783 52
owned 39 1126783 1126784 1126785 1126786 1132322 1121250 1115714 1115713 1115712 1115711 1115710 1115709 1115708 1115707 1121243 1126779 1126780 1126781 1132317 1132318 1137854 1137855 1137856 1137857 1143392 1143391 1143390 1143389 1137853 1137852 1132316 1132315 1121244 1110172 1121245 1110173 1104637 1104638 1104639 1104640 1121246 1110174 1110175 1110176 1110177 1132321 1121249 1132320 1121248 1126782 1132319 1121247
bot 40 42 daoks386 1879256123 899401 52
owned 40 899401 899402 899403 899404 904940 893868 888332 888331 888330 888329 888328 888327 888326 888325 893861 899397 899398 899399 904935 904936 910472 910473 910474 910475 916010 916009 916008 916007 910471 910470 904934 904933 893862 882790 893863 882791 877255 877256 877257 877258 893864 882792 882793 882794 882795 904939 893867 904938 893866 899400 904937 893865
bot 41 43 1adrc0if 1860141724 111628 52
owned 41 111628 111629 111630 111631 117167 106095 100559 100558 100557 100556 100555 100554 100553 100552 106088 111624 111625 111626 117162 117163 122699 122700 122701 122702 128237 128236 128235 128234 122698 122697 117161 117160 106089 95017 106090 95018 89482 89483 89484 89485 106091 95019 95020 95021 95022 117166 106094 117165 106093 111627 117164 106092
bot 42 44 z2sjy7tl 1824294623 288395 52
owned 42 288395 288396 288397 288398 293934 282862 277326 277325 277324 277323 277322 277321 277320 277319 282855 288391 288392 288393 293929 293930 299466 299467 299468 299469 305004 305003 305002 305001 299465 299464 293928 293927 282856 271784 282857 271785 266249 266250 266251 266252 282858 271786 271787 271788 271789 293933 282861 293932 282860 288394 293931 282859
bot 43 45 2a2pcqq2 1550573320 409460 52
owned 43 409460 409461 409462 409463 414999 403927 398391 398390 398389 398388 398387 398386 398385 398384 403920 409456 409457 409458 414994 414995 420531 420532 420533 420534 426069 426068 426067 426066 420530 420529 414993 414992 403921 392849 403922 392850 387314 387315 387316 387317 403923 392851 392852 392853 392854 414998 403926 414997 403925 409459 414996 403924
bot 44 46 965x3zic 1651901379 344813 52
owned 44 344813 344814 344815 344816 350352 339280 333744 333743 333742 333741 333740 333739 333738 333737 339273 344809 344810 344811 350347 350348 355884 355885 355886 355887 361422 361421 361420 361419 355883 355882 350346 350345 339274 328202 339275 328203 322667 322668 322669 322670 339276 328204 328205 328206 328207 350351 339279 350350 339278 344812 350349 339277
bot 45 47 yytwuuvv 643310337 525870 52
owned 45 525870 525871 525872 525873 531409 520337 514801 514800 514799 514798 514797 514796 514795 514794 520330 525866 525867 525868 531404 531405 536941 536942 536943 536944 542479 542478 542477 542476 536940 536939 531403 531402 520331 509259 520332 509260 503724 503725 503726 503727 520333 509261 509262 509263 509264 531408 520336 531407 520335 525869 531406 520334
bot 46 48 0bq4zvkx -1953292478 126938 52
owned 46 126938 126939 126940 126941 132477 121405 115869 115868 115867 115866 115865 115864 115863 115862 121398 126934 126935 126936 132472 132473 138009 138010 138011 138012 143547 143546 143545 143544 138008 138007 132471 132470 121399 110327 121400 110328 104792 104793 104794 104795 121401 110329 110330 110331 110332 132476 121404 132475 121403 126937 132474 121402
bot 47 49 fqo7elia -1958284618 694248 52
owned 47 694248 694249 694250 694251 699787 688715 683179 683178 683177 683176 683175 683174 683173 683172 688708 694244 694245 694246 699782 699783 705319 705320 705321 705322 710857 710856 710855 710854 705318 705317 699781 699780 688709 677637 688710 677638 672102 672103 672104 672105 688711 677639 677640 677641 677642 699786 688714 699785 688713 694247 699784 688712
bot 48 50 xb2eodru 1511238585 1234524 52
owned 48 1234524 1234525 1234526 1234527 1240063 1228991 1223455 1223454 1223453 1223452 1223451 1223450 1223449 1223448 1228984 1234520 1234521 1234522 1240058 1240059 1245595 1245596 1245597 1245598 1251133 1251132 1251131 1251130 1245594 1245593 1240057 1240056 1228985 1217913 1228986 1217914 1212378 1212379 1212380 1212381 1228987 1217915 1217916 1217917 1217918 1240062 1228990 1240061 1228989 1234523 1240060 1228988
bot 49 51 dn2a1fmz 1672109513 543805 52
owned 49 543805 543806 543807 543808 549344 538272 532736 532735 532734 532733 532732 532731 532730 532729 538265 543801 543802 543803 549339 549340 554876 554877 554878 554879 560414 560413 560412 560411 554875 554874 549338 549337 538266 527194 538267 527195 521659 521660 521661 521662 538268 527196 527197 527198 527199 549343 538271 549342 538270 543804 549341 538269
bot 50 52 c657fqi1 1526829564 689522 52
owned 50 689522 689523 689524 689525 695061 683989 678453 678452 678451 678450 678449 678448 678447 678446 683982 689518 689519 689520 695056 695057 700593 700594 700595 700596 706131 706130 706129 706128 700592 700591 695055 695054 683983 672911 683984 672912 667376 667377 667378 667379 683985 672913 672914 672915 672916 695060 683988 695059 683987 689521 695058 683986
bot 51 53 3oa0wbik 1465915324 1488696 52
owned 51 1488696 1488697 1488698 1488699 1494235 1483163 1477627 1477626 1477625 1477624 1477623 1477622 1477621 1477620 1483156 1488692 1488693 1488694 1494230 1494231 1499767 1499768 1499769 1499770 1505305 1505304 1505303 1505302 1499766 1499765 1494229 1494228 1483157 1472085 1483158 1472086 1466550 1466551 1466552 1466553 1483159 1472087 1472088 1472089 1472090 1494234 1483162 1494233 1483161 1488695 1494232 1483160
bot 52 54 bbor86ta 1160631798 835916 52
owned 52 835916 835917 835918 835919 841455 830383 824847 824846 824845 824844 824843 824842 824841 824840 830376 835912 835913 835914 841450 841451 846987 846988 846989 846990 852525 852524 852523 852522 846986 846985 841449 841448 830377 819305 830378 819306 813770 813771 813772 813773 830379 819307 819308 819309 819310 841454 830382 841453 830381 835915 841452 830380
bot 53 55 ke481hq3 1735541677 130556 52
owned 53 130556 130557 130558 130559 136095 125023 119487 119486 119485 119484 119483 119482 119481 119480 125016 130552 130553 130554 136090 136091 141627 141628 141629 141630 147165 147164 147163 147162 141626 141625 136089 136088 125017 113945 125018 113946 108410 108411 108412 108413 125019 113947 113948 113949 113950 136094 125022 136093 125021 130555 136092 125020
bot 54 56 1p7me35b 2016093044 681169 52
owned 54 681169 681170 681171 681172 686708 675636 670100 670099 670098 670097 670096 670095 670094 670093 675629 681165 681166 681167 686703 686704 692240 692241 692242 692243 697778 697777 697776 697775 692239 692238 686702 686701 675630 664558 675631 664559 659023 659024 659025 659026 675632 664560 664561 664562 664563 686707 675635 686706 675634 681168 686705 675633
bot 55 57 ros1fefm 336921379 173625 52
owned 55 173625 173626 173627 173628 179164 168092 162556 162555 162554 162553 162552 162551 162550 162549 168085 173621 173622 173623 179159 179160 184696 184697 184698 184699 190234 190233 190232 190231 184695 184694 179158 179157 168086 157014 168087 157015 151479 151480 151481 151482 168088 157016 157017 157018 157019 179163 168091 179162 168090 173624 179161 168089
bot 56 58 bbj4439d 1361159728 69026 52
owned 56 69026 69027 69028 69029 74565 63493 57957 57956 57955 57954 57953 57952 57951 57950 63486 69022 69023 69024 74560 74561 80097 80098 80099 80100 85635 85634 85633 85632 80096 80095 74559 74558 63487 52415 63488 52416 46880 46881 46882 46883 63489 52417 52418 52419 52420 74564 63492 74563 63491 69025 74562 63490
bot 57 59 50euwmgf 756661700 328468 52
owned 57 328468 328469 328470 328471 334007 322935 317399 317398 317397 317396 317395 317394 317393 317392 322928 328464 328465 328466 334002 334003 339539 339540 339541 339542 345077 345076 345075 345074 339538 339537 334001 334000 322929 311857 322930 311858 306322 306323 306324 306325 322931 311859 311860 311861 311862 334006 322934 334005 322933 328467 334004 322932
bot 58 60 6ifrrqwg 1573288274 910308 52
owned 58 910308 910309 910310 910311 915847 904775 899239 899238 899237 899236 899235 899234 899233 899232 904768 910304 910305 910306 915842 915843 921379 921380 921381 921382 926917 926916 926915 926914 921378 921377 915841 915840 904769 893697 904770 893698 888162 888163 888164 888165 904771 893699 893700 893701 893702 915846 904774 915845 904773 910307 915844 904772
bot 59 61 t3qojvzx 1884704811 186060 52
owned 59 186060 186061 186062 186063 191599 180527 174991 174990 174989 174988 174987 174986 174985 174984 180520 186056 186057 186058 191594 191595 197131 197132 197133 197134 202669 202668 202667 202666 197130 197129 191593 191592 180521 169449 180522 169450 163914 163915 163916 163917 180523 169451 169452 169453 169454 191598 180526 191597 180525 186059 191596 180524
bot 60 62 e39s2b1x 535357285 563515 52
owned 60 563515 563516 563517 563518 569054 557982 552446 552445 552444 552443 552442 552441 552440 552439 557975 563511 563512 563513 569049 569050 574586 574587 574588 574589 580124 580123 580122 580121 574585 574584 569048 569047 557976 546904 557977 546905 541369 541370 541371 541372 557978 546906 546907 546908 546909 569053 557981 569052 557980 563514 569051 557979
bot 61 63 8elalp3o 1664787462 1476989 52
owned 61 1476989 1476990 1476991 1476992 1482528 1471456 1465920 1465919 1465918 1465917 1465916 1465915 1465914 1465913 1471449 1476985 1476986 1476987 1482523 1482524 1488060 1488061 1488062 1488063 1493598 1493597 1493596 1493595 1488059 1488058 1482522 1482521 1471450 1460378 1471451 1460379 1454843 1454844 1454845 1454846 1471452 1460380 1460381 1460382 1460383 1482527 1471455 1482526 1471454 1476988 1482525 1471453
bot 62 64 drzdgt29 351372376 1271942 52
owned 62 1271942 1271943 1271944 1271945 1277481 1266409 1260873 1260872 1260871 1260870 1260869 1260868 1260867 1260866 1266402 1271938 1271939 1271940 1277476 1277477 1283013 1283014 1283015 1283016 1288551 1288550 1288549 1288548 1283012 1283011 1277475 1277474 1266403 1255331 1266404 1255332 1249796 1249797 1249798 1249799 1266405 1255333 1255334 1255335 1255336 1277480 1266408 1277479 1266407 1271941 1277478 1266406
bot 63 65 a5l13l40 409032466 1474420 52
owned 63 1474420 1474421 1474422 1474423 1479959 1468887 1463351 1463350 1463349 1463348 1463347 1463346 1463345 1463344 1468880 1474416 1474417 1474418 1479954 1479955 1485491 1485492 1485493 1485494 1491029 1491028 1491027 1491026 1485490 1485489 1479953 1479952 1468881 1457809 1468882 1457810 1452274 1452275 1452276 1452277 1468883 1457811 1457812 1457813 1457814 1479958 1468886 1479957 1468885 1474419 1479956 1468884
bot 64 66 15jsgukl 2082714056 622190 52
owned 64 622190 622191 622192 622193 627729 616657 611121 611120 611119 611118 611117 611116 611115 611114 616650 622186 622187 622188 627724 627725 633261 633262 633263 633264 638799 638798 638797 638796 633260 633259 627723 627722 616651 605579 616652 605580 600044 600045 600046 600047 616653 605581 605582 605583 605584 627728 616656 627727 616655 622189 627726 616654
bot 65 67 457rtifd 2131565011 791693 52
owned 65 791693 791694 791695 791696 797232 786160 780624 780623 780622 780621 780620 780619 780618 780617 786153 791689 791690 791691 797227 797228 802764 802765 802766 802767 808302 808301 808300 808299 802763 802762 797226 797225 786154 775082 786155 775083 769547 769548 769549 769550 786156 775084 775085 775086 775087 797231 786159 797230 786158 791692 797229 786157
bot 66 68 nvln8mx2 1241068427 168662 52
owned 66 168662 168663 168664 168665 174201 163129 157593 157592 157591 157590 157589 157588 157587 157586 163122 168658 168659 168660 174196 174197 179733 179734 179735 179736 185271 185270 185269 185268 179732 179731 174195 174194 163123 152051 163124 152052 146516 146517 146518 146519 163125 152053 152054 152055 152056 174200 163128 174199 163127 168661 174198 163126
bot 67 69 xdf4q9ey 434759834 76504 52
owned 67 76504 76505 76506 76507 82043 70971 65435 65434 65433 65432 65431 65430 65429 65428 70964 76500 76501 76502 82038 82039 87575 87576 87577 87578 93113 93112 93111 93110 87574 87573 82037 82036 70965 59893 70966 59894 54358 54359 54360 54361 70967 59895 59896 59897 59898 82042 70970 82041 70969 76503 82040 70968
bot 68 70 aehphxxq 441688655 1299885 52
owned 68 1299885 1299886 1299887 1299888 1305424 1294352 1288816 1288815 1288814 1288813 1288812 1288811 1288810 1288809 1294345 1299881 1299882 1299883 1305419 1305420 1310956 1310957 1310958 1310959 1316494 1316493 1316492 1316491 1310955 1310954 1305418 1305417 1294346 1283274 1294347 1283275 1277739 1277740 1277741 1277742 1294348 1283276 1283277 1283278 1283279 1305423 1294351 1305422 1294350 1299884 1305421 1294349
bot 69 71 r69884b7 1040467408 1411620 52
owned 69 1411620 1411621 1411622 1411623 1417159 1406087 1400551 1400550 1400549 1400548 1400547 1400546 1400545 1400544 1406080 1411616 1411617 1411618 1417154 1417155 1422691 1422692 1422693 1422694 1428229 1428228 1428227 1428226 1422690 1422689 1417153 1417152 1406081 1395009 1406082 1395010 1389474 1389475 1389476 1389477 1406083 1395011 1395012 1395013 1395014 1417158 1406086 1417157 1406085 1411619 1417156 1406084
bot 70 72 1fi956n2 1628450074 1172256 52
owned 70 1172256 1172257 1172258 1172259 1177795 1166723 1161187 1161186 1161185 1161184 1161183 1161182 1161181 1161180 1166716 1172252 1172253 1172254 1177790 1177791 1183327 1183328 1183329 1183330 1188865 1188864 1188863 1188862 1183326 1183325 1177789 1177788 1166717 1155645 1166718 1155646 1150110 1150111 1150112 1150113 1166719 1155647 1155648 1155649 1155650 1177794 1166722 1177793 1166721 1172255 1177792 1166720
bot 71 73 x0s75hnx 1902416189 158796 52
owned 71 158796 158797 158798 158799 164335 153263 147727 147726 147725 147724 147723 147722 147721 147720 153256 158792 158793 158794 164330 164331 169867 169868 169869 169870 175405 175404 175403 175402 169866 169865 164329 164328 153257 142185 153258 142186 136650 136651 136652 136653 153259 142187 142188 142189 142190 164334 153262 164333 153261 158795 164332 153260
bot 72 74 jjcxe8w7 1929622268 107832 52
owned 72 107832 107833 107834 107835 113371 102299 96763 96762 96761 96760 96759 96758 96757 96756 102292 107828 107829 107830 113366 113367 118903 118904 118905 118906 124441 124440 124439 124438 118902 118901 113365 113364 102293 91221 102294 91222 85686 85687 85688 85689 102295 91223 91224 91225 91226 113370 102298 113369 102297 107831 113368 102296
bot 73 75 pa9du0an 680719808 353360 52
owned 73 353360 353361 353362 353363 358899 347827 342291 342290 342289 342288 342287 342286 342285 342284 347820 353356 353357 353358 358894 358895 364431 364432 364433 364434 369969 369968 369967 369966 364430 364429 358893 358892 347821 336749 347822 336750 331214 331215 331216 331217 347823 336751 336752 336753 336754 358898 347826 358897 347825 353359 358896 347824
bot 74 76 wr1iodtv 1058650254 1412021 52
owned 74 1412021 1412022 1412023 1412024 1417560 1406488 1400952 1400951 1400950 1400949 1400948 1400947 1400946 1400945 1406481 1412017 1412018 1412019 1417555 1417556 1423092 1423093 1423094 1423095 1428630 1428629 1428628 1428627 1423091 1423090 1417554 1417553 1406482 1395410 1406483 1395411 1389875 1389876 1389877 1389878 1406484 1395412 1395413 1395414 1395415 1417559 1406487 1417558 1406486 1412020 1417557 1406485
bot 75 77 q4t061qn 1864834683 327610 52
owned 75 327610 327611 327612 327613 333149 322077 316541 316540 316539 316538 316537 316536 316535 316534 322070 327606 327607 327608 333144 333145 338681 338682 338683 338684 344219 344218 344217 344216 338680 338679 333143 333142 322071 310999 322072 311000 305464 305465 305466 305467 322073 311001 311002 311003 311004 333148 322076 333147 322075 327609 333146 322074
bot 76 78 5walu3qw 1224512371 1058718 52
owned 76 1058718 1058719 1058720 1058721 1064257 1053185 1047649 1047648 1047647 1047646 1047645 1047644 1047643 1047642 1053178 1058714 1058715 1058716 1064252 1064253 1069789 1069790 1069791 1069792 1075327 1075326 1075325 1075324 1069788 1069787 1064251 1064250 1053179 1042107 1053180 1042108 1036572 1036573 1036574 1036575 1053181 1042109 1042110 1042111 1042112 1064256 1053184 1064255 1053183 1058717 1064254 1053182
bot 77 79 9qsdvg22 1376203870 163617 52
owned 77 163617 163618 163619 163620 169156 158084 152548 152547 152546 152545 152544 152543 152542 152541 158077 163613 163614 163615 169151 169152 174688 174689 174690 174691 180226 180225 180224 180223 174687 174686 169150 169149 158078 147006 158079 147007 141471 141472 141473 141474 158080 147008 147009 147010 147011 169155 158083 169154 158082 163616 169153 158081
bot 78 80 kxhibxlj 517397506 1207600 52
owned 78 1207600 1207601 1207602 1207603 1213139 1202067 1196531 1196530 1196529 1196528 1196527 1196526 1196525 1196524 1202060 1207596 1207597 1207598 1213134 1213135 1218671 1218672 1218673 1218674 1224209 1224208 1224207 1224206 1218670 1218669 1213133 1213132 1202061 1190989 1202062 1190990 1185454 1185455 1185456 1185457 1202063 1190991 1190992 1190993 1190994 1213138 1202066 1213137 1202065 1207599 1213136 1202064
bot 79 81 3lvh3hh1 992169179 1348246 52
owned 79 1348246 1348247 1348248 1348249 1353785 1342713 1337177 1337176 1337175 1337174 1337173 1337172 1337171 1337170 1342706 1348242 1348243 1348244 1353780 1353781 1359317 1359318 1359319 1359320 1364855 1364854 1364853 1364852 1359316 1359315 1353779 1353778 1342707 1331635 1342708 1331636 1326100 1326101 1326102 1326103 1342709 1331637 1331638 1331639 1331640 1353784 1342712 1353783 1342711 1348245 1353782 1342710
bot 80 82 hhxd8zhc -1981148453 661944 52
owned 80 661944 661945 661946 661947 667483 656411 650875 650874 650873 650872 650871 650870 650869 650868 656404 661940 661941 661942 667478 667479 673015 673016 673017 673018 678553 678552 678551 678550 673014 673013 667477 667476 656405 645333 656406 645334 639798 639799 639800 639801 656407 645335 645336 645337 645338 667482 656410 667481 656409 661943 667480 656408
bot 81 83 68hvehkn 1095836954 221989 52
owned 81 221989 221990 221991 221992 227528 216456 210920 210919 210918 210917 210916 210915 210914 210913 216449 221985 221986 221987 227523 227524 233060 233061 233062 233063 238598 238597 238596 238595 233059 233058 227522 227521 216450 205378 216451 205379 199843 199844 199845 199846 216452 205380 205381 205382 205383 227527 216455 227526 216454 221988 227525 216453
bot 82 84 0ysk38le 1385300227 331118 52
owned 82 331118 331119 331120 331121 336657 325585 320049 320048 320047 320046 320045 320044 320043 320042 325578 331114 331115 331116 336652 336653 342189 342190 342191 342192 347727 347726 347725 347724 342188 342187 336651 336650 325579 314507 325580 314508 308972 308973 308974 308975 325581 314509 314510 314511 314512 336656 325584 336655 325583 331117 336654 325582
bot 83 85 p9mtmjen 317818958 238771 52
owned 83 238771 238772 238773 238774 244310 233238 227702 227701 227700 227699 227698 227697 227696 227695 233231 238767 238768 238769 244305 244306 249842 249843 249844 249845 255380 255379 255378 255377 249841 249840 244304 244303 233232 222160 233233 222161 216625 216626 216627 216628 233234 222162 222163 222164 222165 244309 233237 244308 233236 238770 244307 233235
bot 84 86 vtv2qiiq 1725920906 171346 52
owned 84 171346 171347 171348 171349 176885 165813 160277 160276 160275 160274 160273 160272 160271 160270 165806 171342 171343 171344 176880 176881 182417 182418 182419 182420 187955 187954 187953 187952 182416 182415 176879 176878 165807 154735 165808 154736 149200 149201 149202 149203 165809 154737 154738 154739 154740 176884 165812 176883 165811 171345 176882 165810
bot 85 87 npcd7vse -2091559336 463369 52
owned 85 463369 463370 463371 463372 468908 457836 452300 452299 452298 452297 452296 452295 452294 452293 457829 463365 463366 463367 468903 468904 474440 474441 474442 474443 479978 479977 479976 479975 474439 474438 468902 468901 457830 446758 457831 446759 441223 441224 441225 441226 457832 446760 446761 446762 446763 468907 457835 468906 457834 463368 468905 457833
bot 86 88 fyrg30wr 975447236 881595 52
owned 86 881595 881596 881597 881598 887134 876062 870526 870525 870524 870523 870522 870521 870520 870519 876055 881591 881592 881593 887129 887130 892666 892667 892668 892669 898204 898203 898202 898201 892665 892664 887128 887127 876056 864984 876057 864985 859449 859450 859451 859452 876058 864986 864987 864988 864989 887133 876061 887132 876060 881594 887131 876059
bot 87 89 qg4cg39i -1947660605 494591 52
owned 87 494591 494592 494593 494594 500130 489058 483522 483521 483520 483519 483518 483517 483516 483515 489051 494587 494588 494589 500125 500126 505662 505663 505664 505665 511200 511199 511198 511197 505661 505660 500124 500123 489052 477980 489053 477981 472445 472446 472447 472448 489054 477982 477983 477984 477985 500129 489057 500128 489056 494590 500127 489055
bot 88 90 kqu8z0ef 2107383972 1032329 52
owned 88 1032329 1032330 1032331 1032332 1037868 1026796 1021260 1021259 1021258 1021257 1021256 1021255 1021254 1021253 1026789 1032325 1032326 1032327 1037863 1037864 1043400 1043401 1043402 1043403 1048938 1048937 1048936 1048935 1043399 1043398 1037862 1037861 1026790 1015718 1026791 1015719 1010183 1010184 1010185 1010186 1026792 1015720 1015721 1015722 1015723 1037867 1026795 1037866 1026794 1032328 1037865 1026793
bot 89 91 bdv4tpd7 1205846675 608763 52
owned 89 608763 608764 608765 608766 614302 603230 597694 597693 597692 597691 597690 597689 597688 597687 603223 608759 608760 608761 614297 614298 619834 619835 619836 619837 625372 625371 625370 625369 619833 619832 614296 614295 603224 592152 603225 592153 586617 586618 586619 586620 603226 592154 592155 592156 592157 614301 603229 614300 603228 608762 614299 603227
bot 90 92 ok13k4z3 -1966524316 5958 34
owned 90 5958 5959 5960 5961 11497 425 11496 17032 17031 17030 17029 17028 17027 11491 11490 5954 418 419 420 421 5956 5955 22564 11492 22565 11493 22566 22567 424 11495 423 5957 11494 422
bot 91 93 hkwcx197 767457194 430828 52
owned 91 430828 430829 430830 430831 436367 425295 419759 419758 419757 419756 419755 419754 419753 419752 425288 430824 430825 430826 436362 436363 441899 441900 441901 441902 447437 447436 447435 447434 441898 441897 436361 436360 425289 414217 425290 414218 408682 408683 408684 408685 425291 414219 414220 414221 414222 436366 425294 436365 425293 430827 436364 425292
bot 92 94 ko4t02h4 1395110162 694761 52
owned 92 694761 694762 694763 694764 700300 689228 683692 683691 683690 683689 683688 683687 683686 683685 689221 694757 694758 694759 700295 700296 705832 705833 705834 705835 711370 711369 711368 711367 705831 705830 700294 700293 689222 678150 689223 678151 672615 672616 672617 672618 689224 678152 678153 678154 678155 700299 689227 700298 689226 694760 700297 689225
bot 93 95 a769y4e5 647486920 464519 52
owned 93 464519 464520 464521 464522 470058 458986 453450 453449 453448 453447 453446 453445 453444 453443 458979 464515 464516 464517 470053 470054 475590 475591 475592 475593 481128 481127 481126 481125 475589 475588 470052 470051 458980 447908 458981 447909 442373 442374 442375 442376 458982 447910 447911 447912 447913 470057 458985 470056 458984 464518 470055 458983
bot 94 96 po0wxlw1 1380537968 552208 52
owned 94 552208 552209 552210 552211 557747 546675 541139 541138 541137 541136 541135 541134 541133 541132 546668 552204 552205 552206 557742 557743 563279 563280 563281 563282 568817 568816 568815 568814 563278 563277 557741 557740 546669 535597 546670 535598 530062 530063 530064 530065 546671 535599 535600 535601 535602 557746 546674 557745 546673 552207 557744 546672
bot 95 97 o8264l3e 401241613 194355 52
owned 95 194355 194356 194357 194358 199894 188822 183286 183285 183284 183283 183282 183281 183280 183279 188815 194351 194352 194353 199889 199890 205426 205427 205428 205429 210964 210963 210962 210961 205425 205424 199888 199887 188816 177744 188817 177745 172209 172210 172211 172212 188818 177746 177747 177748 177749 199893 188821 199892 188820 194354 199891 188819
bot 96 98 9rke6fm3 2033692109 1169236 52
owned 96 1169236 1169237 1169238 1169239 1174775 1163703 1158167 1158166 1158165 1158164 1158163 1158162 1158161 1158160 1163696 1169232 1169233 1169234 1174770 1174771 1180307 1180308 1180309 1180310 1185845 1185844 1185843 1185842 1180306 1180305 1174769 1174768 1163697 1152625 1163698 1152626 1147090 1147091 1147092 1147093 1163699 1152627 1152628 1152629 1152630 1174774 1163702 1174773 1163701 1169235 1174772 1163700
bot 97 99 gyjc9x52 -2039293411 1316901 52
owned 97 1316901 1316902 1316903 1316904 1322440 1311368 1305832 1305831 1305830 1305829 1305828 1305827 1305826 1305825 1311361 1316897 1316898 1316899 1322435 1322436 1327972 1327973 1327974 1327975 1333510 1333509 1333508 1333507 1327971 1327970 1322434 1322433 1311362 1300290 1311363 1300291 1294755 1294756 1294757 1294758 1311364 1300292 1300293 1300294 1300295 1322439 1311367 1322438 1311366 1316900 1322437 1311365
bot 98 100 x793lc6c -2137545535 1194727 52
owned 98 1194727 1194728 1194729 1194730 1200266 1189194 1183658 1183657 1183656 1183655 1183654 1183653 1183652 1183651 1189187 1194723 1194724 1194725 1200261 1200262 1205798 1205799 1205800 1205801 1211336 1211335 1211334 1211333 1205797 1205796 1200260 1200259 1189188 1178116 1189189 1178117 1172581 1172582 1172583 1172584 1189190 1178118 1178119 1178120 1178121 1200265 1189193 1200264 1189192 1194726 1200263 1189191
bot 99 101 93k3li8n 1910969017 1215442 52
owned 99 1215442 1215443 1215444 1215445 1220981 1209909 1204373 1204372 1204371 1204370 1204369 1204368 1204367 1204366 1209902 1215438 1215439 1215440 1220976 1220977 1226513 1226514 1226515 1226516 1232051 1232050 1232049 1232048 1226512 1226511 1220975 1220974 1209903 1198831 1209904 1198832 1193296 1193297 1193298 1193299 1209905 1198833 1198834 1198835 1198836 1220980 1209908 1220979 1209907 1215441 1220978 1209906
bot 100 102 a1hte6qb 1102783938 1080802 52
owned 100 1080802 1080803 1080804 1080805 1086341 1075269 1069733 1069732 1069731 1069730 1069729 1069728 1069727 1069726 1075262 1080798 1080799 1080800 1086336 1086337 1091873 1091874 1091875 1091876 1097411 1097410 1097409 1097408 1091872 1091871 1086335 1086334 1075263 1064191 1075264 1064192 1058656 1058657 1058658 1058659 1075265 1064193 1064194 1064195 1064196 1086340 1075268 1086339 1075267 1080801 1086338 1075266
bot 101 103 jklgnd18 799847851 1504340 52
owned 101 1504340 1504341 1504342 1504343 1509879 1498807 1493271 1493270 1493269 1493268 1493267 1493266 1493265 1493264 1498800 1504336 1504337 1504338 1509874 1509875 1515411 1515412 1515413 1515414 1520949 1520948 1520947 1520946 1515410 1515409 1509873 1509872 1498801 1487729 1498802 1487730 1482194 1482195 1482196 1482197 1498803 1487731 1487732 1487733 1487734 1509878 1498806 1509877 1498805 1504339 1509876 1498804
bot 102 104 vfadfhgj 1821435404 771960 52
owned 102 771960 771961 771962 771963 777499 766427 760891 760890 760889 760888 760887 760886 760885 760884 766420 771956 771957 771958 777494 777495 783031 783032 783033 783034 788569 788568 788567 788566 783030 783029 777493 777492 766421 755349 766422 755350 749814 749815 749816 749817 766423 755351 755352 755353 755354 777498 766426 777497 766425 771959 777496 766424
bot 103 105 cwni1kcb -2002787684 11042 34
owned 103 11042 11043 11044 11045 16581 5509 16580 22116 22115 22114 22113 22112 22111 16575 16574 11038 5502 5503 5504 5505 11040 11039 27648 16576 27649 16577 27650 27651 5508 16579 5507 11041 16578 5506
bot 104 106 8z4z0zds 1540574821 986512 52
owned 104 986512 986513 986514 986515 992051 980979 975443 975442 975441 975440 975439 975438 975437 975436 980972 986508 986509 986510 992046 992047 997583 997584 997585 997586 1003121 1003120 1003119 1003118 997582 997581 992045 992044 980973 969901 980974 969902 964366 964367 964368 964369 980975 969903 969904 969905 969906 992050 980978 992049 980977 986511 992048 980976
bot 105 107 cdzck1ki 1635199286 6364 34
owned 105 6364 6365 6366 6367 11903 831 11902 17438 17437 17436 17435 17434 17433 11897 11896 6360 824 825 826 827 6362 6361 22970 11898 22971 11899 22972 22973 830 11901 829 6363 11900 828
bot 106 108 zbaa3l3a 2041986227 154999 52
owned 106 154999 155000 155001 155002 160538 149466 143930 143929 143928 143927 143926 143925 143924 143923 149459 154995 154996 154997 160533 160534 166070 166071 166072 166073 171608 171607 171606 171605 166069 166068 160532 160531 149460 138388 149461 138389 132853 132854 132855 132856 149462 138390 138391 138392 138393 160537 149465 160536 149464 154998 160535 149463
bot 107 109 xm369xbs 2073971836 777884 52
owned 107 777884 777885 777886 777887 783423 772351 766815 766814 766813 766812 766811 766810 766809 766808 772344 777880 777881 777882 783418 783419 788955 788956 788957 788958 794493 794492 794491 794490 788954 788953 783417 783416 772345 761273 772346 761274 755738 755739 755740 755741 772347 761275 761276 761277 761278 783422 772350 783421 772349 777883 783420 772348
bot 108 110 e4dqhzo1 2029469172 420496 52
owned 108 420496 420497 420498 420499 426035 414963 409427 409426 409425 409424 409423 409422 409421 409420 414956 420492 420493 420494 426030 426031 431567 431568 431569 431570 437105 437104 437103 437102 431566 431565 426029 426028 414957 403885 414958 403886 398350 398351 398352 398353 414959 403887 403888 403889 403890 426034 414962 426033 414961 420495 426032 414960
bot 109 111 fepimk2i 351613969 92878 52
owned 109 92878 92879 92880 92881 98417 87345 81809 81808 81807 81806 81805 81804 81803 81802 87338 92874 92875 92876 98412 98413 103949 103950 103951 103952 109487 109486 109485 109484 103948 103947 98411 98410 87339 76267 87340 76268 70732 70733 70734 70735 87341 76269 76270 76271 76272 98416 87344 98415 87343 92877 98414 87342
bot 110 112 o2es7ebc 531691876 1143029 52
owned 110 1143029 1143030 1143031 1143032 1148568 1137496 1131960 1131959 1131958 1131957 1131956 1131955 1131954 1131953 1137489 1143025 1143026 1143027 1148563 1148564 1154100 1154101 1154102 1154103 1159638 1159637 1159636 1159635 1154099 1154098 1148562 1148561 1137490 1126418 1137491 1126419 1120883 1120884 1120885 1120886 1137492 1126420 1126421 1126422 1126423 1148567 1137495 1148566 1137494 1143028 1148565 1137493
bot 111 113 l4opv4e9 1658586271 536723 52
owned 111 536723 536724 536725 536726 542262 531190 525654 525653 525652 525651 525650 525649 525648 525647 531183 536719 536720 536721 542257 542258 547794 547795 547796 547797 553332 553331 553330 553329 547793 547792 542256 542255 531184 520112 531185 520113 514577 514578 514579 514580 531186 520114 520115 520116 520117 542261 531189 542260 531188 536722 542259 531187
bot 112 114 4b3f45hy 1454480369 378215 52
owned 112 378215 378216 378217 378218 383754 372682 367146 367145 367144 367143 367142 367141 367140 367139 372675 378211 378212 378213 383749 383750 389286 389287 389288 389289 394824 394823 394822 394821 389285 389284 383748 383747 372676 361604 372677 361605 356069 356070 356071 356072 372678 361606 361607 361608 361609 383753 372681 383752 372680 378214 383751 372679
bot 113 115 r3pvfglh 2069697088 204119 52
owned 113 204119 204120 204121 204122 209658 198586 193050 193049 193048 193047 193046 193045 193044 193043 198579 204115 204116 204117 209653 209654 215190 215191 215192 215193 220728 220727 220726 220725 215189 215188 209652 209651 198580 187508 198581 187509 181973 181974 181975 181976 198582 187510 187511 187512 187513 209657 198585 209656 198584 204118 209655 198583
bot 114 116 fnl5ocw8 859755902 1447263 52
owned 114 1447263 1447264 1447265 1447266 1452802 1441730 1436194 1436193 1436192 1436191 1436190 1436189 1436188 1436187 1441723 1447259 1447260 1447261 1452797 1452798 1458334 1458335 1458336 1458337 1463872 1463871 1463870 1463869 1458333 1458332 1452796 1452795 1441724 1430652 1441725 1430653 1425117 1425118 1425119 1425120 1441726 1430654 1430655 1430656 1430657 1452801 1441729 1452800 1441728 1447262 1452799 1441727
bot 115 117 7391zjkf 1287430659 1403491 52
owned 115 1403491 1403492 1403493 1403494 1409030 1397958 1392422 1392421 1392420 1392419 1392418 1392417 1392416 1392415 1397951 1403487 1403488 1403489 1409025 1409026 1414562 1414563 1414564 1414565 1420100 1420099 1420098 1420097 1414561 1414560 1409024 1409023 1397952 1386880 1397953 1386881 1381345 1381346 1381347 1381348 1397954 1386882 1386883 1386884 1386885 1409029 1397957 1409028 1397956 1403490 1409027 1397955
bot 116 118 ow5basj8 251269497 1481652 52
owned 116 1481652 1481653 1481654 1481655 1487191 1476119 1470583 1470582 1470581 1470580 1470579 1470578 1470577 1470576 1476112 1481648 1481649 1481650 1487186 1487187 1492723 1492724 1492725 1492726 1498261 1498260 1498259 1498258 1492722 1492721 1487185 1487184 1476113 1465041 1476114 1465042 1459506 1459507 1459508 1459509 1476115 1465043 1465044 1465045 1465046 1487190 1476118 1487189 1476117 1481651 1487188 1476116
bot 117 119 olinuy4r 579061672 1059925 52
owned 117 1059925 1059926 1059927 1059928 1065464 1054392 1048856 1048855 1048854 1048853 1048852 1048851 1048850 1048849 1054385 1059921 1059922 1059923 1065459 1065460 1070996 1070997 1070998 1070999 1076534 1076533 1076532 1076531 1070995 1070994 1065458 1065457 1054386 1043314 1054387 1043315 1037779 1037780 1037781 1037782 1054388 1043316 1043317 1043318 1043319 1065463 1054391 1065462 1054390 1059924 1065461 1054389
bot 118 120 2e2jcypv -1993908003 529056 52
owned 118 529056 529057 529058 529059 534595 523523 517987 517986 517985 517984 517983 517982 517981 517980 523516 529052 529053 529054 534590 534591 540127 540128 540129 540130 545665 545664 545663 545662 540126 540125 534589 534588 523517 512445 523518 512446 506910 506911 506912 506913 523519 512447 512448 512449 512450 534594 523522 534593 523521 529055 534592 523520
bot 119 121 nx0it9ss 1186690332 771524 52
owned 119 771524 771525 771526 771527 777063 765991 760455 760454 760453 760452 760451 760450 760449 760448 765984 771520 771521 771522 777058 777059 782595 782596 782597 782598 788133 788132 788131 788130 782594 782593 777057 777056 765985 754913 765986 754914 749378 749379 749380 749381 765987 754915 754916 754917 754918 777062 765990 777061 765989 771523 777060 765988
bot 120 122 tt57j91k 1968342095 374053 52
owned 120 374053 374054 374055 374056 379592 368520 362984 362983 362982 362981 362980 362979 362978 362977 368513 374049 374050 374051 379587 379588 385124 385125 385126 385127 390662 390661 390660 390659 385123 385122 379586 379585 368514 357442 368515 357443 351907 351908 351909 351910 368516 357444 357445 357446 357447 379591 368519 379590 368518 374052 379589 368517
bot 121 123 87aoci2n 1254425141 106734 52
owned 121 106734 106735 106736 106737 112273 101201 95665 95664 95663 95662 95661 95660 95659 95658 101194 106730 106731 106732 112268 112269 117805 117806 117807 117808 123343 123342 123341 123340 117804 117803 112267 112266 101195 90123 101196 90124 84588 84589 84590 84591 101197 90125 90126 90127 90128 112272 101200 112271 101199 106733 112270 101198
bot 122 124 wk147shp 1355991785 1035911 52
owned 122 1035911 1035912 1035913 1035914 1041450 1030378 1024842 1024841 1024840 1024839 1024838 1024837 1024836 1024835 1030371 1035907 1035908 1035909 1041445 1041446 1046982 1046983 1046984 1046985 1052520 1052519 1052518 1052517 1046981 1046980 1041444 1041443 1030372 1019300 1030373 1019301 1013765 1013766 1013767 1013768 1030374 1019302 1019303 1019304 1019305 1041449 1030377 1041448 1030376 1035910 1041447 1030375
bot 123 125 q8jb2dnz 879696417 1017029 52
owned 123 1017029 1017030 1017031 1017032 1022568 1011496 1005960 1005959 1005958 1005957 1005956 1005955 1005954 1005953 1011489 1017025 1017026 1017027 1022563 1022564 1028100 1028101 1028102 1028103 1033638 1033637 1033636 1033635 1028099 1028098 1022562 1022561 1011490 1000418 1011491 1000419 994883 994884 994885 994886 1011492 1000420 1000421 1000422 1000423 1022567 1011495 1022566 1011494 1017028 1022565 1011493
bot 124 126 4yzxt2gp 465535386 184467 52
owned 124 184467 184468 184469 184470 190006 178934 173398 173397 173396 173395 173394 173393 173392 173391 178927 184463 184464 184465 190001 190002 195538 195539 195540 195541 201076 201075 201074 201073 195537 195536 190000 189999 178928 167856 178929 167857 162321 162322 162323 162324 178930 167858 167859 167860 167861 190005 178933 190004 178932 184466 190003 178931
bot 125 127 755xej7w 1728585790 1495089 52
owned 125 1495089 1495090 1495091 1495092 1500628 1489556 1484020 1484019 1484018 1484017 1484016 1484015 1484014 1484013 1489549 1495085 1495086 1495087 1500623 1500624 1506160 1506161 1506162 1506163 1511698 1511697 1511696 1511695 1506159 1506158 1500622 1500621 1489550 1478478 1489551 1478479 1472943 1472944 1472945 1472946 1489552 1478480 1478481 1478482 1478483 1500627 1489555 1500626 1489554 1495088 1500625 1489553
bot 126 128 hjhprwfn 984070701 70526 52
owned 126 70526 70527 70528 70529 76065 64993 59457 59456 59455 59454 59453 59452 59451 59450 64986 70522 70523 70524 76060 76061 81597 81598 81599 81600 87135 87134 87133 87132 81596 81595 76059 76058 64987 53915 64988 53916 48380 48381 48382 48383 64989 53917 53918 53919 53920 76064 64992 76063 64991 70525 76062 64990
bot 127 129 n66i0csf 983881029 1091993 52
owned 127 1091993 1091994 1091995 1091996 1097532 1086460 1080924 1080923 1080922 1080921 1080920 1080919 1080918 1080917 1086453 1091989 1091990 1091991 1097527 1097528 1103064 1103065 1103066 1103067 1108602 1108601 1108600 1108599 1103063 1103062 1097526 1097525 1086454 1075382 1086455 1075383 1069847 1069848 1069849 1069850 1086456 1075384 1075385 1075386 1075387 1097531 1086459 1097530 1086458 1091992 1097529 1086457
bot 128 130 am3stnxi 1295629627 1196097 52
owned 128 1196097 1196098 1196099 1196100 1201636 1190564 1185028 1185027 1185026 1185025 1185024 1185023 1185022 1185021 1190557 1196093 1196094 1196095 1201631 1201632 1207168 1207169 1207170 1207171 1212706 1212705 1212704 1212703 1207167 1207166 1201630 1201629 1190558 1179486 1190559 1179487 1173951 1173952 1173953 1173954 1190560 1179488 1179489 1179490 1179491 1201635 1190563 1201634 1190562 1196096 1201633 1190561
bot 129 131 pmeqlcvs 1644107559 1264852 52
owned 129 1264852 1264853 1264854 1264855 1270391 1259319 1253783 1253782 1253781 1253780 1253779 1253778 1253777 1253776 1259312 1264848 1264849 1264850 1270386 1270387 1275923 1275924 1275925 1275926 1281461 1281460 1281459 1281458 1275922 1275921 1270385 1270384 1259313 1248241 1259314 1248242 1242706 1242707 1242708 1242709 1259315 1248243 1248244 1248245 1248246 1270390 1259318 1270389 1259317 1264851 1270388 1259316
bot 130 132 xl8vnvj2 1983802758 1309345 52
owned 130 1309345 1309346 1309347 1309348 1314884 1303812 1298276 1298275 1298274 1298273 1298272 1298271 1298270 1298269 1303805 1309341 1309342 1309343 1314879 1314880 1320416 1320417 1320418 1320419 1325954 1325953 1325952 1325951 1320415 1320414 1314878 1314877 1303806 1292734 1303807 1292735 1287199 1287200 1287201 1287202 1303808 1292736 1292737 1292738 1292739 1314883 1303811 1314882 1303810 1309344 1314881 1303809
bot 131 133 0f3l9cg5 575005501 95819 52
owned 131 95819 95820 95821 95822 101358 90286 84750 84749 84748 84747 84746 84745 84744 84743 90279 95815 95816 95817 101353 101354 106890 106891 106892 106893 112428 112427 112426 112425 106889 106888 101352 101351 90280 79208 90281 79209 73673 73674 73675 73676 90282 79210 79211 79212 79213 101357 90285 101356 90284 95818 101355 90283
bot 132 134 siocmotr 754194894 1478095 52
owned 132 1478095 1478096 1478097 1478098 1483634 1472562 1467026 1467025 1467024 1467023 1467022 1467021 1467020 1467019 1472555 1478091 1478092 1478093 1483629 1483630 1489166 1489167 1489168 1489169 1494704 1494703 1494702 1494701 1489165 1489164 1483628 1483627 1472556 1461484 1472557 1461485 1455949 1455950 1455951 1455952 1472558 1461486 1461487 1461488 1461489 1483633 1472561 1483632 1472560 1478094 1483631 1472559
bot 133 135 uf75fjkr 515106218 675141 52
owned 133 675141 675142 675143 675144 680680 669608 664072 664071 664070 664069 664068 664067 664066 664065 669601 675137 675138 675139 680675 680676 686212 686213 686214 686215 691750 691749 691748 691747 686211 686210 680674 680673 669602 658530 669603 658531 652995 652996 652997 652998 669604 658532 658533 658534 658535 680679 669607 680678 669606 675140 680677 669605
bot 134 136 3nuksgyo 1205368543 460227 52
owned 134 460227 460228 460229 460230 465766 454694 449158 449157 449156 449155 449154 449153 449152 449151 454687 460223 460224 460225 465761 465762 471298 471299 471300 471301 476836 476835 476834 476833 471297 471296 465760 465759 454688 443616 454689 443617 438081 438082 438083 438084 454690 443618 443619 443620 443621 465765 454693 465764 454692 460226 465763 454691
bot 135 137 isfwwr01 552169627 1411769 52
owned 135 1411769 1411770 1411771 1411772 1417308 1406236 1400700 1400699 1400698 1400697 1400696 1400695 1400694 1400693 1406229 1411765 1411766 1411767 1417303 1417304 1422840 1422841 1422842 1422843 1428378 1428377 1428376 1428375 1422839 1422838 1417302 1417301 1406230 1395158 1406231 1395159 1389623 1389624 1389625 1389626 1406232 1395160 1395161 1395162 1395163 1417307 1406235 1417306 1406234 1411768 1417305 1406233
bot 136 138 auuv9uim 1696267609 1492297 52
owned 136 1492297 1492298 1492299 1492300 1497836 1486764 1481228 1481227 1481226 1481225 1481224 1481223 1481222 1481221 1486757 1492293 1492294 1492295 1497831 1497832 1503368 1503369 1503370 1503371 1508906 1508905 1508904 1508903 1503367 1503366 1497830 1497829 1486758 1475686 1486759 1475687 1470151 1470152 1470153 1470154 1486760 1475688 1475689 1475690 1475691 1497835 1486763 1497834 1486762 1492296 1497833 1486761
bot 137 139 mdro7fya 1606413849 673806 52
owned 137 673806 673807 673808 673809 679345 668273 662737 662736 662735 662734 662733 662732 662731 662730 668266 673802 673803 673804 679340 679341 684877 684878 684879 684880 690415 690414 690413 690412 684876 684875 679339 679338 668267 657195 668268 657196 651660 651661 651662 651663 668269 657197 657198 657199 657200 679344 668272 679343 668271 673805 679342 668270
bot 138 140 8qfmz7a7 1176881937 1346132 52
owned 138 1346132 1346133 1346134 1346135 1351671 1340599 1335063 1335062 1335061 1335060 1335059 1335058 1335057 1335056 1340592 1346128 1346129 1346130 1351666 1351667 1357203 1357204 1357205 1357206 1362741 1362740 1362739 1362738 1357202 1357201 1351665 1351664 1340593 1329521 1340594 1329522 1323986 1323987 1323988 1323989 1340595 1329523 1329524 1329525 1329526 1351670 1340598 1351669 1340597 1346131 1351668 1340596
bot 139 141 m8j6zoax -2013427167 343672 52
owned 139 343672 343673 343674 343675 349211 338139 332603 332602 332601 332600 332599 332598 332597 332596 338132 343668 343669 343670 349206 349207 354743 354744 354745 354746 360281 360280 360279 360278 354742 354741 349205 349204 338133 327061 338134 327062 321526 321527 321528 321529 338135 327063 327064 327065 327066 349210 338138 349209 338137 343671 349208 338136
bot 140 142 7236xcde 232703150 535628 52
owned 140 535628 535629 535630 535631 541167 530095 524559 524558 524557 524556 524555 524554 524553 524552 530088 535624 535625 535626 541162 541163 546699 546700 546701 546702 552237 552236 552235 552234 546698 546697 541161 541160 530089 519017 530090 519018 513482 513483 513484 513485 530091 519019 519020 519021 519022 541166 530094 541165 530093 535627 541164 530092
bot 141 143 n4vtdnwp 1052857899 135160 52
owned 141 135160 135161 135162 135163 140699 129627 124091 124090 124089 124088 124087 124086 124085 124084 129620 135156 135157 135158 140694 140695 146231 146232 146233 146234 151769 151768 151767 151766 146230 146229 140693 140692 129621 118549 129622 118550 113014 113015 113016 113017 129623 118551 118552 118553 118554 140698 129626 140697 129625 135159 140696 129624
bot 142 144 yggevgbl 619188651 86458 52
owned 142 86458 86459 86460 86461 91997 80925 75389 75388 75387 75386 75385 75384 75383 75382 80918 86454 86455 86456 91992 91993 97529 97530 97531 97532 103067 103066 103065 103064 97528 97527 91991 91990 80919 69847 80920 69848 64312 64313 64314 64315 80921 69849 69850 69851 69852 91996 80924 91995 80923 86457 91994 80922
bot 143 145 beijdl2w 1770559541 1322381 52
owned 143 1322381 1322382 1322383 1322384 1327920 1316848 1311312 1311311 1311310 1311309 1311308 1311307 1311306 1311305 1316841 1322377 1322378 1322379 1327915 1327916 1333452 1333453 1333454 1333455 1338990 1338989 1338988 1338987 1333451 1333450 1327914 1327913 1316842 1305770 1316843 1305771 1300235 1300236 1300237 1300238 1316844 1305772 1305773 1305774 1305775 1327919 1316847 1327918 1316846 1322380 1327917 1316845
bot 144 146 d2oo7mhj 1623230014 854369 52
owned 144 854369 854370 854371 854372 859908 848836 843300 843299 843298 843297 843296 843295 843294 843293 848829 854365 854366 854367 859903 859904 865440 865441 865442 865443 870978 870977 870976 870975 865439 865438 859902 859901 848830 837758 848831 837759 832223 832224 832225 832226 848832 837760 837761 837762 837763 859907 848835 859906 848834 854368 859905 848833
bot 145 147 wrheiirw 2112064519 1455434 52
owned 145 1455434 1455435 1455436 1455437 1460973 1449901 1444365 1444364 1444363 1444362 1444361 1444360 1444359 1444358 1449894 1455430 1455431 1455432 1460968 1460969 1466505 1466506 1466507 1466508 1472043 1472042 1472041 1472040 1466504 1466503 1460967 1460966 1449895 1438823 1449896 1438824 1433288 1433289 1433290 1433291 1449897 1438825 1438826 1438827 1438828 1460972 1449900 1460971 1449899 1455433 1460970 1449898
bot 146 148 d03y3hz5 811907394 1169473 52
owned 146 1169473 1169474 1169475 1169476 1175012 1163940 1158404 1158403 1158402 1158401 1158400 1158399 1158398 1158397 1163933 1169469 1169470 1169471 1175007 1175008 1180544 1180545 1180546 1180547 1186082 1186081 1186080 1186079 1180543 1180542 1175006 1175005 1163934 1152862 1163935 1152863 1147327 1147328 1147329 1147330 1163936 1152864 1152865 1152866 1152867 1175011 1163939 1175010 1163938 1169472 1175009 1163937
bot 147 149 5xaek3av 343771744 46535 52
owned 147 46535 46536 46537 46538 52074 41002 35466 35465 35464 35463 35462 35461 35460 35459 40995 46531 46532 46533 52069 52070 57606 57607 57608 57609 63144 63143 63142 63141 57605 57604 52068 52067 40996 29924 40997 29925 24389 24390 24391 24392 40998 29926 29927 29928 29929 52073 41001 52072 41000 46534 52071 40999
bot 148 150 gz34o9hq 1756820811 216581 52
owned 148 216581 216582 216583 216584 222120 211048 205512 205511 205510 205509 205508 205507 205506 205505 211041 216577 216578 216579 222115 222116 227652 227653 227654 227655 233190 233189 233188 233187 227651 227650 222114 222113 211042 199970 211043 199971 194435 194436 194437 194438 211044 199972 199973 199974 199975 222119 211047 222118 211046 216580 222117 211045
bot 149 151 37xw489f 714130640 156300 52
owned 149 156300 156301 156302 156303 161839 150767 145231 145230 145229 145228 145227 145226 145225 145224 150760 156296 156297 156298 161834 161835 167371 167372 167373 167374 172909 172908 172907 172906 167370 167369 161833 161832 150761 139689 150762 139690 134154 134155 134156 134157 150763 139691 139692 139693 139694 161838 150766 161837 150765 156299 161836 150764
bot 150 152 k3srrvn9 1301902254 1230463 52
owned 150 1230463 1230464 1230465 1230466 1236002 1224930 1219394 1219393 1219392 1219391 1219390 1219389 1219388 1219387 1224923 1230459 1230460 1230461 1235997 1235998 1241534 1241535 1241536 1241537 1247072 1247071 1247070 1247069 1241533 1241532 1235996 1235995 1224924 1213852 1224925 1213853 1208317 1208318 1208319 1208320 1224926 1213854 1213855 1213856 1213857 1236001 1224929 1236000 1224928 1230462 1235999 1224927
bot 151 153 5isbkj04 258819646 1452842 52
owned 151 1452842 1452843 1452844 1452845 1458381 1447309 1441773 1441772 1441771 1441770 1441769 1441768 1441767 1441766 1447302 1452838 1452839 1452840 1458376 1458377 1463913 1463914 1463915 1463916 1469451 1469450 1469449 1469448 1463912 1463911 1458375 1458374 1447303 1436231 1447304 1436232 1430696 1430697 1430698 1430699 1447305 1436233 1436234 1436235 1436236 1458380 1447308 1458379 1447307 1452841 1458378 1447306
bot 152 154 r73y2vzl 264824291 927672 52
owned 152 927672 927673 927674 927675 933211 922139 916603 916602 916601 916600 916599 916598 916597 916596 922132 927668 927669 927670 933206 933207 938743 938744 938745 938746 944281 944280 944279 944278 938742 938741 933205 933204 922133 911061 922134 911062 905526 905527 905528 905529 922135 911063 911064 911065 911066 933210 922138 933209 922137 927671 933208 922136
bot 153 155 36x3kyhk 1662731317 67530 52
owned 153 67530 67531 67532 67533 73069 61997 56461 56460 56459 56458 56457 56456 56455 56454 61990 67526 67527 67528 73064 73065 78601 78602 78603 78604 84139 84138 84137 84136 78600 78599 73063 73062 61991 50919 61992 50920 45384 45385 45386 45387 61993 50921 50922 50923 50924 73068 61996 73067 61995 67529 73066 61994
bot 154 156 01ob2tlo 1786744221 68284 52
owned 154 68284 68285 68286 68287 73823 62751 57215 57214 57213 57212 57211 57210 57209 57208 62744 68280 68281 68282 73818 73819 79355 79356 79357 79358 84893 84892 84891 84890 79354 79353 73817 73816 62745 51673 62746 51674 46138 46139 46140 46141 62747 51675 51676 51677 51678 73822 62750 73821 62749 68283 73820 62748
bot 155 157 cb13fbp5 1249598146 1378376 52
owned 155 1378376 1378377 1378378 1378379 1383915 1372843 1367307 1367306 1367305 1367304 1367303 1367302 1367301 1367300 1372836 1378372 1378373 1378374 1383910 1383911 1389447 1389448 1389449 1389450 1394985 1394984 1394983 1394982 1389446 1389445 1383909 1383908 1372837 1361765 1372838 1361766 1356230 1356231 1356232 1356233 1372839 1361767 1361768 1361769 1361770 1383914 1372842 1383913 1372841 1378375 1383912 1372840
bot 156 158 vmmrq63s 899362917 898625 52
owned 156 898625 898626 898627 898628 904164 893092 887556 887555 887554 887553 887552 887551 887550 887549 893085 898621 898622 898623 904159 904160 909696 909697 909698 909699 915234 915233 915232 915231 909695 909694 904158 904157 893086 882014 893087 882015 876479 876480 876481 876482 893088 882016 882017 882018 882019 904163 893091 904162 893090 898624 904161 893089
bot 157 159 nkjckjq8 -2033092416 1407220 52
owned 157 1407220 1407221 1407222 1407223 1412759 1401687 1396151 1396150 1396149 1396148 1396147 1396146 1396145 1396144 1401680 1407216 1407217 1407218 1412754 1412755 1418291 1418292 1418293 1418294 1423829 1423828 1423827 1423826 1418290 1418289 1412753 1412752 1401681 1390609 1401682 1390610 1385074 1385075 1385076 1385077 1401683 1390611 1390612 1390613 1390614 1412758 1401686 1412757 1401685 1407219 1412756 1401684
bot 158 160 wcggivof -2120004876 1043704 52
owned 158 1043704 1043705 1043706 1043707 1049243 1038171 1032635 1032634 1032633 1032632 1032631 1032630 1032629 1032628 1038164 1043700 1043701 1043702 1049238 1049239 1054775 1054776 1054777 1054778 1060313 1060312 1060311 1060310 1054774 1054773 1049237 1049236 1038165 1027093 1038166 1027094 1021558 1021559 1021560 1021561 1038167 1027095 1027096 1027097 1027098 1049242 1038170 1049241 1038169 1043703 1049240 1038168
bot 159 161 1w1ciciy 988641666 54179 52
owned 159 54179 54180 54181 54182 59718 48646 43110 43109 43108 43107 43106 43105 43104 43103 48639 54175 54176 54177 59713 59714 65250 65251 65252 65253 70788 70787 70786 70785 65249 65248 59712 59711 48640 37568 48641 37569 32033 32034 32035 32036 48642 37570 37571 37572 37573 59717 48645 59716 48644 54178 59715 48643
bot 160 162 2a0v7iem 1603609301 1384571 52
owned 160 1384571 1384572 1384573 1384574 1390110 1379038 1373502 1373501 1373500 1373499 1373498 1373497 1373496 1373495 1379031 1384567 1384568 1384569 1390105 1390106 1395642 1395643 1395644 1395645 1401180 1401179 1401178 1401177 1395641 1395640 1390104 1390103 1379032 1367960 1379033 1367961 1362425 1362426 1362427 1362428 1379034 1367962 1367963 1367964 1367965 1390109 1379037 1390108 1379036 1384570 1390107 1379035
bot 161 163 jcz64pkr 1490381084 361580 52
owned 161 361580 361581 361582 361583 367119 356047 350511 350510 350509 350508 350507 350506 350505 350504 356040 361576 361577 361578 367114 367115 372651 372652 372653 372654 378189 378188 378187 378186 372650 372649 367113 367112 356041 344969 356042 344970 339434 339435 339436 339437 356043 344971 344972 344973 344974 367118 356046 367117 356045 361579 367116 356044
bot 162 164 v0ljq6tk -2113715216 263613 52
owned 162 263613 263614 263615 263616 269152 258080 252544 252543 252542 252541 252540 252539 252538 252537 258073 263609 263610 263611 269147 269148 274684 274685 274686 274687 280222 280221 280220 280219 274683 274682 269146 269145 258074 247002 258075 247003 241467 241468 241469 241470 258076 247004 247005 247006 247007 269151 258079 269150 258078 263612 269149 258077
bot 163 165 adg8798c 1411060963 802838 52
owned 163 802838 802839 802840 802841 808377 797305 791769 791768 791767 791766 791765 791764 791763 791762 797298 802834 802835 802836 808372 808373 813909 813910 813911 813912 819447 819446 819445 819444 813908 813907 808371 808370 797299 786227 797300 786228 780692 780693 780694 780695 797301 786229 786230 786231 786232 808376 797304 808375 797303 802837 808374 797302
bot 164 166 5ghp3e6u -1957476071 1425234 52
owned 164 1425234 1425235 1425236 1425237 1430773 1419701 1414165 1414164 1414163 1414162 1414161 1414160 1414159 1414158 1419694 1425230 1425231 1425232 1430768 1430769 1436305 1436306 1436307 1436308 1441843 1441842 1441841 1441840 1436304 1436303 1430767 1430766 1419695 1408623 1419696 1408624 1403088 1403089 1403090 1403091 1419697 1408625 1408626 1408627 1408628 1430772 1419700 1430771 1419699 1425233 1430770 1419698
bot 165 167 h5bdt6q4 959985296 654590 52
owned 165 654590 654591 654592 654593 660129 649057 643521 643520 643519 643518 643517 643516 643515 643514 649050 654586 654587 654588 660124 660125 665661 665662 665663 665664 671199 671198 671197 671196 665660 665659 660123 660122 649051 637979 649052 637980 632444 632445 632446 632447 649053 637981 637982 637983 637984 660128 649056 660127 649055 654589 660126 649054
bot 166 168 5oce5zsz 760830796 186888 52
owned 166 186888 186889 186890 186891 192427 181355 175819 175818 175817 175816 175815 175814 175813 175812 181348 186884 186885 186886 192422 192423 197959 197960 197961 197962 203497 203496 203495 203494 197958 197957 192421 192420 181349 170277 181350 170278 164742 164743 164744 164745 181351 170279 170280 170281 170282 192426 181354 192425 181353 186887 192424 181352
bot 167 169 xka3bnm9 -2087114015 1490194 52
owned 167 1490194 1490195 1490196 1490197 1495733 1484661 1479125 1479124 1479123 1479122 1479121 1479120 1479119 1479118 1484654 1490190 1490191 1490192 1495728 1495729 1501265 1501266 1501267 1501268 1506803 1506802 1506801 1506800 1501264 1501263 1495727 1495726 1484655 1473583 1484656 1473584 1468048 1468049 1468050 1468051 1484657 1473585 1473586 1473587 1473588 1495732 1484660 1495731 1484659 1490193 1495730 1484658
bot 168 170 3w1tydq6 1781810637 564788 52
owned 168 564788 564789 564790 564791 570327 559255 553719 553718 553717 553716 553715 553714 553713 553712 559248 564784 564785 564786 570322 570323 575859 575860 575861 575862 581397 581396 581395 581394 575858 575857 570321 570320 559249 548177 559250 548178 542642 542643 542644 542645 559251 548179 548180 548181 548182 570326 559254 570325 559253 564787 570324 559252
bot 169 171 upd1qyae 1501438200 80461 52
owned 169 80461 80462 80463 80464 86000 74928 69392 69391 69390 69389 69388 69387 69386 69385 74921 80457 80458 80459 85995 85996 91532 91533 91534 91535 97070 97069 97068 97067 91531 91530 85994 85993 74922 63850 74923 63851 58315 58316 58317 58318 74924 63852 63853 63854 63855 85999 74927 85998 74926 80460 85997 74925
bot 170 172 v4u31rox 2020264938 10629 34
owned 170 10629 10630 10631 10632 16168 5096 16167 21703 21702 21701 21700 21699 21698 16162 16161 10625 5089 5090 5091 5092 10627 10626 27235 16163 27236 16164 27237 27238 5095 16166 5094 10628 16165 5093
bot 171 173 q9vm95if 2121071836 943878 52
owned 171 943878 943879 943880 943881 949417 938345 932809 932808 932807 932806 932805 932804 932803 932802 938338 943874 943875 943876 949412 949413 954949 954950 954951 954952 960487 960486 960485 960484 954948 954947 949411 949410 938339 927267 938340 927268 921732 921733 921734 921735 938341 927269 927270 927271 927272 949416 938344 949415 938343 943877 949414 938342
bot 172 174 0yu8n2tu 1397211125 1060894 52
owned 172 1060894 1060895 1060896 1060897 1066433 1055361 1049825 1049824 1049823 1049822 1049821 1049820 1049819 1049818 1055354 1060890 1060891 1060892 1066428 1066429 1071965 1071966 1071967 1071968 1077503 1077502 1077501 1077500 1071964 1071963 1066427 1066426 1055355 1044283 1055356 1044284 1038748 1038749 1038750 1038751 1055357 1044285 1044286 1044287 1044288 1066432 1055360 1066431 1055359 1060893 1066430 1055358
bot 173 175 sc2ctn85 -2022032452 21971 48
owned 173 21971 21972 21973 21974 27510 16438 10902 10901 10900 10899 10898 10897 10896 10895 16431 21967 21968 21969 27505 27506 33042 33043 33044 33045 38580 38579 38578 38577 33041 33040 27504 27503 16432 5360 16433 5361 16434 5362 5363 5364 5365 27509 16437 27508 16436 21970 27507 16435
bot 174 176 z0gmspsi 801244755 144554 52
owned 174 144554 144555 144556 144557 150093 139021 133485 133484 133483 133482 133481 133480 133479 133478 139014 144550 144551 144552 150088 150089 155625 155626 155627 155628 161163 161162 161161 161160 155624 155623 150087 150086 139015 127943 139016 127944 122408 122409 122410 122411 139017 127945 127946 127947 127948 150092 139020 150091 139019 144553 150090 139018
bot 175 177 z7avk2un -2108559470 1332993 52
owned 175 1332993 1332994 1332995 1332996 1338532 1327460 1321924 1321923 1321922 1321921 1321920 1321919 1321918 1321917 1327453 1332989 1332990 1332991 1338527 1338528 1344064 1344065 1344066 1344067 1349602 1349601 1349600 1349599 1344063 1344062 1338526 1338525 1327454 1316382 1327455 1316383 1310847 1310848 1310849 1310850 1327456 1316384 1316385 1316386 1316387 1338531 1327459 1338530 1327458 1332992 1338529 1327457
bot 176 178 8efmeybn 1503896376 882436 52
owned 176 882436 882437 882438 882439 887975 876903 871367 871366 871365 871364 871363 871362 871361 871360 876896 882432 882433 882434 887970 887971 893507 893508 893509 893510 899045 899044 899043 899042 893506 893505 887969 887968 876897 865825 876898 865826 860290 860291 860292 860293 876899 865827 865828 865829 865830 887974 876902 887973 876901 882435 887972 876900
bot 177 179 bifxmou2 952921820 447745 52
owned 177 447745 447746 447747 447748 453284 442212 436676 436675 436674 436673 436672 436671 436670 436669 442205 447741 447742 447743 453279 453280 458816 458817 458818 458819 464354 464353 464352 464351 458815 458814 453278 453277 442206 431134 442207 431135 425599 425600 425601 425602 442208 431136 431137 431138 431139 453283 442211 453282 442210 447744 453281 442209
bot 178 180 plh6en5t -2053928810 876600 52
owned 178 876600 876601 876602 876603 882139 871067 865531 865530 865529 865528 865527 865526 865525 865524 871060 876596 876597 876598 882134 882135 887671 887672 887673 887674 893209 893208 893207 893206 887670 887669 882133 882132 871061 859989 871062 859990 854454 854455 854456 854457 871063 859991 859992 859993 859994 882138 871066 882137 871065 876599 882136 871064
bot 179 181 ay3m2wg5 1393210047 1353742 52
owned 179 1353742 1353743 1353744 1353745 1359281 1348209 1342673 1342672 1342671 1342670 1342669 1342668 1342667 1342666 1348202 1353738 1353739 1353740 1359276 1359277 1364813 1364814 1364815 1364816 1370351 1370350 1370349 1370348 1364812 1364811 1359275 1359274 1348203 1337131 1348204 1337132 1331596 1331597 1331598 1331599 1348205 1337133 1337134 1337135 1337136 1359280 1348208 1359279 1348207 1353741 1359278 1348206
bot 180 182 1zmogxmk 892305898 343515 52
owned 180 343515 343516 343517 343518 349054 337982 332446 332445 332444 332443 332442 332441 332440 332439 337975 343511 343512 343513 349049 349050 354586 354587 354588 354589 360124 360123 360122 360121 354585 354584 349048 349047 337976 326904 337977 326905 321369 321370 321371 321372 337978 326906 326907 326908 326909 349053 337981 349052 337980 343514 349051 337979
bot 181 183 55yraoi7 1468371801 1182580 52
owned 181 1182580 1182581 1182582 1182583 1188119 1177047 1171511 1171510 1171509 1171508 1171507 1171506 1171505 1171504 1177040 1182576 1182577 1182578 1188114 1188115 1193651 1193652 1193653 1193654 1199189 1199188 1199187 1199186 1193650 1193649 1188113 1188112 1177041 1165969 1177042 1165970 1160434 1160435 1160436 1160437 1177043 1165971 1165972 1165973 1165974 1188118 1177046 1188117 1177045 1182579 1188116 1177044
bot 182 184 1sc05h43 1585605541 1271014 52
owned 182 1271014 1271015 1271016 1271017 1276553 1265481 1259945 1259944 1259943 1259942 1259941 1259940 1259939 1259938 1265474 1271010 1271011 1271012 1276548 1276549 1282085 1282086 1282087 1282088 1287623 1287622 1287621 1287620 1282084 1282083 1276547 1276546 1265475 1254403 1265476 1254404 1248868 1248869 1248870 1248871 1265477 1254405 1254406 1254407 1254408 1276552 1265480 1276551 1265479 1271013 1276550 1265478
bot 183 185 37ibwik8 1160917256 1190288 52
owned 183 1190288 1190289 1190290 1190291 1195827 1184755 1179219 1179218 1179217 1179216 1179215 1179214 1179213 1179212 1184748 1190284 1190285 1190286 1195822 1195823 1201359 1201360 1201361 1201362 1206897 1206896 1206895 1206894 1201358 1201357 1195821 1195820 1184749 1173677 1184750 1173678 1168142 1168143 1168144 1168145 1184751 1173679 1173680 1173681 1173682 1195826 1184754 1195825 1184753 1190287 1195824 1184752
bot 184 186 uec16uxz 298442371 24639 52
owned 184 24639 24640 24641 24642 30178 19106 13570 13569 13568 13567 13566 13565 13564 13563 19099 24635 24636 24637 30173 30174 35710 35711 35712 35713 41248 41247 41246 41245 35709 35708 30172 30171 19100 8028 19101 8029 2493 2494 2495 2496 19102 8030 8031 8032 8033 30177 19105 30176 19104 24638 30175 19103
bot 185 187 9fd5ewrs 716216499 1272136 52
owned 185 1272136 1272137 1272138 1272139 1277675 1266603 1261067 1261066 1261065 1261064 1261063 1261062 1261061 1261060 1266596 1272132 1272133 1272134 1277670 1277671 1283207 1283208 1283209 1283210 1288745 1288744 1288743 1288742 1283206 1283205 1277669 1277668 1266597 1255525 1266598 1255526 1249990 1249991 1249992 1249993 1266599 1255527 1255528 1255529 1255530 1277674 1266602 1277673 1266601 1272135 1277672 1266600
bot 186 188 pe2p79c6 1616832572 608971 52
owned 186 608971 608972 608973 608974 614510 603438 597902 597901 597900 597899 597898 597897 597896 597895 603431 608967 608968 608969 614505 614506 620042 620043 620044 620045 625580 625579 625578 625577 620041 620040 614504 614503 603432 592360 603433 592361 586825 586826 586827 586828 603434 592362 592363 592364 592365 614509 603437 614508 603436 608970 614507 603435
bot 187 189 h1r85byk 647047218 150274 52
owned 187 150274 150275 150276 150277 155813 144741 139205 139204 139203 139202 139201 139200 139199 139198 144734 150270 150271 150272 155808 155809 161345 161346 161347 161348 166883 166882 166881 166880 161344 161343 155807 155806 144735 133663 144736 133664 128128 128129 128130 128131 144737 133665 133666 133667 133668 155812 144740 155811 144739 150273 155810 144738
bot 188 190 exulggll 2009242778 79476 52
owned 188 79476 79477 79478 79479 85015 73943 68407 68406 68405 68404 68403 68402 68401 68400 73936 79472 79473 79474 85010 85011 90547 90548 90549 90550 96085 96084 96083 96082 90546 90545 85009 85008 73937 62865 73938 62866 57330 57331 57332 57333 73939 62867 62868 62869 62870 85014 73942 85013 73941 79475 85012 73940
bot 189 191 zouqcp7v 1283425505 390094 52
owned 189 390094 390095 390096 390097 395633 384561 379025 379024 379023 379022 379021 379020 379019 379018 384554 390090 390091 390092 395628 395629 401165 401166 401167 401168 406703 406702 406701 406700 401164 401163 395627 395626 384555 373483 384556 373484 367948 367949 367950 367951 384557 373485 373486 373487 373488 395632 384560 395631 384559 390093 395630 384558
bot 190 192 k39sgybe 1779655355 1249669 52
owned 190 1249669 1249670 1249671 1249672 1255208 1244136 1238600 1238599 1238598 1238597 1238596 1238595 1238594 1238593 1244129 1249665 1249666 1249667 1255203 1255204 1260740 1260741 1260742 1260743 1266278 1266277 1266276 1266275 1260739 1260738 1255202 1255201 1244130 1233058 1244131 1233059 1227523 1227524 1227525 1227526 1244132 1233060 1233061 1233062 1233063 1255207 1244135 1255206 1244134 1249668 1255205 1244133
bot 191 193 orxhfzvz 2032568751 478218 52
owned 191 478218 478219 478220 478221 483757 472685 467149 467148 467147 467146 467145 467144 467143 467142 472678 478214 478215 478216 483752 483753 489289 489290 489291 489292 494827 494826 494825 494824 489288 489287 483751 483750 472679 461607 472680 461608 456072 456073 456074 456075 472681 461609 461610 461611 461612 483756 472684 483755 472683 478217 483754 472682
bot 192 194 uz8ynaez 593238994 337625 52
owned 192 337625 337626 337627 337628 343164 332092 326556 326555 326554 326553 326552 326551 326550 326549 332085 337621 337622 337623 343159 343160 348696 348697 348698 348699 354234 354233 354232 354231 348695 348694 343158 343157 332086 321014 332087 321015 315479 315480 315481 315482 332088 321016 321017 321018 321019 343163 332091 343162 332090 337624 343161 332089
bot 193 195 ubigewsr -2141021696 345728 52
owned 193 345728 345729 345730 345731 351267 340195 334659 334658 334657 334656 334655 334654 334653 334652 340188 345724 345725 345726 351262 351263 356799 356800 356801 356802 362337 362336 362335 362334 356798 356797 351261 351260 340189 329117 340190 329118 323582 323583 323584 323585 340191 329119 329120 329121 329122 351266 340194 351265 340193 345727 351264 340192
bot 194 196 w0ozvjdh 337579528 7013 34
owned 194 7013 7014 7015 7016 12552 1480 12551 18087 18086 18085 18084 18083 18082 12546 12545 7009 1473 1474 1475 1476 7011 7010 23619 12547 23620 12548 23621 23622 1479 12550 1478 7012 12549 1477
bot 195 197 f7yj98q8 2008342748 183101 52
owned 195 183101 183102 183103 183104 188640 177568 172032 172031 172030 172029 172028 172027 172026 172025 177561 183097 183098 183099 188635 188636 194172 194173 194174 194175 199710 199709 199708 199707 194171 194170 188634 188633 177562 166490 177563 166491 160955 160956 160957 160958 177564 166492 166493 166494 166495 188639 177567 188638 177566 183100 188637 177565
bot 196 198 2xzw4gp3 546471435 335529 52
owned 196 335529 335530 335531 335532 341068 329996 324460 324459 324458 324457 324456 324455 324454 324453 329989 335525 335526 335527 341063 341064 346600 346601 346602 346603 352138 352137 352136 352135 346599 346598 341062 341061 329990 318918 329991 318919 313383 313384 313385 313386 329992 318920 318921 318922 318923 341067 329995 341066 329994 335528 341065 329993
bot 197 199 9rkdgj28 2034230367 550435 52
owned 197 550435 550436 550437 550438 555974 544902 539366 539365 539364 539363 539362 539361 539360 539359 544895 550431 550432 550433 555969 555970 561506 561507 561508 561509 567044 567043 567042 567041 561505 561504 555968 555967 544896 533824 544897 533825 528289 528290 528291 528292 544898 533826 533827 533828 533829 555973 544901 555972 544900 550434 555971 544899
bot 198 200 aw987uy7 1696208469 368693 52
owned 198 368693 368694 368695 368696 374232 363160 357624 357623 357622 357621 357620 357619 357618 357617 363153 368689 368690 368691 374227 374228 379764 379765 379766 379767 385302 385301 385300 385299 379763 379762 374226 374225 363154 352082 363155 352083 346547 346548 346549 346550 363156 352084 352085 352086 352087 374231 363159 374230 363158 368692 374229 363157
bot 199 201 gr243zlh 1525078068 165304 52
owned 199 165304 165305 165306 165307 170843 159771 154235 154234 154233 154232 154231 154230 154229 154228 159764 165300 165301 165302 170838 170839 176375 176376 176377 176378 181913 181912 181911 181910 176374 176373 170837 170836 159765 148693 159766 148694 143158 143159 143160 143161 159767 148695 148696 148697 148698 170842 159770 170841 159769 165303 170840 159768
bot 200 202 zowu9kf4 1343123255 76451 52
owned 200 76451 76452 76453 76454 81990 70918 65382 65381 65380 65379 65378 65377 65376 65375 70911 76447 76448 76449 81985 81986 87522 87523 87524 87525 93060 93059 93058 93057 87521 87520 81984 81983 70912 59840 70913 59841 54305 54306 54307 54308 70914 59842 59843 59844 59845 81989 70917 81988 70916 76450 81987 70915
bot 201 203 2dtf8q4x 1304023651 684988 52
owned 201 684988 684989 684990 684991 690527 679455 673919 673918 673917 673916 673915 673914 673913 673912 679448 684984 684985 684986 690522 690523 696059 696060 696061 696062 701597 701596 701595 701594 696058 696057 690521 690520 679449 668377 679450 668378 662842 662843 662844 662845 679451 668379 668380 668381 668382 690526 679454 690525 679453 684987 690524 679452
bot 202 204 y9oft8w2 1767905134 256748 52
owned 202 256748 256749 256750 256751 262287 251215 245679 245678 245677 245676 245675 245674 245673 245672 251208 256744 256745 256746 262282 262283 267819 267820 267821 267822 273357 273356 273355 273354 267818 267817 262281 262280 251209 240137 251210 240138 234602 234603 234604 234605 251211 240139 240140 240141 240142 262286 251214 262285 251213 256747 262284 251212
bot 203 205 ed7kjxq3 386177703 1326951 52
owned 203 1326951 1326952 1326953 1326954 1332490 1321418 1315882 1315881 1315880 1315879 1315878 1315877 1315876 1315875 1321411 1326947 1326948 1326949 1332485 1332486 1338022 1338023 1338024 1338025 1343560 1343559 1343558 1343557 1338021 1338020 1332484 1332483 1321412 1310340 1321413 1310341 1304805 1304806 1304807 1304808 1321414 1310342 1310343 1310344 1310345 1332489 1321417 1332488 1321416 1326950 1332487 1321415
bot 204 206 nxt1ptsi 1154794981 32372 52
owned 204 32372 32373 32374 32375 37911 26839 21303 21302 21301 21300 21299 21298 21297 21296 26832 32368 32369 32370 37906 37907 43443 43444 43445 43446 48981 48980 48979 48978 43442 43441 37905 37904 26833 15761 26834 15762 10226 10227 10228 10229 26835 15763 15764 15765 15766 37910 26838 37909 26837 32371 37908 26836
bot 205 207 p825v2fd 1789039945 122037 52
owned 205 122037 122038 122039 122040 127576 116504 110968 110967 110966 110965 110964 110963 110962 110961 116497 122033 122034 122035 127571 127572 133108 133109 133110 133111 138646 138645 138644 138643 133107 133106 127570 127569 116498 105426 116499 105427 99891 99892 99893 99894 116500 105428 105429 105430 105431 127575 116503 127574 116502 122036 127573 116501
bot 206 208 wyarb4qo 383163841 1346044 52
owned 206 1346044 1346045 1346046 1346047 1351583 1340511 1334975 1334974 1334973 1334972 1334971 1334970 1334969 1334968 1340504 1346040 1346041 1346042 1351578 1351579 1357115 1357116 1357117 1357118 1362653 1362652 1362651 1362650 1357114 1357113 1351577 1351576 1340505 1329433 1340506 1329434 1323898 1323899 1323900 1323901 1340507 1329435 1329436 1329437 1329438 1351582 1340510 1351581 1340509 1346043 1351580 1340508
bot 207 209 qfs7b4z4 1471954815 952665 52
owned 207 952665 952666 952667 952668 958204 947132 941596 941595 941594 941593 941592 941591 941590 941589 947125 952661 952662 952663 958199 958200 963736 963737 963738 963739 969274 969273 969272 969271 963735 963734 958198 958197 947126 936054 947127 936055 930519 930520 930521 930522 947128 936056 936057 936058 936059 958203 947131 958202 947130 952664 958201 947129
bot 208 210 ms13gmzm 1647820133 1065169 52
owned 208 1065169 1065170 1065171 1065172 1070708 1059636 1054100 1054099 1054098 1054097 1054096 1054095 1054094 1054093 1059629 1065165 1065166 1065167 1070703 1070704 1076240 1076241 1076242 1076243 1081778 1081777 1081776 1081775 1076239 1076238 1070702 1070701 1059630 1048558 1059631 1048559 1043023 1043024 1043025 1043026 1059632 1048560 1048561 1048562 1048563 1070707 1059635 1070706 1059634 1065168 1070705 1059633
bot 209 211 ym8zggo3 322620766 1229933 52
owned 209 1229933 1229934 1229935 1229936 1235472 1224400 1218864 1218863 1218862 1218861 1218860 1218859 1218858 1218857 1224393 1229929 1229930 1229931 1235467 1235468 1241004 1241005 1241006 1241007 1246542 1246541 1246540 1246539 1241003 1241002 1235466 1235465 1224394 1213322 1224395 1213323 1207787 1207788 1207789 1207790 1224396 1213324 1213325 1213326 1213327 1235471 1224399 1235470 1224398 1229932 1235469 1224397
bot 210 212 8jahbnpg 1498584608 33536 52
owned 210 33536 33537 33538 33539 39075 28003 22467 22466 22465 22464 22463 22462 22461 22460 27996 33532 33533 33534 39070 39071 44607 44608 44609 44610 50145 50144 50143 50142 44606 44605 39069 39068 27997 16925 27998 16926 11390 11391 11392 11393 27999 16927 16928 16929 16930 39074 28002 39073 28001 33535 39072 28000
bot 211 213 b0djjiez 1834536396 1083862 52
owned 211 1083862 1083863 1083864 1083865 1089401 1078329 1072793 1072792 1072791 1072790 1072789 1072788 1072787 1072786 1078322 1083858 1083859 1083860 1089396 1089397 1094933 1094934 1094935 1094936 1100471 1100470 1100469 1100468 1094932 1094931 1089395 1089394 1078323 1067251 1078324 1067252 1061716 1061717 1061718 1061719 1078325 1067253 1067254 1067255 1067256 1089400 1078328 1089399 1078327 1083861 1089398 1078326
bot 212 214 s9xysw8i 1381855552 99822 52
owned 212 99822 99823 99824 99825 105361 94289 88753 88752 88751 88750 88749 88748 88747 88746 94282 99818 99819 99820 105356 105357 110893 110894 110895 110896 116431 116430 116429 116428 110892 110891 105355 105354 94283 83211 94284 83212 77676 77677 77678 77679 94285 83213 83214 83215 83216 105360 94288 105359 94287 99821 105358 94286
bot 213 215 t3s2qgvc 1885822309 1129809 52
owned 213 1129809 1129810 1129811 1129812 1135348 1124276 1118740 1118739 1118738 1118737 1118736 1118735 1118734 1118733 1124269 1129805 1129806 1129807 1135343 1135344 1140880 1140881 1140882 1140883 1146418 1146417 1146416 1146415 1140879 1140878 1135342 1135341 1124270 1113198 1124271 1113199 1107663 1107664 1107665 1107666 1124272 1113200 1113201 1113202 1113203 1135347 1124275 1135346 1124274 1129808 1135345 1124273
bot 214 216 aquue8ni -1995066298 1219178 52
owned 214 1219178 1219179 1219180 1219181 1224717 1213645 1208109 1208108 1208107 1208106 1208105 1208104 1208103 1208102 1213638 1219174 1219175 1219176 1224712 1224713 1230249 1230250 1230251 1230252 1235787 1235786 1235785 1235784 1230248 1230247 1224711 1224710 1213639 1202567 1213640 1202568 1197032 1197033 1197034 1197035 1213641 1202569 1202570 1202571 1202572 1224716 1213644 1224715 1213643 1219177 1224714 1213642
bot 215 217 u3k8ktyr 1336475575 871803 52
owned 215 871803 871804 871805 871806 877342 866270 860734 860733 860732 860731 860730 860729 860728 860727 866263 871799 871800 871801 877337 877338 882874 882875 882876 882877 888412 888411 888410 888409 882873 882872 877336 877335 866264 855192 866265 855193 849657 849658 849659 849660 866266 855194 855195 855196 855197 877341 866269 877340 866268 871802 877339 866267
bot 216 218 i7egn3zz 1648658159 500704 52
owned 216 500704 500705 500706 500707 506243 495171 489635 489634 489633 489632 489631 489630 489629 489628 495164 500700 500701 500702 506238 506239 511775 511776 511777 511778 517313 517312 517311 517310 511774 511773 506237 506236 495165 484093 495166 484094 478558 478559 478560 478561 495167 484095 484096 484097 484098 506242 495170 506241 495169 500703 506240 495168
bot 217 219 o3vgfhge 1896212089 1504612 52
owned 217 1504612 1504613 1504614 1504615 1510151 1499079 1493543 1493542 1493541 1493540 1493539 1493538 1493537 1493536 1499072 1504608 1504609 1504610 1510146 1510147 1515683 1515684 1515685 1515686 1521221 1521220 1521219 1521218 1515682 1515681 1510145 1510144 1499073 1488001 1499074 1488002 1482466 1482467 1482468 1482469 1499075 1488003 1488004 1488005 1488006 1510150 1499078 1510149 1499077 1504611 1510148 1499076
bot 218 220 m4aem5hx 1751287233 1490463 52
owned 218 1490463 1490464 1490465 1490466 1496002 1484930 1479394 1479393 1479392 1479391 1479390 1479389 1479388 1479387 1484923 1490459 1490460 1490461 1495997 1495998 1501534 1501535 1501536 1501537 1507072 1507071 1507070 1507069 1501533 1501532 1495996 1495995 1484924 1473852 1484925 1473853 1468317 1468318 1468319 1468320 1484926 1473854 1473855 1473856 1473857 1496001 1484929 1496000 1484928 1490462 1495999 1484927
bot 219 221 p6i95qgo 1590454142 325747 52
owned 219 325747 325748 325749 325750 331286 320214 314678 314677 314676 314675 314674 314673 314672 314671 320207 325743 325744 325745 331281 331282 336818 336819 336820 336821 342356 342355 342354 342353 336817 336816 331280 331279 320208 309136 320209 309137 303601 303602 303603 303604 320210 309138 309139 309140 309141 331285 320213 331284 320212 325746 331283 320211
bot 220 222 gvho8qeo 669428651 537201 52
owned 220 537201 537202 537203 537204 542740 531668 526132 526131 526130 526129 526128 526127 526126 526125 531661 537197 537198 537199 542735 542736 548272 548273 548274 548275 553810 553809 553808 553807 548271 548270 542734 542733 531662 520590 531663 520591 515055 515056 515057 515058 531664 520592 520593 520594 520595 542739 531667 542738 531666 537200 542737 531665
bot 221 223 9iatvpoi -1929396069 974373 52
owned 221 974373 974374 974375 974376 979912 968840 963304 963303 963302 963301 963300 963299 963298 963297 968833 974369 974370 974371 979907 979908 985444 985445 985446 985447 990982 990981 990980 990979 985443 985442 979906 979905 968834 957762 968835 957763 952227 952228 952229 952230 968836 957764 957765 957766 957767 979911 968839 979910 968838 974372 979909 968837
bot 222 224 zd9jsqbj 2059397859 511120 52
owned 222 511120 511121 511122 511123 516659 505587 500051 500050 500049 500048 500047 500046 500045 500044 505580 511116 511117 511118 516654 516655 522191 522192 522193 522194 527729 527728 527727 527726 522190 522189 516653 516652 505581 494509 505582 494510 488974 488975 488976 488977 505583 494511 494512 494513 494514 516658 505586 516657 505585 511119 516656 505584
bot 223 225 zw1dwnig 2130295049 482513 52
owned 223 482513 482514 482515 482516 488052 476980 471444 471443 471442 471441 471440 471439 471438 471437 476973 482509 482510 482511 488047 488048 493584 493585 493586 493587 499122 499121 499120 499119 493583 493582 488046 488045 476974 465902 476975 465903 460367 460368 460369 460370 476976 465904 465905 465906 465907 488051 476979 488050 476978 482512 488049 476977
bot 224 226 be5xt98q 295200808 9995 34
owned 224 9995 9996 9997 9998 15534 4462 15533 21069 21068 21067 21066 21065 21064 15528 15527 9991 4455 4456 4457 4458 9993 9992 26601 15529 26602 15530 26603 26604 4461 15532 4460 9994 15531 4459
bot 225 227 522b0ju8 1051917806 939617 52
owned 225 939617 939618 939619 939620 945156 934084 928548 928547 928546 928545 928544 928543 928542 928541 934077 939613 939614 939615 945151 945152 950688 950689 950690 950691 956226 956225 956224 956223 950687 950686 945150 945149 934078 923006 934079 923007 917471 917472 917473 917474 934080 923008 923009 923010 923011 945155 934083 945154 934082 939616 945153 934081
bot 226 228 ibxwtyy7 1581729417 485634 52
owned 226 485634 485635 485636 485637 491173 480101 474565 474564 474563 474562 474561 474560 474559 474558 480094 485630 485631 485632 491168 491169 496705 496706 496707 496708 502243 502242 502241 502240 496704 496703 491167 491166 480095 469023 480096 469024 463488 463489 463490 463491 480097 469025 469026 469027 469028 491172 480100 491171 480099 485633 491170 480098
bot 227 229 zjhashkb 754389657 140448 52
owned 227 140448 140449 140450 140451 145987 134915 129379 129378 129377 129376 129375 129374 129373 129372 134908 140444 140445 140446 145982 145983 151519 151520 151521 151522 157057 157056 157055 157054 151518 151517 145981 145980 134909 123837 134910 123838 118302 118303 118304 118305 134911 123839 123840 123841 123842 145986 134914 145985 134913 140447 145984 134912
bot 228 230 89ttdia6 1515667583 1295630 52
owned 228 1295630 1295631 1295632 1295633 1301169 1290097 1284561 1284560 1284559 1284558 1284557 1284556 1284555 1284554 1290090 1295626 1295627 1295628 1301164 1301165 1306701 1306702 1306703 1306704 1312239 1312238 1312237 1312236 1306700 1306699 1301163 1301162 1290091 1279019 1290092 1279020 1273484 1273485 1273486 1273487 1290093 1279021 1279022 1279023 1279024 1301168 1290096 1301167 1290095 1295629 1301166 1290094
bot 229 231 6o2o0nvl 1109887534 666991 52
owned 229 666991 666992 666993 666994 672530 661458 655922 655921 655920 655919 655918 655917 655916 655915 661451 666987 666988 666989 672525 672526 678062 678063 678064 678065 683600 683599 683598 683597 678061 678060 672524 672523 661452 650380 661453 650381 644845 644846 644847 644848 661454 650382 650383 650384 650385 672529 661457 672528 661456 666990 672527 661455
bot 230 232 xldl70se 1508905245 177190 52
owned 230 177190 177191 177192 177193 182729 171657 166121 166120 166119 166118 166117 166116 166115 166114 171650 177186 177187 177188 182724 182725 188261 188262 188263 188264 193799 193798 193797 193796 188260 188259 182723 182722 171651 160579 171652 160580 155044 155045 155046 155047 171653 160581 160582 160583 160584 182728 171656 182727 171655 177189 182726 171654
bot 231 233 qrwgzvzz 1194261553 1137535 52
owned 231 1137535 1137536 1137537 1137538 1143074 1132002 1126466 1126465 1126464 1126463 1126462 1126461 1126460 1126459 1131995 1137531 1137532 1137533 1143069 1143070 1148606 1148607 1148608 1148609 1154144 1154143 1154142 1154141 1148605 1148604 1143068 1143067 1131996 1120924 1131997 1120925 1115389 1115390 1115391 1115392 1131998 1120926 1120927 1120928 1120929 1143073 1132001 1143072 1132000 1137534 1143071 1131999
bot 232 234 h711p697 635026801 430625 52
owned 232 430625 430626 430627 430628 436164 425092 419556 419555 419554 419553 419552 419551 419550 419549 425085 430621 430622 430623 436159 436160 441696 441697 441698 441699 447234 447233 447232 447231 441695 441694 436158 436157 425086 414014 425087 414015 408479 408480 408481 408482 425088 414016 414017 414018 414019 436163 425091 436162 425090 430624 436161 425089
bot 233 235 g4ulqqm0 1702459915 340082 52
owned 233 340082 340083 340084 340085 345621 334549 329013 329012 329011 329010 329009 329008 329007 329006 334542 340078 340079 340080 345616 345617 351153 351154 351155 351156 356691 356690 356689 356688 351152 351151 345615 345614 334543 323471 334544 323472 317936 317937 317938 317939 334545 323473 323474 323475 323476 345620 334548 345619 334547 340081 345618 334546
bot 234 236 v18jrx10 1959076822 620324 52
owned 234 620324 620325 620326 620327 625863 614791 609255 609254 609253 609252 609251 609250 609249 609248 614784 620320 620321 620322 625858 625859 631395 631396 631397 631398 636933 636932 636931 636930 631394 631393 625857 625856 614785 603713 614786 603714 598178 598179 598180 598181 614787 603715 603716 603717 603718 625862 614790 625861 614789 620323 625860 614788
bot 235 237 8sd3i7p8 933279620 359363 52
owned 235 359363 359364 359365 359366 364902 353830 348294 348293 348292 348291 348290 348289 348288 348287 353823 359359 359360 359361 364897 364898 370434 370435 370436 370437 375972 375971 375970 375969 370433 370432 364896 364895 353824 342752 353825 342753 337217 337218 337219 337220 353826 342754 342755 342756 342757 364901 353829 364900 353828 359362 364899 353827
bot 236 238 l5o27mtm -2040527415 671974 52
owned 236 671974 671975 671976 671977 677513 666441 660905 660904 660903 660902 660901 660900 660899 660898 666434 671970 671971 671972 677508 677509 683045 683046 683047 683048 688583 688582 688581 688580 683044 683043 677507 677506 666435 655363 666436 655364 649828 649829 649830 649831 666437 655365 655366 655367 655368 677512 666440 677511 666439 671973 677510 666438
bot 237 239 b6f6r0t2 1867439652 222380 52
owned 237 222380 222381 222382 222383 227919 216847 211311 211310 211309 211308 211307 211306 211305 211304 216840 222376 222377 222378 227914 227915 233451 233452 233453 233454 238989 238988 238987 238986 233450 233449 227913 227912 216841 205769 216842 205770 200234 200235 200236 200237 216843 205771 205772 205773 205774 227918 216846 227917 216845 222379 227916 216844
bot 238 240 7j5a3pfw 1958254263 982066 52
owned 238 982066 982067 982068 982069 987605 976533 970997 970996 970995 970994 970993 970992 970991 970990 976526 982062 982063 982064 987600 987601 993137 993138 993139 993140 998675 998674 998673 998672 993136 993135 987599 987598 976527 965455 976528 965456 959920 959921 959922 959923 976529 965457 965458 965459 965460 987604 976532 987603 976531 982065 987602 976530
bot 239 241 m5sg1z4l 348334567 693405 52
owned 239 693405 693406 693407 693408 698944 687872 682336 682335 682334 682333 682332 682331 682330 682329 687865 693401 693402 693403 698939 698940 704476 704477 704478 704479 710014 710013 710012 710011 704475 704474 698938 698937 687866 676794 687867 676795 671259 671260 671261 671262 687868 676796 676797 676798 676799 698943 687871 698942 687870 693404 698941 687869
bot 240 242 ehpglvfz 1269450044 1524870 34
owned 240 1524870 1524871 1524872 1524873 1519337 1513801 1513800 1513799 1513798 1513797 1513796 1513795 1513794 1519330 1524866 1524867 1524868 1519331 1508259 1519332 1508260 1502724 1502725 1502726 1502727 1519333 1508261 1508262 1508263 1508264 1519336 1519335 1524869 1519334
bot 241 243 wu3zthbo 947178302 594176 52
owned 241 594176 594177 594178 594179 599715 588643 583107 583106 583105 583104 583103 583102 583101 583100 588636 594172 594173 594174 599710 599711 605247 605248 605249 605250 610785 610784 610783 610782 605246 605245 599709 599708 588637 577565 588638 577566 572030 572031 572032 572033 588639 577567 577568 577569 577570 599714 588642 599713 588641 594175 599712 588640
bot 242 244 yeh875u5 1617155050 1141630 52
owned 242 1141630 1141631 1141632 1141633 1147169 1136097 1130561 1130560 1130559 1130558 1130557 1130556 1130555 1130554 1136090 1141626 1141627 1141628 1147164 1147165 1152701 1152702 1152703 1152704 1158239 1158238 1158237 1158236 1152700 1152699 1147163 1147162 1136091 1125019 1136092 1125020 1119484 1119485 1119486 1119487 1136093 1125021 1125022 1125023 1125024 1147168 1136096 1147167 1136095 1141629 1147166 1136094
bot 243 245 8nuwzyn1 1340793310 235711 52
owned 243 235711 235712 235713 235714 241250 230178 224642 224641 224640 224639 224638 224637 224636 224635 230171 235707 235708 235709 241245 241246 246782 246783 246784 246785 252320 252319 252318 252317 246781 246780 241244 241243 230172 219100 230173 219101 213565 213566 213567 213568 230174 219102 219103 219104 219105 241249 230177 241248 230176 235710 241247 230175
bot 244 246 t0zwn9eb 959178531 1468686 52
owned 244 1468686 1468687 1468688 1468689 1474225 1463153 1457617 1457616 1457615 1457614 1457613 1457612 1457611 1457610 1463146 1468682 1468683 1468684 1474220 1474221 1479757 1479758 1479759 1479760 1485295 1485294 1485293 1485292 1479756 1479755 1474219 1474218 1463147 1452075 1463148 1452076 1446540 1446541 1446542 1446543 1463149 1452077 1452078 1452079 1452080 1474224 1463152 1474223 1463151 1468685 1474222 1463150
bot 245 247 8zjwwdck 1655577600 463758 52
owned 245 463758 463759 463760 463761 469297 458225 452689 452688 452687 452686 452685 452684 452683 452682 458218 463754 463755 463756 469292 469293 474829 474830 474831 474832 480367 480366 480365 480364 474828 474827 469291 469290 458219 447147 458220 447148 441612 441613 441614 441615 458221 447149 447150 447151 447152 469296 458224 469295 458223 463757 469294 458222
bot 246 248 jwrhd5ij 1879101561 115513 52
owned 246 115513 115514 115515 115516 121052 109980 104444 104443 104442 104441 104440 104439 104438 104437 109973 115509 115510 115511 121047 121048 126584 126585 126586 126587 132122 132121 132120 132119 126583 126582 121046 121045 109974 98902 109975 98903 93367 93368 93369 93370 109976 98904 98905 98906 98907 121051 109979 121050 109978 115512 121049 109977
bot 247 249 jyb8rp14 1589264510 445136 52
owned 247 445136 445137 445138 445139 450675 439603 434067 434066 434065 434064 434063 434062 434061 434060 439596 445132 445133 445134 450670 450671 456207 456208 456209 456210 461745 461744 461743 461742 456206 456205 450669 450668 439597 428525 439598 428526 422990 422991 422992 422993 439599 428527 428528 428529 428530 450674 439602 450673 439601 445135 450672 439600
bot 248 250 wl7sxu3v 236594675 304455 52
owned 248 304455 304456 304457 304458 309994 298922 293386 293385 293384 293383 293382 293381 293380 293379 298915 304451 304452 304453 309989 309990 315526 315527 315528 315529 321064 321063 321062 321061 315525 315524 309988 309987 298916 287844 298917 287845 282309 282310 282311 282312 298918 287846 287847 287848 287849 309993 298921 309992 298920 304454 309991 298919
bot 249 251 y0r0fu1j 1129846919 1462423 52
owned 249 1462423 1462424 1462425 1462426 1467962 1456890 1451354 1451353 1451352 1451351 1451350 1451349 1451348 1451347 1456883 1462419 1462420 1462421 1467957 1467958 1473494 1473495 1473496 1473497 1479032 1479031 1479030 1479029 1473493 1473492 1467956 1467955 1456884 1445812 1456885 1445813 1440277 1440278 1440279 1440280 1456886 1445814 1445815 1445816 1445817 1467961 1456889 1467960 1456888 1462422 1467959 1456887
bot 250 252 kneohbbr 882688749 31151 52
owned 250 31151 31152 31153 31154 36690 25618 20082 20081 20080 20079 20078 20077 20076 20075 25611 31147 31148 31149 36685 36686 42222 42223 42224 42225 47760 47759 47758 47757 42221 42220 36684 36683 25612 14540 25613 14541 9005 9006 9007 9008 25614 14542 14543 14544 14545 36689 25617 36688 25616 31150 36687 25615
bot 251 253 qc8m814x 1480004544 540196 52
owned 251 540196 540197 540198 540199 545735 534663 529127 529126 529125 529124 529123 529122 529121 529120 534656 540192 540193 540194 545730 545731 551267 551268 551269 551270 556805 556804 556803 556802 551266 551265 545729 545728 534657 523585 534658 523586 518050 518051 518052 518053 534659 523587 523588 523589 523590 545734 534662 545733 534661 540195 545732 534660
bot 252 254 ix3jngmf 1224131180 420881 52
owned 252 420881 420882 420883 420884 426420 415348 409812 409811 409810 409809 409808 409807 409806 409805 415341 420877 420878 420879 426415 426416 431952 431953 431954 431955 437490 437489 437488 437487 431951 431950 426414 426413 415342 404270 415343 404271 398735 398736 398737 398738 415344 404272 404273 404274 404275 426419 415347 426418 415346 420880 426417 415345
bot 253 255 9mzpcgft -1962888896 409885 52
owned 253 409885 409886 409887 409888 415424 404352 398816 398815 398814 398813 398812 398811 398810 398809 404345 409881 409882 409883 415419 415420 420956 420957 420958 420959 426494 426493 426492 426491 420955 420954 415418 415417 404346 393274 404347 393275 387739 387740 387741 387742 404348 393276 393277 393278 393279 415423 404351 415422 404350 409884 415421 404349
bot 254 256 l5z5w588 1934897762 337437 52
owned 254 337437 337438 337439 337440 342976 331904 326368 326367 326366 326365 326364 326363 326362 326361 331897 337433 337434 337435 342971 342972 348508 348509 348510 348511 354046 354045 354044 354043 348507 348506 342970 342969 331898 320826 331899 320827 315291 315292 315293 315294 331900 320828 320829 320830 320831 342975 331903 342974 331902 337436 342973 331901
bot 255 257 pt0jqntf 1250199287 161302 52
owned 255 161302 161303 161304 161305 166841 155769 150233 150232 150231 150230 150229 150228 150227 150226 155762 161298 161299 161300 166836 166837 172373 172374 172375 172376 177911 177910 177909 177908 172372 172371 166835 166834 155763 144691 155764 144692 139156 139157 139158 139159 155765 144693 144694 144695 144696 166840 155768 166839 155767 161301 166838 155766
bot 256 258 2e8alk85 2137343212 1029805 52
owned 256 1029805 1029806 1029807 1029808 1035344 1024272 1018736 1018735 1018734 1018733 1018732 1018731 1018730 1018729 1024265 1029801 1029802 1029803 1035339 1035340 1040876 1040877 1040878 1040879 1046414 1046413 1046412 1046411 1040875 1040874 1035338 1035337 1024266 1013194 1024267 1013195 1007659 1007660 1007661 1007662 1024268 1013196 1013197 1013198 1013199 1035343 1024271 1035342 1024270 1029804 1035341 1024269
bot 257 259 hwe3kfal -2027389305 1372780 52
owned 257 1372780 1372781 1372782 1372783 1378319 1367247 1361711 1361710 1361709 1361708 1361707 1361706 1361705 1361704 1367240 1372776 1372777 1372778 1378314 1378315 1383851 1383852 1383853 1383854 1389389 1389388 1389387 1389386 1383850 1383849 1378313 1378312 1367241 1356169 1367242 1356170 1350634 1350635 1350636 1350637 1367243 1356171 1356172 1356173 1356174 1378318 1367246 1378317 1367245 1372779 1378316 1367244
bot 258 260 47li627l 1118737045 1398651 52
owned 258 1398651 1398652 1398653 1398654 1404190 1393118 1387582 1387581 1387580 1387579 1387578 1387577 1387576 1387575 1393111 1398647 1398648 1398649 1404185 1404186 1409722 1409723 1409724 1409725 1415260 1415259 1415258 1415257 1409721 1409720 1404184 1404183 1393112 1382040 1393113 1382041 1376505 1376506 1376507 1376508 1393114 1382042 1382043 1382044 1382045 1404189 1393117 1404188 1393116 1398650 1404187 1393115
bot 259 261 3asdumaj -2042581532 718029 52
owned 259 718029 718030 718031 718032 723568 712496 706960 706959 706958 706957 706956 706955 706954 706953 712489 718025 718026 718027 723563 723564 729100 729101 729102 729103 734638 734637 734636 734635 729099 729098 723562 723561 712490 701418 712491 701419 695883 695884 695885 695886 712492 701420 701421 701422 701423 723567 712495 723566 712494 718028 723565 712493
bot 260 262 l75txeu7 2077042187 480584 52
owned 260 480584 480585 480586 480587 486123 475051 469515 469514 469513 469512 469511 469510 469509 469508 475044 480580 480581 480582 486118 486119 491655 491656 491657 491658 497193 497192 497191 497190 491654 491653 486117 486116 475045 463973 475046 463974 458438 458439 458440 458441 475047 463975 463976 463977 463978 486122 475050 486121 475049 480583 486120 475048
bot 261 263 tbcz7mf1 255526794 301580 52
owned 261 301580 301581 301582 301583 307119 296047 290511 290510 290509 290508 290507 290506 290505 290504 296040 301576 301577 301578 307114 307115 312651 312652 312653 312654 318189 318188 318187 318186 312650 312649 307113 307112 296041 284969 296042 284970 279434 279435 279436 279437 296043 284971 284972 284973 284974 307118 296046 307117 296045 301579 307116 296044
bot 262 264 o1ilw638 692382587 1010401 52
owned 262 1010401 1010402 1010403 1010404 1015940 1004868 999332 999331 999330 999329 999328 999327 999326 999325 1004861 1010397 1010398 1010399 1015935 1015936 1021472 1021473 1021474 1021475 1027010 1027009 1027008 1027007 1021471 1021470 1015934 1015933 1004862 993790 1004863 993791 988255 988256 988257 988258 1004864 993792 993793 993794 993795 1015939 1004867 1015938 1004866 1010400 1015937 1004865
bot 263 265 la4ytzgl 1260745833 767080 52
owned 263 767080 767081 767082 767083 772619 761547 756011 756010 756009 756008 756007 756006 756005 756004 761540 767076 767077 767078 772614 772615 778151 778152 778153 778154 783689 783688 783687 783686 778150 778149 772613 772612 761541 750469 761542 750470 744934 744935 744936 744937 761543 750471 750472 750473 750474 772618 761546 772617 761545 767079 772616 761544
bot 264 266 in2bq49j 1545211963 941265 52
owned 264 941265 941266 941267 941268 946804 935732 930196 930195 930194 930193 930192 930191 930190 930189 935725 941261 941262 941263 946799 946800 952336 952337 952338 952339 957874 957873 957872 957871 952335 952334 946798 946797 935726 924654 935727 924655 919119 919120 919121 919122 935728 924656 924657 924658 924659 946803 935731 946802 935730 941264 946801 935729
bot 265 267 5irnw7ij 276056243 522348 52
owned 265 522348 522349 522350 522351 527887 516815 511279 511278 511277 511276 511275 511274 511273 511272 516808 522344 522345 522346 527882 527883 533419 533420 533421 533422 538957 538956 538955 538954 533418 533417 527881 527880 516809 505737 516810 505738 500202 500203 500204 500205 516811 505739 505740 505741 505742 527886 516814 527885 516813 522347 527884 516812
bot 266 268 noxeflvy 1919430651 822062 52
owned 266 822062 822063 822064 822065 827601 816529 810993 810992 810991 810990 810989 810988 810987 810986 816522 822058 822059 822060 827596 827597 833133 833134 833135 833136 838671 838670 838669 838668 833132 833131 827595 827594 816523 805451 816524 805452 799916 799917 799918 799919 816525 805453 805454 805455 805456 827600 816528 827599 816527 822061 827598 816526
bot 267 269 8gn7568f 1284878845 577751 52
owned 267 577751 577752 577753 577754 583290 572218 566682 566681 566680 566679 566678 566677 566676 566675 572211 577747 577748 577749 583285 583286 588822 588823 588824 588825 594360 594359 594358 594357 588821 588820 583284 583283 572212 561140 572213 561141 555605 555606 555607 555608 572214 561142 561143 561144 561145 583289 572217 583288 572216 577750 583287 572215
bot 268 270 5c1omdu5 1575113319 97237 52
owned 268 97237 97238 97239 97240 102776 91704 86168 86167 86166 86165 86164 86163 86162 86161 91697 97233 97234 97235 102771 102772 108308 108309 108310 108311 113846 113845 113844 113843 108307 108306 102770 102769 91698 80626 91699 80627 75091 75092 75093 75094 91700 80628 80629 80630 80631 102775 91703 102774 91702 97236 102773 91701
bot 269 271 yc2b3pvx 604443755 339898 52
owned 269 339898 339899 339900 339901 345437 334365 328829 328828 328827 328826 328825 328824 328823 328822 334358 339894 339895 339896 345432 345433 350969 350970 350971 350972 356507 356506 356505 356504 350968 350967 345431 345430 334359 323287 334360 323288 317752 317753 317754 317755 334361 323289 323290 323291 323292 345436 334364 345435 334363 339897 345434 334362
bot 270 272 lml55dcl 564423046 403802 52
owned 270 403802 403803 403804 403805 409341 398269 392733 392732 392731 392730 392729 392728 392727 392726 398262 403798 403799 403800 409336 409337 414873 414874 414875 414876 420411 420410 420409 420408 414872 414871 409335 409334 398263 387191 398264 387192 381656 381657 381658 381659 398265 387193 387194 387195 387196 409340 398268 409339 398267 403801 409338 398266
bot 271 273 1o5etbis 1064436554 874524 52
owned 271 874524 874525 874526 874527 880063 868991 863455 863454 863453 863452 863451 863450 863449 863448 868984 874520 874521 874522 880058 880059 885595 885596 885597 885598 891133 891132 891131 891130 885594 885593 880057 880056 868985 857913 868986 857914 852378 852379 852380 852381 868987 857915 857916 857917 857918 880062 868990 880061 868989 874523 880060 868988
bot 272 274 bulnhjw5 1566032591 162015 52
owned 272 162015 162016 162017 162018 167554 156482 150946 150945 150944 150943 150942 150941 150940 150939 156475 162011 162012 162013 167549 167550 173086 173087 173088 173089 178624 178623 178622 178621 173085 173084 167548 167547 156476 145404 156477 145405 139869 139870 139871 139872 156478 145406 145407 145408 145409 167553 156481 167552 156480 162014 167551 156479
bot 273 275 c6y4cfry 863565244 1337953 52
owned 273 1337953 1337954 1337955 1337956 1343492 1332420 1326884 1326883 1326882 1326881 1326880 1326879 1326878 1326877 1332413 1337949 1337950 1337951 1343487 1343488 1349024 1349025 1349026 1349027 1354562 1354561 1354560 1354559 1349023 1349022 1343486 1343485 1332414 1321342 1332415 1321343 1315807 1315808 1315809 1315810 1332416 1321344 1321345 1321346 1321347 1343491 1332419 1343490 1332418 1337952 1343489 1332417
bot 274 276 kbpw8sak 2119546823 486246 52
owned 274 486246 486247 486248 486249 491785 480713 475177 475176 475175 475174 475173 475172 475171 475170 480706 486242 486243 486244 491780 491781 497317 497318 497319 497320 502855 502854 502853 502852 497316 497315 491779 491778 480707 469635 480708 469636 464100 464101 464102 464103 480709 469637 469638 469639 469640 491784 480712 491783 480711 486245 491782 480710
bot 275 277 65e8qmsr -2139027305 193653 52
owned 275 193653 193654 193655 193656 199192 188120 182584 182583 182582 182581 182580 182579 182578 182577 188113 193649 193650 193651 199187 199188 204724 204725 204726 204727 210262 210261 210260 210259 204723 204722 199186 199185 188114 177042 188115 177043 171507 171508 171509 171510 188116 177044 177045 177046 177047 199191 188119 199190 188118 193652 199189 188117
bot 276 278 furhe0mp 1722812567 181750 52
owned 276 181750 181751 181752 181753 187289 176217 170681 170680 170679 170678 170677 170676 170675 170674 176210 181746 181747 181748 187284 187285 192821 192822 192823 192824 198359 198358 198357 198356 192820 192819 187283 187282 176211 165139 176212 165140 159604 159605 159606 159607 176213 165141 165142 165143 165144 187288 176216 187287 176215 181749 187286 176214
bot 277 279 92npvjrt 1165988245 720591 52
owned 277 720591 720592 720593 720594 726130 715058 709522 709521 709520 709519 709518 709517 709516 709515 715051 720587 720588 720589 726125 726126 731662 731663 731664 731665 737200 737199 737198 737197 731661 731660 726124 726123 715052 703980 715053 703981 698445 698446 698447 698448 715054 703982 703983 703984 703985 726129 715057 726128 715056 720590 726127 715055
bot 278 280 c56xdfdl -1969221818 1499299 52
owned 278 1499299 1499300 1499301 1499302 1504838 1493766 1488230 1488229 1488228 1488227 1488226 1488225 1488224 1488223 1493759 1499295 1499296 1499297 1504833 1504834 1510370 1510371 1510372 1510373 1515908 1515907 1515906 1515905 1510369 1510368 1504832 1504831 1493760 1482688 1493761 1482689 1477153 1477154 1477155 1477156 1493762 1482690 1482691 1482692 1482693 1504837 1493765 1504836 1493764 1499298 1504835 1493763
bot 279 281 jul4zb4e 561489496 196913 52
owned 279 196913 196914 196915 196916 202452 191380 185844 185843 185842 185841 185840 185839 185838 185837 191373 196909 196910 196911 202447 202448 207984 207985 207986 207987 213522 213521 213520 213519 207983 207982 202446 202445 191374 180302 191375 180303 174767 174768 174769 174770 191376 180304 180305 180306 180307 202451 191379 202450 191378 196912 202449 191377
bot 280 282 mpuzdlvw 997570901 762437 52
owned 280 762437 762438 762439 762440 767976 756904 751368 751367 751366 751365 751364 751363 751362 751361 756897 762433 762434 762435 767971 767972 773508 773509 773510 773511 779046 779045 779044 779043 773507 773506 767970 767969 756898 745826 756899 745827 740291 740292 740293 740294 756900 745828 745829 745830 745831 767975 756903 767974 756902 762436 767973 756901
bot 281 283 plrlx715 -2131230421 1211147 52
owned 281 1211147 1211148 1211149 1211150 1216686 1205614 1200078 1200077 1200076 1200075 1200074 1200073 1200072 1200071 1205607 1211143 1211144 1211145 1216681 1216682 1222218 1222219 1222220 1222221 1227756 1227755 1227754 1227753 1222217 1222216 1216680 1216679 1205608 1194536 1205609 1194537 1189001 1189002 1189003 1189004 1205610 1194538 1194539 1194540 1194541 1216685 1205613 1216684 1205612 1211146 1216683 1205611
bot 282 284 yl9vsjpk 986070082 601973 52
owned 282 601973 601974 601975 601976 607512 596440 590904 590903 590902 590901 590900 590899 590898 590897 596433 601969 601970 601971 607507 607508 613044 613045 613046 613047 618582 618581 618580 618579 613043 613042 607506 607505 596434 585362 596435 585363 579827 579828 579829 579830 596436 585364 585365 585366 585367 607511 596439 607510 596438 601972 607509 596437
bot 283 285 mkfgkn7r 408244129 541405 52
owned 283 541405 541406 541407 541408 546944 535872 530336 530335 530334 530333 530332 530331 530330 530329 535865 541401 541402 541403 546939 546940 552476 552477 552478 552479 558014 558013 558012 558011 552475 552474 546938 546937 535866 524794 535867 524795 519259 519260 519261 519262 535868 524796 524797 524798 524799 546943 535871 546942 535870 541404 546941 535869
bot 284 286 v5nlafkw 1980026422 1040677 52
owned 284 1040677 1040678 1040679 1040680 1046216 1035144 1029608 1029607 1029606 1029605 1029604 1029603 1029602 1029601 1035137 1040673 1040674 1040675 1046211 1046212 1051748 1051749 1051750 1051751 1057286 1057285 1057284 1057283 1051747 1051746 1046210 1046209 1035138 1024066 1035139 1024067 1018531 1018532 1018533 1018534 1035140 1024068 1024069 1024070 1024071 1046215 1035143 1046214 1035142 1040676 1046213 1035141
bot 285 287 2p3gb961 1102687968 828587 52
owned 285 828587 828588 828589 828590 834126 823054 817518 817517 817516 817515 817514 817513 817512 817511 823047 828583 828584 828585 834121 834122 839658 839659 839660 839661 845196 845195 845194 845193 839657 839656 834120 834119 823048 811976 823049 811977 806441 806442 806443 806444 823050 811978 811979 811980 811981 834125 823053 834124 823052 828586 834123 823051
bot 286 288 uc4jshlt 1527277285 82823 52
owned 286 82823 82824 82825 82826 88362 77290 71754 71753 71752 71751 71750 71749 71748 71747 77283 82819 82820 82821 88357 88358 93894 93895 93896 93897 99432 99431 99430 99429 93893 93892 88356 88355 77284 66212 77285 66213 60677 60678 60679 60680 77286 66214 66215 66216 66217 88361 77289 88360 77288 82822 88359 77287
bot 287 289 6xdips73 1935311914 12991 42
owned 287 12991 12992 12993 12994 18530 7458 1922 1921 1920 1919 1918 1917 1916 1915 7451 12987 12988 12989 18525 18526 24062 24063 24064 24065 29600 29599 29598 29597 24061 24060 18524 18523 7452 7453 7454 18529 7457 18528 7456 12990 18527 7455
bot 288 290 fqxqj0bu 2093449639 734582 52
owned 288 734582 734583 734584 734585 740121 729049 723513 723512 723511 723510 723509 723508 723507 723506 729042 734578 734579 734580 740116 740117 745653 745654 745655 745656 751191 751190 751189 751188 745652 745651 740115 740114 729043 717971 729044 717972 712436 712437 712438 712439 729045 717973 717974 717975 717976 740120 729048 740119 729047 734581 740118 729046
bot 289 291 yen0iwte 1451215319 1509601 52
owned 289 1509601 1509602 1509603 1509604 1515140 1504068 1498532 1498531 1498530 1498529 1498528 1498527 1498526 1498525 1504061 1509597 1509598 1509599 1515135 1515136 1520672 1520673 1520674 1520675 1526210 1526209 1526208 1526207 1520671 1520670 1515134 1515133 1504062 1492990 1504063 1492991 1487455 1487456 1487457 1487458 1504064 1492992 1492993 1492994 1492995 1515139 1504067 1515138 1504066 1509600 1515137 1504065
bot 290 292 77ucsgzt -1988775040 1073947 52
owned 290 1073947 1073948 1073949 1073950 1079486 1068414 1062878 1062877 1062876 1062875 1062874 1062873 1062872 1062871 1068407 1073943 1073944 1073945 1079481 1079482 1085018 1085019 1085020 1085021 1090556 1090555 1090554 1090553 1085017 1085016 1079480 1079479 1068408 1057336 1068409 1057337 1051801 1051802 1051803 1051804 1068410 1057338 1057339 1057340 1057341 1079485 1068413 1079484 1068412 1073946 1079483 1068411
bot 291 293 4c1d18ro 626168222 1485168 52
owned 291 1485168 1485169 1485170 1485171 1490707 1479635 1474099 1474098 1474097 1474096 1474095 1474094 1474093 1474092 1479628 1485164 1485165 1485166 1490702 1490703 1496239 1496240 1496241 1496242 1501777 1501776 1501775 1501774 1496238 1496237 1490701 1490700 1479629 1468557 1479630 1468558 1463022 1463023 1463024 1463025 1479631 1468559 1468560 1468561 1468562 1490706 1479634 1490705 1479633 1485167 1490704 1479632
bot 292 294 bz5je7hx 1739532339 1374529 52
owned 292 1374529 1374530 1374531 1374532 1380068 1368996 1363460 1363459 1363458 1363457 1363456 1363455 1363454 1363453 1368989 1374525 1374526 1374527 1380063 1380064 1385600 1385601 1385602 1385603 1391138 1391137 1391136 1391135 1385599 1385598 1380062 1380061 1368990 1357918 1368991 1357919 1352383 1352384 1352385 1352386 1368992 1357920 1357921 1357922 1357923 1380067 1368995 1380066 1368994 1374528 1380065 1368993
bot 293 295 fn7ax8sx -1958728051 1286063 52
owned 293 1286063 1286064 1286065 1286066 1291602 1280530 1274994 1274993 1274992 1274991 1274990 1274989 1274988 1274987 1280523 1286059 1286060 1286061 1291597 1291598 1297134 1297135 1297136 1297137 1302672 1302671 1302670 1302669 1297133 1297132 1291596 1291595 1280524 1269452 1280525 1269453 1263917 1263918 1263919 1263920 1280526 1269454 1269455 1269456 1269457 1291601 1280529 1291600 1280528 1286062 1291599 1280527
bot 294 296 owdtos2u 1613878371 747381 52
owned 294 747381 747382 747383 747384 752920 741848 736312 736311 736310 736309 736308 736307 736306 736305 741841 747377 747378 747379 752915 752916 758452 758453 758454 758455 763990 763989 763988 763987 758451 758450 752914 752913 741842 730770 741843 730771 725235 725236 725237 725238 741844 730772 730773 730774 730775 752919 741847 752918 741846 747380 752917 741845
bot 295 297 f33f3rln 1470202053 1453415 52
owned 295 1453415 1453416 1453417 1453418 1458954 1447882 1442346 1442345 1442344 1442343 1442342 1442341 1442340 1442339 1447875 1453411 1453412 1453413 1458949 1458950 1464486 1464487 1464488 1464489 1470024 1470023 1470022 1470021 1464485 1464484 1458948 1458947 1447876 1436804 1447877 1436805 1431269 1431270 1431271 1431272 1447878 1436806 1436807 1436808 1436809 1458953 1447881 1458952 1447880 1453414 1458951 1447879
bot 296 298 shy7v4eo 333923945 1373332 52
owned 296 1373332 1373333 1373334 1373335 1378871 1367799 1362263 1362262 1362261 1362260 1362259 1362258 1362257 1362256 1367792 1373328 1373329 1373330 1378866 1378867 1384403 1384404 1384405 1384406 1389941 1389940 1389939 1389938 1384402 1384401 1378865 1378864 1367793 1356721 1367794 1356722 1351186 1351187 1351188 1351189 1367795 1356723 1356724 1356725 1356726 1378870 1367798 1378869 1367797 1373331 1378868 1367796
bot 297 299 qi05x4jp 728788965 1237322 52
owned 297 1237322 1237323 1237324 1237325 1242861 1231789 1226253 1226252 1226251 1226250 1226249 1226248 1226247 1226246 1231782 1237318 1237319 1237320 1242856 1242857 1248393 1248394 1248395 1248396 1253931 1253930 1253929 1253928 1248392 1248391 1242855 1242854 1231783 1220711 1231784 1220712 1215176 1215177 1215178 1215179 1231785 1220713 1220714 1220715 1220716 1242860 1231788 1242859 1231787 1237321 1242858 1231786
bot 298 300 rtwhvg9g 417899862 885046 52
owned 298 885046 885047 885048 885049 890585 879513 873977 873976 873975 873974 873973 873972 873971 873970 879506 885042 885043 885044 890580 890581 896117 896118 896119 896120 901655 901654 901653 901652 896116 896115 890579 890578 879507 868435 879508 868436 862900 862901 862902 862903 879509 868437 868438 868439 868440 890584 879512 890583 879511 885045 890582 879510
bot 299 301 xebmdu02 1260056271 959058 52
owned 299 959058 959059 959060 959061 964597 953525 947989 947988 947987 947986 947985 947984 947983 947982 953518 959054 959055 959056 964592 964593 970129 970130 970131 970132 975667 975666 975665 975664 970128 970127 964591 964590 953519 942447 953520 942448 936912 936913 936914 936915 953521 942449 942450 942451 942452 964596 953524 964595 953523 959057 964594 953522
bot 300 302 minv0qzi 1572112624 337314 52
owned 300 337314 337315 337316 337317 342853 331781 326245 326244 326243 326242 326241 326240 326239 326238 331774 337310 337311 337312 342848 342849 348385 348386 348387 348388 353923 353922 353921 353920 348384 348383 342847 342846 331775 320703 331776 320704 315168 315169 315170 315171 331777 320705 320706 320707 320708 342852 331780 342851 331779 337313 342850 331778
bot 301 303 s3tsi6x9 231384593 1010241 52
owned 301 1010241 1010242 1010243 1010244 1015780 1004708 999172 999171 999170 999169 999168 999167 999166 999165 1004701 1010237 1010238 1010239 1015775 1015776 1021312 1021313 1021314 1021315 1026850 1026849 1026848 1026847 1021311 1021310 1015774 1015773 1004702 993630 1004703 993631 988095 988096 988097 988098 1004704 993632 993633 993634 993635 1015779 1004707 1015778 1004706 1010240 1015777 1004705
bot 302 304 k4ol3ovv 536339554 220265 52
owned 302 220265 220266 220267 220268 225804 214732 209196 209195 209194 209193 209192 209191 209190 209189 214725 220261 220262 220263 225799 225800 231336 231337 231338 231339 236874 236873 236872 236871 231335 231334 225798 225797 214726 203654 214727 203655 198119 198120 198121 198122 214728 203656 203657 203658 203659 225803 214731 225802 214730 220264 225801 214729
bot 303 305 my4alddo 1935066024 54790 52
owned 303 54790 54791 54792 54793 60329 49257 43721 43720 43719 43718 43717 43716 43715 43714 49250 54786 54787 54788 60324 60325 65861 65862 65863 65864 71399 71398 71397 71396 65860 65859 60323 60322 49251 38179 49252 38180 32644 32645 32646 32647 49253 38181 38182 38183 38184 60328 49256 60327 49255 54789 60326 49254
bot 304 306 j2kjyzt1 573024905 1289052 52
owned 304 1289052 1289053 1289054 1289055 1294591 1283519 1277983 1277982 1277981 1277980 1277979 1277978 1277977 1277976 1283512 1289048 1289049 1289050 1294586 1294587 1300123 1300124 1300125 1300126 1305661 1305660 1305659 1305658 1300122 1300121 1294585 1294584 1283513 1272441 1283514 1272442 1266906 1266907 1266908 1266909 1283515 1272443 1272444 1272445 1272446 1294590 1283518 1294589 1283517 1289051 1294588 1283516
bot 305 307 x5ff4utp 1716176702 1410989 52
owned 305 1410989 1410990 1410991 1410992 1416528 1405456 1399920 1399919 1399918 1399917 1399916 1399915 1399914 1399913 1405449 1410985 1410986 1410987 1416523 1416524 1422060 1422061 1422062 1422063 1427598 1427597 1427596 1427595 1422059 1422058 1416522 1416521 1405450 1394378 1405451 1394379 1388843 1388844 1388845 1388846 1405452 1394380 1394381 1394382 1394383 1416527 1405455 1416526 1405454 1410988 1416525 1405453
bot 306 308 lokk2xdf -1934366033 1513136 48
owned 306 1513136 1513137 1513138 1513139 1518675 1507603 1502067 1502066 1502065 1502064 1502063 1502062 1502061 1502060 1507596 1513132 1513133 1513134 1518670 1518671 1524207 1524208 1524209 1524210 1524206 1524205 1518669 1518668 1507597 1496525 1507598 1496526 1490990 1490991 1490992 1490993 1507599 1496527 1496528 1496529 1496530 1518674 1507602 1518673 1507601 1513135 1518672 1507600
bot 307 309 sylg30cf 1985369573 662095 52
owned 307 662095 662096 662097 662098 667634 656562 651026 651025 651024 651023 651022 651021 651020 651019 656555 662091 662092 662093 667629 667630 673166 673167 673168 673169 678704 678703 678702 678701 673165 673164 667628 667627 656556 645484 656557 645485 639949 639950 639951 639952 656558 645486 645487 645488 645489 667633 656561 667632 656560 662094 667631 656559
bot 308 310 sahbcu7b 2042478409 727922 52
owned 308 727922 727923 727924 727925 733461 722389 716853 716852 716851 716850 716849 716848 716847 716846 722382 727918 727919 727920 733456 733457 738993 738994 738995 738996 744531 744530 744529 744528 738992 738991 733455 733454 722383 711311 722384 711312 705776 705777 705778 705779 722385 711313 711314 711315 711316 733460 722388 733459 722387 727921 733458 722386
bot 309 311 zuvsbbzm -1951051985 877555 52
owned 309 877555 877556 877557 877558 883094 872022 866486 866485 866484 866483 866482 866481 866480 866479 872015 877551 877552 877553 883089 883090 888626 888627 888628 888629 894164 894163 894162 894161 888625 888624 883088 883087 872016 860944 872017 860945 855409 855410 855411 855412 872018 860946 860947 860948 860949 883093 872021 883092 872020 877554 883091 872019
bot 310 312 n4n57mjy 764300918 172121 52
owned 310 172121 172122 172123 172124 177660 166588 161052 161051 161050 161049 161048 161047 161046 161045 166581 172117 172118 172119 177655 177656 183192 183193 183194 183195 188730 188729 188728 188727 183191 183190 177654 177653 166582 155510 166583 155511 149975 149976 149977 149978 166584 155512 155513 155514 155515 177659 166587 177658 166586 172120 177657 166585
bot 311 313 8s3w15kq 854902363 921237 52
owned 311 921237 921238 921239 921240 926776 915704 910168 910167 910166 910165 910164 910163 910162 910161 915697 921233 921234 921235 926771 926772 932308 932309 932310 932311 937846 937845 937844 937843 932307 932306 926770 926769 915698 904626 915699 904627 899091 899092 899093 899094 915700 904628 904629 904630 904631 926775 915703 926774 915702 921236 926773 915701
bot 312 314 a6z0gp5d 1697973799 1108321 52
owned 312 1108321 1108322 1108323 1108324 1113860 1102788 1097252 1097251 1097250 1097249 1097248 1097247 1097246 1097245 1102781 1108317 1108318 1108319 1113855 1113856 1119392 1119393 1119394 1119395 1124930 1124929 1124928 1124927 1119391 1119390 1113854 1113853 1102782 1091710 1102783 1091711 1086175 1086176 1086177 1086178 1102784 1091712 1091713 1091714 1091715 1113859 1102787 1113858 1102786 1108320 1113857 1102785
bot 313 315 momzwuew 564874533 450279 52
owned 313 450279 450280 450281 450282 455818 444746 439210 439209 439208 439207 439206 439205 439204 439203 444739 450275 450276 450277 455813 455814 461350 461351 461352 461353 466888 466887 466886 466885 461349 461348 455812 455811 444740 433668 444741 433669 428133 428134 428135 428136 444742 433670 433671 433672 433673 455817 444745 455816 444744 450278 455815 444743
bot 314 316 swknlr19 256525071 560847 52
owned 314 560847 560848 560849 560850 566386 555314 549778 549777 549776 549775 549774 549773 549772 549771 555307 560843 560844 560845 566381 566382 571918 571919 571920 571921 577456 577455 577454 577453 571917 571916 566380 566379 555308 544236 555309 544237 538701 538702 538703 538704 555310 544238 544239 544240 544241 566385 555313 566384 555312 560846 566383 555311
bot 315 317 68tli42a 1430218968 1227178 52
owned 315 1227178 1227179 1227180 1227181 1232717 1221645 1216109 1216108 1216107 1216106 1216105 1216104 1216103 1216102 1221638 1227174 1227175 1227176 1232712 1232713 1238249 1238250 1238251 1238252 1243787 1243786 1243785 1243784 1238248 1238247 1232711 1232710 1221639 1210567 1221640 1210568 1205032 1205033 1205034 1205035 1221641 1210569 1210570 1210571 1210572 1232716 1221644 1232715 1221643 1227177 1232714 1221642
bot 316 318 43wn7pvq -2111648082 1307697 52
owned 316 1307697 1307698 1307699 1307700 1313236 1302164 1296628 1296627 1296626 1296625 1296624 1296623 1296622 1296621 1302157 1307693 1307694 1307695 1313231 1313232 1318768 1318769 1318770 1318771 1324306 1324305 1324304 1324303 1318767 1318766 1313230 1313229 1302158 1291086 1302159 1291087 1285551 1285552 1285553 1285554 1302160 1291088 1291089 1291090 1291091 1313235 1302163 1313234 1302162 1307696 1313233 1302161
bot 317 319 ssod81st 1038582099 273544 52
owned 317 273544 273545 273546 273547 279083 268011 262475 262474 262473 262472 262471 262470 262469 262468 268004 273540 273541 273542 279078 279079 284615 284616 284617 284618 290153 290152 290151 290150 284614 284613 279077 279076 268005 256933 268006 256934 251398 251399 251400 251401 268007 256935 256936 256937 256938 279082 268010 279081 268009 273543 279080 268008
bot 318 320 9fudx3o3 260867775 1132109 52
owned 318 1132109 1132110 1132111 1132112 1137648 1126576 1121040 1121039 1121038 1121037 1121036 1121035 1121034 1121033 1126569 1132105 1132106 1132107 1137643 1137644 1143180 1143181 1143182 1143183 1148718 1148717 1148716 1148715 1143179 1143178 1137642 1137641 1126570 1115498 1126571 1115499 1109963 1109964 1109965 1109966 1126572 1115500 1115501 1115502 1115503 1137647 1126575 1137646 1126574 1132108 1137645 1126573
bot 319 321 cm4ig7bz 505236139 221029 52
owned 319 221029 221030 221031 221032 226568 215496 209960 209959 209958 209957 209956 209955 209954 209953 215489 221025 221026 221027 226563 226564 232100 232101 232102 232103 237638 237637 237636 237635 232099 232098 226562 226561 215490 204418 215491 204419 198883 198884 198885 198886 215492 204420 204421 204422 204423 226567 215495 226566 215494 221028 226565 215493
bot 320 322 ajwm3pcu 572424594 98180 52
owned 320 98180 98181 98182 98183 103719 92647 87111 87110 87109 87108 87107 87106 87105 87104 92640 98176 98177 98178 103714 103715 109251 109252 109253 109254 114789 114788 114787 114786 109250 109249 103713 103712 92641 81569 92642 81570 76034 76035 76036 76037 92643 81571 81572 81573 81574 103718 92646 103717 92645 98179 103716 92644
bot 321 323 wcn2fdks -1968654214 522556 52
owned 321 522556 522557 522558 522559 528095 517023 511487 511486 511485 511484 511483 511482 511481 511480 517016 522552 522553 522554 528090 528091 533627 533628 533629 533630 539165 539164 539163 539162 533626 533625 528089 528088 517017 505945 517018 505946 500410 500411 500412 500413 517019 505947 505948 505949 505950 528094 517022 528093 517021 522555 528092 517020
bot 322 324 0a4r00hz 683703363 190446 52
owned 322 190446 190447 190448 190449 195985 184913 179377 179376 179375 179374 179373 179372 179371 179370 184906 190442 190443 190444 195980 195981 201517 201518 201519 201520 207055 207054 207053 207052 201516 201515 195979 195978 184907 173835 184908 173836 168300 168301 168302 168303 184909 173837 173838 173839 173840 195984 184912 195983 184911 190445 195982 184910
bot 323 325 548y287t 1721499265 89782 52
owned 323 89782 89783 89784 89785 95321 84249 78713 78712 78711 78710 78709 78708 78707 78706 84242 89778 89779 89780 95316 95317 100853 100854 100855 100856 106391 106390 106389 106388 100852 100851 95315 95314 84243 73171 84244 73172 67636 67637 67638 67639 84245 73173 73174 73175 73176 95320 84248 95319 84247 89781 95318 84246
bot 324 326 rkqmpoqo 852974710 2148 26
owned 324 2148 2149 2150 2151 7687 7686 13222 13221 13220 13219 13218 13217 7681 7680 2144 2145 2146 18754 7682 18755 7683 18756 18757 7685 2147 7684
bot 325 327 nrv83khf 259845800 721482 52
owned 325 721482 721483 721484 721485 727021 715949 710413 710412 710411 710410 710409 710408 710407 710406 715942 721478 721479 721480 727016 727017 732553 732554 732555 732556 738091 738090 738089 738088 732552 732551 727015 727014 715943 704871 715944 704872 699336 699337 699338 699339 715945 704873 704874 704875 704876 727020 715948 727019 715947 721481 727018 715946
bot 326 328 00wyr0st 1151356229 201771 52
owned 326 201771 201772 201773 201774 207310 196238 190702 190701 190700 190699 190698 190697 190696 190695 196231 201767 201768 201769 207305 207306 212842 212843 212844 212845 218380 218379 218378 218377 212841 212840 207304 207303 196232 185160 196233 185161 179625 179626 179627 179628 196234 185162 185163 185164 185165 207309 196237 207308 196236 201770 207307 196235
bot 327 329 dhvz0u2j 732311231 283175 52
owned 327 283175 283176 283177 283178 288714 277642 272106 272105 272104 272103 272102 272101 272100 272099 277635 283171 283172 283173 288709 288710 294246 294247 294248 294249 299784 299783 299782 299781 294245 294244 288708 288707 277636 266564 277637 266565 261029 261030 261031 261032 277638 266566 266567 266568 266569 288713 277641 288712 277640 283174 288711 277639
bot 328 330 87uy1srx 674084857 1235422 52
owned 328 1235422 1235423 1235424 1235425 1240961 1229889 1224353 1224352 1224351 1224350 1224349 1224348 1224347 1224346 1229882 1235418 1235419 1235420 1240956 1240957 1246493 1246494 1246495 1246496 1252031 1252030 1252029 1252028 1246492 1246491 1240955 1240954 1229883 1218811 1229884 1218812 1213276 1213277 1213278 1213279 1229885 1218813 1218814 1218815 1218816 1240960 1229888 1240959 1229887 1235421 1240958 1229886
bot 329 331 26wgkglj 1355285106 298507 52
owned 329 298507 298508 298509 298510 304046 292974 287438 287437 287436 287435 287434 287433 287432 287431 292967 298503 298504 298505 304041 304042 309578 309579 309580 309581 315116 315115 315114 315113 309577 309576 304040 304039 292968 281896 292969 281897 276361 276362 276363 276364 292970 281898 281899 281900 281901 304045 292973 304044 292972 298506 304043 292971
bot 330 332 s4otxlhb 977164344 105109 52
owned 330 105109 105110 105111 105112 110648 99576 94040 94039 94038 94037 94036 94035 94034 94033 99569 105105 105106 105107 110643 110644 116180 116181 116182 116183 121718 121717 121716 121715 116179 116178 110642 110641 99570 88498 99571 88499 82963 82964 82965 82966 99572 88500 88501 88502 88503 110647 99575 110646 99574 105108 110645 99573
bot 331 333 65ikynwk 1994084410 239677 52
owned 331 239677 239678 239679 239680 245216 234144 228608 228607 228606 228605 228604 228603 228602 228601 234137 239673 239674 239675 245211 245212 250748 250749 250750 250751 256286 256285 256284 256283 250747 250746 245210 245209 234138 223066 234139 223067 217531 217532 217533 217534 234140 223068 223069 223070 223071 245215 234143 245214 234142 239676 245213 234141
bot 332 334 goxpy54y 2126119939 1453919 52
owned 332 1453919 1453920 1453921 1453922 1459458 1448386 1442850 1442849 1442848 1442847 1442846 1442845 1442844 1442843 1448379 1453915 1453916 1453917 1459453 1459454 1464990 1464991 1464992 1464993 1470528 1470527 1470526 1470525 1464989 1464988 1459452 1459451 1448380 1437308 1448381 1437309 1431773 1431774 1431775 1431776 1448382 1437310 1437311 1437312 1437313 1459457 1448385 1459456 1448384 1453918 1459455 1448383
bot 333 335 etvrjl78 1230027446 939881 52
owned 333 939881 939882 939883 939884 945420 934348 928812 928811 928810 928809 928808 928807 928806 928805 934341 939877 939878 939879 945415 945416 950952 950953 950954 950955 956490 956489 956488 956487 950951 950950 945414 945413 934342 923270 934343 923271 917735 917736 917737 917738 934344 923272 923273 923274 923275 945419 934347 945418 934346 939880 945417 934345
bot 334 336 y58lji80 -2145784821 32250 52
owned 334 32250 32251 32252 32253 37789 26717 21181 21180 21179 21178 21177 21176 21175 21174 26710 32246 32247 32248 37784 37785 43321 43322 43323 43324 48859 48858 48857 48856 43320 43319 37783 37782 26711 15639 26712 15640 10104 10105 10106 10107 26713 15641 15642 15643 15644 37788 26716 37787 26715 32249 37786 26714
bot 335 337 13dy28ag 715856935 553302 52
owned 335 553302 553303 553304 553305 558841 547769 542233 542232 542231 542230 542229 542228 542227 542226 547762 553298 553299 553300 558836 558837 564373 564374 564375 564376 569911 569910 569909 569908 564372 564371 558835 558834 547763 536691 547764 536692 531156 531157 531158 531159 547765 536693 536694 536695 536696 558840 547768 558839 547767 553301 558838 547766
bot 336 338 0dg1h5h5 914428748 515473 52
owned 336 515473 515474 515475 515476 521012 509940 504404 504403 504402 504401 504400 504399 504398 504397 509933 515469 515470 515471 521007 521008 526544 526545 526546 526547 532082 532081 532080 532079 526543 526542 521006 521005 509934 498862 509935 498863 493327 493328 493329 493330 509936 498864 498865 498866 498867 521011 509939 521010 509938 515472 521009 509937
bot 337 339 e9ncqhcw -1999150320 1006796 52
owned 337 1006796 1006797 1006798 1006799 1012335 1001263 995727 995726 995725 995724 995723 995722 995721 995720 1001256 1006792 1006793 1006794 1012330 1012331 1017867 1017868 1017869 1017870 1023405 1023404 1023403 1023402 1017866 1017865 1012329 1012328 1001257 990185 1001258 990186 984650 984651 984652 984653 1001259 990187 990188 990189 990190 1012334 1001262 1012333 1001261 1006795 1012332 1001260
bot 338 340 uhxjrdbv 1124873273 1308928 52
owned 338 1308928 1308929 1308930 1308931 1314467 1303395 1297859 1297858 1297857 1297856 1297855 1297854 1297853 1297852 1303388 1308924 1308925 1308926 1314462 1314463 1319999 1320000 1320001 1320002 1325537 1325536 1325535 1325534 1319998 1319997 1314461 1314460 1303389 1292317 1303390 1292318 1286782 1286783 1286784 1286785 1303391 1292319 1292320 1292321 1292322 1314466 1303394 1314465 1303393 1308927 1314464 1303392
bot 339 341 gv359a4k -2054642316 104665 52
owned 339 104665 104666 104667 104668 110204 99132 93596 93595 93594 93593 93592 93591 93590 93589 99125 104661 104662 104663 110199 110200 115736 115737 115738 115739 121274 121273 121272 121271 115735 115734 110198 110197 99126 88054 99127 88055 82519 82520 82521 82522 99128 88056 88057 88058 88059 110203 99131 110202 99130 104664 110201 99129
bot 340 342 p4ehczm2 700767873 354645 52
owned 340 354645 354646 354647 354648 360184 349112 343576 343575 343574 343573 343572 343571 343570 343569 349105 354641 354642 354643 360179 360180 365716 365717 365718 365719 371254 371253 371252 371251 365715 365714 360178 360177 349106 338034 349107 338035 332499 332500 332501 332502 349108 338036 338037 338038 338039 360183 349111 360182 349110 354644 360181 349109
bot 341 343 p2xbynef 1936718818 52038 52
owned 341 52038 52039 52040 52041 57577 46505 40969 40968 40967 40966 40965 40964 40963 40962 46498 52034 52035 52036 57572 57573 63109 63110 63111 63112 68647 68646 68645 68644 63108 63107 57571 57570 46499 35427 46500 35428 29892 29893 29894 29895 46501 35429 35430 35431 35432 57576 46504 57575 46503 52037 57574 46502
bot 342 344 co561w2j -2034742929 419148 52
owned 342 419148 419149 419150 419151 424687 413615 408079 408078 408077 408076 408075 408074 408073 408072 413608 419144 419145 419146 424682 424683 430219 430220 430221 430222 435757 435756 435755 435754 430218 430217 424681 424680 413609 402537 413610 402538 397002 397003 397004 397005 413611 402539 402540 402541 402542 424686 413614 424685 413613 419147 424684 413612
bot 343 345 wz0zkd1s 890788124 835586 52
owned 343 835586 835587 835588 835589 841125 830053 824517 824516 824515 824514 824513 824512 824511 824510 830046 835582 835583 835584 841120 841121 846657 846658 846659 846660 852195 852194 852193 852192 846656 846655 841119 841118 830047 818975 830048 818976 813440 813441 813442 813443 830049 818977 818978 818979 818980 841124 830052 841123 830051 835585 841122 830050
bot 344 346 m7jnfagf 1623514252 33365 52
owned 344 33365 33366 33367 33368 38904 27832 22296 22295 22294 22293 22292 22291 22290 22289 27825 33361 33362 33363 38899 38900 44436 44437 44438 44439 49974 49973 49972 49971 44435 44434 38898 38897 27826 16754 27827 16755 11219 11220 11221 11222 27828 16756 16757 16758 16759 38903 27831 38902 27830 33364 38901 27829
bot 345 347 rq439wc6 365026933 1257044 52
owned 345 1257044 1257045 1257046 1257047 1262583 1251511 1245975 1245974 1245973 1245972 1245971 1245970 1245969 1245968 1251504 1257040 1257041 1257042 1262578 1262579 1268115 1268116 1268117 1268118 1273653 1273652 1273651 1273650 1268114 1268113 1262577 1262576 1251505 1240433 1251506 1240434 1234898 1234899 1234900 1234901 1251507 1240435 1240436 1240437 1240438 1262582 1251510 1262581 1251509 1257043 1262580 1251508
bot 346 348 lkklizjr 1633332011 1011193 52
owned 346 1011193 1011194 1011195 1011196 1016732 1005660 1000124 1000123 1000122 1000121 1000120 1000119 1000118 1000117 1005653 1011189 1011190 1011191 1016727 1016728 1022264 1022265 1022266 1022267 1027802 1027801 1027800 1027799 1022263 1022262 1016726 1016725 1005654 994582 1005655 994583 989047 989048 989049 989050 1005656 994584 994585 994586 994587 1016731 1005659 1016730 1005658 1011192 1016729 1005657
bot 347 349 2uyam605 1485169917 749507 52
owned 347 749507 749508 749509 749510 755046 743974 738438 738437 738436 738435 738434 738433 738432 738431 743967 749503 749504 749505 755041 755042 760578 760579 760580 760581 766116 766115 766114 766113 760577 760576 755040 755039 743968 732896 743969 732897 727361 727362 727363 727364 743970 732898 732899 732900 732901 755045 743973 755044 743972 749506 755043 743971
bot 348 350 er3wo1bg 623509388 1289253 52
owned 348 1289253 1289254 1289255 1289256 1294792 1283720 1278184 1278183 1278182 1278181 1278180 1278179 1278178 1278177 1283713 1289249 1289250 1289251 1294787 1294788 1300324 1300325 1300326 1300327 1305862 1305861 1305860 1305859 1300323 1300322 1294786 1294785 1283714 1272642 1283715 1272643 1267107 1267108 1267109 1267110 1283716 1272644 1272645 1272646 1272647 1294791 1283719 1294790 1283718 1289252 1294789 1283717
bot 349 351 ezt35u0l 316983220 1224532 52
owned 349 1224532 1224533 1224534 1224535 1230071 1218999 1213463 1213462 1213461 1213460 1213459 1213458 1213457 1213456 1218992 1224528 1224529 1224530 1230066 1230067 1235603 1235604 1235605 1235606 1241141 1241140 1241139 1241138 1235602 1235601 1230065 1230064 1218993 1207921 1218994 1207922 1202386 1202387 1202388 1202389 1218995 1207923 1207924 1207925 1207926 1230070 1218998 1230069 1218997 1224531 1230068 1218996
bot 350 352 593d2qcb 1741431729 1019256 52
owned 350 1019256 1019257 1019258 1019259 1024795 1013723 1008187 1008186 1008185 1008184 1008183 1008182 1008181 1008180 1013716 1019252 1019253 1019254 1024790 1024791 1030327 1030328 1030329 1030330 1035865 1035864 1035863 1035862 1030326 1030325 1024789 1024788 1013717 1002645 1013718 1002646 997110 997111 997112 997113 1013719 1002647 1002648 1002649 1002650 1024794 1013722 1024793 1013721 1019255 1024792 1013720
bot 351 353 y51cphtm 1940646435 1296286 52
owned 351 1296286 1296287 1296288 1296289 1301825 1290753 1285217 1285216 1285215 1285214 1285213 1285212 1285211 1285210 1290746 1296282 1296283 1296284 1301820 1301821 1307357 1307358 1307359 1307360 1312895 1312894 1312893 1312892 1307356 1307355 1301819 1301818 1290747 1279675 1290748 1279676 1274140 1274141 1274142 1274143 1290749 1279677 1279678 1279679 1279680 1301824 1290752 1301823 1290751 1296285 1301822 1290750
bot 352 354 g94go6fd 467100538 1198904 52
owned 352 1198904 1198905 1198906 1198907 1204443 1193371 1187835 1187834 1187833 1187832 1187831 1187830 1187829 1187828 1193364 1198900 1198901 1198902 1204438 1204439 1209975 1209976 1209977 1209978 1215513 1215512 1215511 1215510 1209974 1209973 1204437 1204436 1193365 1182293 1193366 1182294 1176758 1176759 1176760 1176761 1193367 1182295 1182296 1182297 1182298 1204442 1193370 1204441 1193369 1198903 1204440 1193368
bot 353 355 9ksqwgqt 358186663 739471 52
owned 353 739471 739472 739473 739474 745010 733938 728402 728401 728400 728399 728398 728397 728396 728395 733931 739467 739468 739469 745005 745006 750542 750543 750544 750545 756080 756079 756078 756077 750541 750540 745004 745003 733932 722860 733933 722861 717325 717326 717327 717328 733934 722862 722863 722864 722865 745009 733937 745008 733936 739470 745007 733935
bot 354 356 ykirk4lg 503358949 554072 52
owned 354 554072 554073 554074 554075 559611 548539 543003 543002 543001 543000 542999 542998 542997 542996 548532 554068 554069 554070 559606 559607 565143 565144 565145 565146 570681 570680 570679 570678 565142 565141 559605 559604 548533 537461 548534 537462 531926 531927 531928 531929 548535 537463 537464 537465 537466 559610 548538 559609 548537 554071 559608 548536
bot 355 357 jurxvo26 327021942 395464 52
owned 355 395464 395465 395466 395467 401003 389931 384395 384394 384393 384392 384391 384390 384389 384388 389924 395460 395461 395462 400998 400999 406535 406536 406537 406538 412073 412072 412071 412070 406534 406533 400997 400996 389925 378853 389926 378854 373318 373319 373320 373321 389927 378855 378856 378857 378858 401002 389930 401001 389929 395463 401000 389928
bot 356 358 to8bcohn 1951234907 884773 52
owned 356 884773 884774 884775 884776 890312 879240 873704 873703 873702 873701 873700 873699 873698 873697 879233 884769 884770 884771 890307 890308 895844 895845 895846 895847 901382 901381 901380 901379 895843 895842 890306 890305 879234 868162 879235 868163 862627 862628 862629 862630 879236 868164 868165 868166 868167 890311 879239 890310 879238 884772 890309 879237
bot 357 359 ensatih4 -1933594292 870551 52
owned 357 870551 870552 870553 870554 876090 865018 859482 859481 859480 859479 859478 859477 859476 859475 865011 870547 870548 870549 876085 876086 881622 881623 881624 881625 887160 887159 887158 887157 881621 881620 876084 876083 865012 853940 865013 853941 848405 848406 848407 848408 865014 853942 853943 853944 853945 876089 865017 876088 865016 870550 876087 865015
bot 358 360 nbbu08hb 2091389435 1290013 52
owned 358 1290013 1290014 1290015 1290016 1295552 1284480 1278944 1278943 1278942 1278941 1278940 1278939 1278938 1278937 1284473 1290009 1290010 1290011 1295547 1295548 1301084 1301085 1301086 1301087 1306622 1306621 1306620 1306619 1301083 1301082 1295546 1295545 1284474 1273402 1284475 1273403 1267867 1267868 1267869 1267870 1284476 1273404 1273405 1273406 1273407 1295551 1284479 1295550 1284478 1290012 1295549 1284477
bot 359 361 rxlhv8ic 1088499750 484792 52
owned 359 484792 484793 484794 484795 490331 479259 473723 473722 473721 473720 473719 473718 473717 473716 479252 484788 484789 484790 490326 490327 495863 495864 495865 495866 501401 501400 501399 501398 495862 495861 490325 490324 479253 468181 479254 468182 462646 462647 462648 462649 479255 468183 468184 468185 468186 490330 479258 490329 479257 484791 490328 479256
bot 360 362 aiowrq52 979483480 1293332 52
owned 360 1293332 1293333 1293334 1293335 1298871 1287799 1282263 1282262 1282261 1282260 1282259 1282258 1282257 1282256 1287792 1293328 1293329 1293330 1298866 1298867 1304403 1304404 1304405 1304406 1309941 1309940 1309939 1309938 1304402 1304401 1298865 1298864 1287793 1276721 1287794 1276722 1271186 1271187 1271188 1271189 1287795 1276723 1276724 1276725 1276726 1298870 1287798 1298869 1287797 1293331 1298868 1287796
bot 361 363 bo94our7 631930647 480214 52
owned 361 480214 480215 480216 480217 485753 474681 469145 469144 469143 469142 469141 469140 469139 469138 474674 480210 480211 480212 485748 485749 491285 491286 491287 491288 496823 496822 496821 496820 491284 491283 485747 485746 474675 463603 474676 463604 458068 458069 458070 458071 474677 463605 463606 463607 463608 485752 474680 485751 474679 480213 485750 474678
bot 362 364 jxqkb7y6 2000760554 762522 52
owned 362 762522 762523 762524 762525 768061 756989 751453 751452 751451 751450 751449 751448 751447 751446 756982 762518 762519 762520 768056 768057 773593 773594 773595 773596 779131 779130 779129 779128 773592 773591 768055 768054 756983 745911 756984 745912 740376 740377 740378 740379 756985 745913 745914 745915 745916 768060 756988 768059 756987 762521 768058 756986
bot 363 365 ikezntfk 2015951718 298990 52
owned 363 298990 298991 298992 298993 304529 293457 287921 287920 287919 287918 287917 287916 287915 287914 293450 298986 298987 298988 304524 304525 310061 310062 310063 310064 315599 315598 315597 315596 310060 310059 304523 304522 293451 282379 293452 282380 276844 276845 276846 276847 293453 282381 282382 282383 282384 304528 293456 304527 293455 298989 304526 293454
bot 364 366 j4e63dwu 2126127918 784080 52
owned 364 784080 784081 784082 784083 789619 778547 773011 773010 773009 773008 773007 773006 773005 773004 778540 784076 784077 784078 789614 789615 795151 795152 795153 795154 800689 800688 800687 800686 795150 795149 789613 789612 778541 767469 778542 767470 761934 761935 761936 761937 778543 767471 767472 767473 767474 789618 778546 789617 778545 784079 789616 778544
bot 365 367 t0b9mavx 1703527259 1169149 52
owned 365 1169149 1169150 1169151 1169152 1174688 1163616 1158080 1158079 1158078 1158077 1158076 1158075 1158074 1158073 1163609 1169145 1169146 1169147 1174683 1174684 1180220 1180221 1180222 1180223 1185758 1185757 1185756 1185755 1180219 1180218 1174682 1174681 1163610 1152538 1163611 1152539 1147003 1147004 1147005 1147006 1163612 1152540 1152541 1152542 1152543 1174687 1163615 1174686 1163614 1169148 1174685 1163613
bot 366 368 bu0hz5bz 1452611938 238067 52
owned 366 238067 238068 238069 238070 243606 232534 226998 226997 226996 226995 226994 226993 226992 226991 232527 238063 238064 238065 243601 243602 249138 249139 249140 249141 254676 254675 254674 254673 249137 249136 243600 243599 232528 221456 232529 221457 215921 215922 215923 215924 232530 221458 221459 221460 221461 243605 232533 243604 232532 238066 243603 232531
bot 367 369 368l6a1p 1297490021 483957 52
owned 367 483957 483958 483959 483960 489496 478424 472888 472887 472886 472885 472884 472883 472882 472881 478417 483953 483954 483955 489491 489492 495028 495029 495030 495031 500566 500565 500564 500563 495027 495026 489490 489489 478418 467346 478419 467347 461811 461812 461813 461814 478420 467348 467349 467350 467351 489495 478423 489494 478422 483956 489493 478421
bot 368 370 6cr9h8xa 833789937 1162755 52
owned 368 1162755 1162756 1162757 1162758 1168294 1157222 1151686 1151685 1151684 1151683 1151682 1151681 1151680 1151679 1157215 1162751 1162752 1162753 1168289 1168290 1173826 1173827 1173828 1173829 1179364 1179363 1179362 1179361 1173825 1173824 1168288 1168287 1157216 1146144 1157217 1146145 1140609 1140610 1140611 1140612 1157218 1146146 1146147 1146148 1146149 1168293 1157221 1168292 1157220 1162754 1168291 1157219
bot 369 371 8y4zfq0g 654669581 919534 52
owned 369 919534 919535 919536 919537 925073 914001 908465 908464 908463 908462 908461 908460 908459 908458 913994 919530 919531 919532 925068 925069 930605 930606 930607 930608 936143 936142 936141 936140 930604 930603 925067 925066 913995 902923 913996 902924 897388 897389 897390 897391 913997 902925 902926 902927 902928 925072 914000 925071 913999 919533 925070 913998
bot 370 372 tz0sezi7 1830872408 639121 52
owned 370 639121 639122 639123 639124 644660 633588 628052 628051 628050 628049 628048 628047 628046 628045 633581 639117 639118 639119 644655 644656 650192 650193 650194 650195 655730 655729 655728 655727 650191 650190 644654 644653 633582 622510 633583 622511 616975 616976 616977 616978 633584 622512 622513 622514 622515 644659 633587 644658 633586 639120 644657 633585
bot 371 373 dazr70tn -2096114292 292840 52
owned 371 292840 292841 292842 292843 298379 287307 281771 281770 281769 281768 281767 281766 281765 281764 287300 292836 292837 292838 298374 298375 303911 303912 303913 303914 309449 309448 309447 309446 303910 303909 298373 298372 287301 276229 287302 276230 270694 270695 270696 270697 287303 276231 276232 276233 276234 298378 287306 298377 287305 292839 298376 287304
bot 372 374 tx1pjsyg 1161571582 229038 52
owned 372 229038 229039 229040 229041 234577 223505 217969 217968 217967 217966 217965 217964 217963 217962 223498 229034 229035 229036 234572 234573 240109 240110 240111 240112 245647 245646 245645 245644 240108 240107 234571 234570 223499 212427 223500 212428 206892 206893 206894 206895 223501 212429 212430 212431 212432 234576 223504 234575 223503 229037 234574 223502
bot 373 375 ndjtlp8r 360050114 633976 52
owned 373 633976 633977 633978 633979 639515 628443 622907 622906 622905 622904 622903 622902 622901 622900 628436 633972 633973 633974 639510 639511 645047 645048 645049 645050 650585 650584 650583 650582 645046 645045 639509 639508 628437 617365 628438 617366 611830 611831 611832 611833 628439 617367 617368 617369 617370 639514 628442 639513 628441 633975 639512 628440
bot 374 376 bsklet6g 1369852118 709787 52
owned 374 709787 709788 709789 709790 715326 704254 698718 698717 698716 698715 698714 698713 698712 698711 704247 709783 709784 709785 715321 715322 720858 720859 720860 720861 726396 726395 726394 726393 720857 720856 715320 715319 704248 693176 704249 693177 687641 687642 687643 687644 704250 693178 693179 693180 693181 715325 704253 715324 704252 709786 715323 704251
bot 375 377 hsozrzu4 1376829607 382011 52
owned 375 382011 382012 382013 382014 387550 376478 370942 370941 370940 370939 370938 370937 370936 370935 376471 382007 382008 382009 387545 387546 393082 393083 393084 393085 398620 398619 398618 398617 393081 393080 387544 387543 376472 365400 376473 365401 359865 359866 359867 359868 376474 365402 365403 365404 365405 387549 376477 387548 376476 382010 387547 376475
bot 376 378 otmybkm3 1233228612 1073010 52
owned 376 1073010 1073011 1073012 1073013 1078549 1067477 1061941 1061940 1061939 1061938 1061937 1061936 1061935 1061934 1067470 1073006 1073007 1073008 1078544 1078545 1084081 1084082 1084083 1084084 1089619 1089618 1089617 1089616 1084080 1084079 1078543 1078542 1067471 1056399 1067472 1056400 1050864 1050865 1050866 1050867 1067473 1056401 1056402 1056403 1056404 1078548 1067476 1078547 1067475 1073009 1078546 1067474
bot 377 379 yfm1nyqy 591266464 1303549 52
owned 377 1303549 1303550 1303551 1303552 1309088 1298016 1292480 1292479 1292478 1292477 1292476 1292475 1292474 1292473 1298009 1303545 1303546 1303547 1309083 1309084 1314620 1314621 1314622 1314623 1320158 1320157 1320156 1320155 1314619 1314618 1309082 1309081 1298010 1286938 1298011 1286939 1281403 1281404 1281405 1281406 1298012 1286940 1286941 1286942 1286943 1309087 1298015 1309086 1298014 1303548 1309085 1298013
bot 378 380 kr6ytu3l 1777848072 1338064 52
owned 378 1338064 1338065 1338066 1338067 1343603 1332531 1326995 1326994 1326993 1326992 1326991 1326990 1326989 1326988 1332524 1338060 1338061 1338062 1343598 1343599 1349135 1349136 1349137 1349138 1354673 1354672 1354671 1354670 1349134 1349133 1343597 1343596 1332525 1321453 1332526 1321454 1315918 1315919 1315920 1315921 1332527 1321455 1321456 1321457 1321458 1343602 1332530 1343601 1332529 1338063 1343600 1332528
bot 379 381 3pagyfng -1957793541 1508714 52
owned 379 1508714 1508715 1508716 1508717 1514253 1503181 1497645 1497644 1497643 1497642 1497641 1497640 1497639 1497638 1503174 1508710 1508711 1508712 1514248 1514249 1519785 1519786 1519787 1519788 1525323 1525322 1525321 1525320 1519784 1519783 1514247 1514246 1503175 1492103 1503176 1492104 1486568 1486569 1486570 1486571 1503177 1492105 1492106 1492107 1492108 1514252 1503180 1514251 1503179 1508713 1514250 1503178
bot 380 382 w1mobjvk 928394557 764136 52
owned 380 764136 764137 764138 764139 769675 758603 753067 753066 753065 753064 753063 753062 753061 753060 758596 764132 764133 764134 769670 769671 775207 775208 775209 775210 780745 780744 780743 780742 775206 775205 769669 769668 758597 747525 758598 747526 741990 741991 741992 741993 758599 747527 747528 747529 747530 769674 758602 769673 758601 764135 769672 758600
bot 381 383 xm7i5x3m 1912476288 666275 52
owned 381 666275 666276 666277 666278 671814 660742 655206 655205 655204 655203 655202 655201 655200 655199 660735 666271 666272 666273 671809 671810 677346 677347 677348 677349 682884 682883 682882 682881 677345 677344 671808 671807 660736 649664 660737 649665 644129 644130 644131 644132 660738 649666 649667 649668 649669 671813 660741 671812 660740 666274 671811 660739
bot 382 384 8u02tf2g 1219018602 281213 52
owned 382 281213 281214 281215 281216 286752 275680 270144 270143 270142 270141 270140 270139 270138 270137 275673 281209 281210 281211 286747 286748 292284 292285 292286 292287 297822 297821 297820 297819 292283 292282 286746 286745 275674 264602 275675 264603 259067 259068 259069 259070 275676 264604 264605 264606 264607 286751 275679 286750 275678 281212 286749 275677
bot 383 385 lp6sri88 1740038908 67432 52
owned 383 67432 67433 67434 67435 72971 61899 56363 56362 56361 56360 56359 56358 56357 56356 61892 67428 67429 67430 72966 72967 78503 78504 78505 78506 84041 84040 84039 84038 78502 78501 72965 72964 61893 50821 61894 50822 45286 45287 45288 45289 61895 50823 50824 50825 50826 72970 61898 72969 61897 67431 72968 61896
bot 384 386 sb1tap3p 1371937666 902583 52
owned 384 902583 902584 902585 902586 908122 897050 891514 891513 891512 891511 891510 891509 891508 891507 897043 902579 902580 902581 908117 908118 913654 913655 913656 913657 919192 919191 919190 919189 913653 913652 908116 908115 897044 885972 897045 885973 880437 880438 880439 880440 897046 885974 885975 885976 885977 908121 897049 908120 897048 902582 908119 897047
bot 385 387 mv01333k 463202082 1498396 52
owned 385 1498396 1498397 1498398 1498399 1503935 1492863 1487327 1487326 1487325 1487324 1487323 1487322 1487321 1487320 1492856 1498392 1498393 1498394 1503930 1503931 1509467 1509468 1509469 1509470 1515005 1515004 1515003 1515002 1509466 1509465 1503929 1503928 1492857 1481785 1492858 1481786 1476250 1476251 1476252 1476253 1492859 1481787 1481788 1481789 1481790 1503934 1492862 1503933 1492861 1498395 1503932 1492860
bot 386 388 g9mp2ife 1617787215 270651 52
owned 386 270651 270652 270653 270654 276190 265118 259582 259581 259580 259579 259578 259577 259576 259575 265111 270647 270648 270649 276185 276186 281722 281723 281724 281725 287260 287259 287258 287257 281721 281720 276184 276183 265112 254040 265113 254041 248505 248506 248507 248508 265114 254042 254043 254044 254045 276189 265117 276188 265116 270650 276187 265115
bot 387 389 jtq0seut 1309745130 429666 52
owned 387 429666 429667 429668 429669 435205 424133 418597 418596 418595 418594 418593 418592 418591 418590 424126 429662 429663 429664 435200 435201 440737 440738 440739 440740 446275 446274 446273 446272 440736 440735 435199 435198 424127 413055 424128 413056 407520 407521 407522 407523 424129 413057 413058 413059 413060 435204 424132 435203 424131 429665 435202 424130
bot 388 390 525mh9ql 1149585125 1437119 52
owned 388 1437119 1437120 1437121 1437122 1442658 1431586 1426050 1426049 1426048 1426047 1426046 1426045 1426044 1426043 1431579 1437115 1437116 1437117 1442653 1442654 1448190 1448191 1448192 1448193 1453728 1453727 1453726 1453725 1448189 1448188 1442652 1442651 1431580 1420508 1431581 1420509 1414973 1414974 1414975 1414976 1431582 1420510 1420511 1420512 1420513 1442657 1431585 1442656 1431584 1437118 1442655 1431583
bot 389 391 fvbpmsvz -2135026292 981876 52
owned 389 981876 981877 981878 981879 987415 976343 970807 970806 970805 970804 970803 970802 970801 970800 976336 981872 981873 981874 987410 987411 992947 992948 992949 992950 998485 998484 998483 998482 992946 992945 987409 987408 976337 965265 976338 965266 959730 959731 959732 959733 976339 965267 965268 965269 965270 987414 976342 987413 976341 981875 987412 976340
bot 390 392 xwn3ivem 345390557 156739 52
owned 390 156739 156740 156741 156742 162278 151206 145670 145669 145668 145667 145666 145665 145664 145663 151199 156735 156736 156737 162273 162274 167810 167811 167812 167813 173348 173347 173346 173345 167809 167808 162272 162271 151200 140128 151201 140129 134593 134594 134595 134596 151202 140130 140131 140132 140133 162277 151205 162276 151204 156738 162275 151203
bot 391 393 fqbyj4jd 2025551274 1163206 52
owned 391 1163206 1163207 1163208 1163209 1168745 1157673 1152137 1152136 1152135 1152134 1152133 1152132 1152131 1152130 1157666 1163202 1163203 1163204 1168740 1168741 1174277 1174278 1174279 1174280 1179815 1179814 1179813 1179812 1174276 1174275 1168739 1168738 1157667 1146595 1157668 1146596 1141060 1141061 1141062 1141063 1157669 1146597 1146598 1146599 1146600 1168744 1157672 1168743 1157671 1163205 1168742 1157670
bot 392 394 xfiw8ywg -1939072783 284324 52
owned 392 284324 284325 284326 284327 289863 278791 273255 273254 273253 273252 273251 273250 273249 273248 278784 284320 284321 284322 289858 289859 295395 295396 295397 295398 300933 300932 300931 300930 295394 295393 289857 289856 278785 267713 278786 267714 262178 262179 262180 262181 278787 267715 267716 267717 267718 289862 278790 289861 278789 284323 289860 278788
bot 393 395 iw3dqxmq 2117070266 1294026 52
owned 393 1294026 1294027 1294028 1294029 1299565 1288493 1282957 1282956 1282955 1282954 1282953 1282952 1282951 1282950 1288486 1294022 1294023 1294024 1299560 1299561 1305097 1305098 1305099 1305100 1310635 1310634 1310633 1310632 1305096 1305095 1299559 1299558 1288487 1277415 1288488 1277416 1271880 1271881 1271882 1271883 1288489 1277417 1277418 1277419 1277420 1299564 1288492 1299563 1288491 1294025 1299562 1288490
bot 394 396 yc0ao6et 660894387 82444 52
owned 394 82444 82445 82446 82447 87983 76911 71375 71374 71373 71372 71371 71370 71369 71368 76904 82440 82441 82442 87978 87979 93515 93516 93517 93518 99053 99052 99051 99050 93514 93513 87977 87976 76905 65833 76906 65834 60298 60299 60300 60301 76907 65835 65836 65837 65838 87982 76910 87981 76909 82443 87980 76908
bot 395 397 ixj6ihi7 748783564 1502129 52
owned 395 1502129 1502130 1502131 1502132 1507668 1496596 1491060 1491059 1491058 1491057 1491056 1491055 1491054 1491053 1496589 1502125 1502126 1502127 1507663 1507664 1513200 1513201 1513202 1513203 1518738 1518737 1518736 1518735 1513199 1513198 1507662 1507661 1496590 1485518 1496591 1485519 1479983 1479984 1479985 1479986 1496592 1485520 1485521 1485522 1485523 1507667 1496595 1507666 1496594 1502128 1507665 1496593
bot 396 398 9l5wwvr3 970244207 942312 52
owned 396 942312 942313 942314 942315 947851 936779 931243 931242 931241 931240 931239 931238 931237 931236 936772 942308 942309 942310 947846 947847 953383 953384 953385 953386 958921 958920 958919 958918 953382 953381 947845 947844 936773 925701 936774 925702 920166 920167 920168 920169 936775 925703 925704 925705 925706 947850 936778 947849 936777 942311 947848 936776
bot 397 399 2w6i33lv 1347683494 902463 52
owned 397 902463 902464 902465 902466 908002 896930 891394 891393 891392 891391 891390 891389 891388 891387 896923 902459 902460 902461 907997 907998 913534 913535 913536 913537 919072 919071 919070 919069 913533 913532 907996 907995 896924 885852 896925 885853 880317 880318 880319 880320 896926 885854 885855 885856 885857 908001 896929 908000 896928 902462 907999 896927
bot 398 400 sba949vb 2051192204 1484102 52
owned 398 1484102 1484103 1484104 1484105 1489641 1478569 1473033 1473032 1473031 1473030 1473029 1473028 1473027 1473026 1478562 1484098 1484099 1484100 1489636 1489637 1495173 1495174 1495175 1495176 1500711 1500710 1500709 1500708 1495172 1495171 1489635 1489634 1478563 1467491 1478564 1467492 1461956 1461957 1461958 1461959 1478565 1467493 1467494 1467495 1467496 1489640 1478568 1489639 1478567 1484101 1489638 1478566
bot 399 401 ijcmefns 1058902645 145002 52
owned 399 145002 145003 145004 145005 150541 139469 133933 133932 133931 133930 133929 133928 133927 133926 139462 144998 144999 145000 150536 150537 156073 156074 156075 156076 161611 161610 161609 161608 156072 156071 150535 150534 139463 128391 139464 128392 122856 122857 122858 122859 139465 128393 128394 128395 128396 150540 139468 150539 139467 145001 150538 139466
bot 400 402 isnsszoo 777399290 1468095 52
owned 400 1468095 1468096 1468097 1468098 1473634 1462562 1457026 1457025 1457024 1457023 1457022 1457021 1457020 1457019 1462555 1468091 1468092 1468093 1473629 1473630 1479166 1479167 1479168 1479169 1484704 1484703 1484702 1484701 1479165 1479164 1473628 1473627 1462556 1451484 1462557 1451485 1445949 1445950 1445951 1445952 1462558 1451486 1451487 1451488 1451489 1473633 1462561 1473632 1462560 1468094 1473631 1462559
bot 401 403 9z76va23 1432917080 206370 52
owned 401 206370 206371 206372 206373 211909 200837 195301 195300 195299 195298 195297 195296 195295 195294 200830 206366 206367 206368 211904 211905 217441 217442 217443 217444 222979 222978 222977 222976 217440 217439 211903 211902 200831 189759 200832 189760 184224 184225 184226 184227 200833 189761 189762 189763 189764 211908 200836 211907 200835 206369 211906 200834
bot 402 404 h1wbhdhm 830501593 1245443 52
owned 402 1245443 1245444 1245445 1245446 1250982 1239910 1234374 1234373 1234372 1234371 1234370 1234369 1234368 1234367 1239903 1245439 1245440 1245441 1250977 1250978 1256514 1256515 1256516 1256517 1262052 1262051 1262050 1262049 1256513 1256512 1250976 1250975 1239904 1228832 1239905 1228833 1223297 1223298 1223299 1223300 1239906 1228834 1228835 1228836 1228837 1250981 1239909 1250980 1239908 1245442 1250979 1239907
bot 403 405 tewvulrm 1252676706 1238010 52
owned 403 1238010 1238011 1238012 1238013 1243549 1232477 1226941 1226940 1226939 1226938 1226937 1226936 1226935 1226934 1232470 1238006 1238007 1238008 1243544 1243545 1249081 1249082 1249083 1249084 1254619 1254618 1254617 1254616 1249080 1249079 1243543 1243542 1232471 1221399 1232472 1221400 1215864 1215865 1215866 1215867 1232473 1221401 1221402 1221403 1221404 1243548 1232476 1243547 1232475 1238009 1243546 1232474
bot 404 406 wp3bxzsu 1111756920 25673 52
owned 404 25673 25674 25675 25676 31212 20140 14604 14603 14602 14601 14600 14599 14598 14597 20133 25669 25670 25671 31207 31208 36744 36745 36746 36747 42282 42281 42280 42279 36743 36742 31206 31205 20134 9062 20135 9063 3527 3528 3529 3530 20136 9064 9065 9066 9067 31211 20139 31210 20138 25672 31209 20137
bot 405 407 d0g6avrv 1062798904 4049 26
owned 405 4049 4050 4051 4052 9588 9587 15123 15122 15121 15120 15119 15118 9582 9581 4045 4046 4047 20655 9583 20656 9584 20657 20658 9586 4048 9585
bot 406 408 hsyivnsn 1106130326 557583 52
owned 406 557583 557584 557585 557586 563122 552050 546514 546513 546512 546511 546510 546509 546508 546507 552043 557579 557580 557581 563117 563118 568654 568655 568656 568657 574192 574191 574190 574189 568653 568652 563116 563115 552044 540972 552045 540973 535437 535438 535439 535440 552046 540974 540975 540976 540977 563121 552049 563120 552048 557582 563119 552047
bot 407 409 ox9ept1k 1256506455 1349784 52
owned 407 1349784 1349785 1349786 1349787 1355323 1344251 1338715 1338714 1338713 1338712 1338711 1338710 1338709 1338708 1344244 1349780 1349781 1349782 1355318 1355319 1360855 1360856 1360857 1360858 1366393 1366392 1366391 1366390 1360854 1360853 1355317 1355316 1344245 1333173 1344246 1333174 1327638 1327639 1327640 1327641 1344247 1333175 1333176 1333177 1333178 1355322 1344250 1355321 1344249 1349783 1355320 1344248
bot 408 410 ny87grni 329820532 1413086 52
owned 408 1413086 1413087 1413088 1413089 1418625 1407553 1402017 1402016 1402015 1402014 1402013 1402012 1402011 1402010 1407546 1413082 1413083 1413084 1418620 1418621 1424157 1424158 1424159 1424160 1429695 1429694 1429693 1429692 1424156 1424155 1418619 1418618 1407547 1396475 1407548 1396476 1390940 1390941 1390942 1390943 1407549 1396477 1396478 1396479 1396480 1418624 1407552 1418623 1407551 1413085 1418622 1407550
bot 409 411 k2th9538 -2123192920 1196395 52
owned 409 1196395 1196396 1196397 1196398 1201934 1190862 1185326 1185325 1185324 1185323 1185322 1185321 1185320 1185319 1190855 1196391 1196392 1196393 1201929 1201930 1207466 1207467 1207468 1207469 1213004 1213003 1213002 1213001 1207465 1207464 1201928 1201927 1190856 1179784 1190857 1179785 1174249 1174250 1174251 1174252 1190858 1179786 1179787 1179788 1179789 1201933 1190861 1201932 1190860 1196394 1201931 1190859
bot 410 412 ysltjm94 1905506244 335330 52
owned 410 335330 335331 335332 335333 340869 329797 324261 324260 324259 324258 324257 324256 324255 324254 329790 335326 335327 335328 340864 340865 346401 346402 346403 346404 351939 351938 351937 351936 346400 346399 340863 340862 329791 318719 329792 318720 313184 313185 313186 313187 329793 318721 318722 318723 318724 340868 329796 340867 329795 335329 340866 329794
bot 411 413 u5klj2eh 932943728 1183909 52
owned 411 1183909 1183910 1183911 1183912 1189448 1178376 1172840 1172839 1172838 1172837 1172836 1172835 1172834 1172833 1178369 1183905 1183906 1183907 1189443 1189444 1194980 1194981 1194982 1194983 1200518 1200517 1200516 1200515 1194979 1194978 1189442 1189441 1178370 1167298 1178371 1167299 1161763 1161764 1161765 1161766 1178372 1167300 1167301 1167302 1167303 1189447 1178375 1189446 1178374 1183908 1189445 1178373
bot 412 414 k7ka2ci1 -2001454359 434619 52
owned 412 434619 434620 434621 434622 440158 429086 423550 423549 423548 423547 423546 423545 423544 423543 429079 434615 434616 434617 440153 440154 445690 445691 445692 445693 451228 451227 451226 451225 445689 445688 440152 440151 429080 418008 429081 418009 412473 412474 412475 412476 429082 418010 418011 418012 418013 440157 429085 440156 429084 434618 440155 429083
bot 413 415 qtul4azs 1826927332 13642 42
owned 413 13642 13643 13644 13645 19181 8109 2573 2572 2571 2570 2569 2568 2567 2566 8102 13638 13639 13640 19176 19177 24713 24714 24715 24716 30251 30250 30249 30248 24712 24711 19175 19174 8103 8104 8105 19180 8108 19179 8107 13641 19178 8106
bot 414 416 ll69i57o -1984626499 1172096 52
owned 414 1172096 1172097 1172098 1172099 1177635 1166563 1161027 1161026 1161025 1161024 1161023 1161022 1161021 1161020 1166556 1172092 1172093 1172094 1177630 1177631 1183167 1183168 1183169 1183170 1188705 1188704 1188703 1188702 1183166 1183165 1177629 1177628 1166557 1155485 1166558 1155486 1149950 1149951 1149952 1149953 1166559 1155487 1155488 1155489 1155490 1177634 1166562 1177633 1166561 1172095 1177632 1166560
bot 415 417 9vuokjnw 1585849123 209391 52
owned 415 209391 209392 209393 209394 214930 203858 198322 198321 198320 198319 198318 198317 198316 198315 203851 209387 209388 209389 214925 214926 220462 220463 220464 220465 226000 225999 225998 225997 220461 220460 214924 214923 203852 192780 203853 192781 187245 187246 187247 187248 203854 192782 192783 192784 192785 214929 203857 214928 203856 209390 214927 203855
bot 416 418 ggb3bab1 1323032453 371450 52
owned 416 371450 371451 371452 371453 376989 365917 360381 360380 360379 360378 360377 360376 360375 360374 365910 371446 371447 371448 376984 376985 382521 382522 382523 382524 388059 388058 388057 388056 382520 382519 376983 376982 365911 354839 365912 354840 349304 349305 349306 349307 365913 354841 354842 354843 354844 376988 365916 376987 365915 371449 376986 365914
bot 417 419 drdo3t90 972603891 466549 52
owned 417 466549 466550 466551 466552 472088 461016 455480 455479 455478 455477 455476 455475 455474 455473 461009 466545 466546 466547 472083 472084 477620 477621 477622 477623 483158 483157 483156 483155 477619 477618 472082 472081 461010 449938 461011 449939 444403 444404 444405 444406 461012 449940 449941 449942 449943 472087 461015 472086 461014 466548 472085 461013
bot 418 420 xieaxa2f 590485614 439368 52
owned 418 439368 439369 439370 439371 444907 433835 428299 428298 428297 428296 428295 428294 428293 428292 433828 439364 439365 439366 444902 444903 450439 450440 450441 450442 455977 455976 455975 455974 450438 450437 444901 444900 433829 422757 433830 422758 417222 417223 417224 417225 433831 422759 422760 422761 422762 444906 433834 444905 433833 439367 444904 433832
bot 419 421 kqp7ewus -2042957177 1251621 52
owned 419 1251621 1251622 1251623 1251624 1257160 1246088 1240552 1240551 1240550 1240549 1240548 1240547 1240546 1240545 1246081 1251617 1251618 1251619 1257155 1257156 1262692 1262693 1262694 1262695 1268230 1268229 1268228 1268227 1262691 1262690 1257154 1257153 1246082 1235010 1246083 1235011 1229475 1229476 1229477 1229478 1246084 1235012 1235013 1235014 1235015 1257159 1246087 1257158 1246086 1251620 1257157 1246085
bot 420 422 3kitma91 -2055917419 1123629 52
owned 420 1123629 1123630 1123631 1123632 1129168 1118096 1112560 1112559 1112558 1112557 1112556 1112555 1112554 1112553 1118089 1123625 1123626 1123627 1129163 1129164 1134700 1134701 1134702 1134703 1140238 1140237 1140236 1140235 1134699 1134698 1129162 1129161 1118090 1107018 1118091 1107019 1101483 1101484 1101485 1101486 1118092 1107020 1107021 1107022 1107023 1129167 1118095 1129166 1118094 1123628 1129165 1118093
bot 421 423 m7y3u0aw 1998863385 666517 52
owned 421 666517 666518 666519 666520 672056 660984 655448 655447 655446 655445 655444 655443 655442 655441 660977 666513 666514 666515 672051 672052 677588 677589 677590 677591 683126 683125 683124 683123 677587 677586 672050 672049 660978 649906 660979 649907 644371 644372 644373 644374 660980 649908 649909 649910 649911 672055 660983 672054 660982 666516 672053 660981
bot 422 424 epuw8vpi 510564544 519848 52
owned 422 519848 519849 519850 519851 525387 514315 508779 508778 508777 508776 508775 508774 508773 508772 514308 519844 519845 519846 525382 525383 530919 530920 530921 530922 536457 536456 536455 536454 530918 530917 525381 525380 514309 503237 514310 503238 497702 497703 497704 497705 514311 503239 503240 503241 503242 525386 514314 525385 514313 519847 525384 514312
bot 423 425 nzx54fm6 1695238112 1433982 52
owned 423 1433982 1433983 1433984 1433985 1439521 1428449 1422913 1422912 1422911 1422910 1422909 1422908 1422907 1422906 1428442 1433978 1433979 1433980 1439516 1439517 1445053 1445054 1445055 1445056 1450591 1450590 1450589 1450588 1445052 1445051 1439515 1439514 1428443 1417371 1428444 1417372 1411836 1411837 1411838 1411839 1428445 1417373 1417374 1417375 1417376 1439520 1428448 1439519 1428447 1433981 1439518 1428446
bot 424 426 fsk2kd7w 748724631 177456 52
owned 424 177456 177457 177458 177459 182995 171923 166387 166386 166385 166384 166383 166382 166381 166380 171916 177452 177453 177454 182990 182991 188527 188528 188529 188530 194065 194064 194063 194062 188526 188525 182989 182988 171917 160845 171918 160846 155310 155311 155312 155313 171919 160847 160848 160849 160850 182994 171922 182993 171921 177455 182992 171920
bot 425 427 p8jddnkm 1306250518 867676 52
owned 425 867676 867677 867678 867679 873215 862143 856607 856606 856605 856604 856603 856602 856601 856600 862136 867672 867673 867674 873210 873211 878747 878748 878749 878750 884285 884284 884283 884282 878746 878745 873209 873208 862137 851065 862138 851066 845530 845531 845532 845533 862139 851067 851068 851069 851070 873214 862142 873213 862141 867675 873212 862140
bot 426 428 wvgzie3u 1875191892 794274 52
owned 426 794274 794275 794276 794277 799813 788741 783205 783204 783203 783202 783201 783200 783199 783198 788734 794270 794271 794272 799808 799809 805345 805346 805347 805348 810883 810882 810881 810880 805344 805343 799807 799806 788735 777663 788736 777664 772128 772129 772130 772131 788737 777665 777666 777667 777668 799812 788740 799811 788739 794273 799810 788738
bot 427 429 mwh2z96c -2030578588 1319569 52
owned 427 1319569 1319570 1319571 1319572 1325108 1314036 1308500 1308499 1308498 1308497 1308496 1308495 1308494 1308493 1314029 1319565 1319566 1319567 1325103 1325104 1330640 1330641 1330642 1330643 1336178 1336177 1336176 1336175 1330639 1330638 1325102 1325101 1314030 1302958 1314031 1302959 1297423 1297424 1297425 1297426 1314032 1302960 1302961 1302962 1302963 1325107 1314035 1325106 1314034 1319568 1325105 1314033
bot 428 430 l4ku27pt 1546664767 824485 52
owned 428 824485 824486 824487 824488 830024 818952 813416 813415 813414 813413 813412 813411 813410 813409 818945 824481 824482 824483 830019 830020 835556 835557 835558 835559 841094 841093 841092 841091 835555 835554 830018 830017 818946 807874 818947 807875 802339 802340 802341 802342 818948 807876 807877 807878 807879 830023 818951 830022 818950 824484 830021 818949
bot 429 431 jpvsmxxx 359931286 859307 52
owned 429 859307 859308 859309 859310 864846 853774 848238 848237 848236 848235 848234 848233 848232 848231 853767 859303 859304 859305 864841 864842 870378 870379 870380 870381 875916 875915 875914 875913 870377 870376 864840 864839 853768 842696 853769 842697 837161 837162 837163 837164 853770 842698 842699 842700 842701 864845 853773 864844 853772 859306 864843 853771
bot 430 432 s4xo3abv 1228142782 637894 52
owned 430 637894 637895 637896 637897 643433 632361 626825 626824 626823 626822 626821 626820 626819 626818 632354 637890 637891 637892 643428 643429 648965 648966 648967 648968 654503 654502 654501 654500 648964 648963 643427 643426 632355 621283 632356 621284 615748 615749 615750 615751 632357 621285 621286 621287 621288 643432 632360 643431 632359 637893 643430 632358
bot 431 433 zte7u069 914820622 315199 52
owned 431 315199 315200 315201 315202 320738 309666 304130 304129 304128 304127 304126 304125 304124 304123 309659 315195 315196 315197 320733 320734 326270 326271 326272 326273 331808 331807 331806 331805 326269 326268 320732 320731 309660 298588 309661 298589 293053 293054 293055 293056 309662 298590 298591 298592 298593 320737 309665 320736 309664 315198 320735 309663
bot 432 434 azlpbpke 1576831913 404222 52
owned 432 404222 404223 404224 404225 409761 398689 393153 393152 393151 393150 393149 393148 393147 393146 398682 404218 404219 404220 409756 409757 415293 415294 415295 415296 420831 420830 420829 420828 415292 415291 409755 409754 398683 387611 398684 387612 382076 382077 382078 382079 398685 387613 387614 387615 387616 409760 398688 409759 398687 404221 409758 398686
bot 433 435 0pmbiw8o 1809282750 1508512 52
owned 433 1508512 1508513 1508514 1508515 1514051 1502979 1497443 1497442 1497441 1497440 1497439 1497438 1497437 1497436 1502972 1508508 1508509 1508510 1514046 1514047 1519583 1519584 1519585 1519586 1525121 1525120 1525119 1525118 1519582 1519581 1514045 1514044 1502973 1491901 1502974 1491902 1486366 1486367 1486368 1486369 1502975 1491903 1491904 1491905 1491906 1514050 1502978 1514049 1502977 1508511 1514048 1502976
bot 434 436 rygf4mvr 347903721 1109553 52
owned 434 1109553 1109554 1109555 1109556 1115092 1104020 1098484 1098483 1098482 1098481 1098480 1098479 1098478 1098477 1104013 1109549 1109550 1109551 1115087 1115088 1120624 1120625 1120626 1120627 1126162 1126161 1126160 1126159 1120623 1120622 1115086 1115085 1104014 1092942 1104015 1092943 1087407 1087408 1087409 1087410 1104016 1092944 1092945 1092946 1092947 1115091 1104019 1115090 1104018 1109552 1115089 1104017
bot 435 437 mg9pgnw7 573403340 636616 52
owned 435 636616 636617 636618 636619 642155 631083 625547 625546 625545 625544 625543 625542 625541 625540 631076 636612 636613 636614 642150 642151 647687 647688 647689 647690 653225 653224 653223 653222 647686 647685 642149 642148 631077 620005 631078 620006 614470 614471 614472 614473 631079 620007 620008 620009 620010 642154 631082 642153 631081 636615 642152 631080
bot 436 438 8olnebf1 1961674981 268777 52
owned 436 268777 268778 268779 268780 274316 263244 257708 257707 257706 257705 257704 257703 257702 257701 263237 268773 268774 268775 274311 274312 279848 279849 279850 279851 285386 285385 285384 285383 279847 279846 274310 274309 263238 252166 263239 252167 246631 246632 246633 246634 263240 252168 252169 252170 252171 274315 263243 274314 263242 268776 274313 263241
bot 437 439 rzlsw9x1 1143180206 346261 52
owned 437 346261 346262 346263 346264 351800 340728 335192 335191 335190 335189 335188 335187 335186 335185 340721 346257 346258 346259 351795 351796 357332 357333 357334 357335 362870 362869 362868 362867 357331 357330 351794 351793 340722 329650 340723 329651 324115 324116 324117 324118 340724 329652 329653 329654 329655 351799 340727 351798 340726 346260 351797 340725
bot 438 440 o0jhfyxc 1555391079 1368533 52
owned 438 1368533 1368534 1368535 1368536 1374072 1363000 1357464 1357463 1357462 1357461 1357460 1357459 1357458 1357457 1362993 1368529 1368530 1368531 1374067 1374068 1379604 1379605 1379606 1379607 1385142 1385141 1385140 1385139 1379603 1379602 1374066 1374065 1362994 1351922 1362995 1351923 1346387 1346388 1346389 1346390 1362996 1351924 1351925 1351926 1351927 1374071 1362999 1374070 1362998 1368532 1374069 1362997
bot 439 441 vki91ouc 1491134259 1304112 52
owned 439 1304112 1304113 1304114 1304115 1309651 1298579 1293043 1293042 1293041 1293040 1293039 1293038 1293037 1293036 1298572 1304108 1304109 1304110 1309646 1309647 1315183 1315184 1315185 1315186 1320721 1320720 1320719 1320718 1315182 1315181 1309645 1309644 1298573 1287501 1298574 1287502 1281966 1281967 1281968 1281969 1298575 1287503 1287504 1287505 1287506 1309650 1298578 1309649 1298577 1304111 1309648 1298576
bot 440 442 0onssx3n 966406792 45706 52
owned 440 45706 45707 45708 45709 51245 40173 34637 34636 34635 34634 34633 34632 34631 34630 40166 45702 45703 45704 51240 51241 56777 56778 56779 56780 62315 62314 62313 62312 56776 56775 51239 51238 40167 29095 40168 29096 23560 23561 23562 23563 40169 29097 29098 29099 29100 51244 40172 51243 40171 45705 51242 40170
bot 441 443 ymrho9y4 1966682579 1393968 52
owned 441 1393968 1393969 1393970 1393971 1399507 1388435 1382899 1382898 1382897 1382896 1382895 1382894 1382893 1382892 1388428 1393964 1393965 1393966 1399502 1399503 1405039 1405040 1405041 1405042 1410577 1410576 1410575 1410574 1405038 1405037 1399501 1399500 1388429 1377357 1388430 1377358 1371822 1371823 1371824 1371825 1388431 1377359 1377360 1377361 1377362 1399506 1388434 1399505 1388433 1393967 1399504 1388432
bot 442 444 4jjh2h8g 1367947243 7349 34
owned 442 7349 7350 7351 7352 12888 1816 12887 18423 18422 18421 18420 18419 18418 12882 12881 7345 1809 1810 1811 1812 7347 7346 23955 12883 23956 12884 23957 23958 1815 12886 1814 7348 12885 1813
bot 443 445 af8k17d8 934703474 557464 52
owned 443 557464 557465 557466 557467 563003 551931 546395 546394 546393 546392 546391 546390 546389 546388 551924 557460 557461 557462 562998 562999 568535 568536 568537 568538 574073 574072 574071 574070 568534 568533 562997 562996 551925 540853 551926 540854 535318 535319 535320 535321 551927 540855 540856 540857 540858 563002 551930 563001 551929 557463 563000 551928
bot 444 446 qt2a41r9 986164378 218230 52
owned 444 218230 218231 218232 218233 223769 212697 207161 207160 207159 207158 207157 207156 207155 207154 212690 218226 218227 218228 223764 223765 229301 229302 229303 229304 234839 234838 234837 234836 229300 229299 223763 223762 212691 201619 212692 201620 196084 196085 196086 196087 212693 201621 201622 201623 201624 223768 212696 223767 212695 218229 223766 212694
bot 445 447 dmqr8rk9 740056882 275719 52
owned 445 275719 275720 275721 275722 281258 270186 264650 264649 264648 264647 264646 264645 264644 264643 270179 275715 275716 275717 281253 281254 286790 286791 286792 286793 292328 292327 292326 292325 286789 286788 281252 281251 270180 259108 270181 259109 253573 253574 253575 253576 270182 259110 259111 259112 259113 281257 270185 281256 270184 275718 281255 270183
bot 446 448 gdvex2np 1375276236 706027 52
owned 446 706027 706028 706029 706030 711566 700494 694958 694957 694956 694955 694954 694953 694952 694951 700487 706023 706024 706025 711561 711562 717098 717099 717100 717101 722636 722635 722634 722633 717097 717096 711560 711559 700488 689416 700489 689417 683881 683882 683883 683884 700490 689418 689419 689420 689421 711565 700493 711564 700492 706026 711563 700491
bot 447 449 z6dhj6lz 1740470430 589050 52
owned 447 589050 589051 589052 589053 594589 583517 577981 577980 577979 577978 577977 577976 577975 577974 583510 589046 589047 589048 594584 594585 600121 600122 600123 600124 605659 605658 605657 605656 600120 600119 594583 594582 583511 572439 583512 572440 566904 566905 566906 566907 583513 572441 572442 572443 572444 594588 583516 594587 583515 589049 594586 583514
bot 448 450 ztlqrwwc 1168769812 25584 52
owned 448 25584 25585 25586 25587 31123 20051 14515 14514 14513 14512 14511 14510 14509 14508 20044 25580 25581 25582 31118 31119 36655 36656 36657 36658 42193 42192 42191 42190 36654 36653 31117 31116 20045 8973 20046 8974 3438 3439 3440 3441 20047 8975 8976 8977 8978 31122 20050 31121 20049 25583 31120 20048
bot 449 451 qk845cyd 1718860403 60914 52
owned 449 60914 60915 60916 60917 66453 55381 49845 49844 49843 49842 49841 49840 49839 49838 55374 60910 60911 60912 66448 66449 71985 71986 71987 71988 77523 77522 77521 77520 71984 71983 66447 66446 55375 44303 55376 44304 38768 38769 38770 38771 55377 44305 44306 44307 44308 66452 55380 66451 55379 60913 66450 55378
bot 450 452 g5ubwqld -2134424457 1082346 52
owned 450 1082346 1082347 1082348 1082349 1087885 1076813 1071277 1071276 1071275 1071274 1071273 1071272 1071271 1071270 1076806 1082342 1082343 1082344 1087880 1087881 1093417 1093418 1093419 1093420 1098955 1098954 1098953 1098952 1093416 1093415 1087879 1087878 1076807 1065735 1076808 1065736 1060200 1060201 1060202 1060203 1076809 1065737 1065738 1065739 1065740 1087884 1076812 1087883 1076811 1082345 1087882 1076810
bot 451 453 voc18itg -1968564465 510992 52
owned 451 510992 510993 510994 510995 516531 505459 499923 499922 499921 499920 499919 499918 499917 499916 505452 510988 510989 510990 516526 516527 522063 522064 522065 522066 527601 527600 527599 527598 522062 522061 516525 516524 505453 494381 505454 494382 488846 488847 488848 488849 505455 494383 494384 494385 494386 516530 505458 516529 505457 510991 516528 505456
bot 452 454 3noal342 1024097718 982751 52
owned 452 982751 982752 982753 982754 988290 977218 971682 971681 971680 971679 971678 971677 971676 971675 977211 982747 982748 982749 988285 988286 993822 993823 993824 993825 999360 999359 999358 999357 993821 993820 988284 988283 977212 966140 977213 966141 960605 960606 960607 960608 977214 966142 966143 966144 966145 988289 977217 988288 977216 982750 988287 977215
bot 453 455 r8slsgxy 1850106064 509658 52
owned 453 509658 509659 509660 509661 515197 504125 498589 498588 498587 498586 498585 498584 498583 498582 504118 509654 509655 509656 515192 515193 520729 520730 520731 520732 526267 526266 526265 526264 520728 520727 515191 515190 504119 493047 504120 493048 487512 487513 487514 487515 504121 493049 493050 493051 493052 515196 504124 515195 504123 509657 515194 504122
bot 454 456 kwh9u6xu 1448727209 561063 52
owned 454 561063 561064 561065 561066 566602 555530 549994 549993 549992 549991 549990 549989 549988 549987 555523 561059 561060 561061 566597 566598 572134 572135 572136 572137 577672 577671 577670 577669 572133 572132 566596 566595 555524 544452 555525 544453 538917 538918 538919 538920 555526 544454 544455 544456 544457 566601 555529 566600 555528 561062 566599 555527
bot 455 457 8k335xf9 1018869389 1171686 52
owned 455 1171686 1171687 1171688 1171689 1177225 1166153 1160617 1160616 1160615 1160614 1160613 1160612 1160611 1160610 1166146 1171682 1171683 1171684 1177220 1177221 1182757 1182758 1182759 1182760 1188295 1188294 1188293 1188292 1182756 1182755 1177219 1177218 1166147 1155075 1166148 1155076 1149540 1149541 1149542 1149543 1166149 1155077 1155078 1155079 1155080 1177224 1166152 1177223 1166151 1171685 1177222 1166150
bot 456 458 r8oeocye 1971210312 1157448 52
owned 456 1157448 1157449 1157450 1157451 1162987 1151915 1146379 1146378 1146377 1146376 1146375 1146374 1146373 1146372 1151908 1157444 1157445 1157446 1162982 1162983 1168519 1168520 1168521 1168522 1174057 1174056 1174055 1174054 1168518 1168517 1162981 1162980 1151909 1140837 1151910 1140838 1135302 1135303 1135304 1135305 1151911 1140839 1140840 1140841 1140842 1162986 1151914 1162985 1151913 1157447 1162984 1151912
bot 457 459 aux9eznz 1727136058 1415027 52
owned 457 1415027 1415028 1415029 1415030 1420566 1409494 1403958 1403957 1403956 1403955 1403954 1403953 1403952 1403951 1409487 1415023 1415024 1415025 1420561 1420562 1426098 1426099 1426100 1426101 1431636 1431635 1431634 1431633 1426097 1426096 1420560 1420559 1409488 1398416 1409489 1398417 1392881 1392882 1392883 1392884 1409490 1398418 1398419 1398420 1398421 1420565 1409493 1420564 1409492 1415026 1420563 1409491
bot 458 460 tl8i4sqm 1152690240 1486179 52
owned 458 1486179 1486180 1486181 1486182 1491718 1480646 1475110 1475109 1475108 1475107 1475106 1475105 1475104 1475103 1480639 1486175 1486176 1486177 1491713 1491714 1497250 1497251 1497252 1497253 1502788 1502787 1502786 1502785 1497249 1497248 1491712 1491711 1480640 1469568 1480641 1469569 1464033 1464034 1464035 1464036 1480642 1469570 1469571 1469572 1469573 1491717 1480645 1491716 1480644 1486178 1491715 1480643
bot 459 461 5tvnmw0x 1457310797 1355359 52
owned 459 1355359 1355360 1355361 1355362 1360898 1349826 1344290 1344289 1344288 1344287 1344286 1344285 1344284 1344283 1349819 1355355 1355356 1355357 1360893 1360894 1366430 1366431 1366432 1366433 1371968 1371967 1371966 1371965 1366429 1366428 1360892 1360891 1349820 1338748 1349821 1338749 1333213 1333214 1333215 1333216 1349822 1338750 1338751 1338752 1338753 1360897 1349825 1360896 1349824 1355358 1360895 1349823
bot 460 462 iaxyjwg2 -2021203755 141089 52
owned 460 141089 141090 141091 141092 146628 135556 130020 130019 130018 130017 130016 130015 130014 130013 135549 141085 141086 141087 146623 146624 152160 152161 152162 152163 157698 157697 157696 157695 152159 152158 146622 146621 135550 124478 135551 124479 118943 118944 118945 118946 135552 124480 124481 124482 124483 146627 135555 146626 135554 141088 146625 135553
bot 461 463 vsouyzqb 1989752153 1373596 52
owned 461 1373596 1373597 1373598 1373599 1379135 1368063 1362527 1362526 1362525 1362524 1362523 1362522 1362521 1362520 1368056 1373592 1373593 1373594 1379130 1379131 1384667 1384668 1384669 1384670 1390205 1390204 1390203 1390202 1384666 1384665 1379129 1379128 1368057 1356985 1368058 1356986 1351450 1351451 1351452 1351453 1368059 1356987 1356988 1356989 1356990 1379134 1368062 1379133 1368061 1373595 1379132 1368060
bot 462 464 qo2yiqyt 867418476 290968 52
owned 462 290968 290969 290970 290971 296507 285435 279899 279898 279897 279896 279895 279894 279893 279892 285428 290964 290965 290966 296502 296503 302039 302040 302041 302042 307577 307576 307575 307574 302038 302037 296501 296500 285429 274357 285430 274358 268822 268823 268824 268825 285431 274359 274360 274361 274362 296506 285434 296505 285433 290967 296504 285432
bot 463 465 4b0bsp77 1542129959 41529 52
owned 463 41529 41530 41531 41532 47068 35996 30460 30459 30458 30457 30456 30455 30454 30453 35989 41525 41526 41527 47063 47064 52600 52601 52602 52603 58138 58137 58136 58135 52599 52598 47062 47061 35990 24918 35991 24919 19383 19384 19385 19386 35992 24920 24921 24922 24923 47067 35995 47066 35994 41528 47065 35993
bot 464 466 zt5za47g 844577314 1463832 52
owned 464 1463832 1463833 1463834 1463835 1469371 1458299 1452763 1452762 1452761 1452760 1452759 1452758 1452757 1452756 1458292 1463828 1463829 1463830 1469366 1469367 1474903 1474904 1474905 1474906 1480441 1480440 1480439 1480438 1474902 1474901 1469365 1469364 1458293 1447221 1458294 1447222 1441686 1441687 1441688 1441689 1458295 1447223 1447224 1447225 1447226 1469370 1458298 1469369 1458297 1463831 1469368 1458296
bot 465 467 ialnkrtf 1920080439 1379085 52
owned 465 1379085 1379086 1379087 1379088 1384624 1373552 1368016 1368015 1368014 1368013 1368012 1368011 1368010 1368009 1373545 1379081 1379082 1379083 1384619 1384620 1390156 1390157 1390158 1390159 1395694 1395693 1395692 1395691 1390155 1390154 1384618 1384617 1373546 1362474 1373547 1362475 1356939 1356940 1356941 1356942 1373548 1362476 1362477 1362478 1362479 1384623 1373551 1384622 1373550 1379084 1384621 1373549
bot 466 468 euhp0q2h 746902101 104080 52
owned 466 104080 104081 104082 104083 109619 98547 93011 93010 93009 93008 93007 93006 93005 93004 98540 104076 104077 104078 109614 109615 115151 115152 115153 115154 120689 120688 120687 120686 115150 115149 109613 109612 98541 87469 98542 87470 81934 81935 81936 81937 98543 87471 87472 87473 87474 109618 98546 109617 98545 104079 109616 98544
bot 467 469 hxtuit3a 1096026234 587393 52
owned 467 587393 587394 587395 587396 592932 581860 576324 576323 576322 576321 576320 576319 576318 576317 581853 587389 587390 587391 592927 592928 598464 598465 598466 598467 604002 604001 604000 603999 598463 598462 592926 592925 581854 570782 581855 570783 565247 565248 565249 565250 581856 570784 570785 570786 570787 592931 581859 592930 581858 587392 592929 581857
bot 468 470 cfqynmub 349093211 1084910 52
owned 468 1084910 1084911 1084912 1084913 1090449 1079377 1073841 1073840 1073839 1073838 1073837 1073836 1073835 1073834 1079370 1084906 1084907 1084908 1090444 1090445 1095981 1095982 1095983 1095984 1101519 1101518 1101517 1101516 1095980 1095979 1090443 1090442 1079371 1068299 1079372 1068300 1062764 1062765 1062766 1062767 1079373 1068301 1068302 1068303 1068304 1090448 1079376 1090447 1079375 1084909 1090446 1079374
bot 469 471 kp4qpq36 508411518 238284 52
owned 469 238284 238285 238286 238287 243823 232751 227215 227214 227213 227212 227211 227210 227209 227208 232744 238280 238281 238282 243818 243819 249355 249356 249357 249358 254893 254892 254891 254890 249354 249353 243817 243816 232745 221673 232746 221674 216138 216139 216140 216141 232747 221675 221676 221677 221678 243822 232750 243821 232749 238283 243820 232748
bot 470 472 m4sv56ts 1221929626 848130 52
owned 470 848130 848131 848132 848133 853669 842597 837061 837060 837059 837058 837057 837056 837055 837054 842590 848126 848127 848128 853664 853665 859201 859202 859203 859204 864739 864738 864737 864736 859200 859199 853663 853662 842591 831519 842592 831520 825984 825985 825986 825987 842593 831521 831522 831523 831524 853668 842596 853667 842595 848129 853666 842594
bot 471 473 90lwnghk 1106536998 240208 52
owned 471 240208 240209 240210 240211 245747 234675 229139 229138 229137 229136 229135 229134 229133 229132 234668 240204 240205 240206 245742 245743 251279 251280 251281 251282 256817 256816 256815 256814 251278 251277 245741 245740 234669 223597 234670 223598 218062 218063 218064 218065 234671 223599 223600 223601 223602 245746 234674 245745 234673 240207 245744 234672
bot 472 474 6s4qrb66 425992942 845335 52
owned 472 845335 845336 845337 845338 850874 839802 834266 834265 834264 834263 834262 834261 834260 834259 839795 845331 845332 845333 850869 850870 856406 856407 856408 856409 861944 861943 861942 861941 856405 856404 850868 850867 839796 828724 839797 828725 823189 823190 823191 823192 839798 828726 828727 828728 828729 850873 839801 850872 839800 845334 850871 839799
bot 473 475 zm2durya 1873766734 1508971 52
owned 473 1508971 1508972 1508973 1508974 1514510 1503438 1497902 1497901 1497900 1497899 1497898 1497897 1497896 1497895 1503431 1508967 1508968 1508969 1514505 1514506 1520042 1520043 1520044 1520045 1525580 1525579 1525578 1525577 1520041 1520040 1514504 1514503 1503432 1492360 1503433 1492361 1486825 1486826 1486827 1486828 1503434 1492362 1492363 1492364 1492365 1514509 1503437 1514508 1503436 1508970 1514507 1503435
bot 474 476 r78jt2dp 312851525 829874 52
owned 474 829874 829875 829876 829877 835413 824341 818805 818804 818803 818802 818801 818800 818799 818798 824334 829870 829871 829872 835408 835409 840945 840946 840947 840948 846483 846482 846481 846480 840944 840943 835407 835406 824335 813263 824336 813264 807728 807729 807730 807731 824337 813265 813266 813267 813268 835412 824340 835411 824339 829873 835410 824338
bot 475 477 2l6px65c 262883716 927630 52
owned 475 927630 927631 927632 927633 933169 922097 916561 916560 916559 916558 916557 916556 916555 916554 922090 927626 927627 927628 933164 933165 938701 938702 938703 938704 944239 944238 944237 944236 938700 938699 933163 933162 922091 911019 922092 911020 905484 905485 905486 905487 922093 911021 911022 911023 911024 933168 922096 933167 922095 927629 933166 922094
bot 476 478 8m9tfbvi 1714330309 793496 52
owned 476 793496 793497 793498 793499 799035 787963 782427 782426 782425 782424 782423 782422 782421 782420 787956 793492 793493 793494 799030 799031 804567 804568 804569 804570 810105 810104 810103 810102 804566 804565 799029 799028 787957 776885 787958 776886 771350 771351 771352 771353 787959 776887 776888 776889 776890 799034 787962 799033 787961 793495 799032 787960
bot 477 479 9mt34ypn 2102586138 17771 48
owned 477 17771 17772 17773 17774 23310 12238 6702 6701 6700 6699 6698 6697 6696 6695 12231 17767 17768 17769 23305 23306 28842 28843 28844 28845 34380 34379 34378 34377 28841 28840 23304 23303 12232 1160 12233 1161 12234 1162 1163 1164 1165 23309 12237 23308 12236 17770 23307 12235
bot 478 480 7q708nxs 417940264 841722 52
owned 478 841722 841723 841724 841725 847261 836189 830653 830652 830651 830650 830649 830648 830647 830646 836182 841718 841719 841720 847256 847257 852793 852794 852795 852796 858331 858330 858329 858328 852792 852791 847255 847254 836183 825111 836184 825112 819576 819577 819578 819579 836185 825113 825114 825115 825116 847260 836188 847259 836187 841721 847258 836186
bot 479 481 vaum2ag5 1384647716 77963 52
owned 479 77963 77964 77965 77966 83502 72430 66894 66893 66892 66891 66890 66889 66888 66887 72423 77959 77960 77961 83497 83498 89034 89035 89036 89037 94572 94571 94570 94569 89033 89032 83496 83495 72424 61352 72425 61353 55817 55818 55819 55820 72426 61354 61355 61356 61357 83501 72429 83500 72428 77962 83499 72427
bot 480 482 lhw012op 732008155 626554 52
owned 480 626554 626555 626556 626557 632093 621021 615485 615484 615483 615482 615481 615480 615479 615478 621014 626550 626551 626552 632088 632089 637625 637626 637627 637628 643163 643162 643161 643160 637624 637623 632087 632086 621015 609943 621016 609944 604408 604409 604410 604411 621017 609945 609946 609947 609948 632092 621020 632091 621019 626553 632090 621018
bot 481 483 ov7icohk 1018938204 1262381 52
owned 481 1262381 1262382 1262383 1262384 1267920 1256848 1251312 1251311 1251310 1251309 1251308 1251307 1251306 1251305 1256841 1262377 1262378 1262379 1267915 1267916 1273452 1273453 1273454 1273455 1278990 1278989 1278988 1278987 1273451 1273450 1267914 1267913 1256842 1245770 1256843 1245771 1240235 1240236 1240237 1240238 1256844 1245772 1245773 1245774 1245775 1267919 1256847 1267918 1256846 1262380 1267917 1256845
bot 482 484 wdgpft73 1670765284 1219215 52
owned 482 1219215 1219216 1219217 1219218 1224754 1213682 1208146 1208145 1208144 1208143 1208142 1208141 1208140 1208139 1213675 1219211 1219212 1219213 1224749 1224750 1230286 1230287 1230288 1230289 1235824 1235823 1235822 1235821 1230285 1230284 1224748 1224747 1213676 1202604 1213677 1202605 1197069 1197070 1197071 1197072 1213678 1202606 1202607 1202608 1202609 1224753 1213681 1224752 1213680 1219214 1224751 1213679
bot 483 485 77xjevxo -1951658934 102386 52
owned 483 102386 102387 102388 102389 107925 96853 91317 91316 91315 91314 91313 91312 91311 91310 96846 102382 102383 102384 107920 107921 113457 113458 113459 113460 118995 118994 118993 118992 113456 113455 107919 107918 96847 85775 96848 85776 80240 80241 80242 80243 96849 85777 85778 85779 85780 107924 96852 107923 96851 102385 107922 96850
bot 484 486 oqm2d2ls 780145184 1182938 52
owned 484 1182938 1182939 1182940 1182941 1188477 1177405 1171869 1171868 1171867 1171866 1171865 1171864 1171863 1171862 1177398 1182934 1182935 1182936 1188472 1188473 1194009 1194010 1194011 1194012 1199547 1199546 1199545 1199544 1194008 1194007 1188471 1188470 1177399 1166327 1177400 1166328 1160792 1160793 1160794 1160795 1177401 1166329 1166330 1166331 1166332 1188476 1177404 1188475 1177403 1182937 1188474 1177402
bot 485 487 s4bnz7gf 599452877 315864 52
owned 485 315864 315865 315866 315867 321403 310331 304795 304794 304793 304792 304791 304790 304789 304788 310324 315860 315861 315862 321398 321399 326935 326936 326937 326938 332473 332472 332471 332470 326934 326933 321397 321396 310325 299253 310326 299254 293718 293719 293720 293721 310327 299255 299256 299257 299258 321402 310330 321401 310329 315863 321400 310328
bot 486 488 qareow7n 1600203458 97410 52
owned 486 97410 97411 97412 97413 102949 91877 86341 86340 86339 86338 86337 86336 86335 86334 91870 97406 97407 97408 102944 102945 108481 108482 108483 108484 114019 114018 114017 114016 108480 108479 102943 102942 91871 80799 91872 80800 75264 75265 75266 75267 91873 80801 80802 80803 80804 102948 91876 102947 91875 97409 102946 91874
bot 487 489 0qjiaqhk 2124328977 8905 34
owned 487 8905 8906 8907 8908 14444 3372 14443 19979 19978 19977 19976 19975 19974 14438 14437 8901 3365 3366 3367 3368 8903 8902 25511 14439 25512 14440 25513 25514 3371 14442 3370 8904 14441 3369
