# ofcuda_spawn reference v1  (engine ground truth, arbitrary N)
# repo /opt/data/workspaces/skg/openfront-ai
map giantworldmap
seed parity
game_id QqkIuyke
game_hash 223241348
agents 18
nations 0
human_agents 1
width 4108
height 1948
min_dist 30
player 1 H nd8079oo -1 0 0
player 2 B 7kmb47oc 1120549 1 52
player 3 B su965kfe 3423866 1 52
player 4 B 4918e5rs 6142596 1 52
player 5 B 0grah7qg 3789465 1 52
player 6 B 79lbhuod 713897 1 52
player 7 B 0eay8wsu 3379272 1 52
player 8 B l4g4juu8 7557123 1 52
player 9 B gsw4n5km 2882853 1 52
player 10 B ooz4f963 2755455 1 52
player 11 B g49bog52 2521406 1 52
player 12 B vl3arc4y 989765 1 52
player 13 B 26spmsu2 3169241 1 52
player 14 B 666fmd2f 2253993 1 52
player 15 B vybu8oes 2155636 1 52
player 16 B tlx2iciq 4684509 1 52
player 17 B 8i7cuo9t 3075516 1 52
player 18 B ay8xa67r 4384446 1 52
player 19 B fha1xhrw 1442974 1 52
bot 0 2 7kmb47oc 979863364 1120549 3173 272 52
owned 0 1104115
owned 0 1104116
owned 0 1104117
owned 0 1104118
owned 0 1108222
owned 0 1108223
owned 0 1108224
owned 0 1108225
owned 0 1108226
owned 0 1108227
owned 0 1112329
owned 0 1112330
owned 0 1112331
owned 0 1112332
owned 0 1112333
owned 0 1112334
owned 0 1112335
owned 0 1112336
owned 0 1116437
owned 0 1116438
owned 0 1116439
owned 0 1116440
owned 0 1116441
owned 0 1116442
owned 0 1116443
owned 0 1116444
owned 0 1120545
owned 0 1120546
owned 0 1120547
owned 0 1120548
owned 0 1120549
owned 0 1120550
owned 0 1120551
owned 0 1120552
owned 0 1124653
owned 0 1124654
owned 0 1124655
owned 0 1124656
owned 0 1124657
owned 0 1124658
owned 0 1124659
owned 0 1124660
owned 0 1128762
owned 0 1128763
owned 0 1128764
owned 0 1128765
owned 0 1128766
owned 0 1128767
owned 0 1132871
owned 0 1132872
owned 0 1132873
owned 0 1132874
bot 1 3 su965kfe 1225099288 3423866 1902 833 52
owner 1 1120549 2
owner 1 1116441 2
owner 1 1124657 2
owner 1 1120548 2
owner 1 1120550 2
owner 1 1116442 2
owner 1 1124658 2
owner 1 1120551 2
owner 1 1116443 2
owner 1 1124659 2
owner 1 1120552 2
owner 1 1116444 2
owner 1 1124660 2
owner 1 1112336 2
owner 1 1112335 2
owner 1 1108227 2
owner 1 1112334 2
owner 1 1108226 2
owner 1 1112333 2
owner 1 1108225 2
owner 1 1112332 2
owner 1 1108224 2
owner 1 1116440 2
owner 1 1112331 2
owner 1 1108223 2
owner 1 1116439 2
owner 1 1112330 2
owner 1 1108222 2
owner 1 1116438 2
owner 1 1112329 2
owner 1 1116437 2
owner 1 1120545 2
owner 1 1124653 2
owner 1 1120546 2
owner 1 1124654 2
owner 1 1120547 2
owner 1 1124655 2
owner 1 1128763 2
owner 1 1124656 2
owner 1 1128764 2
owner 1 1132872 2
owner 1 1128765 2
owner 1 1132873 2
owner 1 1128766 2
owner 1 1132874 2
owner 1 1128767 2
owner 1 1132871 2
owner 1 1128762 2
owner 1 1104115 2
owner 1 1104116 2
owner 1 1104117 2
owner 1 1104118 2
prev 1 1120549
owned 1 3407432
owned 1 3407433
owned 1 3407434
owned 1 3407435
owned 1 3411539
owned 1 3411540
owned 1 3411541
owned 1 3411542
owned 1 3411543
owned 1 3411544
owned 1 3415646
owned 1 3415647
owned 1 3415648
owned 1 3415649
owned 1 3415650
owned 1 3415651
owned 1 3415652
owned 1 3415653
owned 1 3419754
owned 1 3419755
owned 1 3419756
owned 1 3419757
owned 1 3419758
owned 1 3419759
owned 1 3419760
owned 1 3419761
owned 1 3423862
owned 1 3423863
owned 1 3423864
owned 1 3423865
owned 1 3423866
owned 1 3423867
owned 1 3423868
owned 1 3423869
owned 1 3427970
owned 1 3427971
owned 1 3427972
owned 1 3427973
owned 1 3427974
owned 1 3427975
owned 1 3427976
owned 1 3427977
owned 1 3432079
owned 1 3432080
owned 1 3432081
owned 1 3432082
owned 1 3432083
owned 1 3432084
owned 1 3436188
owned 1 3436189
owned 1 3436190
owned 1 3436191
bot 2 4 4918e5rs 1160776865 6142596 1136 1495 52
owner 2 1120549 2
owner 2 1116441 2
owner 2 1124657 2
owner 2 1120548 2
owner 2 1120550 2
owner 2 1116442 2
owner 2 1124658 2
owner 2 1120551 2
owner 2 1116443 2
owner 2 1124659 2
owner 2 1120552 2
owner 2 1116444 2
owner 2 1124660 2
owner 2 1112336 2
owner 2 1112335 2
owner 2 1108227 2
owner 2 1112334 2
owner 2 1108226 2
owner 2 1112333 2
owner 2 1108225 2
owner 2 1112332 2
owner 2 1108224 2
owner 2 1116440 2
owner 2 1112331 2
owner 2 1108223 2
owner 2 1116439 2
owner 2 1112330 2
owner 2 1108222 2
owner 2 1116438 2
owner 2 1112329 2
owner 2 1116437 2
owner 2 1120545 2
owner 2 1124653 2
owner 2 1120546 2
owner 2 1124654 2
owner 2 1120547 2
owner 2 1124655 2
owner 2 1128763 2
owner 2 1124656 2
owner 2 1128764 2
owner 2 1132872 2
owner 2 1128765 2
owner 2 1132873 2
owner 2 1128766 2
owner 2 1132874 2
owner 2 1128767 2
owner 2 1132871 2
owner 2 1128762 2
owner 2 1104115 2
owner 2 1104116 2
owner 2 1104117 2
owner 2 1104118 2
owner 2 3423866 3
owner 2 3419758 3
owner 2 3427974 3
owner 2 3423865 3
owner 2 3423867 3
owner 2 3419759 3
owner 2 3427975 3
owner 2 3423868 3
owner 2 3419760 3
owner 2 3427976 3
owner 2 3423869 3
owner 2 3419761 3
owner 2 3427977 3
owner 2 3415653 3
owner 2 3415652 3
owner 2 3411544 3
owner 2 3415651 3
owner 2 3411543 3
owner 2 3415650 3
owner 2 3411542 3
owner 2 3415649 3
owner 2 3411541 3
owner 2 3419757 3
owner 2 3415648 3
owner 2 3411540 3
owner 2 3419756 3
owner 2 3415647 3
owner 2 3411539 3
owner 2 3419755 3
owner 2 3415646 3
owner 2 3419754 3
owner 2 3423862 3
owner 2 3427970 3
owner 2 3423863 3
owner 2 3427971 3
owner 2 3423864 3
owner 2 3427972 3
owner 2 3432080 3
owner 2 3427973 3
owner 2 3432081 3
owner 2 3436189 3
owner 2 3432082 3
owner 2 3436190 3
owner 2 3432083 3
owner 2 3436191 3
owner 2 3432084 3
owner 2 3436188 3
owner 2 3432079 3
owner 2 3407432 3
owner 2 3407433 3
owner 2 3407434 3
owner 2 3407435 3
prev 2 1120549
prev 2 3423866
owned 2 6126162
owned 2 6126163
owned 2 6126164
owned 2 6126165
owned 2 6130269
owned 2 6130270
owned 2 6130271
owned 2 6130272
owned 2 6130273
owned 2 6130274
owned 2 6134376
owned 2 6134377
owned 2 6134378
owned 2 6134379
owned 2 6134380
owned 2 6134381
owned 2 6134382
owned 2 6134383
owned 2 6138484
owned 2 6138485
owned 2 6138486
owned 2 6138487
owned 2 6138488
owned 2 6138489
owned 2 6138490
owned 2 6138491
owned 2 6142592
owned 2 6142593
owned 2 6142594
owned 2 6142595
owned 2 6142596
owned 2 6142597
owned 2 6142598
owned 2 6142599
owned 2 6146700
owned 2 6146701
owned 2 6146702
owned 2 6146703
owned 2 6146704
owned 2 6146705
owned 2 6146706
owned 2 6146707
owned 2 6150809
owned 2 6150810
owned 2 6150811
owned 2 6150812
owned 2 6150813
owned 2 6150814
owned 2 6154918
owned 2 6154919
owned 2 6154920
owned 2 6154921
bot 3 5 0grah7qg -2107334215 3789465 1889 922 52
owner 3 1120549 2
owner 3 1116441 2
owner 3 1124657 2
owner 3 1120548 2
owner 3 1120550 2
owner 3 1116442 2
owner 3 1124658 2
owner 3 1120551 2
owner 3 1116443 2
owner 3 1124659 2
owner 3 1120552 2
owner 3 1116444 2
owner 3 1124660 2
owner 3 1112336 2
owner 3 1112335 2
owner 3 1108227 2
owner 3 1112334 2
owner 3 1108226 2
owner 3 1112333 2
owner 3 1108225 2
owner 3 1112332 2
owner 3 1108224 2
owner 3 1116440 2
owner 3 1112331 2
owner 3 1108223 2
owner 3 1116439 2
owner 3 1112330 2
owner 3 1108222 2
owner 3 1116438 2
owner 3 1112329 2
owner 3 1116437 2
owner 3 1120545 2
owner 3 1124653 2
owner 3 1120546 2
owner 3 1124654 2
owner 3 1120547 2
owner 3 1124655 2
owner 3 1128763 2
owner 3 1124656 2
owner 3 1128764 2
owner 3 1132872 2
owner 3 1128765 2
owner 3 1132873 2
owner 3 1128766 2
owner 3 1132874 2
owner 3 1128767 2
owner 3 1132871 2
owner 3 1128762 2
owner 3 1104115 2
owner 3 1104116 2
owner 3 1104117 2
owner 3 1104118 2
owner 3 3423866 3
owner 3 3419758 3
owner 3 3427974 3
owner 3 3423865 3
owner 3 3423867 3
owner 3 3419759 3
owner 3 3427975 3
owner 3 3423868 3
owner 3 3419760 3
owner 3 3427976 3
owner 3 3423869 3
owner 3 3419761 3
owner 3 3427977 3
owner 3 3415653 3
owner 3 3415652 3
owner 3 3411544 3
owner 3 3415651 3
owner 3 3411543 3
owner 3 3415650 3
owner 3 3411542 3
owner 3 3415649 3
owner 3 3411541 3
owner 3 3419757 3
owner 3 3415648 3
owner 3 3411540 3
owner 3 3419756 3
owner 3 3415647 3
owner 3 3411539 3
owner 3 3419755 3
owner 3 3415646 3
owner 3 3419754 3
owner 3 3423862 3
owner 3 3427970 3
owner 3 3423863 3
owner 3 3427971 3
owner 3 3423864 3
owner 3 3427972 3
owner 3 3432080 3
owner 3 3427973 3
owner 3 3432081 3
owner 3 3436189 3
owner 3 3432082 3
owner 3 3436190 3
owner 3 3432083 3
owner 3 3436191 3
owner 3 3432084 3
owner 3 3436188 3
owner 3 3432079 3
owner 3 3407432 3
owner 3 3407433 3
owner 3 3407434 3
owner 3 3407435 3
owner 3 6142596 4
owner 3 6138488 4
owner 3 6146704 4
owner 3 6142595 4
owner 3 6142597 4
owner 3 6138489 4
owner 3 6146705 4
owner 3 6142598 4
owner 3 6138490 4
owner 3 6146706 4
owner 3 6142599 4
owner 3 6138491 4
owner 3 6146707 4
owner 3 6134383 4
owner 3 6134382 4
owner 3 6130274 4
owner 3 6134381 4
owner 3 6130273 4
owner 3 6134380 4
owner 3 6130272 4
owner 3 6134379 4
owner 3 6130271 4
owner 3 6138487 4
owner 3 6134378 4
owner 3 6130270 4
owner 3 6138486 4
owner 3 6134377 4
owner 3 6130269 4
owner 3 6138485 4
owner 3 6134376 4
owner 3 6138484 4
owner 3 6142592 4
owner 3 6146700 4
owner 3 6142593 4
owner 3 6146701 4
owner 3 6142594 4
owner 3 6146702 4
owner 3 6150810 4
owner 3 6146703 4
owner 3 6150811 4
owner 3 6154919 4
owner 3 6150812 4
owner 3 6154920 4
owner 3 6150813 4
owner 3 6154921 4
owner 3 6150814 4
owner 3 6154918 4
owner 3 6150809 4
owner 3 6126162 4
owner 3 6126163 4
owner 3 6126164 4
owner 3 6126165 4
prev 3 1120549
prev 3 3423866
prev 3 6142596
owned 3 3773031
owned 3 3773032
owned 3 3773033
owned 3 3773034
owned 3 3777138
owned 3 3777139
owned 3 3777140
owned 3 3777141
owned 3 3777142
owned 3 3777143
owned 3 3781245
owned 3 3781246
owned 3 3781247
owned 3 3781248
owned 3 3781249
owned 3 3781250
owned 3 3781251
owned 3 3781252
owned 3 3785353
owned 3 3785354
owned 3 3785355
owned 3 3785356
owned 3 3785357
owned 3 3785358
owned 3 3785359
owned 3 3785360
owned 3 3789461
owned 3 3789462
owned 3 3789463
owned 3 3789464
owned 3 3789465
owned 3 3789466
owned 3 3789467
owned 3 3789468
owned 3 3793569
owned 3 3793570
owned 3 3793571
owned 3 3793572
owned 3 3793573
owned 3 3793574
owned 3 3793575
owned 3 3793576
owned 3 3797678
owned 3 3797679
owned 3 3797680
owned 3 3797681
owned 3 3797682
owned 3 3797683
owned 3 3801787
owned 3 3801788
owned 3 3801789
owned 3 3801790
bot 4 6 79lbhuod 919150858 713897 3213 173 52
owner 4 1120549 2
owner 4 1116441 2
owner 4 1124657 2
owner 4 1120548 2
owner 4 1120550 2
owner 4 1116442 2
owner 4 1124658 2
owner 4 1120551 2
owner 4 1116443 2
owner 4 1124659 2
owner 4 1120552 2
owner 4 1116444 2
owner 4 1124660 2
owner 4 1112336 2
owner 4 1112335 2
owner 4 1108227 2
owner 4 1112334 2
owner 4 1108226 2
owner 4 1112333 2
owner 4 1108225 2
owner 4 1112332 2
owner 4 1108224 2
owner 4 1116440 2
owner 4 1112331 2
owner 4 1108223 2
owner 4 1116439 2
owner 4 1112330 2
owner 4 1108222 2
owner 4 1116438 2
owner 4 1112329 2
owner 4 1116437 2
owner 4 1120545 2
owner 4 1124653 2
owner 4 1120546 2
owner 4 1124654 2
owner 4 1120547 2
owner 4 1124655 2
owner 4 1128763 2
owner 4 1124656 2
owner 4 1128764 2
owner 4 1132872 2
owner 4 1128765 2
owner 4 1132873 2
owner 4 1128766 2
owner 4 1132874 2
owner 4 1128767 2
owner 4 1132871 2
owner 4 1128762 2
owner 4 1104115 2
owner 4 1104116 2
owner 4 1104117 2
owner 4 1104118 2
owner 4 3423866 3
owner 4 3419758 3
owner 4 3427974 3
owner 4 3423865 3
owner 4 3423867 3
owner 4 3419759 3
owner 4 3427975 3
owner 4 3423868 3
owner 4 3419760 3
owner 4 3427976 3
owner 4 3423869 3
owner 4 3419761 3
owner 4 3427977 3
owner 4 3415653 3
owner 4 3415652 3
owner 4 3411544 3
owner 4 3415651 3
owner 4 3411543 3
owner 4 3415650 3
owner 4 3411542 3
owner 4 3415649 3
owner 4 3411541 3
owner 4 3419757 3
owner 4 3415648 3
owner 4 3411540 3
owner 4 3419756 3
owner 4 3415647 3
owner 4 3411539 3
owner 4 3419755 3
owner 4 3415646 3
owner 4 3419754 3
owner 4 3423862 3
owner 4 3427970 3
owner 4 3423863 3
owner 4 3427971 3
owner 4 3423864 3
owner 4 3427972 3
owner 4 3432080 3
owner 4 3427973 3
owner 4 3432081 3
owner 4 3436189 3
owner 4 3432082 3
owner 4 3436190 3
owner 4 3432083 3
owner 4 3436191 3
owner 4 3432084 3
owner 4 3436188 3
owner 4 3432079 3
owner 4 3407432 3
owner 4 3407433 3
owner 4 3407434 3
owner 4 3407435 3
owner 4 6142596 4
owner 4 6138488 4
owner 4 6146704 4
owner 4 6142595 4
owner 4 6142597 4
owner 4 6138489 4
owner 4 6146705 4
owner 4 6142598 4
owner 4 6138490 4
owner 4 6146706 4
owner 4 6142599 4
owner 4 6138491 4
owner 4 6146707 4
owner 4 6134383 4
owner 4 6134382 4
owner 4 6130274 4
owner 4 6134381 4
owner 4 6130273 4
owner 4 6134380 4
owner 4 6130272 4
owner 4 6134379 4
owner 4 6130271 4
owner 4 6138487 4
owner 4 6134378 4
owner 4 6130270 4
owner 4 6138486 4
owner 4 6134377 4
owner 4 6130269 4
owner 4 6138485 4
owner 4 6134376 4
owner 4 6138484 4
owner 4 6142592 4
owner 4 6146700 4
owner 4 6142593 4
owner 4 6146701 4
owner 4 6142594 4
owner 4 6146702 4
owner 4 6150810 4
owner 4 6146703 4
owner 4 6150811 4
owner 4 6154919 4
owner 4 6150812 4
owner 4 6154920 4
owner 4 6150813 4
owner 4 6154921 4
owner 4 6150814 4
owner 4 6154918 4
owner 4 6150809 4
owner 4 6126162 4
owner 4 6126163 4
owner 4 6126164 4
owner 4 6126165 4
owner 4 3789465 5
owner 4 3785357 5
owner 4 3793573 5
owner 4 3789464 5
owner 4 3789466 5
owner 4 3785358 5
owner 4 3793574 5
owner 4 3789467 5
owner 4 3785359 5
owner 4 3793575 5
owner 4 3789468 5
owner 4 3785360 5
owner 4 3793576 5
owner 4 3781252 5
owner 4 3781251 5
owner 4 3777143 5
owner 4 3781250 5
owner 4 3777142 5
owner 4 3781249 5
owner 4 3777141 5
owner 4 3781248 5
owner 4 3777140 5
owner 4 3785356 5
owner 4 3781247 5
owner 4 3777139 5
owner 4 3785355 5
owner 4 3781246 5
owner 4 3777138 5
owner 4 3785354 5
owner 4 3781245 5
owner 4 3785353 5
owner 4 3789461 5
owner 4 3793569 5
owner 4 3789462 5
owner 4 3793570 5
owner 4 3789463 5
owner 4 3793571 5
owner 4 3797679 5
owner 4 3793572 5
owner 4 3797680 5
owner 4 3801788 5
owner 4 3797681 5
owner 4 3801789 5
owner 4 3797682 5
owner 4 3801790 5
owner 4 3797683 5
owner 4 3801787 5
owner 4 3797678 5
owner 4 3773031 5
owner 4 3773032 5
owner 4 3773033 5
owner 4 3773034 5
prev 4 1120549
prev 4 3423866
prev 4 6142596
prev 4 3789465
owned 4 697463
owned 4 697464
owned 4 697465
owned 4 697466
owned 4 701570
owned 4 701571
owned 4 701572
owned 4 701573
owned 4 701574
owned 4 701575
owned 4 705677
owned 4 705678
owned 4 705679
owned 4 705680
owned 4 705681
owned 4 705682
owned 4 705683
owned 4 705684
owned 4 709785
owned 4 709786
owned 4 709787
owned 4 709788
owned 4 709789
owned 4 709790
owned 4 709791
owned 4 709792
owned 4 713893
owned 4 713894
owned 4 713895
owned 4 713896
owned 4 713897
owned 4 713898
owned 4 713899
owned 4 713900
owned 4 718001
owned 4 718002
owned 4 718003
owned 4 718004
owned 4 718005
owned 4 718006
owned 4 718007
owned 4 718008
owned 4 722110
owned 4 722111
owned 4 722112
owned 4 722113
owned 4 722114
owned 4 722115
owned 4 726219
owned 4 726220
owned 4 726221
owned 4 726222
bot 5 7 0eay8wsu 312910098 3379272 2496 822 52
owner 5 1120549 2
owner 5 1116441 2
owner 5 1124657 2
owner 5 1120548 2
owner 5 1120550 2
owner 5 1116442 2
owner 5 1124658 2
owner 5 1120551 2
owner 5 1116443 2
owner 5 1124659 2
owner 5 1120552 2
owner 5 1116444 2
owner 5 1124660 2
owner 5 1112336 2
owner 5 1112335 2
owner 5 1108227 2
owner 5 1112334 2
owner 5 1108226 2
owner 5 1112333 2
owner 5 1108225 2
owner 5 1112332 2
owner 5 1108224 2
owner 5 1116440 2
owner 5 1112331 2
owner 5 1108223 2
owner 5 1116439 2
owner 5 1112330 2
owner 5 1108222 2
owner 5 1116438 2
owner 5 1112329 2
owner 5 1116437 2
owner 5 1120545 2
owner 5 1124653 2
owner 5 1120546 2
owner 5 1124654 2
owner 5 1120547 2
owner 5 1124655 2
owner 5 1128763 2
owner 5 1124656 2
owner 5 1128764 2
owner 5 1132872 2
owner 5 1128765 2
owner 5 1132873 2
owner 5 1128766 2
owner 5 1132874 2
owner 5 1128767 2
owner 5 1132871 2
owner 5 1128762 2
owner 5 1104115 2
owner 5 1104116 2
owner 5 1104117 2
owner 5 1104118 2
owner 5 3423866 3
owner 5 3419758 3
owner 5 3427974 3
owner 5 3423865 3
owner 5 3423867 3
owner 5 3419759 3
owner 5 3427975 3
owner 5 3423868 3
owner 5 3419760 3
owner 5 3427976 3
owner 5 3423869 3
owner 5 3419761 3
owner 5 3427977 3
owner 5 3415653 3
owner 5 3415652 3
owner 5 3411544 3
owner 5 3415651 3
owner 5 3411543 3
owner 5 3415650 3
owner 5 3411542 3
owner 5 3415649 3
owner 5 3411541 3
owner 5 3419757 3
owner 5 3415648 3
owner 5 3411540 3
owner 5 3419756 3
owner 5 3415647 3
owner 5 3411539 3
owner 5 3419755 3
owner 5 3415646 3
owner 5 3419754 3
owner 5 3423862 3
owner 5 3427970 3
owner 5 3423863 3
owner 5 3427971 3
owner 5 3423864 3
owner 5 3427972 3
owner 5 3432080 3
owner 5 3427973 3
owner 5 3432081 3
owner 5 3436189 3
owner 5 3432082 3
owner 5 3436190 3
owner 5 3432083 3
owner 5 3436191 3
owner 5 3432084 3
owner 5 3436188 3
owner 5 3432079 3
owner 5 3407432 3
owner 5 3407433 3
owner 5 3407434 3
owner 5 3407435 3
owner 5 6142596 4
owner 5 6138488 4
owner 5 6146704 4
owner 5 6142595 4
owner 5 6142597 4
owner 5 6138489 4
owner 5 6146705 4
owner 5 6142598 4
owner 5 6138490 4
owner 5 6146706 4
owner 5 6142599 4
owner 5 6138491 4
owner 5 6146707 4
owner 5 6134383 4
owner 5 6134382 4
owner 5 6130274 4
owner 5 6134381 4
owner 5 6130273 4
owner 5 6134380 4
owner 5 6130272 4
owner 5 6134379 4
owner 5 6130271 4
owner 5 6138487 4
owner 5 6134378 4
owner 5 6130270 4
owner 5 6138486 4
owner 5 6134377 4
owner 5 6130269 4
owner 5 6138485 4
owner 5 6134376 4
owner 5 6138484 4
owner 5 6142592 4
owner 5 6146700 4
owner 5 6142593 4
owner 5 6146701 4
owner 5 6142594 4
owner 5 6146702 4
owner 5 6150810 4
owner 5 6146703 4
owner 5 6150811 4
owner 5 6154919 4
owner 5 6150812 4
owner 5 6154920 4
owner 5 6150813 4
owner 5 6154921 4
owner 5 6150814 4
owner 5 6154918 4
owner 5 6150809 4
owner 5 6126162 4
owner 5 6126163 4
owner 5 6126164 4
owner 5 6126165 4
owner 5 3789465 5
owner 5 3785357 5
owner 5 3793573 5
owner 5 3789464 5
owner 5 3789466 5
owner 5 3785358 5
owner 5 3793574 5
owner 5 3789467 5
owner 5 3785359 5
owner 5 3793575 5
owner 5 3789468 5
owner 5 3785360 5
owner 5 3793576 5
owner 5 3781252 5
owner 5 3781251 5
owner 5 3777143 5
owner 5 3781250 5
owner 5 3777142 5
owner 5 3781249 5
owner 5 3777141 5
owner 5 3781248 5
owner 5 3777140 5
owner 5 3785356 5
owner 5 3781247 5
owner 5 3777139 5
owner 5 3785355 5
owner 5 3781246 5
owner 5 3777138 5
owner 5 3785354 5
owner 5 3781245 5
owner 5 3785353 5
owner 5 3789461 5
owner 5 3793569 5
owner 5 3789462 5
owner 5 3793570 5
owner 5 3789463 5
owner 5 3793571 5
owner 5 3797679 5
owner 5 3793572 5
owner 5 3797680 5
owner 5 3801788 5
owner 5 3797681 5
owner 5 3801789 5
owner 5 3797682 5
owner 5 3801790 5
owner 5 3797683 5
owner 5 3801787 5
owner 5 3797678 5
owner 5 3773031 5
owner 5 3773032 5
owner 5 3773033 5
owner 5 3773034 5
owner 5 713897 6
owner 5 709789 6
owner 5 718005 6
owner 5 713896 6
owner 5 713898 6
owner 5 709790 6
owner 5 718006 6
owner 5 713899 6
owner 5 709791 6
owner 5 718007 6
owner 5 713900 6
owner 5 709792 6
owner 5 718008 6
owner 5 705684 6
owner 5 705683 6
owner 5 701575 6
owner 5 705682 6
owner 5 701574 6
owner 5 705681 6
owner 5 701573 6
owner 5 705680 6
owner 5 701572 6
owner 5 709788 6
owner 5 705679 6
owner 5 701571 6
owner 5 709787 6
owner 5 705678 6
owner 5 701570 6
owner 5 709786 6
owner 5 705677 6
owner 5 709785 6
owner 5 713893 6
owner 5 718001 6
owner 5 713894 6
owner 5 718002 6
owner 5 713895 6
owner 5 718003 6
owner 5 722111 6
owner 5 718004 6
owner 5 722112 6
owner 5 726220 6
owner 5 722113 6
owner 5 726221 6
owner 5 722114 6
owner 5 726222 6
owner 5 722115 6
owner 5 726219 6
owner 5 722110 6
owner 5 697463 6
owner 5 697464 6
owner 5 697465 6
owner 5 697466 6
prev 5 1120549
prev 5 3423866
prev 5 6142596
prev 5 3789465
prev 5 713897
owned 5 3362838
owned 5 3362839
owned 5 3362840
owned 5 3362841
owned 5 3366945
owned 5 3366946
owned 5 3366947
owned 5 3366948
owned 5 3366949
owned 5 3366950
owned 5 3371052
owned 5 3371053
owned 5 3371054
owned 5 3371055
owned 5 3371056
owned 5 3371057
owned 5 3371058
owned 5 3371059
owned 5 3375160
owned 5 3375161
owned 5 3375162
owned 5 3375163
owned 5 3375164
owned 5 3375165
owned 5 3375166
owned 5 3375167
owned 5 3379268
owned 5 3379269
owned 5 3379270
owned 5 3379271
owned 5 3379272
owned 5 3379273
owned 5 3379274
owned 5 3379275
owned 5 3383376
owned 5 3383377
owned 5 3383378
owned 5 3383379
owned 5 3383380
owned 5 3383381
owned 5 3383382
owned 5 3383383
owned 5 3387485
owned 5 3387486
owned 5 3387487
owned 5 3387488
owned 5 3387489
owned 5 3387490
owned 5 3391594
owned 5 3391595
owned 5 3391596
owned 5 3391597
bot 6 8 l4g4juu8 1373847271 7557123 2511 1839 52
owner 6 1120549 2
owner 6 1116441 2
owner 6 1124657 2
owner 6 1120548 2
owner 6 1120550 2
owner 6 1116442 2
owner 6 1124658 2
owner 6 1120551 2
owner 6 1116443 2
owner 6 1124659 2
owner 6 1120552 2
owner 6 1116444 2
owner 6 1124660 2
owner 6 1112336 2
owner 6 1112335 2
owner 6 1108227 2
owner 6 1112334 2
owner 6 1108226 2
owner 6 1112333 2
owner 6 1108225 2
owner 6 1112332 2
owner 6 1108224 2
owner 6 1116440 2
owner 6 1112331 2
owner 6 1108223 2
owner 6 1116439 2
owner 6 1112330 2
owner 6 1108222 2
owner 6 1116438 2
owner 6 1112329 2
owner 6 1116437 2
owner 6 1120545 2
owner 6 1124653 2
owner 6 1120546 2
owner 6 1124654 2
owner 6 1120547 2
owner 6 1124655 2
owner 6 1128763 2
owner 6 1124656 2
owner 6 1128764 2
owner 6 1132872 2
owner 6 1128765 2
owner 6 1132873 2
owner 6 1128766 2
owner 6 1132874 2
owner 6 1128767 2
owner 6 1132871 2
owner 6 1128762 2
owner 6 1104115 2
owner 6 1104116 2
owner 6 1104117 2
owner 6 1104118 2
owner 6 3423866 3
owner 6 3419758 3
owner 6 3427974 3
owner 6 3423865 3
owner 6 3423867 3
owner 6 3419759 3
owner 6 3427975 3
owner 6 3423868 3
owner 6 3419760 3
owner 6 3427976 3
owner 6 3423869 3
owner 6 3419761 3
owner 6 3427977 3
owner 6 3415653 3
owner 6 3415652 3
owner 6 3411544 3
owner 6 3415651 3
owner 6 3411543 3
owner 6 3415650 3
owner 6 3411542 3
owner 6 3415649 3
owner 6 3411541 3
owner 6 3419757 3
owner 6 3415648 3
owner 6 3411540 3
owner 6 3419756 3
owner 6 3415647 3
owner 6 3411539 3
owner 6 3419755 3
owner 6 3415646 3
owner 6 3419754 3
owner 6 3423862 3
owner 6 3427970 3
owner 6 3423863 3
owner 6 3427971 3
owner 6 3423864 3
owner 6 3427972 3
owner 6 3432080 3
owner 6 3427973 3
owner 6 3432081 3
owner 6 3436189 3
owner 6 3432082 3
owner 6 3436190 3
owner 6 3432083 3
owner 6 3436191 3
owner 6 3432084 3
owner 6 3436188 3
owner 6 3432079 3
owner 6 3407432 3
owner 6 3407433 3
owner 6 3407434 3
owner 6 3407435 3
owner 6 6142596 4
owner 6 6138488 4
owner 6 6146704 4
owner 6 6142595 4
owner 6 6142597 4
owner 6 6138489 4
owner 6 6146705 4
owner 6 6142598 4
owner 6 6138490 4
owner 6 6146706 4
owner 6 6142599 4
owner 6 6138491 4
owner 6 6146707 4
owner 6 6134383 4
owner 6 6134382 4
owner 6 6130274 4
owner 6 6134381 4
owner 6 6130273 4
owner 6 6134380 4
owner 6 6130272 4
owner 6 6134379 4
owner 6 6130271 4
owner 6 6138487 4
owner 6 6134378 4
owner 6 6130270 4
owner 6 6138486 4
owner 6 6134377 4
owner 6 6130269 4
owner 6 6138485 4
owner 6 6134376 4
owner 6 6138484 4
owner 6 6142592 4
owner 6 6146700 4
owner 6 6142593 4
owner 6 6146701 4
owner 6 6142594 4
owner 6 6146702 4
owner 6 6150810 4
owner 6 6146703 4
owner 6 6150811 4
owner 6 6154919 4
owner 6 6150812 4
owner 6 6154920 4
owner 6 6150813 4
owner 6 6154921 4
owner 6 6150814 4
owner 6 6154918 4
owner 6 6150809 4
owner 6 6126162 4
owner 6 6126163 4
owner 6 6126164 4
owner 6 6126165 4
owner 6 3789465 5
owner 6 3785357 5
owner 6 3793573 5
owner 6 3789464 5
owner 6 3789466 5
owner 6 3785358 5
owner 6 3793574 5
owner 6 3789467 5
owner 6 3785359 5
owner 6 3793575 5
owner 6 3789468 5
owner 6 3785360 5
owner 6 3793576 5
owner 6 3781252 5
owner 6 3781251 5
owner 6 3777143 5
owner 6 3781250 5
owner 6 3777142 5
owner 6 3781249 5
owner 6 3777141 5
owner 6 3781248 5
owner 6 3777140 5
owner 6 3785356 5
owner 6 3781247 5
owner 6 3777139 5
owner 6 3785355 5
owner 6 3781246 5
owner 6 3777138 5
owner 6 3785354 5
owner 6 3781245 5
owner 6 3785353 5
owner 6 3789461 5
owner 6 3793569 5
owner 6 3789462 5
owner 6 3793570 5
owner 6 3789463 5
owner 6 3793571 5
owner 6 3797679 5
owner 6 3793572 5
owner 6 3797680 5
owner 6 3801788 5
owner 6 3797681 5
owner 6 3801789 5
owner 6 3797682 5
owner 6 3801790 5
owner 6 3797683 5
owner 6 3801787 5
owner 6 3797678 5
owner 6 3773031 5
owner 6 3773032 5
owner 6 3773033 5
owner 6 3773034 5
owner 6 713897 6
owner 6 709789 6
owner 6 718005 6
owner 6 713896 6
owner 6 713898 6
owner 6 709790 6
owner 6 718006 6
owner 6 713899 6
owner 6 709791 6
owner 6 718007 6
owner 6 713900 6
owner 6 709792 6
owner 6 718008 6
owner 6 705684 6
owner 6 705683 6
owner 6 701575 6
owner 6 705682 6
owner 6 701574 6
owner 6 705681 6
owner 6 701573 6
owner 6 705680 6
owner 6 701572 6
owner 6 709788 6
owner 6 705679 6
owner 6 701571 6
owner 6 709787 6
owner 6 705678 6
owner 6 701570 6
owner 6 709786 6
owner 6 705677 6
owner 6 709785 6
owner 6 713893 6
owner 6 718001 6
owner 6 713894 6
owner 6 718002 6
owner 6 713895 6
owner 6 718003 6
owner 6 722111 6
owner 6 718004 6
owner 6 722112 6
owner 6 726220 6
owner 6 722113 6
owner 6 726221 6
owner 6 722114 6
owner 6 726222 6
owner 6 722115 6
owner 6 726219 6
owner 6 722110 6
owner 6 697463 6
owner 6 697464 6
owner 6 697465 6
owner 6 697466 6
owner 6 3379272 7
owner 6 3375164 7
owner 6 3383380 7
owner 6 3379271 7
owner 6 3379273 7
owner 6 3375165 7
owner 6 3383381 7
owner 6 3379274 7
owner 6 3375166 7
owner 6 3383382 7
owner 6 3379275 7
owner 6 3375167 7
owner 6 3383383 7
owner 6 3371059 7
owner 6 3371058 7
owner 6 3366950 7
owner 6 3371057 7
owner 6 3366949 7
owner 6 3371056 7
owner 6 3366948 7
owner 6 3371055 7
owner 6 3366947 7
owner 6 3375163 7
owner 6 3371054 7
owner 6 3366946 7
owner 6 3375162 7
owner 6 3371053 7
owner 6 3366945 7
owner 6 3375161 7
owner 6 3371052 7
owner 6 3375160 7
owner 6 3379268 7
owner 6 3383376 7
owner 6 3379269 7
owner 6 3383377 7
owner 6 3379270 7
owner 6 3383378 7
owner 6 3387486 7
owner 6 3383379 7
owner 6 3387487 7
owner 6 3391595 7
owner 6 3387488 7
owner 6 3391596 7
owner 6 3387489 7
owner 6 3391597 7
owner 6 3387490 7
owner 6 3391594 7
owner 6 3387485 7
owner 6 3362838 7
owner 6 3362839 7
owner 6 3362840 7
owner 6 3362841 7
prev 6 1120549
prev 6 3423866
prev 6 6142596
prev 6 3789465
prev 6 713897
prev 6 3379272
owned 6 7540689
owned 6 7540690
owned 6 7540691
owned 6 7540692
owned 6 7544796
owned 6 7544797
owned 6 7544798
owned 6 7544799
owned 6 7544800
owned 6 7544801
owned 6 7548903
owned 6 7548904
owned 6 7548905
owned 6 7548906
owned 6 7548907
owned 6 7548908
owned 6 7548909
owned 6 7548910
owned 6 7553011
owned 6 7553012
owned 6 7553013
owned 6 7553014
owned 6 7553015
owned 6 7553016
owned 6 7553017
owned 6 7553018
owned 6 7557119
owned 6 7557120
owned 6 7557121
owned 6 7557122
owned 6 7557123
owned 6 7557124
owned 6 7557125
owned 6 7557126
owned 6 7561227
owned 6 7561228
owned 6 7561229
owned 6 7561230
owned 6 7561231
owned 6 7561232
owned 6 7561233
owned 6 7561234
owned 6 7565336
owned 6 7565337
owned 6 7565338
owned 6 7565339
owned 6 7565340
owned 6 7565341
owned 6 7569445
owned 6 7569446
owned 6 7569447
owned 6 7569448
bot 7 9 gsw4n5km 1786011062 2882853 3145 701 52
owner 7 1120549 2
owner 7 1116441 2
owner 7 1124657 2
owner 7 1120548 2
owner 7 1120550 2
owner 7 1116442 2
owner 7 1124658 2
owner 7 1120551 2
owner 7 1116443 2
owner 7 1124659 2
owner 7 1120552 2
owner 7 1116444 2
owner 7 1124660 2
owner 7 1112336 2
owner 7 1112335 2
owner 7 1108227 2
owner 7 1112334 2
owner 7 1108226 2
owner 7 1112333 2
owner 7 1108225 2
owner 7 1112332 2
owner 7 1108224 2
owner 7 1116440 2
owner 7 1112331 2
owner 7 1108223 2
owner 7 1116439 2
owner 7 1112330 2
owner 7 1108222 2
owner 7 1116438 2
owner 7 1112329 2
owner 7 1116437 2
owner 7 1120545 2
owner 7 1124653 2
owner 7 1120546 2
owner 7 1124654 2
owner 7 1120547 2
owner 7 1124655 2
owner 7 1128763 2
owner 7 1124656 2
owner 7 1128764 2
owner 7 1132872 2
owner 7 1128765 2
owner 7 1132873 2
owner 7 1128766 2
owner 7 1132874 2
owner 7 1128767 2
owner 7 1132871 2
owner 7 1128762 2
owner 7 1104115 2
owner 7 1104116 2
owner 7 1104117 2
owner 7 1104118 2
owner 7 3423866 3
owner 7 3419758 3
owner 7 3427974 3
owner 7 3423865 3
owner 7 3423867 3
owner 7 3419759 3
owner 7 3427975 3
owner 7 3423868 3
owner 7 3419760 3
owner 7 3427976 3
owner 7 3423869 3
owner 7 3419761 3
owner 7 3427977 3
owner 7 3415653 3
owner 7 3415652 3
owner 7 3411544 3
owner 7 3415651 3
owner 7 3411543 3
owner 7 3415650 3
owner 7 3411542 3
owner 7 3415649 3
owner 7 3411541 3
owner 7 3419757 3
owner 7 3415648 3
owner 7 3411540 3
owner 7 3419756 3
owner 7 3415647 3
owner 7 3411539 3
owner 7 3419755 3
owner 7 3415646 3
owner 7 3419754 3
owner 7 3423862 3
owner 7 3427970 3
owner 7 3423863 3
owner 7 3427971 3
owner 7 3423864 3
owner 7 3427972 3
owner 7 3432080 3
owner 7 3427973 3
owner 7 3432081 3
owner 7 3436189 3
owner 7 3432082 3
owner 7 3436190 3
owner 7 3432083 3
owner 7 3436191 3
owner 7 3432084 3
owner 7 3436188 3
owner 7 3432079 3
owner 7 3407432 3
owner 7 3407433 3
owner 7 3407434 3
owner 7 3407435 3
owner 7 6142596 4
owner 7 6138488 4
owner 7 6146704 4
owner 7 6142595 4
owner 7 6142597 4
owner 7 6138489 4
owner 7 6146705 4
owner 7 6142598 4
owner 7 6138490 4
owner 7 6146706 4
owner 7 6142599 4
owner 7 6138491 4
owner 7 6146707 4
owner 7 6134383 4
owner 7 6134382 4
owner 7 6130274 4
owner 7 6134381 4
owner 7 6130273 4
owner 7 6134380 4
owner 7 6130272 4
owner 7 6134379 4
owner 7 6130271 4
owner 7 6138487 4
owner 7 6134378 4
owner 7 6130270 4
owner 7 6138486 4
owner 7 6134377 4
owner 7 6130269 4
owner 7 6138485 4
owner 7 6134376 4
owner 7 6138484 4
owner 7 6142592 4
owner 7 6146700 4
owner 7 6142593 4
owner 7 6146701 4
owner 7 6142594 4
owner 7 6146702 4
owner 7 6150810 4
owner 7 6146703 4
owner 7 6150811 4
owner 7 6154919 4
owner 7 6150812 4
owner 7 6154920 4
owner 7 6150813 4
owner 7 6154921 4
owner 7 6150814 4
owner 7 6154918 4
owner 7 6150809 4
owner 7 6126162 4
owner 7 6126163 4
owner 7 6126164 4
owner 7 6126165 4
owner 7 3789465 5
owner 7 3785357 5
owner 7 3793573 5
owner 7 3789464 5
owner 7 3789466 5
owner 7 3785358 5
owner 7 3793574 5
owner 7 3789467 5
owner 7 3785359 5
owner 7 3793575 5
owner 7 3789468 5
owner 7 3785360 5
owner 7 3793576 5
owner 7 3781252 5
owner 7 3781251 5
owner 7 3777143 5
owner 7 3781250 5
owner 7 3777142 5
owner 7 3781249 5
owner 7 3777141 5
owner 7 3781248 5
owner 7 3777140 5
owner 7 3785356 5
owner 7 3781247 5
owner 7 3777139 5
owner 7 3785355 5
owner 7 3781246 5
owner 7 3777138 5
owner 7 3785354 5
owner 7 3781245 5
owner 7 3785353 5
owner 7 3789461 5
owner 7 3793569 5
owner 7 3789462 5
owner 7 3793570 5
owner 7 3789463 5
owner 7 3793571 5
owner 7 3797679 5
owner 7 3793572 5
owner 7 3797680 5
owner 7 3801788 5
owner 7 3797681 5
owner 7 3801789 5
owner 7 3797682 5
owner 7 3801790 5
owner 7 3797683 5
owner 7 3801787 5
owner 7 3797678 5
owner 7 3773031 5
owner 7 3773032 5
owner 7 3773033 5
owner 7 3773034 5
owner 7 713897 6
owner 7 709789 6
owner 7 718005 6
owner 7 713896 6
owner 7 713898 6
owner 7 709790 6
owner 7 718006 6
owner 7 713899 6
owner 7 709791 6
owner 7 718007 6
owner 7 713900 6
owner 7 709792 6
owner 7 718008 6
owner 7 705684 6
owner 7 705683 6
owner 7 701575 6
owner 7 705682 6
owner 7 701574 6
owner 7 705681 6
owner 7 701573 6
owner 7 705680 6
owner 7 701572 6
owner 7 709788 6
owner 7 705679 6
owner 7 701571 6
owner 7 709787 6
owner 7 705678 6
owner 7 701570 6
owner 7 709786 6
owner 7 705677 6
owner 7 709785 6
owner 7 713893 6
owner 7 718001 6
owner 7 713894 6
owner 7 718002 6
owner 7 713895 6
owner 7 718003 6
owner 7 722111 6
owner 7 718004 6
owner 7 722112 6
owner 7 726220 6
owner 7 722113 6
owner 7 726221 6
owner 7 722114 6
owner 7 726222 6
owner 7 722115 6
owner 7 726219 6
owner 7 722110 6
owner 7 697463 6
owner 7 697464 6
owner 7 697465 6
owner 7 697466 6
owner 7 3379272 7
owner 7 3375164 7
owner 7 3383380 7
owner 7 3379271 7
owner 7 3379273 7
owner 7 3375165 7
owner 7 3383381 7
owner 7 3379274 7
owner 7 3375166 7
owner 7 3383382 7
owner 7 3379275 7
owner 7 3375167 7
owner 7 3383383 7
owner 7 3371059 7
owner 7 3371058 7
owner 7 3366950 7
owner 7 3371057 7
owner 7 3366949 7
owner 7 3371056 7
owner 7 3366948 7
owner 7 3371055 7
owner 7 3366947 7
owner 7 3375163 7
owner 7 3371054 7
owner 7 3366946 7
owner 7 3375162 7
owner 7 3371053 7
owner 7 3366945 7
owner 7 3375161 7
owner 7 3371052 7
owner 7 3375160 7
owner 7 3379268 7
owner 7 3383376 7
owner 7 3379269 7
owner 7 3383377 7
owner 7 3379270 7
owner 7 3383378 7
owner 7 3387486 7
owner 7 3383379 7
owner 7 3387487 7
owner 7 3391595 7
owner 7 3387488 7
owner 7 3391596 7
owner 7 3387489 7
owner 7 3391597 7
owner 7 3387490 7
owner 7 3391594 7
owner 7 3387485 7
owner 7 3362838 7
owner 7 3362839 7
owner 7 3362840 7
owner 7 3362841 7
owner 7 7557123 8
owner 7 7553015 8
owner 7 7561231 8
owner 7 7557122 8
owner 7 7557124 8
owner 7 7553016 8
owner 7 7561232 8
owner 7 7557125 8
owner 7 7553017 8
owner 7 7561233 8
owner 7 7557126 8
owner 7 7553018 8
owner 7 7561234 8
owner 7 7548910 8
owner 7 7548909 8
owner 7 7544801 8
owner 7 7548908 8
owner 7 7544800 8
owner 7 7548907 8
owner 7 7544799 8
owner 7 7548906 8
owner 7 7544798 8
owner 7 7553014 8
owner 7 7548905 8
owner 7 7544797 8
owner 7 7553013 8
owner 7 7548904 8
owner 7 7544796 8
owner 7 7553012 8
owner 7 7548903 8
owner 7 7553011 8
owner 7 7557119 8
owner 7 7561227 8
owner 7 7557120 8
owner 7 7561228 8
owner 7 7557121 8
owner 7 7561229 8
owner 7 7565337 8
owner 7 7561230 8
owner 7 7565338 8
owner 7 7569446 8
owner 7 7565339 8
owner 7 7569447 8
owner 7 7565340 8
owner 7 7569448 8
owner 7 7565341 8
owner 7 7569445 8
owner 7 7565336 8
owner 7 7540689 8
owner 7 7540690 8
owner 7 7540691 8
owner 7 7540692 8
prev 7 1120549
prev 7 3423866
prev 7 6142596
prev 7 3789465
prev 7 713897
prev 7 3379272
prev 7 7557123
owned 7 2866419
owned 7 2866420
owned 7 2866421
owned 7 2866422
owned 7 2870526
owned 7 2870527
owned 7 2870528
owned 7 2870529
owned 7 2870530
owned 7 2870531
owned 7 2874633
owned 7 2874634
owned 7 2874635
owned 7 2874636
owned 7 2874637
owned 7 2874638
owned 7 2874639
owned 7 2874640
owned 7 2878741
owned 7 2878742
owned 7 2878743
owned 7 2878744
owned 7 2878745
owned 7 2878746
owned 7 2878747
owned 7 2878748
owned 7 2882849
owned 7 2882850
owned 7 2882851
owned 7 2882852
owned 7 2882853
owned 7 2882854
owned 7 2882855
owned 7 2882856
owned 7 2886957
owned 7 2886958
owned 7 2886959
owned 7 2886960
owned 7 2886961
owned 7 2886962
owned 7 2886963
owned 7 2886964
owned 7 2891066
owned 7 2891067
owned 7 2891068
owned 7 2891069
owned 7 2891070
owned 7 2891071
owned 7 2895175
owned 7 2895176
owned 7 2895177
owned 7 2895178
bot 8 10 ooz4f963 1067254298 2755455 3095 670 52
owner 8 1120549 2
owner 8 1116441 2
owner 8 1124657 2
owner 8 1120548 2
owner 8 1120550 2
owner 8 1116442 2
owner 8 1124658 2
owner 8 1120551 2
owner 8 1116443 2
owner 8 1124659 2
owner 8 1120552 2
owner 8 1116444 2
owner 8 1124660 2
owner 8 1112336 2
owner 8 1112335 2
owner 8 1108227 2
owner 8 1112334 2
owner 8 1108226 2
owner 8 1112333 2
owner 8 1108225 2
owner 8 1112332 2
owner 8 1108224 2
owner 8 1116440 2
owner 8 1112331 2
owner 8 1108223 2
owner 8 1116439 2
owner 8 1112330 2
owner 8 1108222 2
owner 8 1116438 2
owner 8 1112329 2
owner 8 1116437 2
owner 8 1120545 2
owner 8 1124653 2
owner 8 1120546 2
owner 8 1124654 2
owner 8 1120547 2
owner 8 1124655 2
owner 8 1128763 2
owner 8 1124656 2
owner 8 1128764 2
owner 8 1132872 2
owner 8 1128765 2
owner 8 1132873 2
owner 8 1128766 2
owner 8 1132874 2
owner 8 1128767 2
owner 8 1132871 2
owner 8 1128762 2
owner 8 1104115 2
owner 8 1104116 2
owner 8 1104117 2
owner 8 1104118 2
owner 8 3423866 3
owner 8 3419758 3
owner 8 3427974 3
owner 8 3423865 3
owner 8 3423867 3
owner 8 3419759 3
owner 8 3427975 3
owner 8 3423868 3
owner 8 3419760 3
owner 8 3427976 3
owner 8 3423869 3
owner 8 3419761 3
owner 8 3427977 3
owner 8 3415653 3
owner 8 3415652 3
owner 8 3411544 3
owner 8 3415651 3
owner 8 3411543 3
owner 8 3415650 3
owner 8 3411542 3
owner 8 3415649 3
owner 8 3411541 3
owner 8 3419757 3
owner 8 3415648 3
owner 8 3411540 3
owner 8 3419756 3
owner 8 3415647 3
owner 8 3411539 3
owner 8 3419755 3
owner 8 3415646 3
owner 8 3419754 3
owner 8 3423862 3
owner 8 3427970 3
owner 8 3423863 3
owner 8 3427971 3
owner 8 3423864 3
owner 8 3427972 3
owner 8 3432080 3
owner 8 3427973 3
owner 8 3432081 3
owner 8 3436189 3
owner 8 3432082 3
owner 8 3436190 3
owner 8 3432083 3
owner 8 3436191 3
owner 8 3432084 3
owner 8 3436188 3
owner 8 3432079 3
owner 8 3407432 3
owner 8 3407433 3
owner 8 3407434 3
owner 8 3407435 3
owner 8 6142596 4
owner 8 6138488 4
owner 8 6146704 4
owner 8 6142595 4
owner 8 6142597 4
owner 8 6138489 4
owner 8 6146705 4
owner 8 6142598 4
owner 8 6138490 4
owner 8 6146706 4
owner 8 6142599 4
owner 8 6138491 4
owner 8 6146707 4
owner 8 6134383 4
owner 8 6134382 4
owner 8 6130274 4
owner 8 6134381 4
owner 8 6130273 4
owner 8 6134380 4
owner 8 6130272 4
owner 8 6134379 4
owner 8 6130271 4
owner 8 6138487 4
owner 8 6134378 4
owner 8 6130270 4
owner 8 6138486 4
owner 8 6134377 4
owner 8 6130269 4
owner 8 6138485 4
owner 8 6134376 4
owner 8 6138484 4
owner 8 6142592 4
owner 8 6146700 4
owner 8 6142593 4
owner 8 6146701 4
owner 8 6142594 4
owner 8 6146702 4
owner 8 6150810 4
owner 8 6146703 4
owner 8 6150811 4
owner 8 6154919 4
owner 8 6150812 4
owner 8 6154920 4
owner 8 6150813 4
owner 8 6154921 4
owner 8 6150814 4
owner 8 6154918 4
owner 8 6150809 4
owner 8 6126162 4
owner 8 6126163 4
owner 8 6126164 4
owner 8 6126165 4
owner 8 3789465 5
owner 8 3785357 5
owner 8 3793573 5
owner 8 3789464 5
owner 8 3789466 5
owner 8 3785358 5
owner 8 3793574 5
owner 8 3789467 5
owner 8 3785359 5
owner 8 3793575 5
owner 8 3789468 5
owner 8 3785360 5
owner 8 3793576 5
owner 8 3781252 5
owner 8 3781251 5
owner 8 3777143 5
owner 8 3781250 5
owner 8 3777142 5
owner 8 3781249 5
owner 8 3777141 5
owner 8 3781248 5
owner 8 3777140 5
owner 8 3785356 5
owner 8 3781247 5
owner 8 3777139 5
owner 8 3785355 5
owner 8 3781246 5
owner 8 3777138 5
owner 8 3785354 5
owner 8 3781245 5
owner 8 3785353 5
owner 8 3789461 5
owner 8 3793569 5
owner 8 3789462 5
owner 8 3793570 5
owner 8 3789463 5
owner 8 3793571 5
owner 8 3797679 5
owner 8 3793572 5
owner 8 3797680 5
owner 8 3801788 5
owner 8 3797681 5
owner 8 3801789 5
owner 8 3797682 5
owner 8 3801790 5
owner 8 3797683 5
owner 8 3801787 5
owner 8 3797678 5
owner 8 3773031 5
owner 8 3773032 5
owner 8 3773033 5
owner 8 3773034 5
owner 8 713897 6
owner 8 709789 6
owner 8 718005 6
owner 8 713896 6
owner 8 713898 6
owner 8 709790 6
owner 8 718006 6
owner 8 713899 6
owner 8 709791 6
owner 8 718007 6
owner 8 713900 6
owner 8 709792 6
owner 8 718008 6
owner 8 705684 6
owner 8 705683 6
owner 8 701575 6
owner 8 705682 6
owner 8 701574 6
owner 8 705681 6
owner 8 701573 6
owner 8 705680 6
owner 8 701572 6
owner 8 709788 6
owner 8 705679 6
owner 8 701571 6
owner 8 709787 6
owner 8 705678 6
owner 8 701570 6
owner 8 709786 6
owner 8 705677 6
owner 8 709785 6
owner 8 713893 6
owner 8 718001 6
owner 8 713894 6
owner 8 718002 6
owner 8 713895 6
owner 8 718003 6
owner 8 722111 6
owner 8 718004 6
owner 8 722112 6
owner 8 726220 6
owner 8 722113 6
owner 8 726221 6
owner 8 722114 6
owner 8 726222 6
owner 8 722115 6
owner 8 726219 6
owner 8 722110 6
owner 8 697463 6
owner 8 697464 6
owner 8 697465 6
owner 8 697466 6
owner 8 3379272 7
owner 8 3375164 7
owner 8 3383380 7
owner 8 3379271 7
owner 8 3379273 7
owner 8 3375165 7
owner 8 3383381 7
owner 8 3379274 7
owner 8 3375166 7
owner 8 3383382 7
owner 8 3379275 7
owner 8 3375167 7
owner 8 3383383 7
owner 8 3371059 7
owner 8 3371058 7
owner 8 3366950 7
owner 8 3371057 7
owner 8 3366949 7
owner 8 3371056 7
owner 8 3366948 7
owner 8 3371055 7
owner 8 3366947 7
owner 8 3375163 7
owner 8 3371054 7
owner 8 3366946 7
owner 8 3375162 7
owner 8 3371053 7
owner 8 3366945 7
owner 8 3375161 7
owner 8 3371052 7
owner 8 3375160 7
owner 8 3379268 7
owner 8 3383376 7
owner 8 3379269 7
owner 8 3383377 7
owner 8 3379270 7
owner 8 3383378 7
owner 8 3387486 7
owner 8 3383379 7
owner 8 3387487 7
owner 8 3391595 7
owner 8 3387488 7
owner 8 3391596 7
owner 8 3387489 7
owner 8 3391597 7
owner 8 3387490 7
owner 8 3391594 7
owner 8 3387485 7
owner 8 3362838 7
owner 8 3362839 7
owner 8 3362840 7
owner 8 3362841 7
owner 8 7557123 8
owner 8 7553015 8
owner 8 7561231 8
owner 8 7557122 8
owner 8 7557124 8
owner 8 7553016 8
owner 8 7561232 8
owner 8 7557125 8
owner 8 7553017 8
owner 8 7561233 8
owner 8 7557126 8
owner 8 7553018 8
owner 8 7561234 8
owner 8 7548910 8
owner 8 7548909 8
owner 8 7544801 8
owner 8 7548908 8
owner 8 7544800 8
owner 8 7548907 8
owner 8 7544799 8
owner 8 7548906 8
owner 8 7544798 8
owner 8 7553014 8
owner 8 7548905 8
owner 8 7544797 8
owner 8 7553013 8
owner 8 7548904 8
owner 8 7544796 8
owner 8 7553012 8
owner 8 7548903 8
owner 8 7553011 8
owner 8 7557119 8
owner 8 7561227 8
owner 8 7557120 8
owner 8 7561228 8
owner 8 7557121 8
owner 8 7561229 8
owner 8 7565337 8
owner 8 7561230 8
owner 8 7565338 8
owner 8 7569446 8
owner 8 7565339 8
owner 8 7569447 8
owner 8 7565340 8
owner 8 7569448 8
owner 8 7565341 8
owner 8 7569445 8
owner 8 7565336 8
owner 8 7540689 8
owner 8 7540690 8
owner 8 7540691 8
owner 8 7540692 8
owner 8 2882853 9
owner 8 2878745 9
owner 8 2886961 9
owner 8 2882852 9
owner 8 2882854 9
owner 8 2878746 9
owner 8 2886962 9
owner 8 2882855 9
owner 8 2878747 9
owner 8 2886963 9
owner 8 2882856 9
owner 8 2878748 9
owner 8 2886964 9
owner 8 2874640 9
owner 8 2874639 9
owner 8 2870531 9
owner 8 2874638 9
owner 8 2870530 9
owner 8 2874637 9
owner 8 2870529 9
owner 8 2874636 9
owner 8 2870528 9
owner 8 2878744 9
owner 8 2874635 9
owner 8 2870527 9
owner 8 2878743 9
owner 8 2874634 9
owner 8 2870526 9
owner 8 2878742 9
owner 8 2874633 9
owner 8 2878741 9
owner 8 2882849 9
owner 8 2886957 9
owner 8 2882850 9
owner 8 2886958 9
owner 8 2882851 9
owner 8 2886959 9
owner 8 2891067 9
owner 8 2886960 9
owner 8 2891068 9
owner 8 2895176 9
owner 8 2891069 9
owner 8 2895177 9
owner 8 2891070 9
owner 8 2895178 9
owner 8 2891071 9
owner 8 2895175 9
owner 8 2891066 9
owner 8 2866419 9
owner 8 2866420 9
owner 8 2866421 9
owner 8 2866422 9
prev 8 1120549
prev 8 3423866
prev 8 6142596
prev 8 3789465
prev 8 713897
prev 8 3379272
prev 8 7557123
prev 8 2882853
owned 8 2739021
owned 8 2739022
owned 8 2739023
owned 8 2739024
owned 8 2743128
owned 8 2743129
owned 8 2743130
owned 8 2743131
owned 8 2743132
owned 8 2743133
owned 8 2747235
owned 8 2747236
owned 8 2747237
owned 8 2747238
owned 8 2747239
owned 8 2747240
owned 8 2747241
owned 8 2747242
owned 8 2751343
owned 8 2751344
owned 8 2751345
owned 8 2751346
owned 8 2751347
owned 8 2751348
owned 8 2751349
owned 8 2751350
owned 8 2755451
owned 8 2755452
owned 8 2755453
owned 8 2755454
owned 8 2755455
owned 8 2755456
owned 8 2755457
owned 8 2755458
owned 8 2759559
owned 8 2759560
owned 8 2759561
owned 8 2759562
owned 8 2759563
owned 8 2759564
owned 8 2759565
owned 8 2759566
owned 8 2763668
owned 8 2763669
owned 8 2763670
owned 8 2763671
owned 8 2763672
owned 8 2763673
owned 8 2767777
owned 8 2767778
owned 8 2767779
owned 8 2767780
bot 9 11 g49bog52 471077977 2521406 3202 613 52
owner 9 1120549 2
owner 9 1116441 2
owner 9 1124657 2
owner 9 1120548 2
owner 9 1120550 2
owner 9 1116442 2
owner 9 1124658 2
owner 9 1120551 2
owner 9 1116443 2
owner 9 1124659 2
owner 9 1120552 2
owner 9 1116444 2
owner 9 1124660 2
owner 9 1112336 2
owner 9 1112335 2
owner 9 1108227 2
owner 9 1112334 2
owner 9 1108226 2
owner 9 1112333 2
owner 9 1108225 2
owner 9 1112332 2
owner 9 1108224 2
owner 9 1116440 2
owner 9 1112331 2
owner 9 1108223 2
owner 9 1116439 2
owner 9 1112330 2
owner 9 1108222 2
owner 9 1116438 2
owner 9 1112329 2
owner 9 1116437 2
owner 9 1120545 2
owner 9 1124653 2
owner 9 1120546 2
owner 9 1124654 2
owner 9 1120547 2
owner 9 1124655 2
owner 9 1128763 2
owner 9 1124656 2
owner 9 1128764 2
owner 9 1132872 2
owner 9 1128765 2
owner 9 1132873 2
owner 9 1128766 2
owner 9 1132874 2
owner 9 1128767 2
owner 9 1132871 2
owner 9 1128762 2
owner 9 1104115 2
owner 9 1104116 2
owner 9 1104117 2
owner 9 1104118 2
owner 9 3423866 3
owner 9 3419758 3
owner 9 3427974 3
owner 9 3423865 3
owner 9 3423867 3
owner 9 3419759 3
owner 9 3427975 3
owner 9 3423868 3
owner 9 3419760 3
owner 9 3427976 3
owner 9 3423869 3
owner 9 3419761 3
owner 9 3427977 3
owner 9 3415653 3
owner 9 3415652 3
owner 9 3411544 3
owner 9 3415651 3
owner 9 3411543 3
owner 9 3415650 3
owner 9 3411542 3
owner 9 3415649 3
owner 9 3411541 3
owner 9 3419757 3
owner 9 3415648 3
owner 9 3411540 3
owner 9 3419756 3
owner 9 3415647 3
owner 9 3411539 3
owner 9 3419755 3
owner 9 3415646 3
owner 9 3419754 3
owner 9 3423862 3
owner 9 3427970 3
owner 9 3423863 3
owner 9 3427971 3
owner 9 3423864 3
owner 9 3427972 3
owner 9 3432080 3
owner 9 3427973 3
owner 9 3432081 3
owner 9 3436189 3
owner 9 3432082 3
owner 9 3436190 3
owner 9 3432083 3
owner 9 3436191 3
owner 9 3432084 3
owner 9 3436188 3
owner 9 3432079 3
owner 9 3407432 3
owner 9 3407433 3
owner 9 3407434 3
owner 9 3407435 3
owner 9 6142596 4
owner 9 6138488 4
owner 9 6146704 4
owner 9 6142595 4
owner 9 6142597 4
owner 9 6138489 4
owner 9 6146705 4
owner 9 6142598 4
owner 9 6138490 4
owner 9 6146706 4
owner 9 6142599 4
owner 9 6138491 4
owner 9 6146707 4
owner 9 6134383 4
owner 9 6134382 4
owner 9 6130274 4
owner 9 6134381 4
owner 9 6130273 4
owner 9 6134380 4
owner 9 6130272 4
owner 9 6134379 4
owner 9 6130271 4
owner 9 6138487 4
owner 9 6134378 4
owner 9 6130270 4
owner 9 6138486 4
owner 9 6134377 4
owner 9 6130269 4
owner 9 6138485 4
owner 9 6134376 4
owner 9 6138484 4
owner 9 6142592 4
owner 9 6146700 4
owner 9 6142593 4
owner 9 6146701 4
owner 9 6142594 4
owner 9 6146702 4
owner 9 6150810 4
owner 9 6146703 4
owner 9 6150811 4
owner 9 6154919 4
owner 9 6150812 4
owner 9 6154920 4
owner 9 6150813 4
owner 9 6154921 4
owner 9 6150814 4
owner 9 6154918 4
owner 9 6150809 4
owner 9 6126162 4
owner 9 6126163 4
owner 9 6126164 4
owner 9 6126165 4
owner 9 3789465 5
owner 9 3785357 5
owner 9 3793573 5
owner 9 3789464 5
owner 9 3789466 5
owner 9 3785358 5
owner 9 3793574 5
owner 9 3789467 5
owner 9 3785359 5
owner 9 3793575 5
owner 9 3789468 5
owner 9 3785360 5
owner 9 3793576 5
owner 9 3781252 5
owner 9 3781251 5
owner 9 3777143 5
owner 9 3781250 5
owner 9 3777142 5
owner 9 3781249 5
owner 9 3777141 5
owner 9 3781248 5
owner 9 3777140 5
owner 9 3785356 5
owner 9 3781247 5
owner 9 3777139 5
owner 9 3785355 5
owner 9 3781246 5
owner 9 3777138 5
owner 9 3785354 5
owner 9 3781245 5
owner 9 3785353 5
owner 9 3789461 5
owner 9 3793569 5
owner 9 3789462 5
owner 9 3793570 5
owner 9 3789463 5
owner 9 3793571 5
owner 9 3797679 5
owner 9 3793572 5
owner 9 3797680 5
owner 9 3801788 5
owner 9 3797681 5
owner 9 3801789 5
owner 9 3797682 5
owner 9 3801790 5
owner 9 3797683 5
owner 9 3801787 5
owner 9 3797678 5
owner 9 3773031 5
owner 9 3773032 5
owner 9 3773033 5
owner 9 3773034 5
owner 9 713897 6
owner 9 709789 6
owner 9 718005 6
owner 9 713896 6
owner 9 713898 6
owner 9 709790 6
owner 9 718006 6
owner 9 713899 6
owner 9 709791 6
owner 9 718007 6
owner 9 713900 6
owner 9 709792 6
owner 9 718008 6
owner 9 705684 6
owner 9 705683 6
owner 9 701575 6
owner 9 705682 6
owner 9 701574 6
owner 9 705681 6
owner 9 701573 6
owner 9 705680 6
owner 9 701572 6
owner 9 709788 6
owner 9 705679 6
owner 9 701571 6
owner 9 709787 6
owner 9 705678 6
owner 9 701570 6
owner 9 709786 6
owner 9 705677 6
owner 9 709785 6
owner 9 713893 6
owner 9 718001 6
owner 9 713894 6
owner 9 718002 6
owner 9 713895 6
owner 9 718003 6
owner 9 722111 6
owner 9 718004 6
owner 9 722112 6
owner 9 726220 6
owner 9 722113 6
owner 9 726221 6
owner 9 722114 6
owner 9 726222 6
owner 9 722115 6
owner 9 726219 6
owner 9 722110 6
owner 9 697463 6
owner 9 697464 6
owner 9 697465 6
owner 9 697466 6
owner 9 3379272 7
owner 9 3375164 7
owner 9 3383380 7
owner 9 3379271 7
owner 9 3379273 7
owner 9 3375165 7
owner 9 3383381 7
owner 9 3379274 7
owner 9 3375166 7
owner 9 3383382 7
owner 9 3379275 7
owner 9 3375167 7
owner 9 3383383 7
owner 9 3371059 7
owner 9 3371058 7
owner 9 3366950 7
owner 9 3371057 7
owner 9 3366949 7
owner 9 3371056 7
owner 9 3366948 7
owner 9 3371055 7
owner 9 3366947 7
owner 9 3375163 7
owner 9 3371054 7
owner 9 3366946 7
owner 9 3375162 7
owner 9 3371053 7
owner 9 3366945 7
owner 9 3375161 7
owner 9 3371052 7
owner 9 3375160 7
owner 9 3379268 7
owner 9 3383376 7
owner 9 3379269 7
owner 9 3383377 7
owner 9 3379270 7
owner 9 3383378 7
owner 9 3387486 7
owner 9 3383379 7
owner 9 3387487 7
owner 9 3391595 7
owner 9 3387488 7
owner 9 3391596 7
owner 9 3387489 7
owner 9 3391597 7
owner 9 3387490 7
owner 9 3391594 7
owner 9 3387485 7
owner 9 3362838 7
owner 9 3362839 7
owner 9 3362840 7
owner 9 3362841 7
owner 9 7557123 8
owner 9 7553015 8
owner 9 7561231 8
owner 9 7557122 8
owner 9 7557124 8
owner 9 7553016 8
owner 9 7561232 8
owner 9 7557125 8
owner 9 7553017 8
owner 9 7561233 8
owner 9 7557126 8
owner 9 7553018 8
owner 9 7561234 8
owner 9 7548910 8
owner 9 7548909 8
owner 9 7544801 8
owner 9 7548908 8
owner 9 7544800 8
owner 9 7548907 8
owner 9 7544799 8
owner 9 7548906 8
owner 9 7544798 8
owner 9 7553014 8
owner 9 7548905 8
owner 9 7544797 8
owner 9 7553013 8
owner 9 7548904 8
owner 9 7544796 8
owner 9 7553012 8
owner 9 7548903 8
owner 9 7553011 8
owner 9 7557119 8
owner 9 7561227 8
owner 9 7557120 8
owner 9 7561228 8
owner 9 7557121 8
owner 9 7561229 8
owner 9 7565337 8
owner 9 7561230 8
owner 9 7565338 8
owner 9 7569446 8
owner 9 7565339 8
owner 9 7569447 8
owner 9 7565340 8
owner 9 7569448 8
owner 9 7565341 8
owner 9 7569445 8
owner 9 7565336 8
owner 9 7540689 8
owner 9 7540690 8
owner 9 7540691 8
owner 9 7540692 8
owner 9 2882853 9
owner 9 2878745 9
owner 9 2886961 9
owner 9 2882852 9
owner 9 2882854 9
owner 9 2878746 9
owner 9 2886962 9
owner 9 2882855 9
owner 9 2878747 9
owner 9 2886963 9
owner 9 2882856 9
owner 9 2878748 9
owner 9 2886964 9
owner 9 2874640 9
owner 9 2874639 9
owner 9 2870531 9
owner 9 2874638 9
owner 9 2870530 9
owner 9 2874637 9
owner 9 2870529 9
owner 9 2874636 9
owner 9 2870528 9
owner 9 2878744 9
owner 9 2874635 9
owner 9 2870527 9
owner 9 2878743 9
owner 9 2874634 9
owner 9 2870526 9
owner 9 2878742 9
owner 9 2874633 9
owner 9 2878741 9
owner 9 2882849 9
owner 9 2886957 9
owner 9 2882850 9
owner 9 2886958 9
owner 9 2882851 9
owner 9 2886959 9
owner 9 2891067 9
owner 9 2886960 9
owner 9 2891068 9
owner 9 2895176 9
owner 9 2891069 9
owner 9 2895177 9
owner 9 2891070 9
owner 9 2895178 9
owner 9 2891071 9
owner 9 2895175 9
owner 9 2891066 9
owner 9 2866419 9
owner 9 2866420 9
owner 9 2866421 9
owner 9 2866422 9
owner 9 2755455 10
owner 9 2751347 10
owner 9 2759563 10
owner 9 2755454 10
owner 9 2755456 10
owner 9 2751348 10
owner 9 2759564 10
owner 9 2755457 10
owner 9 2751349 10
owner 9 2759565 10
owner 9 2755458 10
owner 9 2751350 10
owner 9 2759566 10
owner 9 2747242 10
owner 9 2747241 10
owner 9 2743133 10
owner 9 2747240 10
owner 9 2743132 10
owner 9 2747239 10
owner 9 2743131 10
owner 9 2747238 10
owner 9 2743130 10
owner 9 2751346 10
owner 9 2747237 10
owner 9 2743129 10
owner 9 2751345 10
owner 9 2747236 10
owner 9 2743128 10
owner 9 2751344 10
owner 9 2747235 10
owner 9 2751343 10
owner 9 2755451 10
owner 9 2759559 10
owner 9 2755452 10
owner 9 2759560 10
owner 9 2755453 10
owner 9 2759561 10
owner 9 2763669 10
owner 9 2759562 10
owner 9 2763670 10
owner 9 2767778 10
owner 9 2763671 10
owner 9 2767779 10
owner 9 2763672 10
owner 9 2767780 10
owner 9 2763673 10
owner 9 2767777 10
owner 9 2763668 10
owner 9 2739021 10
owner 9 2739022 10
owner 9 2739023 10
owner 9 2739024 10
prev 9 1120549
prev 9 3423866
prev 9 6142596
prev 9 3789465
prev 9 713897
prev 9 3379272
prev 9 7557123
prev 9 2882853
prev 9 2755455
owned 9 2504972
owned 9 2504973
owned 9 2504974
owned 9 2504975
owned 9 2509079
owned 9 2509080
owned 9 2509081
owned 9 2509082
owned 9 2509083
owned 9 2509084
owned 9 2513186
owned 9 2513187
owned 9 2513188
owned 9 2513189
owned 9 2513190
owned 9 2513191
owned 9 2513192
owned 9 2513193
owned 9 2517294
owned 9 2517295
owned 9 2517296
owned 9 2517297
owned 9 2517298
owned 9 2517299
owned 9 2517300
owned 9 2517301
owned 9 2521402
owned 9 2521403
owned 9 2521404
owned 9 2521405
owned 9 2521406
owned 9 2521407
owned 9 2521408
owned 9 2521409
owned 9 2525510
owned 9 2525511
owned 9 2525512
owned 9 2525513
owned 9 2525514
owned 9 2525515
owned 9 2525516
owned 9 2525517
owned 9 2529619
owned 9 2529620
owned 9 2529621
owned 9 2529622
owned 9 2529623
owned 9 2529624
owned 9 2533728
owned 9 2533729
owned 9 2533730
owned 9 2533731
bot 10 12 vl3arc4y 2110741002 989765 3845 240 52
owner 10 1120549 2
owner 10 1116441 2
owner 10 1124657 2
owner 10 1120548 2
owner 10 1120550 2
owner 10 1116442 2
owner 10 1124658 2
owner 10 1120551 2
owner 10 1116443 2
owner 10 1124659 2
owner 10 1120552 2
owner 10 1116444 2
owner 10 1124660 2
owner 10 1112336 2
owner 10 1112335 2
owner 10 1108227 2
owner 10 1112334 2
owner 10 1108226 2
owner 10 1112333 2
owner 10 1108225 2
owner 10 1112332 2
owner 10 1108224 2
owner 10 1116440 2
owner 10 1112331 2
owner 10 1108223 2
owner 10 1116439 2
owner 10 1112330 2
owner 10 1108222 2
owner 10 1116438 2
owner 10 1112329 2
owner 10 1116437 2
owner 10 1120545 2
owner 10 1124653 2
owner 10 1120546 2
owner 10 1124654 2
owner 10 1120547 2
owner 10 1124655 2
owner 10 1128763 2
owner 10 1124656 2
owner 10 1128764 2
owner 10 1132872 2
owner 10 1128765 2
owner 10 1132873 2
owner 10 1128766 2
owner 10 1132874 2
owner 10 1128767 2
owner 10 1132871 2
owner 10 1128762 2
owner 10 1104115 2
owner 10 1104116 2
owner 10 1104117 2
owner 10 1104118 2
owner 10 3423866 3
owner 10 3419758 3
owner 10 3427974 3
owner 10 3423865 3
owner 10 3423867 3
owner 10 3419759 3
owner 10 3427975 3
owner 10 3423868 3
owner 10 3419760 3
owner 10 3427976 3
owner 10 3423869 3
owner 10 3419761 3
owner 10 3427977 3
owner 10 3415653 3
owner 10 3415652 3
owner 10 3411544 3
owner 10 3415651 3
owner 10 3411543 3
owner 10 3415650 3
owner 10 3411542 3
owner 10 3415649 3
owner 10 3411541 3
owner 10 3419757 3
owner 10 3415648 3
owner 10 3411540 3
owner 10 3419756 3
owner 10 3415647 3
owner 10 3411539 3
owner 10 3419755 3
owner 10 3415646 3
owner 10 3419754 3
owner 10 3423862 3
owner 10 3427970 3
owner 10 3423863 3
owner 10 3427971 3
owner 10 3423864 3
owner 10 3427972 3
owner 10 3432080 3
owner 10 3427973 3
owner 10 3432081 3
owner 10 3436189 3
owner 10 3432082 3
owner 10 3436190 3
owner 10 3432083 3
owner 10 3436191 3
owner 10 3432084 3
owner 10 3436188 3
owner 10 3432079 3
owner 10 3407432 3
owner 10 3407433 3
owner 10 3407434 3
owner 10 3407435 3
owner 10 6142596 4
owner 10 6138488 4
owner 10 6146704 4
owner 10 6142595 4
owner 10 6142597 4
owner 10 6138489 4
owner 10 6146705 4
owner 10 6142598 4
owner 10 6138490 4
owner 10 6146706 4
owner 10 6142599 4
owner 10 6138491 4
owner 10 6146707 4
owner 10 6134383 4
owner 10 6134382 4
owner 10 6130274 4
owner 10 6134381 4
owner 10 6130273 4
owner 10 6134380 4
owner 10 6130272 4
owner 10 6134379 4
owner 10 6130271 4
owner 10 6138487 4
owner 10 6134378 4
owner 10 6130270 4
owner 10 6138486 4
owner 10 6134377 4
owner 10 6130269 4
owner 10 6138485 4
owner 10 6134376 4
owner 10 6138484 4
owner 10 6142592 4
owner 10 6146700 4
owner 10 6142593 4
owner 10 6146701 4
owner 10 6142594 4
owner 10 6146702 4
owner 10 6150810 4
owner 10 6146703 4
owner 10 6150811 4
owner 10 6154919 4
owner 10 6150812 4
owner 10 6154920 4
owner 10 6150813 4
owner 10 6154921 4
owner 10 6150814 4
owner 10 6154918 4
owner 10 6150809 4
owner 10 6126162 4
owner 10 6126163 4
owner 10 6126164 4
owner 10 6126165 4
owner 10 3789465 5
owner 10 3785357 5
owner 10 3793573 5
owner 10 3789464 5
owner 10 3789466 5
owner 10 3785358 5
owner 10 3793574 5
owner 10 3789467 5
owner 10 3785359 5
owner 10 3793575 5
owner 10 3789468 5
owner 10 3785360 5
owner 10 3793576 5
owner 10 3781252 5
owner 10 3781251 5
owner 10 3777143 5
owner 10 3781250 5
owner 10 3777142 5
owner 10 3781249 5
owner 10 3777141 5
owner 10 3781248 5
owner 10 3777140 5
owner 10 3785356 5
owner 10 3781247 5
owner 10 3777139 5
owner 10 3785355 5
owner 10 3781246 5
owner 10 3777138 5
owner 10 3785354 5
owner 10 3781245 5
owner 10 3785353 5
owner 10 3789461 5
owner 10 3793569 5
owner 10 3789462 5
owner 10 3793570 5
owner 10 3789463 5
owner 10 3793571 5
owner 10 3797679 5
owner 10 3793572 5
owner 10 3797680 5
owner 10 3801788 5
owner 10 3797681 5
owner 10 3801789 5
owner 10 3797682 5
owner 10 3801790 5
owner 10 3797683 5
owner 10 3801787 5
owner 10 3797678 5
owner 10 3773031 5
owner 10 3773032 5
owner 10 3773033 5
owner 10 3773034 5
owner 10 713897 6
owner 10 709789 6
owner 10 718005 6
owner 10 713896 6
owner 10 713898 6
owner 10 709790 6
owner 10 718006 6
owner 10 713899 6
owner 10 709791 6
owner 10 718007 6
owner 10 713900 6
owner 10 709792 6
owner 10 718008 6
owner 10 705684 6
owner 10 705683 6
owner 10 701575 6
owner 10 705682 6
owner 10 701574 6
owner 10 705681 6
owner 10 701573 6
owner 10 705680 6
owner 10 701572 6
owner 10 709788 6
owner 10 705679 6
owner 10 701571 6
owner 10 709787 6
owner 10 705678 6
owner 10 701570 6
owner 10 709786 6
owner 10 705677 6
owner 10 709785 6
owner 10 713893 6
owner 10 718001 6
owner 10 713894 6
owner 10 718002 6
owner 10 713895 6
owner 10 718003 6
owner 10 722111 6
owner 10 718004 6
owner 10 722112 6
owner 10 726220 6
owner 10 722113 6
owner 10 726221 6
owner 10 722114 6
owner 10 726222 6
owner 10 722115 6
owner 10 726219 6
owner 10 722110 6
owner 10 697463 6
owner 10 697464 6
owner 10 697465 6
owner 10 697466 6
owner 10 3379272 7
owner 10 3375164 7
owner 10 3383380 7
owner 10 3379271 7
owner 10 3379273 7
owner 10 3375165 7
owner 10 3383381 7
owner 10 3379274 7
owner 10 3375166 7
owner 10 3383382 7
owner 10 3379275 7
owner 10 3375167 7
owner 10 3383383 7
owner 10 3371059 7
owner 10 3371058 7
owner 10 3366950 7
owner 10 3371057 7
owner 10 3366949 7
owner 10 3371056 7
owner 10 3366948 7
owner 10 3371055 7
owner 10 3366947 7
owner 10 3375163 7
owner 10 3371054 7
owner 10 3366946 7
owner 10 3375162 7
owner 10 3371053 7
owner 10 3366945 7
owner 10 3375161 7
owner 10 3371052 7
owner 10 3375160 7
owner 10 3379268 7
owner 10 3383376 7
owner 10 3379269 7
owner 10 3383377 7
owner 10 3379270 7
owner 10 3383378 7
owner 10 3387486 7
owner 10 3383379 7
owner 10 3387487 7
owner 10 3391595 7
owner 10 3387488 7
owner 10 3391596 7
owner 10 3387489 7
owner 10 3391597 7
owner 10 3387490 7
owner 10 3391594 7
owner 10 3387485 7
owner 10 3362838 7
owner 10 3362839 7
owner 10 3362840 7
owner 10 3362841 7
owner 10 7557123 8
owner 10 7553015 8
owner 10 7561231 8
owner 10 7557122 8
owner 10 7557124 8
owner 10 7553016 8
owner 10 7561232 8
owner 10 7557125 8
owner 10 7553017 8
owner 10 7561233 8
owner 10 7557126 8
owner 10 7553018 8
owner 10 7561234 8
owner 10 7548910 8
owner 10 7548909 8
owner 10 7544801 8
owner 10 7548908 8
owner 10 7544800 8
owner 10 7548907 8
owner 10 7544799 8
owner 10 7548906 8
owner 10 7544798 8
owner 10 7553014 8
owner 10 7548905 8
owner 10 7544797 8
owner 10 7553013 8
owner 10 7548904 8
owner 10 7544796 8
owner 10 7553012 8
owner 10 7548903 8
owner 10 7553011 8
owner 10 7557119 8
owner 10 7561227 8
owner 10 7557120 8
owner 10 7561228 8
owner 10 7557121 8
owner 10 7561229 8
owner 10 7565337 8
owner 10 7561230 8
owner 10 7565338 8
owner 10 7569446 8
owner 10 7565339 8
owner 10 7569447 8
owner 10 7565340 8
owner 10 7569448 8
owner 10 7565341 8
owner 10 7569445 8
owner 10 7565336 8
owner 10 7540689 8
owner 10 7540690 8
owner 10 7540691 8
owner 10 7540692 8
owner 10 2882853 9
owner 10 2878745 9
owner 10 2886961 9
owner 10 2882852 9
owner 10 2882854 9
owner 10 2878746 9
owner 10 2886962 9
owner 10 2882855 9
owner 10 2878747 9
owner 10 2886963 9
owner 10 2882856 9
owner 10 2878748 9
owner 10 2886964 9
owner 10 2874640 9
owner 10 2874639 9
owner 10 2870531 9
owner 10 2874638 9
owner 10 2870530 9
owner 10 2874637 9
owner 10 2870529 9
owner 10 2874636 9
owner 10 2870528 9
owner 10 2878744 9
owner 10 2874635 9
owner 10 2870527 9
owner 10 2878743 9
owner 10 2874634 9
owner 10 2870526 9
owner 10 2878742 9
owner 10 2874633 9
owner 10 2878741 9
owner 10 2882849 9
owner 10 2886957 9
owner 10 2882850 9
owner 10 2886958 9
owner 10 2882851 9
owner 10 2886959 9
owner 10 2891067 9
owner 10 2886960 9
owner 10 2891068 9
owner 10 2895176 9
owner 10 2891069 9
owner 10 2895177 9
owner 10 2891070 9
owner 10 2895178 9
owner 10 2891071 9
owner 10 2895175 9
owner 10 2891066 9
owner 10 2866419 9
owner 10 2866420 9
owner 10 2866421 9
owner 10 2866422 9
owner 10 2755455 10
owner 10 2751347 10
owner 10 2759563 10
owner 10 2755454 10
owner 10 2755456 10
owner 10 2751348 10
owner 10 2759564 10
owner 10 2755457 10
owner 10 2751349 10
owner 10 2759565 10
owner 10 2755458 10
owner 10 2751350 10
owner 10 2759566 10
owner 10 2747242 10
owner 10 2747241 10
owner 10 2743133 10
owner 10 2747240 10
owner 10 2743132 10
owner 10 2747239 10
owner 10 2743131 10
owner 10 2747238 10
owner 10 2743130 10
owner 10 2751346 10
owner 10 2747237 10
owner 10 2743129 10
owner 10 2751345 10
owner 10 2747236 10
owner 10 2743128 10
owner 10 2751344 10
owner 10 2747235 10
owner 10 2751343 10
owner 10 2755451 10
owner 10 2759559 10
owner 10 2755452 10
owner 10 2759560 10
owner 10 2755453 10
owner 10 2759561 10
owner 10 2763669 10
owner 10 2759562 10
owner 10 2763670 10
owner 10 2767778 10
owner 10 2763671 10
owner 10 2767779 10
owner 10 2763672 10
owner 10 2767780 10
owner 10 2763673 10
owner 10 2767777 10
owner 10 2763668 10
owner 10 2739021 10
owner 10 2739022 10
owner 10 2739023 10
owner 10 2739024 10
owner 10 2521406 11
owner 10 2517298 11
owner 10 2525514 11
owner 10 2521405 11
owner 10 2521407 11
owner 10 2517299 11
owner 10 2525515 11
owner 10 2521408 11
owner 10 2517300 11
owner 10 2525516 11
owner 10 2521409 11
owner 10 2517301 11
owner 10 2525517 11
owner 10 2513193 11
owner 10 2513192 11
owner 10 2509084 11
owner 10 2513191 11
owner 10 2509083 11
owner 10 2513190 11
owner 10 2509082 11
owner 10 2513189 11
owner 10 2509081 11
owner 10 2517297 11
owner 10 2513188 11
owner 10 2509080 11
owner 10 2517296 11
owner 10 2513187 11
owner 10 2509079 11
owner 10 2517295 11
owner 10 2513186 11
owner 10 2517294 11
owner 10 2521402 11
owner 10 2525510 11
owner 10 2521403 11
owner 10 2525511 11
owner 10 2521404 11
owner 10 2525512 11
owner 10 2529620 11
owner 10 2525513 11
owner 10 2529621 11
owner 10 2533729 11
owner 10 2529622 11
owner 10 2533730 11
owner 10 2529623 11
owner 10 2533731 11
owner 10 2529624 11
owner 10 2533728 11
owner 10 2529619 11
owner 10 2504972 11
owner 10 2504973 11
owner 10 2504974 11
owner 10 2504975 11
prev 10 1120549
prev 10 3423866
prev 10 6142596
prev 10 3789465
prev 10 713897
prev 10 3379272
prev 10 7557123
prev 10 2882853
prev 10 2755455
prev 10 2521406
owned 10 973331
owned 10 973332
owned 10 973333
owned 10 973334
owned 10 977438
owned 10 977439
owned 10 977440
owned 10 977441
owned 10 977442
owned 10 977443
owned 10 981545
owned 10 981546
owned 10 981547
owned 10 981548
owned 10 981549
owned 10 981550
owned 10 981551
owned 10 981552
owned 10 985653
owned 10 985654
owned 10 985655
owned 10 985656
owned 10 985657
owned 10 985658
owned 10 985659
owned 10 985660
owned 10 989761
owned 10 989762
owned 10 989763
owned 10 989764
owned 10 989765
owned 10 989766
owned 10 989767
owned 10 989768
owned 10 993869
owned 10 993870
owned 10 993871
owned 10 993872
owned 10 993873
owned 10 993874
owned 10 993875
owned 10 993876
owned 10 997978
owned 10 997979
owned 10 997980
owned 10 997981
owned 10 997982
owned 10 997983
owned 10 1002087
owned 10 1002088
owned 10 1002089
owned 10 1002090
bot 11 13 26spmsu2 1249151528 3169241 1973 771 52
owner 11 1120549 2
owner 11 1116441 2
owner 11 1124657 2
owner 11 1120548 2
owner 11 1120550 2
owner 11 1116442 2
owner 11 1124658 2
owner 11 1120551 2
owner 11 1116443 2
owner 11 1124659 2
owner 11 1120552 2
owner 11 1116444 2
owner 11 1124660 2
owner 11 1112336 2
owner 11 1112335 2
owner 11 1108227 2
owner 11 1112334 2
owner 11 1108226 2
owner 11 1112333 2
owner 11 1108225 2
owner 11 1112332 2
owner 11 1108224 2
owner 11 1116440 2
owner 11 1112331 2
owner 11 1108223 2
owner 11 1116439 2
owner 11 1112330 2
owner 11 1108222 2
owner 11 1116438 2
owner 11 1112329 2
owner 11 1116437 2
owner 11 1120545 2
owner 11 1124653 2
owner 11 1120546 2
owner 11 1124654 2
owner 11 1120547 2
owner 11 1124655 2
owner 11 1128763 2
owner 11 1124656 2
owner 11 1128764 2
owner 11 1132872 2
owner 11 1128765 2
owner 11 1132873 2
owner 11 1128766 2
owner 11 1132874 2
owner 11 1128767 2
owner 11 1132871 2
owner 11 1128762 2
owner 11 1104115 2
owner 11 1104116 2
owner 11 1104117 2
owner 11 1104118 2
owner 11 3423866 3
owner 11 3419758 3
owner 11 3427974 3
owner 11 3423865 3
owner 11 3423867 3
owner 11 3419759 3
owner 11 3427975 3
owner 11 3423868 3
owner 11 3419760 3
owner 11 3427976 3
owner 11 3423869 3
owner 11 3419761 3
owner 11 3427977 3
owner 11 3415653 3
owner 11 3415652 3
owner 11 3411544 3
owner 11 3415651 3
owner 11 3411543 3
owner 11 3415650 3
owner 11 3411542 3
owner 11 3415649 3
owner 11 3411541 3
owner 11 3419757 3
owner 11 3415648 3
owner 11 3411540 3
owner 11 3419756 3
owner 11 3415647 3
owner 11 3411539 3
owner 11 3419755 3
owner 11 3415646 3
owner 11 3419754 3
owner 11 3423862 3
owner 11 3427970 3
owner 11 3423863 3
owner 11 3427971 3
owner 11 3423864 3
owner 11 3427972 3
owner 11 3432080 3
owner 11 3427973 3
owner 11 3432081 3
owner 11 3436189 3
owner 11 3432082 3
owner 11 3436190 3
owner 11 3432083 3
owner 11 3436191 3
owner 11 3432084 3
owner 11 3436188 3
owner 11 3432079 3
owner 11 3407432 3
owner 11 3407433 3
owner 11 3407434 3
owner 11 3407435 3
owner 11 6142596 4
owner 11 6138488 4
owner 11 6146704 4
owner 11 6142595 4
owner 11 6142597 4
owner 11 6138489 4
owner 11 6146705 4
owner 11 6142598 4
owner 11 6138490 4
owner 11 6146706 4
owner 11 6142599 4
owner 11 6138491 4
owner 11 6146707 4
owner 11 6134383 4
owner 11 6134382 4
owner 11 6130274 4
owner 11 6134381 4
owner 11 6130273 4
owner 11 6134380 4
owner 11 6130272 4
owner 11 6134379 4
owner 11 6130271 4
owner 11 6138487 4
owner 11 6134378 4
owner 11 6130270 4
owner 11 6138486 4
owner 11 6134377 4
owner 11 6130269 4
owner 11 6138485 4
owner 11 6134376 4
owner 11 6138484 4
owner 11 6142592 4
owner 11 6146700 4
owner 11 6142593 4
owner 11 6146701 4
owner 11 6142594 4
owner 11 6146702 4
owner 11 6150810 4
owner 11 6146703 4
owner 11 6150811 4
owner 11 6154919 4
owner 11 6150812 4
owner 11 6154920 4
owner 11 6150813 4
owner 11 6154921 4
owner 11 6150814 4
owner 11 6154918 4
owner 11 6150809 4
owner 11 6126162 4
owner 11 6126163 4
owner 11 6126164 4
owner 11 6126165 4
owner 11 3789465 5
owner 11 3785357 5
owner 11 3793573 5
owner 11 3789464 5
owner 11 3789466 5
owner 11 3785358 5
owner 11 3793574 5
owner 11 3789467 5
owner 11 3785359 5
owner 11 3793575 5
owner 11 3789468 5
owner 11 3785360 5
owner 11 3793576 5
owner 11 3781252 5
owner 11 3781251 5
owner 11 3777143 5
owner 11 3781250 5
owner 11 3777142 5
owner 11 3781249 5
owner 11 3777141 5
owner 11 3781248 5
owner 11 3777140 5
owner 11 3785356 5
owner 11 3781247 5
owner 11 3777139 5
owner 11 3785355 5
owner 11 3781246 5
owner 11 3777138 5
owner 11 3785354 5
owner 11 3781245 5
owner 11 3785353 5
owner 11 3789461 5
owner 11 3793569 5
owner 11 3789462 5
owner 11 3793570 5
owner 11 3789463 5
owner 11 3793571 5
owner 11 3797679 5
owner 11 3793572 5
owner 11 3797680 5
owner 11 3801788 5
owner 11 3797681 5
owner 11 3801789 5
owner 11 3797682 5
owner 11 3801790 5
owner 11 3797683 5
owner 11 3801787 5
owner 11 3797678 5
owner 11 3773031 5
owner 11 3773032 5
owner 11 3773033 5
owner 11 3773034 5
owner 11 713897 6
owner 11 709789 6
owner 11 718005 6
owner 11 713896 6
owner 11 713898 6
owner 11 709790 6
owner 11 718006 6
owner 11 713899 6
owner 11 709791 6
owner 11 718007 6
owner 11 713900 6
owner 11 709792 6
owner 11 718008 6
owner 11 705684 6
owner 11 705683 6
owner 11 701575 6
owner 11 705682 6
owner 11 701574 6
owner 11 705681 6
owner 11 701573 6
owner 11 705680 6
owner 11 701572 6
owner 11 709788 6
owner 11 705679 6
owner 11 701571 6
owner 11 709787 6
owner 11 705678 6
owner 11 701570 6
owner 11 709786 6
owner 11 705677 6
owner 11 709785 6
owner 11 713893 6
owner 11 718001 6
owner 11 713894 6
owner 11 718002 6
owner 11 713895 6
owner 11 718003 6
owner 11 722111 6
owner 11 718004 6
owner 11 722112 6
owner 11 726220 6
owner 11 722113 6
owner 11 726221 6
owner 11 722114 6
owner 11 726222 6
owner 11 722115 6
owner 11 726219 6
owner 11 722110 6
owner 11 697463 6
owner 11 697464 6
owner 11 697465 6
owner 11 697466 6
owner 11 3379272 7
owner 11 3375164 7
owner 11 3383380 7
owner 11 3379271 7
owner 11 3379273 7
owner 11 3375165 7
owner 11 3383381 7
owner 11 3379274 7
owner 11 3375166 7
owner 11 3383382 7
owner 11 3379275 7
owner 11 3375167 7
owner 11 3383383 7
owner 11 3371059 7
owner 11 3371058 7
owner 11 3366950 7
owner 11 3371057 7
owner 11 3366949 7
owner 11 3371056 7
owner 11 3366948 7
owner 11 3371055 7
owner 11 3366947 7
owner 11 3375163 7
owner 11 3371054 7
owner 11 3366946 7
owner 11 3375162 7
owner 11 3371053 7
owner 11 3366945 7
owner 11 3375161 7
owner 11 3371052 7
owner 11 3375160 7
owner 11 3379268 7
owner 11 3383376 7
owner 11 3379269 7
owner 11 3383377 7
owner 11 3379270 7
owner 11 3383378 7
owner 11 3387486 7
owner 11 3383379 7
owner 11 3387487 7
owner 11 3391595 7
owner 11 3387488 7
owner 11 3391596 7
owner 11 3387489 7
owner 11 3391597 7
owner 11 3387490 7
owner 11 3391594 7
owner 11 3387485 7
owner 11 3362838 7
owner 11 3362839 7
owner 11 3362840 7
owner 11 3362841 7
owner 11 7557123 8
owner 11 7553015 8
owner 11 7561231 8
owner 11 7557122 8
owner 11 7557124 8
owner 11 7553016 8
owner 11 7561232 8
owner 11 7557125 8
owner 11 7553017 8
owner 11 7561233 8
owner 11 7557126 8
owner 11 7553018 8
owner 11 7561234 8
owner 11 7548910 8
owner 11 7548909 8
owner 11 7544801 8
owner 11 7548908 8
owner 11 7544800 8
owner 11 7548907 8
owner 11 7544799 8
owner 11 7548906 8
owner 11 7544798 8
owner 11 7553014 8
owner 11 7548905 8
owner 11 7544797 8
owner 11 7553013 8
owner 11 7548904 8
owner 11 7544796 8
owner 11 7553012 8
owner 11 7548903 8
owner 11 7553011 8
owner 11 7557119 8
owner 11 7561227 8
owner 11 7557120 8
owner 11 7561228 8
owner 11 7557121 8
owner 11 7561229 8
owner 11 7565337 8
owner 11 7561230 8
owner 11 7565338 8
owner 11 7569446 8
owner 11 7565339 8
owner 11 7569447 8
owner 11 7565340 8
owner 11 7569448 8
owner 11 7565341 8
owner 11 7569445 8
owner 11 7565336 8
owner 11 7540689 8
owner 11 7540690 8
owner 11 7540691 8
owner 11 7540692 8
owner 11 2882853 9
owner 11 2878745 9
owner 11 2886961 9
owner 11 2882852 9
owner 11 2882854 9
owner 11 2878746 9
owner 11 2886962 9
owner 11 2882855 9
owner 11 2878747 9
owner 11 2886963 9
owner 11 2882856 9
owner 11 2878748 9
owner 11 2886964 9
owner 11 2874640 9
owner 11 2874639 9
owner 11 2870531 9
owner 11 2874638 9
owner 11 2870530 9
owner 11 2874637 9
owner 11 2870529 9
owner 11 2874636 9
owner 11 2870528 9
owner 11 2878744 9
owner 11 2874635 9
owner 11 2870527 9
owner 11 2878743 9
owner 11 2874634 9
owner 11 2870526 9
owner 11 2878742 9
owner 11 2874633 9
owner 11 2878741 9
owner 11 2882849 9
owner 11 2886957 9
owner 11 2882850 9
owner 11 2886958 9
owner 11 2882851 9
owner 11 2886959 9
owner 11 2891067 9
owner 11 2886960 9
owner 11 2891068 9
owner 11 2895176 9
owner 11 2891069 9
owner 11 2895177 9
owner 11 2891070 9
owner 11 2895178 9
owner 11 2891071 9
owner 11 2895175 9
owner 11 2891066 9
owner 11 2866419 9
owner 11 2866420 9
owner 11 2866421 9
owner 11 2866422 9
owner 11 2755455 10
owner 11 2751347 10
owner 11 2759563 10
owner 11 2755454 10
owner 11 2755456 10
owner 11 2751348 10
owner 11 2759564 10
owner 11 2755457 10
owner 11 2751349 10
owner 11 2759565 10
owner 11 2755458 10
owner 11 2751350 10
owner 11 2759566 10
owner 11 2747242 10
owner 11 2747241 10
owner 11 2743133 10
owner 11 2747240 10
owner 11 2743132 10
owner 11 2747239 10
owner 11 2743131 10
owner 11 2747238 10
owner 11 2743130 10
owner 11 2751346 10
owner 11 2747237 10
owner 11 2743129 10
owner 11 2751345 10
owner 11 2747236 10
owner 11 2743128 10
owner 11 2751344 10
owner 11 2747235 10
owner 11 2751343 10
owner 11 2755451 10
owner 11 2759559 10
owner 11 2755452 10
owner 11 2759560 10
owner 11 2755453 10
owner 11 2759561 10
owner 11 2763669 10
owner 11 2759562 10
owner 11 2763670 10
owner 11 2767778 10
owner 11 2763671 10
owner 11 2767779 10
owner 11 2763672 10
owner 11 2767780 10
owner 11 2763673 10
owner 11 2767777 10
owner 11 2763668 10
owner 11 2739021 10
owner 11 2739022 10
owner 11 2739023 10
owner 11 2739024 10
owner 11 2521406 11
owner 11 2517298 11
owner 11 2525514 11
owner 11 2521405 11
owner 11 2521407 11
owner 11 2517299 11
owner 11 2525515 11
owner 11 2521408 11
owner 11 2517300 11
owner 11 2525516 11
owner 11 2521409 11
owner 11 2517301 11
owner 11 2525517 11
owner 11 2513193 11
owner 11 2513192 11
owner 11 2509084 11
owner 11 2513191 11
owner 11 2509083 11
owner 11 2513190 11
owner 11 2509082 11
owner 11 2513189 11
owner 11 2509081 11
owner 11 2517297 11
owner 11 2513188 11
owner 11 2509080 11
owner 11 2517296 11
owner 11 2513187 11
owner 11 2509079 11
owner 11 2517295 11
owner 11 2513186 11
owner 11 2517294 11
owner 11 2521402 11
owner 11 2525510 11
owner 11 2521403 11
owner 11 2525511 11
owner 11 2521404 11
owner 11 2525512 11
owner 11 2529620 11
owner 11 2525513 11
owner 11 2529621 11
owner 11 2533729 11
owner 11 2529622 11
owner 11 2533730 11
owner 11 2529623 11
owner 11 2533731 11
owner 11 2529624 11
owner 11 2533728 11
owner 11 2529619 11
owner 11 2504972 11
owner 11 2504973 11
owner 11 2504974 11
owner 11 2504975 11
owner 11 989765 12
owner 11 985657 12
owner 11 993873 12
owner 11 989764 12
owner 11 989766 12
owner 11 985658 12
owner 11 993874 12
owner 11 989767 12
owner 11 985659 12
owner 11 993875 12
owner 11 989768 12
owner 11 985660 12
owner 11 993876 12
owner 11 981552 12
owner 11 981551 12
owner 11 977443 12
owner 11 981550 12
owner 11 977442 12
owner 11 981549 12
owner 11 977441 12
owner 11 981548 12
owner 11 977440 12
owner 11 985656 12
owner 11 981547 12
owner 11 977439 12
owner 11 985655 12
owner 11 981546 12
owner 11 977438 12
owner 11 985654 12
owner 11 981545 12
owner 11 985653 12
owner 11 989761 12
owner 11 993869 12
owner 11 989762 12
owner 11 993870 12
owner 11 989763 12
owner 11 993871 12
owner 11 997979 12
owner 11 993872 12
owner 11 997980 12
owner 11 1002088 12
owner 11 997981 12
owner 11 1002089 12
owner 11 997982 12
owner 11 1002090 12
owner 11 997983 12
owner 11 1002087 12
owner 11 997978 12
owner 11 973331 12
owner 11 973332 12
owner 11 973333 12
owner 11 973334 12
prev 11 1120549
prev 11 3423866
prev 11 6142596
prev 11 3789465
prev 11 713897
prev 11 3379272
prev 11 7557123
prev 11 2882853
prev 11 2755455
prev 11 2521406
prev 11 989765
owned 11 3152807
owned 11 3152808
owned 11 3152809
owned 11 3152810
owned 11 3156914
owned 11 3156915
owned 11 3156916
owned 11 3156917
owned 11 3156918
owned 11 3156919
owned 11 3161021
owned 11 3161022
owned 11 3161023
owned 11 3161024
owned 11 3161025
owned 11 3161026
owned 11 3161027
owned 11 3161028
owned 11 3165129
owned 11 3165130
owned 11 3165131
owned 11 3165132
owned 11 3165133
owned 11 3165134
owned 11 3165135
owned 11 3165136
owned 11 3169237
owned 11 3169238
owned 11 3169239
owned 11 3169240
owned 11 3169241
owned 11 3169242
owned 11 3169243
owned 11 3169244
owned 11 3173345
owned 11 3173346
owned 11 3173347
owned 11 3173348
owned 11 3173349
owned 11 3173350
owned 11 3173351
owned 11 3173352
owned 11 3177454
owned 11 3177455
owned 11 3177456
owned 11 3177457
owned 11 3177458
owned 11 3177459
owned 11 3181563
owned 11 3181564
owned 11 3181565
owned 11 3181566
bot 12 14 666fmd2f -2125171585 2253993 2809 548 52
owner 12 1120549 2
owner 12 1116441 2
owner 12 1124657 2
owner 12 1120548 2
owner 12 1120550 2
owner 12 1116442 2
owner 12 1124658 2
owner 12 1120551 2
owner 12 1116443 2
owner 12 1124659 2
owner 12 1120552 2
owner 12 1116444 2
owner 12 1124660 2
owner 12 1112336 2
owner 12 1112335 2
owner 12 1108227 2
owner 12 1112334 2
owner 12 1108226 2
owner 12 1112333 2
owner 12 1108225 2
owner 12 1112332 2
owner 12 1108224 2
owner 12 1116440 2
owner 12 1112331 2
owner 12 1108223 2
owner 12 1116439 2
owner 12 1112330 2
owner 12 1108222 2
owner 12 1116438 2
owner 12 1112329 2
owner 12 1116437 2
owner 12 1120545 2
owner 12 1124653 2
owner 12 1120546 2
owner 12 1124654 2
owner 12 1120547 2
owner 12 1124655 2
owner 12 1128763 2
owner 12 1124656 2
owner 12 1128764 2
owner 12 1132872 2
owner 12 1128765 2
owner 12 1132873 2
owner 12 1128766 2
owner 12 1132874 2
owner 12 1128767 2
owner 12 1132871 2
owner 12 1128762 2
owner 12 1104115 2
owner 12 1104116 2
owner 12 1104117 2
owner 12 1104118 2
owner 12 3423866 3
owner 12 3419758 3
owner 12 3427974 3
owner 12 3423865 3
owner 12 3423867 3
owner 12 3419759 3
owner 12 3427975 3
owner 12 3423868 3
owner 12 3419760 3
owner 12 3427976 3
owner 12 3423869 3
owner 12 3419761 3
owner 12 3427977 3
owner 12 3415653 3
owner 12 3415652 3
owner 12 3411544 3
owner 12 3415651 3
owner 12 3411543 3
owner 12 3415650 3
owner 12 3411542 3
owner 12 3415649 3
owner 12 3411541 3
owner 12 3419757 3
owner 12 3415648 3
owner 12 3411540 3
owner 12 3419756 3
owner 12 3415647 3
owner 12 3411539 3
owner 12 3419755 3
owner 12 3415646 3
owner 12 3419754 3
owner 12 3423862 3
owner 12 3427970 3
owner 12 3423863 3
owner 12 3427971 3
owner 12 3423864 3
owner 12 3427972 3
owner 12 3432080 3
owner 12 3427973 3
owner 12 3432081 3
owner 12 3436189 3
owner 12 3432082 3
owner 12 3436190 3
owner 12 3432083 3
owner 12 3436191 3
owner 12 3432084 3
owner 12 3436188 3
owner 12 3432079 3
owner 12 3407432 3
owner 12 3407433 3
owner 12 3407434 3
owner 12 3407435 3
owner 12 6142596 4
owner 12 6138488 4
owner 12 6146704 4
owner 12 6142595 4
owner 12 6142597 4
owner 12 6138489 4
owner 12 6146705 4
owner 12 6142598 4
owner 12 6138490 4
owner 12 6146706 4
owner 12 6142599 4
owner 12 6138491 4
owner 12 6146707 4
owner 12 6134383 4
owner 12 6134382 4
owner 12 6130274 4
owner 12 6134381 4
owner 12 6130273 4
owner 12 6134380 4
owner 12 6130272 4
owner 12 6134379 4
owner 12 6130271 4
owner 12 6138487 4
owner 12 6134378 4
owner 12 6130270 4
owner 12 6138486 4
owner 12 6134377 4
owner 12 6130269 4
owner 12 6138485 4
owner 12 6134376 4
owner 12 6138484 4
owner 12 6142592 4
owner 12 6146700 4
owner 12 6142593 4
owner 12 6146701 4
owner 12 6142594 4
owner 12 6146702 4
owner 12 6150810 4
owner 12 6146703 4
owner 12 6150811 4
owner 12 6154919 4
owner 12 6150812 4
owner 12 6154920 4
owner 12 6150813 4
owner 12 6154921 4
owner 12 6150814 4
owner 12 6154918 4
owner 12 6150809 4
owner 12 6126162 4
owner 12 6126163 4
owner 12 6126164 4
owner 12 6126165 4
owner 12 3789465 5
owner 12 3785357 5
owner 12 3793573 5
owner 12 3789464 5
owner 12 3789466 5
owner 12 3785358 5
owner 12 3793574 5
owner 12 3789467 5
owner 12 3785359 5
owner 12 3793575 5
owner 12 3789468 5
owner 12 3785360 5
owner 12 3793576 5
owner 12 3781252 5
owner 12 3781251 5
owner 12 3777143 5
owner 12 3781250 5
owner 12 3777142 5
owner 12 3781249 5
owner 12 3777141 5
owner 12 3781248 5
owner 12 3777140 5
owner 12 3785356 5
owner 12 3781247 5
owner 12 3777139 5
owner 12 3785355 5
owner 12 3781246 5
owner 12 3777138 5
owner 12 3785354 5
owner 12 3781245 5
owner 12 3785353 5
owner 12 3789461 5
owner 12 3793569 5
owner 12 3789462 5
owner 12 3793570 5
owner 12 3789463 5
owner 12 3793571 5
owner 12 3797679 5
owner 12 3793572 5
owner 12 3797680 5
owner 12 3801788 5
owner 12 3797681 5
owner 12 3801789 5
owner 12 3797682 5
owner 12 3801790 5
owner 12 3797683 5
owner 12 3801787 5
owner 12 3797678 5
owner 12 3773031 5
owner 12 3773032 5
owner 12 3773033 5
owner 12 3773034 5
owner 12 713897 6
owner 12 709789 6
owner 12 718005 6
owner 12 713896 6
owner 12 713898 6
owner 12 709790 6
owner 12 718006 6
owner 12 713899 6
owner 12 709791 6
owner 12 718007 6
owner 12 713900 6
owner 12 709792 6
owner 12 718008 6
owner 12 705684 6
owner 12 705683 6
owner 12 701575 6
owner 12 705682 6
owner 12 701574 6
owner 12 705681 6
owner 12 701573 6
owner 12 705680 6
owner 12 701572 6
owner 12 709788 6
owner 12 705679 6
owner 12 701571 6
owner 12 709787 6
owner 12 705678 6
owner 12 701570 6
owner 12 709786 6
owner 12 705677 6
owner 12 709785 6
owner 12 713893 6
owner 12 718001 6
owner 12 713894 6
owner 12 718002 6
owner 12 713895 6
owner 12 718003 6
owner 12 722111 6
owner 12 718004 6
owner 12 722112 6
owner 12 726220 6
owner 12 722113 6
owner 12 726221 6
owner 12 722114 6
owner 12 726222 6
owner 12 722115 6
owner 12 726219 6
owner 12 722110 6
owner 12 697463 6
owner 12 697464 6
owner 12 697465 6
owner 12 697466 6
owner 12 3379272 7
owner 12 3375164 7
owner 12 3383380 7
owner 12 3379271 7
owner 12 3379273 7
owner 12 3375165 7
owner 12 3383381 7
owner 12 3379274 7
owner 12 3375166 7
owner 12 3383382 7
owner 12 3379275 7
owner 12 3375167 7
owner 12 3383383 7
owner 12 3371059 7
owner 12 3371058 7
owner 12 3366950 7
owner 12 3371057 7
owner 12 3366949 7
owner 12 3371056 7
owner 12 3366948 7
owner 12 3371055 7
owner 12 3366947 7
owner 12 3375163 7
owner 12 3371054 7
owner 12 3366946 7
owner 12 3375162 7
owner 12 3371053 7
owner 12 3366945 7
owner 12 3375161 7
owner 12 3371052 7
owner 12 3375160 7
owner 12 3379268 7
owner 12 3383376 7
owner 12 3379269 7
owner 12 3383377 7
owner 12 3379270 7
owner 12 3383378 7
owner 12 3387486 7
owner 12 3383379 7
owner 12 3387487 7
owner 12 3391595 7
owner 12 3387488 7
owner 12 3391596 7
owner 12 3387489 7
owner 12 3391597 7
owner 12 3387490 7
owner 12 3391594 7
owner 12 3387485 7
owner 12 3362838 7
owner 12 3362839 7
owner 12 3362840 7
owner 12 3362841 7
owner 12 7557123 8
owner 12 7553015 8
owner 12 7561231 8
owner 12 7557122 8
owner 12 7557124 8
owner 12 7553016 8
owner 12 7561232 8
owner 12 7557125 8
owner 12 7553017 8
owner 12 7561233 8
owner 12 7557126 8
owner 12 7553018 8
owner 12 7561234 8
owner 12 7548910 8
owner 12 7548909 8
owner 12 7544801 8
owner 12 7548908 8
owner 12 7544800 8
owner 12 7548907 8
owner 12 7544799 8
owner 12 7548906 8
owner 12 7544798 8
owner 12 7553014 8
owner 12 7548905 8
owner 12 7544797 8
owner 12 7553013 8
owner 12 7548904 8
owner 12 7544796 8
owner 12 7553012 8
owner 12 7548903 8
owner 12 7553011 8
owner 12 7557119 8
owner 12 7561227 8
owner 12 7557120 8
owner 12 7561228 8
owner 12 7557121 8
owner 12 7561229 8
owner 12 7565337 8
owner 12 7561230 8
owner 12 7565338 8
owner 12 7569446 8
owner 12 7565339 8
owner 12 7569447 8
owner 12 7565340 8
owner 12 7569448 8
owner 12 7565341 8
owner 12 7569445 8
owner 12 7565336 8
owner 12 7540689 8
owner 12 7540690 8
owner 12 7540691 8
owner 12 7540692 8
owner 12 2882853 9
owner 12 2878745 9
owner 12 2886961 9
owner 12 2882852 9
owner 12 2882854 9
owner 12 2878746 9
owner 12 2886962 9
owner 12 2882855 9
owner 12 2878747 9
owner 12 2886963 9
owner 12 2882856 9
owner 12 2878748 9
owner 12 2886964 9
owner 12 2874640 9
owner 12 2874639 9
owner 12 2870531 9
owner 12 2874638 9
owner 12 2870530 9
owner 12 2874637 9
owner 12 2870529 9
owner 12 2874636 9
owner 12 2870528 9
owner 12 2878744 9
owner 12 2874635 9
owner 12 2870527 9
owner 12 2878743 9
owner 12 2874634 9
owner 12 2870526 9
owner 12 2878742 9
owner 12 2874633 9
owner 12 2878741 9
owner 12 2882849 9
owner 12 2886957 9
owner 12 2882850 9
owner 12 2886958 9
owner 12 2882851 9
owner 12 2886959 9
owner 12 2891067 9
owner 12 2886960 9
owner 12 2891068 9
owner 12 2895176 9
owner 12 2891069 9
owner 12 2895177 9
owner 12 2891070 9
owner 12 2895178 9
owner 12 2891071 9
owner 12 2895175 9
owner 12 2891066 9
owner 12 2866419 9
owner 12 2866420 9
owner 12 2866421 9
owner 12 2866422 9
owner 12 2755455 10
owner 12 2751347 10
owner 12 2759563 10
owner 12 2755454 10
owner 12 2755456 10
owner 12 2751348 10
owner 12 2759564 10
owner 12 2755457 10
owner 12 2751349 10
owner 12 2759565 10
owner 12 2755458 10
owner 12 2751350 10
owner 12 2759566 10
owner 12 2747242 10
owner 12 2747241 10
owner 12 2743133 10
owner 12 2747240 10
owner 12 2743132 10
owner 12 2747239 10
owner 12 2743131 10
owner 12 2747238 10
owner 12 2743130 10
owner 12 2751346 10
owner 12 2747237 10
owner 12 2743129 10
owner 12 2751345 10
owner 12 2747236 10
owner 12 2743128 10
owner 12 2751344 10
owner 12 2747235 10
owner 12 2751343 10
owner 12 2755451 10
owner 12 2759559 10
owner 12 2755452 10
owner 12 2759560 10
owner 12 2755453 10
owner 12 2759561 10
owner 12 2763669 10
owner 12 2759562 10
owner 12 2763670 10
owner 12 2767778 10
owner 12 2763671 10
owner 12 2767779 10
owner 12 2763672 10
owner 12 2767780 10
owner 12 2763673 10
owner 12 2767777 10
owner 12 2763668 10
owner 12 2739021 10
owner 12 2739022 10
owner 12 2739023 10
owner 12 2739024 10
owner 12 2521406 11
owner 12 2517298 11
owner 12 2525514 11
owner 12 2521405 11
owner 12 2521407 11
owner 12 2517299 11
owner 12 2525515 11
owner 12 2521408 11
owner 12 2517300 11
owner 12 2525516 11
owner 12 2521409 11
owner 12 2517301 11
owner 12 2525517 11
owner 12 2513193 11
owner 12 2513192 11
owner 12 2509084 11
owner 12 2513191 11
owner 12 2509083 11
owner 12 2513190 11
owner 12 2509082 11
owner 12 2513189 11
owner 12 2509081 11
owner 12 2517297 11
owner 12 2513188 11
owner 12 2509080 11
owner 12 2517296 11
owner 12 2513187 11
owner 12 2509079 11
owner 12 2517295 11
owner 12 2513186 11
owner 12 2517294 11
owner 12 2521402 11
owner 12 2525510 11
owner 12 2521403 11
owner 12 2525511 11
owner 12 2521404 11
owner 12 2525512 11
owner 12 2529620 11
owner 12 2525513 11
owner 12 2529621 11
owner 12 2533729 11
owner 12 2529622 11
owner 12 2533730 11
owner 12 2529623 11
owner 12 2533731 11
owner 12 2529624 11
owner 12 2533728 11
owner 12 2529619 11
owner 12 2504972 11
owner 12 2504973 11
owner 12 2504974 11
owner 12 2504975 11
owner 12 989765 12
owner 12 985657 12
owner 12 993873 12
owner 12 989764 12
owner 12 989766 12
owner 12 985658 12
owner 12 993874 12
owner 12 989767 12
owner 12 985659 12
owner 12 993875 12
owner 12 989768 12
owner 12 985660 12
owner 12 993876 12
owner 12 981552 12
owner 12 981551 12
owner 12 977443 12
owner 12 981550 12
owner 12 977442 12
owner 12 981549 12
owner 12 977441 12
owner 12 981548 12
owner 12 977440 12
owner 12 985656 12
owner 12 981547 12
owner 12 977439 12
owner 12 985655 12
owner 12 981546 12
owner 12 977438 12
owner 12 985654 12
owner 12 981545 12
owner 12 985653 12
owner 12 989761 12
owner 12 993869 12
owner 12 989762 12
owner 12 993870 12
owner 12 989763 12
owner 12 993871 12
owner 12 997979 12
owner 12 993872 12
owner 12 997980 12
owner 12 1002088 12
owner 12 997981 12
owner 12 1002089 12
owner 12 997982 12
owner 12 1002090 12
owner 12 997983 12
owner 12 1002087 12
owner 12 997978 12
owner 12 973331 12
owner 12 973332 12
owner 12 973333 12
owner 12 973334 12
owner 12 3169241 13
owner 12 3165133 13
owner 12 3173349 13
owner 12 3169240 13
owner 12 3169242 13
owner 12 3165134 13
owner 12 3173350 13
owner 12 3169243 13
owner 12 3165135 13
owner 12 3173351 13
owner 12 3169244 13
owner 12 3165136 13
owner 12 3173352 13
owner 12 3161028 13
owner 12 3161027 13
owner 12 3156919 13
owner 12 3161026 13
owner 12 3156918 13
owner 12 3161025 13
owner 12 3156917 13
owner 12 3161024 13
owner 12 3156916 13
owner 12 3165132 13
owner 12 3161023 13
owner 12 3156915 13
owner 12 3165131 13
owner 12 3161022 13
owner 12 3156914 13
owner 12 3165130 13
owner 12 3161021 13
owner 12 3165129 13
owner 12 3169237 13
owner 12 3173345 13
owner 12 3169238 13
owner 12 3173346 13
owner 12 3169239 13
owner 12 3173347 13
owner 12 3177455 13
owner 12 3173348 13
owner 12 3177456 13
owner 12 3181564 13
owner 12 3177457 13
owner 12 3181565 13
owner 12 3177458 13
owner 12 3181566 13
owner 12 3177459 13
owner 12 3181563 13
owner 12 3177454 13
owner 12 3152807 13
owner 12 3152808 13
owner 12 3152809 13
owner 12 3152810 13
prev 12 1120549
prev 12 3423866
prev 12 6142596
prev 12 3789465
prev 12 713897
prev 12 3379272
prev 12 7557123
prev 12 2882853
prev 12 2755455
prev 12 2521406
prev 12 989765
prev 12 3169241
owned 12 2237559
owned 12 2237560
owned 12 2237561
owned 12 2237562
owned 12 2241666
owned 12 2241667
owned 12 2241668
owned 12 2241669
owned 12 2241670
owned 12 2241671
owned 12 2245773
owned 12 2245774
owned 12 2245775
owned 12 2245776
owned 12 2245777
owned 12 2245778
owned 12 2245779
owned 12 2245780
owned 12 2249881
owned 12 2249882
owned 12 2249883
owned 12 2249884
owned 12 2249885
owned 12 2249886
owned 12 2249887
owned 12 2249888
owned 12 2253989
owned 12 2253990
owned 12 2253991
owned 12 2253992
owned 12 2253993
owned 12 2253994
owned 12 2253995
owned 12 2253996
owned 12 2258097
owned 12 2258098
owned 12 2258099
owned 12 2258100
owned 12 2258101
owned 12 2258102
owned 12 2258103
owned 12 2258104
owned 12 2262206
owned 12 2262207
owned 12 2262208
owned 12 2262209
owned 12 2262210
owned 12 2262211
owned 12 2266315
owned 12 2266316
owned 12 2266317
owned 12 2266318
bot 13 15 vybu8oes 2095769353 2155636 3044 524 52
owner 13 1120549 2
owner 13 1116441 2
owner 13 1124657 2
owner 13 1120548 2
owner 13 1120550 2
owner 13 1116442 2
owner 13 1124658 2
owner 13 1120551 2
owner 13 1116443 2
owner 13 1124659 2
owner 13 1120552 2
owner 13 1116444 2
owner 13 1124660 2
owner 13 1112336 2
owner 13 1112335 2
owner 13 1108227 2
owner 13 1112334 2
owner 13 1108226 2
owner 13 1112333 2
owner 13 1108225 2
owner 13 1112332 2
owner 13 1108224 2
owner 13 1116440 2
owner 13 1112331 2
owner 13 1108223 2
owner 13 1116439 2
owner 13 1112330 2
owner 13 1108222 2
owner 13 1116438 2
owner 13 1112329 2
owner 13 1116437 2
owner 13 1120545 2
owner 13 1124653 2
owner 13 1120546 2
owner 13 1124654 2
owner 13 1120547 2
owner 13 1124655 2
owner 13 1128763 2
owner 13 1124656 2
owner 13 1128764 2
owner 13 1132872 2
owner 13 1128765 2
owner 13 1132873 2
owner 13 1128766 2
owner 13 1132874 2
owner 13 1128767 2
owner 13 1132871 2
owner 13 1128762 2
owner 13 1104115 2
owner 13 1104116 2
owner 13 1104117 2
owner 13 1104118 2
owner 13 3423866 3
owner 13 3419758 3
owner 13 3427974 3
owner 13 3423865 3
owner 13 3423867 3
owner 13 3419759 3
owner 13 3427975 3
owner 13 3423868 3
owner 13 3419760 3
owner 13 3427976 3
owner 13 3423869 3
owner 13 3419761 3
owner 13 3427977 3
owner 13 3415653 3
owner 13 3415652 3
owner 13 3411544 3
owner 13 3415651 3
owner 13 3411543 3
owner 13 3415650 3
owner 13 3411542 3
owner 13 3415649 3
owner 13 3411541 3
owner 13 3419757 3
owner 13 3415648 3
owner 13 3411540 3
owner 13 3419756 3
owner 13 3415647 3
owner 13 3411539 3
owner 13 3419755 3
owner 13 3415646 3
owner 13 3419754 3
owner 13 3423862 3
owner 13 3427970 3
owner 13 3423863 3
owner 13 3427971 3
owner 13 3423864 3
owner 13 3427972 3
owner 13 3432080 3
owner 13 3427973 3
owner 13 3432081 3
owner 13 3436189 3
owner 13 3432082 3
owner 13 3436190 3
owner 13 3432083 3
owner 13 3436191 3
owner 13 3432084 3
owner 13 3436188 3
owner 13 3432079 3
owner 13 3407432 3
owner 13 3407433 3
owner 13 3407434 3
owner 13 3407435 3
owner 13 6142596 4
owner 13 6138488 4
owner 13 6146704 4
owner 13 6142595 4
owner 13 6142597 4
owner 13 6138489 4
owner 13 6146705 4
owner 13 6142598 4
owner 13 6138490 4
owner 13 6146706 4
owner 13 6142599 4
owner 13 6138491 4
owner 13 6146707 4
owner 13 6134383 4
owner 13 6134382 4
owner 13 6130274 4
owner 13 6134381 4
owner 13 6130273 4
owner 13 6134380 4
owner 13 6130272 4
owner 13 6134379 4
owner 13 6130271 4
owner 13 6138487 4
owner 13 6134378 4
owner 13 6130270 4
owner 13 6138486 4
owner 13 6134377 4
owner 13 6130269 4
owner 13 6138485 4
owner 13 6134376 4
owner 13 6138484 4
owner 13 6142592 4
owner 13 6146700 4
owner 13 6142593 4
owner 13 6146701 4
owner 13 6142594 4
owner 13 6146702 4
owner 13 6150810 4
owner 13 6146703 4
owner 13 6150811 4
owner 13 6154919 4
owner 13 6150812 4
owner 13 6154920 4
owner 13 6150813 4
owner 13 6154921 4
owner 13 6150814 4
owner 13 6154918 4
owner 13 6150809 4
owner 13 6126162 4
owner 13 6126163 4
owner 13 6126164 4
owner 13 6126165 4
owner 13 3789465 5
owner 13 3785357 5
owner 13 3793573 5
owner 13 3789464 5
owner 13 3789466 5
owner 13 3785358 5
owner 13 3793574 5
owner 13 3789467 5
owner 13 3785359 5
owner 13 3793575 5
owner 13 3789468 5
owner 13 3785360 5
owner 13 3793576 5
owner 13 3781252 5
owner 13 3781251 5
owner 13 3777143 5
owner 13 3781250 5
owner 13 3777142 5
owner 13 3781249 5
owner 13 3777141 5
owner 13 3781248 5
owner 13 3777140 5
owner 13 3785356 5
owner 13 3781247 5
owner 13 3777139 5
owner 13 3785355 5
owner 13 3781246 5
owner 13 3777138 5
owner 13 3785354 5
owner 13 3781245 5
owner 13 3785353 5
owner 13 3789461 5
owner 13 3793569 5
owner 13 3789462 5
owner 13 3793570 5
owner 13 3789463 5
owner 13 3793571 5
owner 13 3797679 5
owner 13 3793572 5
owner 13 3797680 5
owner 13 3801788 5
owner 13 3797681 5
owner 13 3801789 5
owner 13 3797682 5
owner 13 3801790 5
owner 13 3797683 5
owner 13 3801787 5
owner 13 3797678 5
owner 13 3773031 5
owner 13 3773032 5
owner 13 3773033 5
owner 13 3773034 5
owner 13 713897 6
owner 13 709789 6
owner 13 718005 6
owner 13 713896 6
owner 13 713898 6
owner 13 709790 6
owner 13 718006 6
owner 13 713899 6
owner 13 709791 6
owner 13 718007 6
owner 13 713900 6
owner 13 709792 6
owner 13 718008 6
owner 13 705684 6
owner 13 705683 6
owner 13 701575 6
owner 13 705682 6
owner 13 701574 6
owner 13 705681 6
owner 13 701573 6
owner 13 705680 6
owner 13 701572 6
owner 13 709788 6
owner 13 705679 6
owner 13 701571 6
owner 13 709787 6
owner 13 705678 6
owner 13 701570 6
owner 13 709786 6
owner 13 705677 6
owner 13 709785 6
owner 13 713893 6
owner 13 718001 6
owner 13 713894 6
owner 13 718002 6
owner 13 713895 6
owner 13 718003 6
owner 13 722111 6
owner 13 718004 6
owner 13 722112 6
owner 13 726220 6
owner 13 722113 6
owner 13 726221 6
owner 13 722114 6
owner 13 726222 6
owner 13 722115 6
owner 13 726219 6
owner 13 722110 6
owner 13 697463 6
owner 13 697464 6
owner 13 697465 6
owner 13 697466 6
owner 13 3379272 7
owner 13 3375164 7
owner 13 3383380 7
owner 13 3379271 7
owner 13 3379273 7
owner 13 3375165 7
owner 13 3383381 7
owner 13 3379274 7
owner 13 3375166 7
owner 13 3383382 7
owner 13 3379275 7
owner 13 3375167 7
owner 13 3383383 7
owner 13 3371059 7
owner 13 3371058 7
owner 13 3366950 7
owner 13 3371057 7
owner 13 3366949 7
owner 13 3371056 7
owner 13 3366948 7
owner 13 3371055 7
owner 13 3366947 7
owner 13 3375163 7
owner 13 3371054 7
owner 13 3366946 7
owner 13 3375162 7
owner 13 3371053 7
owner 13 3366945 7
owner 13 3375161 7
owner 13 3371052 7
owner 13 3375160 7
owner 13 3379268 7
owner 13 3383376 7
owner 13 3379269 7
owner 13 3383377 7
owner 13 3379270 7
owner 13 3383378 7
owner 13 3387486 7
owner 13 3383379 7
owner 13 3387487 7
owner 13 3391595 7
owner 13 3387488 7
owner 13 3391596 7
owner 13 3387489 7
owner 13 3391597 7
owner 13 3387490 7
owner 13 3391594 7
owner 13 3387485 7
owner 13 3362838 7
owner 13 3362839 7
owner 13 3362840 7
owner 13 3362841 7
owner 13 7557123 8
owner 13 7553015 8
owner 13 7561231 8
owner 13 7557122 8
owner 13 7557124 8
owner 13 7553016 8
owner 13 7561232 8
owner 13 7557125 8
owner 13 7553017 8
owner 13 7561233 8
owner 13 7557126 8
owner 13 7553018 8
owner 13 7561234 8
owner 13 7548910 8
owner 13 7548909 8
owner 13 7544801 8
owner 13 7548908 8
owner 13 7544800 8
owner 13 7548907 8
owner 13 7544799 8
owner 13 7548906 8
owner 13 7544798 8
owner 13 7553014 8
owner 13 7548905 8
owner 13 7544797 8
owner 13 7553013 8
owner 13 7548904 8
owner 13 7544796 8
owner 13 7553012 8
owner 13 7548903 8
owner 13 7553011 8
owner 13 7557119 8
owner 13 7561227 8
owner 13 7557120 8
owner 13 7561228 8
owner 13 7557121 8
owner 13 7561229 8
owner 13 7565337 8
owner 13 7561230 8
owner 13 7565338 8
owner 13 7569446 8
owner 13 7565339 8
owner 13 7569447 8
owner 13 7565340 8
owner 13 7569448 8
owner 13 7565341 8
owner 13 7569445 8
owner 13 7565336 8
owner 13 7540689 8
owner 13 7540690 8
owner 13 7540691 8
owner 13 7540692 8
owner 13 2882853 9
owner 13 2878745 9
owner 13 2886961 9
owner 13 2882852 9
owner 13 2882854 9
owner 13 2878746 9
owner 13 2886962 9
owner 13 2882855 9
owner 13 2878747 9
owner 13 2886963 9
owner 13 2882856 9
owner 13 2878748 9
owner 13 2886964 9
owner 13 2874640 9
owner 13 2874639 9
owner 13 2870531 9
owner 13 2874638 9
owner 13 2870530 9
owner 13 2874637 9
owner 13 2870529 9
owner 13 2874636 9
owner 13 2870528 9
owner 13 2878744 9
owner 13 2874635 9
owner 13 2870527 9
owner 13 2878743 9
owner 13 2874634 9
owner 13 2870526 9
owner 13 2878742 9
owner 13 2874633 9
owner 13 2878741 9
owner 13 2882849 9
owner 13 2886957 9
owner 13 2882850 9
owner 13 2886958 9
owner 13 2882851 9
owner 13 2886959 9
owner 13 2891067 9
owner 13 2886960 9
owner 13 2891068 9
owner 13 2895176 9
owner 13 2891069 9
owner 13 2895177 9
owner 13 2891070 9
owner 13 2895178 9
owner 13 2891071 9
owner 13 2895175 9
owner 13 2891066 9
owner 13 2866419 9
owner 13 2866420 9
owner 13 2866421 9
owner 13 2866422 9
owner 13 2755455 10
owner 13 2751347 10
owner 13 2759563 10
owner 13 2755454 10
owner 13 2755456 10
owner 13 2751348 10
owner 13 2759564 10
owner 13 2755457 10
owner 13 2751349 10
owner 13 2759565 10
owner 13 2755458 10
owner 13 2751350 10
owner 13 2759566 10
owner 13 2747242 10
owner 13 2747241 10
owner 13 2743133 10
owner 13 2747240 10
owner 13 2743132 10
owner 13 2747239 10
owner 13 2743131 10
owner 13 2747238 10
owner 13 2743130 10
owner 13 2751346 10
owner 13 2747237 10
owner 13 2743129 10
owner 13 2751345 10
owner 13 2747236 10
owner 13 2743128 10
owner 13 2751344 10
owner 13 2747235 10
owner 13 2751343 10
owner 13 2755451 10
owner 13 2759559 10
owner 13 2755452 10
owner 13 2759560 10
owner 13 2755453 10
owner 13 2759561 10
owner 13 2763669 10
owner 13 2759562 10
owner 13 2763670 10
owner 13 2767778 10
owner 13 2763671 10
owner 13 2767779 10
owner 13 2763672 10
owner 13 2767780 10
owner 13 2763673 10
owner 13 2767777 10
owner 13 2763668 10
owner 13 2739021 10
owner 13 2739022 10
owner 13 2739023 10
owner 13 2739024 10
owner 13 2521406 11
owner 13 2517298 11
owner 13 2525514 11
owner 13 2521405 11
owner 13 2521407 11
owner 13 2517299 11
owner 13 2525515 11
owner 13 2521408 11
owner 13 2517300 11
owner 13 2525516 11
owner 13 2521409 11
owner 13 2517301 11
owner 13 2525517 11
owner 13 2513193 11
owner 13 2513192 11
owner 13 2509084 11
owner 13 2513191 11
owner 13 2509083 11
owner 13 2513190 11
owner 13 2509082 11
owner 13 2513189 11
owner 13 2509081 11
owner 13 2517297 11
owner 13 2513188 11
owner 13 2509080 11
owner 13 2517296 11
owner 13 2513187 11
owner 13 2509079 11
owner 13 2517295 11
owner 13 2513186 11
owner 13 2517294 11
owner 13 2521402 11
owner 13 2525510 11
owner 13 2521403 11
owner 13 2525511 11
owner 13 2521404 11
owner 13 2525512 11
owner 13 2529620 11
owner 13 2525513 11
owner 13 2529621 11
owner 13 2533729 11
owner 13 2529622 11
owner 13 2533730 11
owner 13 2529623 11
owner 13 2533731 11
owner 13 2529624 11
owner 13 2533728 11
owner 13 2529619 11
owner 13 2504972 11
owner 13 2504973 11
owner 13 2504974 11
owner 13 2504975 11
owner 13 989765 12
owner 13 985657 12
owner 13 993873 12
owner 13 989764 12
owner 13 989766 12
owner 13 985658 12
owner 13 993874 12
owner 13 989767 12
owner 13 985659 12
owner 13 993875 12
owner 13 989768 12
owner 13 985660 12
owner 13 993876 12
owner 13 981552 12
owner 13 981551 12
owner 13 977443 12
owner 13 981550 12
owner 13 977442 12
owner 13 981549 12
owner 13 977441 12
owner 13 981548 12
owner 13 977440 12
owner 13 985656 12
owner 13 981547 12
owner 13 977439 12
owner 13 985655 12
owner 13 981546 12
owner 13 977438 12
owner 13 985654 12
owner 13 981545 12
owner 13 985653 12
owner 13 989761 12
owner 13 993869 12
owner 13 989762 12
owner 13 993870 12
owner 13 989763 12
owner 13 993871 12
owner 13 997979 12
owner 13 993872 12
owner 13 997980 12
owner 13 1002088 12
owner 13 997981 12
owner 13 1002089 12
owner 13 997982 12
owner 13 1002090 12
owner 13 997983 12
owner 13 1002087 12
owner 13 997978 12
owner 13 973331 12
owner 13 973332 12
owner 13 973333 12
owner 13 973334 12
owner 13 3169241 13
owner 13 3165133 13
owner 13 3173349 13
owner 13 3169240 13
owner 13 3169242 13
owner 13 3165134 13
owner 13 3173350 13
owner 13 3169243 13
owner 13 3165135 13
owner 13 3173351 13
owner 13 3169244 13
owner 13 3165136 13
owner 13 3173352 13
owner 13 3161028 13
owner 13 3161027 13
owner 13 3156919 13
owner 13 3161026 13
owner 13 3156918 13
owner 13 3161025 13
owner 13 3156917 13
owner 13 3161024 13
owner 13 3156916 13
owner 13 3165132 13
owner 13 3161023 13
owner 13 3156915 13
owner 13 3165131 13
owner 13 3161022 13
owner 13 3156914 13
owner 13 3165130 13
owner 13 3161021 13
owner 13 3165129 13
owner 13 3169237 13
owner 13 3173345 13
owner 13 3169238 13
owner 13 3173346 13
owner 13 3169239 13
owner 13 3173347 13
owner 13 3177455 13
owner 13 3173348 13
owner 13 3177456 13
owner 13 3181564 13
owner 13 3177457 13
owner 13 3181565 13
owner 13 3177458 13
owner 13 3181566 13
owner 13 3177459 13
owner 13 3181563 13
owner 13 3177454 13
owner 13 3152807 13
owner 13 3152808 13
owner 13 3152809 13
owner 13 3152810 13
owner 13 2253993 14
owner 13 2249885 14
owner 13 2258101 14
owner 13 2253992 14
owner 13 2253994 14
owner 13 2249886 14
owner 13 2258102 14
owner 13 2253995 14
owner 13 2249887 14
owner 13 2258103 14
owner 13 2253996 14
owner 13 2249888 14
owner 13 2258104 14
owner 13 2245780 14
owner 13 2245779 14
owner 13 2241671 14
owner 13 2245778 14
owner 13 2241670 14
owner 13 2245777 14
owner 13 2241669 14
owner 13 2245776 14
owner 13 2241668 14
owner 13 2249884 14
owner 13 2245775 14
owner 13 2241667 14
owner 13 2249883 14
owner 13 2245774 14
owner 13 2241666 14
owner 13 2249882 14
owner 13 2245773 14
owner 13 2249881 14
owner 13 2253989 14
owner 13 2258097 14
owner 13 2253990 14
owner 13 2258098 14
owner 13 2253991 14
owner 13 2258099 14
owner 13 2262207 14
owner 13 2258100 14
owner 13 2262208 14
owner 13 2266316 14
owner 13 2262209 14
owner 13 2266317 14
owner 13 2262210 14
owner 13 2266318 14
owner 13 2262211 14
owner 13 2266315 14
owner 13 2262206 14
owner 13 2237559 14
owner 13 2237560 14
owner 13 2237561 14
owner 13 2237562 14
prev 13 1120549
prev 13 3423866
prev 13 6142596
prev 13 3789465
prev 13 713897
prev 13 3379272
prev 13 7557123
prev 13 2882853
prev 13 2755455
prev 13 2521406
prev 13 989765
prev 13 3169241
prev 13 2253993
owned 13 2139202
owned 13 2139203
owned 13 2139204
owned 13 2139205
owned 13 2143309
owned 13 2143310
owned 13 2143311
owned 13 2143312
owned 13 2143313
owned 13 2143314
owned 13 2147416
owned 13 2147417
owned 13 2147418
owned 13 2147419
owned 13 2147420
owned 13 2147421
owned 13 2147422
owned 13 2147423
owned 13 2151524
owned 13 2151525
owned 13 2151526
owned 13 2151527
owned 13 2151528
owned 13 2151529
owned 13 2151530
owned 13 2151531
owned 13 2155632
owned 13 2155633
owned 13 2155634
owned 13 2155635
owned 13 2155636
owned 13 2155637
owned 13 2155638
owned 13 2155639
owned 13 2159740
owned 13 2159741
owned 13 2159742
owned 13 2159743
owned 13 2159744
owned 13 2159745
owned 13 2159746
owned 13 2159747
owned 13 2163849
owned 13 2163850
owned 13 2163851
owned 13 2163852
owned 13 2163853
owned 13 2163854
owned 13 2167958
owned 13 2167959
owned 13 2167960
owned 13 2167961
bot 14 16 tlx2iciq 1076827768 4684509 1389 1140 52
owner 14 1120549 2
owner 14 1116441 2
owner 14 1124657 2
owner 14 1120548 2
owner 14 1120550 2
owner 14 1116442 2
owner 14 1124658 2
owner 14 1120551 2
owner 14 1116443 2
owner 14 1124659 2
owner 14 1120552 2
owner 14 1116444 2
owner 14 1124660 2
owner 14 1112336 2
owner 14 1112335 2
owner 14 1108227 2
owner 14 1112334 2
owner 14 1108226 2
owner 14 1112333 2
owner 14 1108225 2
owner 14 1112332 2
owner 14 1108224 2
owner 14 1116440 2
owner 14 1112331 2
owner 14 1108223 2
owner 14 1116439 2
owner 14 1112330 2
owner 14 1108222 2
owner 14 1116438 2
owner 14 1112329 2
owner 14 1116437 2
owner 14 1120545 2
owner 14 1124653 2
owner 14 1120546 2
owner 14 1124654 2
owner 14 1120547 2
owner 14 1124655 2
owner 14 1128763 2
owner 14 1124656 2
owner 14 1128764 2
owner 14 1132872 2
owner 14 1128765 2
owner 14 1132873 2
owner 14 1128766 2
owner 14 1132874 2
owner 14 1128767 2
owner 14 1132871 2
owner 14 1128762 2
owner 14 1104115 2
owner 14 1104116 2
owner 14 1104117 2
owner 14 1104118 2
owner 14 3423866 3
owner 14 3419758 3
owner 14 3427974 3
owner 14 3423865 3
owner 14 3423867 3
owner 14 3419759 3
owner 14 3427975 3
owner 14 3423868 3
owner 14 3419760 3
owner 14 3427976 3
owner 14 3423869 3
owner 14 3419761 3
owner 14 3427977 3
owner 14 3415653 3
owner 14 3415652 3
owner 14 3411544 3
owner 14 3415651 3
owner 14 3411543 3
owner 14 3415650 3
owner 14 3411542 3
owner 14 3415649 3
owner 14 3411541 3
owner 14 3419757 3
owner 14 3415648 3
owner 14 3411540 3
owner 14 3419756 3
owner 14 3415647 3
owner 14 3411539 3
owner 14 3419755 3
owner 14 3415646 3
owner 14 3419754 3
owner 14 3423862 3
owner 14 3427970 3
owner 14 3423863 3
owner 14 3427971 3
owner 14 3423864 3
owner 14 3427972 3
owner 14 3432080 3
owner 14 3427973 3
owner 14 3432081 3
owner 14 3436189 3
owner 14 3432082 3
owner 14 3436190 3
owner 14 3432083 3
owner 14 3436191 3
owner 14 3432084 3
owner 14 3436188 3
owner 14 3432079 3
owner 14 3407432 3
owner 14 3407433 3
owner 14 3407434 3
owner 14 3407435 3
owner 14 6142596 4
owner 14 6138488 4
owner 14 6146704 4
owner 14 6142595 4
owner 14 6142597 4
owner 14 6138489 4
owner 14 6146705 4
owner 14 6142598 4
owner 14 6138490 4
owner 14 6146706 4
owner 14 6142599 4
owner 14 6138491 4
owner 14 6146707 4
owner 14 6134383 4
owner 14 6134382 4
owner 14 6130274 4
owner 14 6134381 4
owner 14 6130273 4
owner 14 6134380 4
owner 14 6130272 4
owner 14 6134379 4
owner 14 6130271 4
owner 14 6138487 4
owner 14 6134378 4
owner 14 6130270 4
owner 14 6138486 4
owner 14 6134377 4
owner 14 6130269 4
owner 14 6138485 4
owner 14 6134376 4
owner 14 6138484 4
owner 14 6142592 4
owner 14 6146700 4
owner 14 6142593 4
owner 14 6146701 4
owner 14 6142594 4
owner 14 6146702 4
owner 14 6150810 4
owner 14 6146703 4
owner 14 6150811 4
owner 14 6154919 4
owner 14 6150812 4
owner 14 6154920 4
owner 14 6150813 4
owner 14 6154921 4
owner 14 6150814 4
owner 14 6154918 4
owner 14 6150809 4
owner 14 6126162 4
owner 14 6126163 4
owner 14 6126164 4
owner 14 6126165 4
owner 14 3789465 5
owner 14 3785357 5
owner 14 3793573 5
owner 14 3789464 5
owner 14 3789466 5
owner 14 3785358 5
owner 14 3793574 5
owner 14 3789467 5
owner 14 3785359 5
owner 14 3793575 5
owner 14 3789468 5
owner 14 3785360 5
owner 14 3793576 5
owner 14 3781252 5
owner 14 3781251 5
owner 14 3777143 5
owner 14 3781250 5
owner 14 3777142 5
owner 14 3781249 5
owner 14 3777141 5
owner 14 3781248 5
owner 14 3777140 5
owner 14 3785356 5
owner 14 3781247 5
owner 14 3777139 5
owner 14 3785355 5
owner 14 3781246 5
owner 14 3777138 5
owner 14 3785354 5
owner 14 3781245 5
owner 14 3785353 5
owner 14 3789461 5
owner 14 3793569 5
owner 14 3789462 5
owner 14 3793570 5
owner 14 3789463 5
owner 14 3793571 5
owner 14 3797679 5
owner 14 3793572 5
owner 14 3797680 5
owner 14 3801788 5
owner 14 3797681 5
owner 14 3801789 5
owner 14 3797682 5
owner 14 3801790 5
owner 14 3797683 5
owner 14 3801787 5
owner 14 3797678 5
owner 14 3773031 5
owner 14 3773032 5
owner 14 3773033 5
owner 14 3773034 5
owner 14 713897 6
owner 14 709789 6
owner 14 718005 6
owner 14 713896 6
owner 14 713898 6
owner 14 709790 6
owner 14 718006 6
owner 14 713899 6
owner 14 709791 6
owner 14 718007 6
owner 14 713900 6
owner 14 709792 6
owner 14 718008 6
owner 14 705684 6
owner 14 705683 6
owner 14 701575 6
owner 14 705682 6
owner 14 701574 6
owner 14 705681 6
owner 14 701573 6
owner 14 705680 6
owner 14 701572 6
owner 14 709788 6
owner 14 705679 6
owner 14 701571 6
owner 14 709787 6
owner 14 705678 6
owner 14 701570 6
owner 14 709786 6
owner 14 705677 6
owner 14 709785 6
owner 14 713893 6
owner 14 718001 6
owner 14 713894 6
owner 14 718002 6
owner 14 713895 6
owner 14 718003 6
owner 14 722111 6
owner 14 718004 6
owner 14 722112 6
owner 14 726220 6
owner 14 722113 6
owner 14 726221 6
owner 14 722114 6
owner 14 726222 6
owner 14 722115 6
owner 14 726219 6
owner 14 722110 6
owner 14 697463 6
owner 14 697464 6
owner 14 697465 6
owner 14 697466 6
owner 14 3379272 7
owner 14 3375164 7
owner 14 3383380 7
owner 14 3379271 7
owner 14 3379273 7
owner 14 3375165 7
owner 14 3383381 7
owner 14 3379274 7
owner 14 3375166 7
owner 14 3383382 7
owner 14 3379275 7
owner 14 3375167 7
owner 14 3383383 7
owner 14 3371059 7
owner 14 3371058 7
owner 14 3366950 7
owner 14 3371057 7
owner 14 3366949 7
owner 14 3371056 7
owner 14 3366948 7
owner 14 3371055 7
owner 14 3366947 7
owner 14 3375163 7
owner 14 3371054 7
owner 14 3366946 7
owner 14 3375162 7
owner 14 3371053 7
owner 14 3366945 7
owner 14 3375161 7
owner 14 3371052 7
owner 14 3375160 7
owner 14 3379268 7
owner 14 3383376 7
owner 14 3379269 7
owner 14 3383377 7
owner 14 3379270 7
owner 14 3383378 7
owner 14 3387486 7
owner 14 3383379 7
owner 14 3387487 7
owner 14 3391595 7
owner 14 3387488 7
owner 14 3391596 7
owner 14 3387489 7
owner 14 3391597 7
owner 14 3387490 7
owner 14 3391594 7
owner 14 3387485 7
owner 14 3362838 7
owner 14 3362839 7
owner 14 3362840 7
owner 14 3362841 7
owner 14 7557123 8
owner 14 7553015 8
owner 14 7561231 8
owner 14 7557122 8
owner 14 7557124 8
owner 14 7553016 8
owner 14 7561232 8
owner 14 7557125 8
owner 14 7553017 8
owner 14 7561233 8
owner 14 7557126 8
owner 14 7553018 8
owner 14 7561234 8
owner 14 7548910 8
owner 14 7548909 8
owner 14 7544801 8
owner 14 7548908 8
owner 14 7544800 8
owner 14 7548907 8
owner 14 7544799 8
owner 14 7548906 8
owner 14 7544798 8
owner 14 7553014 8
owner 14 7548905 8
owner 14 7544797 8
owner 14 7553013 8
owner 14 7548904 8
owner 14 7544796 8
owner 14 7553012 8
owner 14 7548903 8
owner 14 7553011 8
owner 14 7557119 8
owner 14 7561227 8
owner 14 7557120 8
owner 14 7561228 8
owner 14 7557121 8
owner 14 7561229 8
owner 14 7565337 8
owner 14 7561230 8
owner 14 7565338 8
owner 14 7569446 8
owner 14 7565339 8
owner 14 7569447 8
owner 14 7565340 8
owner 14 7569448 8
owner 14 7565341 8
owner 14 7569445 8
owner 14 7565336 8
owner 14 7540689 8
owner 14 7540690 8
owner 14 7540691 8
owner 14 7540692 8
owner 14 2882853 9
owner 14 2878745 9
owner 14 2886961 9
owner 14 2882852 9
owner 14 2882854 9
owner 14 2878746 9
owner 14 2886962 9
owner 14 2882855 9
owner 14 2878747 9
owner 14 2886963 9
owner 14 2882856 9
owner 14 2878748 9
owner 14 2886964 9
owner 14 2874640 9
owner 14 2874639 9
owner 14 2870531 9
owner 14 2874638 9
owner 14 2870530 9
owner 14 2874637 9
owner 14 2870529 9
owner 14 2874636 9
owner 14 2870528 9
owner 14 2878744 9
owner 14 2874635 9
owner 14 2870527 9
owner 14 2878743 9
owner 14 2874634 9
owner 14 2870526 9
owner 14 2878742 9
owner 14 2874633 9
owner 14 2878741 9
owner 14 2882849 9
owner 14 2886957 9
owner 14 2882850 9
owner 14 2886958 9
owner 14 2882851 9
owner 14 2886959 9
owner 14 2891067 9
owner 14 2886960 9
owner 14 2891068 9
owner 14 2895176 9
owner 14 2891069 9
owner 14 2895177 9
owner 14 2891070 9
owner 14 2895178 9
owner 14 2891071 9
owner 14 2895175 9
owner 14 2891066 9
owner 14 2866419 9
owner 14 2866420 9
owner 14 2866421 9
owner 14 2866422 9
owner 14 2755455 10
owner 14 2751347 10
owner 14 2759563 10
owner 14 2755454 10
owner 14 2755456 10
owner 14 2751348 10
owner 14 2759564 10
owner 14 2755457 10
owner 14 2751349 10
owner 14 2759565 10
owner 14 2755458 10
owner 14 2751350 10
owner 14 2759566 10
owner 14 2747242 10
owner 14 2747241 10
owner 14 2743133 10
owner 14 2747240 10
owner 14 2743132 10
owner 14 2747239 10
owner 14 2743131 10
owner 14 2747238 10
owner 14 2743130 10
owner 14 2751346 10
owner 14 2747237 10
owner 14 2743129 10
owner 14 2751345 10
owner 14 2747236 10
owner 14 2743128 10
owner 14 2751344 10
owner 14 2747235 10
owner 14 2751343 10
owner 14 2755451 10
owner 14 2759559 10
owner 14 2755452 10
owner 14 2759560 10
owner 14 2755453 10
owner 14 2759561 10
owner 14 2763669 10
owner 14 2759562 10
owner 14 2763670 10
owner 14 2767778 10
owner 14 2763671 10
owner 14 2767779 10
owner 14 2763672 10
owner 14 2767780 10
owner 14 2763673 10
owner 14 2767777 10
owner 14 2763668 10
owner 14 2739021 10
owner 14 2739022 10
owner 14 2739023 10
owner 14 2739024 10
owner 14 2521406 11
owner 14 2517298 11
owner 14 2525514 11
owner 14 2521405 11
owner 14 2521407 11
owner 14 2517299 11
owner 14 2525515 11
owner 14 2521408 11
owner 14 2517300 11
owner 14 2525516 11
owner 14 2521409 11
owner 14 2517301 11
owner 14 2525517 11
owner 14 2513193 11
owner 14 2513192 11
owner 14 2509084 11
owner 14 2513191 11
owner 14 2509083 11
owner 14 2513190 11
owner 14 2509082 11
owner 14 2513189 11
owner 14 2509081 11
owner 14 2517297 11
owner 14 2513188 11
owner 14 2509080 11
owner 14 2517296 11
owner 14 2513187 11
owner 14 2509079 11
owner 14 2517295 11
owner 14 2513186 11
owner 14 2517294 11
owner 14 2521402 11
owner 14 2525510 11
owner 14 2521403 11
owner 14 2525511 11
owner 14 2521404 11
owner 14 2525512 11
owner 14 2529620 11
owner 14 2525513 11
owner 14 2529621 11
owner 14 2533729 11
owner 14 2529622 11
owner 14 2533730 11
owner 14 2529623 11
owner 14 2533731 11
owner 14 2529624 11
owner 14 2533728 11
owner 14 2529619 11
owner 14 2504972 11
owner 14 2504973 11
owner 14 2504974 11
owner 14 2504975 11
owner 14 989765 12
owner 14 985657 12
owner 14 993873 12
owner 14 989764 12
owner 14 989766 12
owner 14 985658 12
owner 14 993874 12
owner 14 989767 12
owner 14 985659 12
owner 14 993875 12
owner 14 989768 12
owner 14 985660 12
owner 14 993876 12
owner 14 981552 12
owner 14 981551 12
owner 14 977443 12
owner 14 981550 12
owner 14 977442 12
owner 14 981549 12
owner 14 977441 12
owner 14 981548 12
owner 14 977440 12
owner 14 985656 12
owner 14 981547 12
owner 14 977439 12
owner 14 985655 12
owner 14 981546 12
owner 14 977438 12
owner 14 985654 12
owner 14 981545 12
owner 14 985653 12
owner 14 989761 12
owner 14 993869 12
owner 14 989762 12
owner 14 993870 12
owner 14 989763 12
owner 14 993871 12
owner 14 997979 12
owner 14 993872 12
owner 14 997980 12
owner 14 1002088 12
owner 14 997981 12
owner 14 1002089 12
owner 14 997982 12
owner 14 1002090 12
owner 14 997983 12
owner 14 1002087 12
owner 14 997978 12
owner 14 973331 12
owner 14 973332 12
owner 14 973333 12
owner 14 973334 12
owner 14 3169241 13
owner 14 3165133 13
owner 14 3173349 13
owner 14 3169240 13
owner 14 3169242 13
owner 14 3165134 13
owner 14 3173350 13
owner 14 3169243 13
owner 14 3165135 13
owner 14 3173351 13
owner 14 3169244 13
owner 14 3165136 13
owner 14 3173352 13
owner 14 3161028 13
owner 14 3161027 13
owner 14 3156919 13
owner 14 3161026 13
owner 14 3156918 13
owner 14 3161025 13
owner 14 3156917 13
owner 14 3161024 13
owner 14 3156916 13
owner 14 3165132 13
owner 14 3161023 13
owner 14 3156915 13
owner 14 3165131 13
owner 14 3161022 13
owner 14 3156914 13
owner 14 3165130 13
owner 14 3161021 13
owner 14 3165129 13
owner 14 3169237 13
owner 14 3173345 13
owner 14 3169238 13
owner 14 3173346 13
owner 14 3169239 13
owner 14 3173347 13
owner 14 3177455 13
owner 14 3173348 13
owner 14 3177456 13
owner 14 3181564 13
owner 14 3177457 13
owner 14 3181565 13
owner 14 3177458 13
owner 14 3181566 13
owner 14 3177459 13
owner 14 3181563 13
owner 14 3177454 13
owner 14 3152807 13
owner 14 3152808 13
owner 14 3152809 13
owner 14 3152810 13
owner 14 2253993 14
owner 14 2249885 14
owner 14 2258101 14
owner 14 2253992 14
owner 14 2253994 14
owner 14 2249886 14
owner 14 2258102 14
owner 14 2253995 14
owner 14 2249887 14
owner 14 2258103 14
owner 14 2253996 14
owner 14 2249888 14
owner 14 2258104 14
owner 14 2245780 14
owner 14 2245779 14
owner 14 2241671 14
owner 14 2245778 14
owner 14 2241670 14
owner 14 2245777 14
owner 14 2241669 14
owner 14 2245776 14
owner 14 2241668 14
owner 14 2249884 14
owner 14 2245775 14
owner 14 2241667 14
owner 14 2249883 14
owner 14 2245774 14
owner 14 2241666 14
owner 14 2249882 14
owner 14 2245773 14
owner 14 2249881 14
owner 14 2253989 14
owner 14 2258097 14
owner 14 2253990 14
owner 14 2258098 14
owner 14 2253991 14
owner 14 2258099 14
owner 14 2262207 14
owner 14 2258100 14
owner 14 2262208 14
owner 14 2266316 14
owner 14 2262209 14
owner 14 2266317 14
owner 14 2262210 14
owner 14 2266318 14
owner 14 2262211 14
owner 14 2266315 14
owner 14 2262206 14
owner 14 2237559 14
owner 14 2237560 14
owner 14 2237561 14
owner 14 2237562 14
owner 14 2155636 15
owner 14 2151528 15
owner 14 2159744 15
owner 14 2155635 15
owner 14 2155637 15
owner 14 2151529 15
owner 14 2159745 15
owner 14 2155638 15
owner 14 2151530 15
owner 14 2159746 15
owner 14 2155639 15
owner 14 2151531 15
owner 14 2159747 15
owner 14 2147423 15
owner 14 2147422 15
owner 14 2143314 15
owner 14 2147421 15
owner 14 2143313 15
owner 14 2147420 15
owner 14 2143312 15
owner 14 2147419 15
owner 14 2143311 15
owner 14 2151527 15
owner 14 2147418 15
owner 14 2143310 15
owner 14 2151526 15
owner 14 2147417 15
owner 14 2143309 15
owner 14 2151525 15
owner 14 2147416 15
owner 14 2151524 15
owner 14 2155632 15
owner 14 2159740 15
owner 14 2155633 15
owner 14 2159741 15
owner 14 2155634 15
owner 14 2159742 15
owner 14 2163850 15
owner 14 2159743 15
owner 14 2163851 15
owner 14 2167959 15
owner 14 2163852 15
owner 14 2167960 15
owner 14 2163853 15
owner 14 2167961 15
owner 14 2163854 15
owner 14 2167958 15
owner 14 2163849 15
owner 14 2139202 15
owner 14 2139203 15
owner 14 2139204 15
owner 14 2139205 15
prev 14 1120549
prev 14 3423866
prev 14 6142596
prev 14 3789465
prev 14 713897
prev 14 3379272
prev 14 7557123
prev 14 2882853
prev 14 2755455
prev 14 2521406
prev 14 989765
prev 14 3169241
prev 14 2253993
prev 14 2155636
owned 14 4668075
owned 14 4668076
owned 14 4668077
owned 14 4668078
owned 14 4672182
owned 14 4672183
owned 14 4672184
owned 14 4672185
owned 14 4672186
owned 14 4672187
owned 14 4676289
owned 14 4676290
owned 14 4676291
owned 14 4676292
owned 14 4676293
owned 14 4676294
owned 14 4676295
owned 14 4676296
owned 14 4680397
owned 14 4680398
owned 14 4680399
owned 14 4680400
owned 14 4680401
owned 14 4680402
owned 14 4680403
owned 14 4680404
owned 14 4684505
owned 14 4684506
owned 14 4684507
owned 14 4684508
owned 14 4684509
owned 14 4684510
owned 14 4684511
owned 14 4684512
owned 14 4688613
owned 14 4688614
owned 14 4688615
owned 14 4688616
owned 14 4688617
owned 14 4688618
owned 14 4688619
owned 14 4688620
owned 14 4692722
owned 14 4692723
owned 14 4692724
owned 14 4692725
owned 14 4692726
owned 14 4692727
owned 14 4696831
owned 14 4696832
owned 14 4696833
owned 14 4696834
bot 15 17 8i7cuo9t 1041878418 3075516 2732 748 52
owner 15 1120549 2
owner 15 1116441 2
owner 15 1124657 2
owner 15 1120548 2
owner 15 1120550 2
owner 15 1116442 2
owner 15 1124658 2
owner 15 1120551 2
owner 15 1116443 2
owner 15 1124659 2
owner 15 1120552 2
owner 15 1116444 2
owner 15 1124660 2
owner 15 1112336 2
owner 15 1112335 2
owner 15 1108227 2
owner 15 1112334 2
owner 15 1108226 2
owner 15 1112333 2
owner 15 1108225 2
owner 15 1112332 2
owner 15 1108224 2
owner 15 1116440 2
owner 15 1112331 2
owner 15 1108223 2
owner 15 1116439 2
owner 15 1112330 2
owner 15 1108222 2
owner 15 1116438 2
owner 15 1112329 2
owner 15 1116437 2
owner 15 1120545 2
owner 15 1124653 2
owner 15 1120546 2
owner 15 1124654 2
owner 15 1120547 2
owner 15 1124655 2
owner 15 1128763 2
owner 15 1124656 2
owner 15 1128764 2
owner 15 1132872 2
owner 15 1128765 2
owner 15 1132873 2
owner 15 1128766 2
owner 15 1132874 2
owner 15 1128767 2
owner 15 1132871 2
owner 15 1128762 2
owner 15 1104115 2
owner 15 1104116 2
owner 15 1104117 2
owner 15 1104118 2
owner 15 3423866 3
owner 15 3419758 3
owner 15 3427974 3
owner 15 3423865 3
owner 15 3423867 3
owner 15 3419759 3
owner 15 3427975 3
owner 15 3423868 3
owner 15 3419760 3
owner 15 3427976 3
owner 15 3423869 3
owner 15 3419761 3
owner 15 3427977 3
owner 15 3415653 3
owner 15 3415652 3
owner 15 3411544 3
owner 15 3415651 3
owner 15 3411543 3
owner 15 3415650 3
owner 15 3411542 3
owner 15 3415649 3
owner 15 3411541 3
owner 15 3419757 3
owner 15 3415648 3
owner 15 3411540 3
owner 15 3419756 3
owner 15 3415647 3
owner 15 3411539 3
owner 15 3419755 3
owner 15 3415646 3
owner 15 3419754 3
owner 15 3423862 3
owner 15 3427970 3
owner 15 3423863 3
owner 15 3427971 3
owner 15 3423864 3
owner 15 3427972 3
owner 15 3432080 3
owner 15 3427973 3
owner 15 3432081 3
owner 15 3436189 3
owner 15 3432082 3
owner 15 3436190 3
owner 15 3432083 3
owner 15 3436191 3
owner 15 3432084 3
owner 15 3436188 3
owner 15 3432079 3
owner 15 3407432 3
owner 15 3407433 3
owner 15 3407434 3
owner 15 3407435 3
owner 15 6142596 4
owner 15 6138488 4
owner 15 6146704 4
owner 15 6142595 4
owner 15 6142597 4
owner 15 6138489 4
owner 15 6146705 4
owner 15 6142598 4
owner 15 6138490 4
owner 15 6146706 4
owner 15 6142599 4
owner 15 6138491 4
owner 15 6146707 4
owner 15 6134383 4
owner 15 6134382 4
owner 15 6130274 4
owner 15 6134381 4
owner 15 6130273 4
owner 15 6134380 4
owner 15 6130272 4
owner 15 6134379 4
owner 15 6130271 4
owner 15 6138487 4
owner 15 6134378 4
owner 15 6130270 4
owner 15 6138486 4
owner 15 6134377 4
owner 15 6130269 4
owner 15 6138485 4
owner 15 6134376 4
owner 15 6138484 4
owner 15 6142592 4
owner 15 6146700 4
owner 15 6142593 4
owner 15 6146701 4
owner 15 6142594 4
owner 15 6146702 4
owner 15 6150810 4
owner 15 6146703 4
owner 15 6150811 4
owner 15 6154919 4
owner 15 6150812 4
owner 15 6154920 4
owner 15 6150813 4
owner 15 6154921 4
owner 15 6150814 4
owner 15 6154918 4
owner 15 6150809 4
owner 15 6126162 4
owner 15 6126163 4
owner 15 6126164 4
owner 15 6126165 4
owner 15 3789465 5
owner 15 3785357 5
owner 15 3793573 5
owner 15 3789464 5
owner 15 3789466 5
owner 15 3785358 5
owner 15 3793574 5
owner 15 3789467 5
owner 15 3785359 5
owner 15 3793575 5
owner 15 3789468 5
owner 15 3785360 5
owner 15 3793576 5
owner 15 3781252 5
owner 15 3781251 5
owner 15 3777143 5
owner 15 3781250 5
owner 15 3777142 5
owner 15 3781249 5
owner 15 3777141 5
owner 15 3781248 5
owner 15 3777140 5
owner 15 3785356 5
owner 15 3781247 5
owner 15 3777139 5
owner 15 3785355 5
owner 15 3781246 5
owner 15 3777138 5
owner 15 3785354 5
owner 15 3781245 5
owner 15 3785353 5
owner 15 3789461 5
owner 15 3793569 5
owner 15 3789462 5
owner 15 3793570 5
owner 15 3789463 5
owner 15 3793571 5
owner 15 3797679 5
owner 15 3793572 5
owner 15 3797680 5
owner 15 3801788 5
owner 15 3797681 5
owner 15 3801789 5
owner 15 3797682 5
owner 15 3801790 5
owner 15 3797683 5
owner 15 3801787 5
owner 15 3797678 5
owner 15 3773031 5
owner 15 3773032 5
owner 15 3773033 5
owner 15 3773034 5
owner 15 713897 6
owner 15 709789 6
owner 15 718005 6
owner 15 713896 6
owner 15 713898 6
owner 15 709790 6
owner 15 718006 6
owner 15 713899 6
owner 15 709791 6
owner 15 718007 6
owner 15 713900 6
owner 15 709792 6
owner 15 718008 6
owner 15 705684 6
owner 15 705683 6
owner 15 701575 6
owner 15 705682 6
owner 15 701574 6
owner 15 705681 6
owner 15 701573 6
owner 15 705680 6
owner 15 701572 6
owner 15 709788 6
owner 15 705679 6
owner 15 701571 6
owner 15 709787 6
owner 15 705678 6
owner 15 701570 6
owner 15 709786 6
owner 15 705677 6
owner 15 709785 6
owner 15 713893 6
owner 15 718001 6
owner 15 713894 6
owner 15 718002 6
owner 15 713895 6
owner 15 718003 6
owner 15 722111 6
owner 15 718004 6
owner 15 722112 6
owner 15 726220 6
owner 15 722113 6
owner 15 726221 6
owner 15 722114 6
owner 15 726222 6
owner 15 722115 6
owner 15 726219 6
owner 15 722110 6
owner 15 697463 6
owner 15 697464 6
owner 15 697465 6
owner 15 697466 6
owner 15 3379272 7
owner 15 3375164 7
owner 15 3383380 7
owner 15 3379271 7
owner 15 3379273 7
owner 15 3375165 7
owner 15 3383381 7
owner 15 3379274 7
owner 15 3375166 7
owner 15 3383382 7
owner 15 3379275 7
owner 15 3375167 7
owner 15 3383383 7
owner 15 3371059 7
owner 15 3371058 7
owner 15 3366950 7
owner 15 3371057 7
owner 15 3366949 7
owner 15 3371056 7
owner 15 3366948 7
owner 15 3371055 7
owner 15 3366947 7
owner 15 3375163 7
owner 15 3371054 7
owner 15 3366946 7
owner 15 3375162 7
owner 15 3371053 7
owner 15 3366945 7
owner 15 3375161 7
owner 15 3371052 7
owner 15 3375160 7
owner 15 3379268 7
owner 15 3383376 7
owner 15 3379269 7
owner 15 3383377 7
owner 15 3379270 7
owner 15 3383378 7
owner 15 3387486 7
owner 15 3383379 7
owner 15 3387487 7
owner 15 3391595 7
owner 15 3387488 7
owner 15 3391596 7
owner 15 3387489 7
owner 15 3391597 7
owner 15 3387490 7
owner 15 3391594 7
owner 15 3387485 7
owner 15 3362838 7
owner 15 3362839 7
owner 15 3362840 7
owner 15 3362841 7
owner 15 7557123 8
owner 15 7553015 8
owner 15 7561231 8
owner 15 7557122 8
owner 15 7557124 8
owner 15 7553016 8
owner 15 7561232 8
owner 15 7557125 8
owner 15 7553017 8
owner 15 7561233 8
owner 15 7557126 8
owner 15 7553018 8
owner 15 7561234 8
owner 15 7548910 8
owner 15 7548909 8
owner 15 7544801 8
owner 15 7548908 8
owner 15 7544800 8
owner 15 7548907 8
owner 15 7544799 8
owner 15 7548906 8
owner 15 7544798 8
owner 15 7553014 8
owner 15 7548905 8
owner 15 7544797 8
owner 15 7553013 8
owner 15 7548904 8
owner 15 7544796 8
owner 15 7553012 8
owner 15 7548903 8
owner 15 7553011 8
owner 15 7557119 8
owner 15 7561227 8
owner 15 7557120 8
owner 15 7561228 8
owner 15 7557121 8
owner 15 7561229 8
owner 15 7565337 8
owner 15 7561230 8
owner 15 7565338 8
owner 15 7569446 8
owner 15 7565339 8
owner 15 7569447 8
owner 15 7565340 8
owner 15 7569448 8
owner 15 7565341 8
owner 15 7569445 8
owner 15 7565336 8
owner 15 7540689 8
owner 15 7540690 8
owner 15 7540691 8
owner 15 7540692 8
owner 15 2882853 9
owner 15 2878745 9
owner 15 2886961 9
owner 15 2882852 9
owner 15 2882854 9
owner 15 2878746 9
owner 15 2886962 9
owner 15 2882855 9
owner 15 2878747 9
owner 15 2886963 9
owner 15 2882856 9
owner 15 2878748 9
owner 15 2886964 9
owner 15 2874640 9
owner 15 2874639 9
owner 15 2870531 9
owner 15 2874638 9
owner 15 2870530 9
owner 15 2874637 9
owner 15 2870529 9
owner 15 2874636 9
owner 15 2870528 9
owner 15 2878744 9
owner 15 2874635 9
owner 15 2870527 9
owner 15 2878743 9
owner 15 2874634 9
owner 15 2870526 9
owner 15 2878742 9
owner 15 2874633 9
owner 15 2878741 9
owner 15 2882849 9
owner 15 2886957 9
owner 15 2882850 9
owner 15 2886958 9
owner 15 2882851 9
owner 15 2886959 9
owner 15 2891067 9
owner 15 2886960 9
owner 15 2891068 9
owner 15 2895176 9
owner 15 2891069 9
owner 15 2895177 9
owner 15 2891070 9
owner 15 2895178 9
owner 15 2891071 9
owner 15 2895175 9
owner 15 2891066 9
owner 15 2866419 9
owner 15 2866420 9
owner 15 2866421 9
owner 15 2866422 9
owner 15 2755455 10
owner 15 2751347 10
owner 15 2759563 10
owner 15 2755454 10
owner 15 2755456 10
owner 15 2751348 10
owner 15 2759564 10
owner 15 2755457 10
owner 15 2751349 10
owner 15 2759565 10
owner 15 2755458 10
owner 15 2751350 10
owner 15 2759566 10
owner 15 2747242 10
owner 15 2747241 10
owner 15 2743133 10
owner 15 2747240 10
owner 15 2743132 10
owner 15 2747239 10
owner 15 2743131 10
owner 15 2747238 10
owner 15 2743130 10
owner 15 2751346 10
owner 15 2747237 10
owner 15 2743129 10
owner 15 2751345 10
owner 15 2747236 10
owner 15 2743128 10
owner 15 2751344 10
owner 15 2747235 10
owner 15 2751343 10
owner 15 2755451 10
owner 15 2759559 10
owner 15 2755452 10
owner 15 2759560 10
owner 15 2755453 10
owner 15 2759561 10
owner 15 2763669 10
owner 15 2759562 10
owner 15 2763670 10
owner 15 2767778 10
owner 15 2763671 10
owner 15 2767779 10
owner 15 2763672 10
owner 15 2767780 10
owner 15 2763673 10
owner 15 2767777 10
owner 15 2763668 10
owner 15 2739021 10
owner 15 2739022 10
owner 15 2739023 10
owner 15 2739024 10
owner 15 2521406 11
owner 15 2517298 11
owner 15 2525514 11
owner 15 2521405 11
owner 15 2521407 11
owner 15 2517299 11
owner 15 2525515 11
owner 15 2521408 11
owner 15 2517300 11
owner 15 2525516 11
owner 15 2521409 11
owner 15 2517301 11
owner 15 2525517 11
owner 15 2513193 11
owner 15 2513192 11
owner 15 2509084 11
owner 15 2513191 11
owner 15 2509083 11
owner 15 2513190 11
owner 15 2509082 11
owner 15 2513189 11
owner 15 2509081 11
owner 15 2517297 11
owner 15 2513188 11
owner 15 2509080 11
owner 15 2517296 11
owner 15 2513187 11
owner 15 2509079 11
owner 15 2517295 11
owner 15 2513186 11
owner 15 2517294 11
owner 15 2521402 11
owner 15 2525510 11
owner 15 2521403 11
owner 15 2525511 11
owner 15 2521404 11
owner 15 2525512 11
owner 15 2529620 11
owner 15 2525513 11
owner 15 2529621 11
owner 15 2533729 11
owner 15 2529622 11
owner 15 2533730 11
owner 15 2529623 11
owner 15 2533731 11
owner 15 2529624 11
owner 15 2533728 11
owner 15 2529619 11
owner 15 2504972 11
owner 15 2504973 11
owner 15 2504974 11
owner 15 2504975 11
owner 15 989765 12
owner 15 985657 12
owner 15 993873 12
owner 15 989764 12
owner 15 989766 12
owner 15 985658 12
owner 15 993874 12
owner 15 989767 12
owner 15 985659 12
owner 15 993875 12
owner 15 989768 12
owner 15 985660 12
owner 15 993876 12
owner 15 981552 12
owner 15 981551 12
owner 15 977443 12
owner 15 981550 12
owner 15 977442 12
owner 15 981549 12
owner 15 977441 12
owner 15 981548 12
owner 15 977440 12
owner 15 985656 12
owner 15 981547 12
owner 15 977439 12
owner 15 985655 12
owner 15 981546 12
owner 15 977438 12
owner 15 985654 12
owner 15 981545 12
owner 15 985653 12
owner 15 989761 12
owner 15 993869 12
owner 15 989762 12
owner 15 993870 12
owner 15 989763 12
owner 15 993871 12
owner 15 997979 12
owner 15 993872 12
owner 15 997980 12
owner 15 1002088 12
owner 15 997981 12
owner 15 1002089 12
owner 15 997982 12
owner 15 1002090 12
owner 15 997983 12
owner 15 1002087 12
owner 15 997978 12
owner 15 973331 12
owner 15 973332 12
owner 15 973333 12
owner 15 973334 12
owner 15 3169241 13
owner 15 3165133 13
owner 15 3173349 13
owner 15 3169240 13
owner 15 3169242 13
owner 15 3165134 13
owner 15 3173350 13
owner 15 3169243 13
owner 15 3165135 13
owner 15 3173351 13
owner 15 3169244 13
owner 15 3165136 13
owner 15 3173352 13
owner 15 3161028 13
owner 15 3161027 13
owner 15 3156919 13
owner 15 3161026 13
owner 15 3156918 13
owner 15 3161025 13
owner 15 3156917 13
owner 15 3161024 13
owner 15 3156916 13
owner 15 3165132 13
owner 15 3161023 13
owner 15 3156915 13
owner 15 3165131 13
owner 15 3161022 13
owner 15 3156914 13
owner 15 3165130 13
owner 15 3161021 13
owner 15 3165129 13
owner 15 3169237 13
owner 15 3173345 13
owner 15 3169238 13
owner 15 3173346 13
owner 15 3169239 13
owner 15 3173347 13
owner 15 3177455 13
owner 15 3173348 13
owner 15 3177456 13
owner 15 3181564 13
owner 15 3177457 13
owner 15 3181565 13
owner 15 3177458 13
owner 15 3181566 13
owner 15 3177459 13
owner 15 3181563 13
owner 15 3177454 13
owner 15 3152807 13
owner 15 3152808 13
owner 15 3152809 13
owner 15 3152810 13
owner 15 2253993 14
owner 15 2249885 14
owner 15 2258101 14
owner 15 2253992 14
owner 15 2253994 14
owner 15 2249886 14
owner 15 2258102 14
owner 15 2253995 14
owner 15 2249887 14
owner 15 2258103 14
owner 15 2253996 14
owner 15 2249888 14
owner 15 2258104 14
owner 15 2245780 14
owner 15 2245779 14
owner 15 2241671 14
owner 15 2245778 14
owner 15 2241670 14
owner 15 2245777 14
owner 15 2241669 14
owner 15 2245776 14
owner 15 2241668 14
owner 15 2249884 14
owner 15 2245775 14
owner 15 2241667 14
owner 15 2249883 14
owner 15 2245774 14
owner 15 2241666 14
owner 15 2249882 14
owner 15 2245773 14
owner 15 2249881 14
owner 15 2253989 14
owner 15 2258097 14
owner 15 2253990 14
owner 15 2258098 14
owner 15 2253991 14
owner 15 2258099 14
owner 15 2262207 14
owner 15 2258100 14
owner 15 2262208 14
owner 15 2266316 14
owner 15 2262209 14
owner 15 2266317 14
owner 15 2262210 14
owner 15 2266318 14
owner 15 2262211 14
owner 15 2266315 14
owner 15 2262206 14
owner 15 2237559 14
owner 15 2237560 14
owner 15 2237561 14
owner 15 2237562 14
owner 15 2155636 15
owner 15 2151528 15
owner 15 2159744 15
owner 15 2155635 15
owner 15 2155637 15
owner 15 2151529 15
owner 15 2159745 15
owner 15 2155638 15
owner 15 2151530 15
owner 15 2159746 15
owner 15 2155639 15
owner 15 2151531 15
owner 15 2159747 15
owner 15 2147423 15
owner 15 2147422 15
owner 15 2143314 15
owner 15 2147421 15
owner 15 2143313 15
owner 15 2147420 15
owner 15 2143312 15
owner 15 2147419 15
owner 15 2143311 15
owner 15 2151527 15
owner 15 2147418 15
owner 15 2143310 15
owner 15 2151526 15
owner 15 2147417 15
owner 15 2143309 15
owner 15 2151525 15
owner 15 2147416 15
owner 15 2151524 15
owner 15 2155632 15
owner 15 2159740 15
owner 15 2155633 15
owner 15 2159741 15
owner 15 2155634 15
owner 15 2159742 15
owner 15 2163850 15
owner 15 2159743 15
owner 15 2163851 15
owner 15 2167959 15
owner 15 2163852 15
owner 15 2167960 15
owner 15 2163853 15
owner 15 2167961 15
owner 15 2163854 15
owner 15 2167958 15
owner 15 2163849 15
owner 15 2139202 15
owner 15 2139203 15
owner 15 2139204 15
owner 15 2139205 15
owner 15 4684509 16
owner 15 4680401 16
owner 15 4688617 16
owner 15 4684508 16
owner 15 4684510 16
owner 15 4680402 16
owner 15 4688618 16
owner 15 4684511 16
owner 15 4680403 16
owner 15 4688619 16
owner 15 4684512 16
owner 15 4680404 16
owner 15 4688620 16
owner 15 4676296 16
owner 15 4676295 16
owner 15 4672187 16
owner 15 4676294 16
owner 15 4672186 16
owner 15 4676293 16
owner 15 4672185 16
owner 15 4676292 16
owner 15 4672184 16
owner 15 4680400 16
owner 15 4676291 16
owner 15 4672183 16
owner 15 4680399 16
owner 15 4676290 16
owner 15 4672182 16
owner 15 4680398 16
owner 15 4676289 16
owner 15 4680397 16
owner 15 4684505 16
owner 15 4688613 16
owner 15 4684506 16
owner 15 4688614 16
owner 15 4684507 16
owner 15 4688615 16
owner 15 4692723 16
owner 15 4688616 16
owner 15 4692724 16
owner 15 4696832 16
owner 15 4692725 16
owner 15 4696833 16
owner 15 4692726 16
owner 15 4696834 16
owner 15 4692727 16
owner 15 4696831 16
owner 15 4692722 16
owner 15 4668075 16
owner 15 4668076 16
owner 15 4668077 16
owner 15 4668078 16
prev 15 1120549
prev 15 3423866
prev 15 6142596
prev 15 3789465
prev 15 713897
prev 15 3379272
prev 15 7557123
prev 15 2882853
prev 15 2755455
prev 15 2521406
prev 15 989765
prev 15 3169241
prev 15 2253993
prev 15 2155636
prev 15 4684509
owned 15 3059082
owned 15 3059083
owned 15 3059084
owned 15 3059085
owned 15 3063189
owned 15 3063190
owned 15 3063191
owned 15 3063192
owned 15 3063193
owned 15 3063194
owned 15 3067296
owned 15 3067297
owned 15 3067298
owned 15 3067299
owned 15 3067300
owned 15 3067301
owned 15 3067302
owned 15 3067303
owned 15 3071404
owned 15 3071405
owned 15 3071406
owned 15 3071407
owned 15 3071408
owned 15 3071409
owned 15 3071410
owned 15 3071411
owned 15 3075512
owned 15 3075513
owned 15 3075514
owned 15 3075515
owned 15 3075516
owned 15 3075517
owned 15 3075518
owned 15 3075519
owned 15 3079620
owned 15 3079621
owned 15 3079622
owned 15 3079623
owned 15 3079624
owned 15 3079625
owned 15 3079626
owned 15 3079627
owned 15 3083729
owned 15 3083730
owned 15 3083731
owned 15 3083732
owned 15 3083733
owned 15 3083734
owned 15 3087838
owned 15 3087839
owned 15 3087840
owned 15 3087841
bot 16 18 ay8xa67r 1238569276 4384446 1210 1067 52
owner 16 1120549 2
owner 16 1116441 2
owner 16 1124657 2
owner 16 1120548 2
owner 16 1120550 2
owner 16 1116442 2
owner 16 1124658 2
owner 16 1120551 2
owner 16 1116443 2
owner 16 1124659 2
owner 16 1120552 2
owner 16 1116444 2
owner 16 1124660 2
owner 16 1112336 2
owner 16 1112335 2
owner 16 1108227 2
owner 16 1112334 2
owner 16 1108226 2
owner 16 1112333 2
owner 16 1108225 2
owner 16 1112332 2
owner 16 1108224 2
owner 16 1116440 2
owner 16 1112331 2
owner 16 1108223 2
owner 16 1116439 2
owner 16 1112330 2
owner 16 1108222 2
owner 16 1116438 2
owner 16 1112329 2
owner 16 1116437 2
owner 16 1120545 2
owner 16 1124653 2
owner 16 1120546 2
owner 16 1124654 2
owner 16 1120547 2
owner 16 1124655 2
owner 16 1128763 2
owner 16 1124656 2
owner 16 1128764 2
owner 16 1132872 2
owner 16 1128765 2
owner 16 1132873 2
owner 16 1128766 2
owner 16 1132874 2
owner 16 1128767 2
owner 16 1132871 2
owner 16 1128762 2
owner 16 1104115 2
owner 16 1104116 2
owner 16 1104117 2
owner 16 1104118 2
owner 16 3423866 3
owner 16 3419758 3
owner 16 3427974 3
owner 16 3423865 3
owner 16 3423867 3
owner 16 3419759 3
owner 16 3427975 3
owner 16 3423868 3
owner 16 3419760 3
owner 16 3427976 3
owner 16 3423869 3
owner 16 3419761 3
owner 16 3427977 3
owner 16 3415653 3
owner 16 3415652 3
owner 16 3411544 3
owner 16 3415651 3
owner 16 3411543 3
owner 16 3415650 3
owner 16 3411542 3
owner 16 3415649 3
owner 16 3411541 3
owner 16 3419757 3
owner 16 3415648 3
owner 16 3411540 3
owner 16 3419756 3
owner 16 3415647 3
owner 16 3411539 3
owner 16 3419755 3
owner 16 3415646 3
owner 16 3419754 3
owner 16 3423862 3
owner 16 3427970 3
owner 16 3423863 3
owner 16 3427971 3
owner 16 3423864 3
owner 16 3427972 3
owner 16 3432080 3
owner 16 3427973 3
owner 16 3432081 3
owner 16 3436189 3
owner 16 3432082 3
owner 16 3436190 3
owner 16 3432083 3
owner 16 3436191 3
owner 16 3432084 3
owner 16 3436188 3
owner 16 3432079 3
owner 16 3407432 3
owner 16 3407433 3
owner 16 3407434 3
owner 16 3407435 3
owner 16 6142596 4
owner 16 6138488 4
owner 16 6146704 4
owner 16 6142595 4
owner 16 6142597 4
owner 16 6138489 4
owner 16 6146705 4
owner 16 6142598 4
owner 16 6138490 4
owner 16 6146706 4
owner 16 6142599 4
owner 16 6138491 4
owner 16 6146707 4
owner 16 6134383 4
owner 16 6134382 4
owner 16 6130274 4
owner 16 6134381 4
owner 16 6130273 4
owner 16 6134380 4
owner 16 6130272 4
owner 16 6134379 4
owner 16 6130271 4
owner 16 6138487 4
owner 16 6134378 4
owner 16 6130270 4
owner 16 6138486 4
owner 16 6134377 4
owner 16 6130269 4
owner 16 6138485 4
owner 16 6134376 4
owner 16 6138484 4
owner 16 6142592 4
owner 16 6146700 4
owner 16 6142593 4
owner 16 6146701 4
owner 16 6142594 4
owner 16 6146702 4
owner 16 6150810 4
owner 16 6146703 4
owner 16 6150811 4
owner 16 6154919 4
owner 16 6150812 4
owner 16 6154920 4
owner 16 6150813 4
owner 16 6154921 4
owner 16 6150814 4
owner 16 6154918 4
owner 16 6150809 4
owner 16 6126162 4
owner 16 6126163 4
owner 16 6126164 4
owner 16 6126165 4
owner 16 3789465 5
owner 16 3785357 5
owner 16 3793573 5
owner 16 3789464 5
owner 16 3789466 5
owner 16 3785358 5
owner 16 3793574 5
owner 16 3789467 5
owner 16 3785359 5
owner 16 3793575 5
owner 16 3789468 5
owner 16 3785360 5
owner 16 3793576 5
owner 16 3781252 5
owner 16 3781251 5
owner 16 3777143 5
owner 16 3781250 5
owner 16 3777142 5
owner 16 3781249 5
owner 16 3777141 5
owner 16 3781248 5
owner 16 3777140 5
owner 16 3785356 5
owner 16 3781247 5
owner 16 3777139 5
owner 16 3785355 5
owner 16 3781246 5
owner 16 3777138 5
owner 16 3785354 5
owner 16 3781245 5
owner 16 3785353 5
owner 16 3789461 5
owner 16 3793569 5
owner 16 3789462 5
owner 16 3793570 5
owner 16 3789463 5
owner 16 3793571 5
owner 16 3797679 5
owner 16 3793572 5
owner 16 3797680 5
owner 16 3801788 5
owner 16 3797681 5
owner 16 3801789 5
owner 16 3797682 5
owner 16 3801790 5
owner 16 3797683 5
owner 16 3801787 5
owner 16 3797678 5
owner 16 3773031 5
owner 16 3773032 5
owner 16 3773033 5
owner 16 3773034 5
owner 16 713897 6
owner 16 709789 6
owner 16 718005 6
owner 16 713896 6
owner 16 713898 6
owner 16 709790 6
owner 16 718006 6
owner 16 713899 6
owner 16 709791 6
owner 16 718007 6
owner 16 713900 6
owner 16 709792 6
owner 16 718008 6
owner 16 705684 6
owner 16 705683 6
owner 16 701575 6
owner 16 705682 6
owner 16 701574 6
owner 16 705681 6
owner 16 701573 6
owner 16 705680 6
owner 16 701572 6
owner 16 709788 6
owner 16 705679 6
owner 16 701571 6
owner 16 709787 6
owner 16 705678 6
owner 16 701570 6
owner 16 709786 6
owner 16 705677 6
owner 16 709785 6
owner 16 713893 6
owner 16 718001 6
owner 16 713894 6
owner 16 718002 6
owner 16 713895 6
owner 16 718003 6
owner 16 722111 6
owner 16 718004 6
owner 16 722112 6
owner 16 726220 6
owner 16 722113 6
owner 16 726221 6
owner 16 722114 6
owner 16 726222 6
owner 16 722115 6
owner 16 726219 6
owner 16 722110 6
owner 16 697463 6
owner 16 697464 6
owner 16 697465 6
owner 16 697466 6
owner 16 3379272 7
owner 16 3375164 7
owner 16 3383380 7
owner 16 3379271 7
owner 16 3379273 7
owner 16 3375165 7
owner 16 3383381 7
owner 16 3379274 7
owner 16 3375166 7
owner 16 3383382 7
owner 16 3379275 7
owner 16 3375167 7
owner 16 3383383 7
owner 16 3371059 7
owner 16 3371058 7
owner 16 3366950 7
owner 16 3371057 7
owner 16 3366949 7
owner 16 3371056 7
owner 16 3366948 7
owner 16 3371055 7
owner 16 3366947 7
owner 16 3375163 7
owner 16 3371054 7
owner 16 3366946 7
owner 16 3375162 7
owner 16 3371053 7
owner 16 3366945 7
owner 16 3375161 7
owner 16 3371052 7
owner 16 3375160 7
owner 16 3379268 7
owner 16 3383376 7
owner 16 3379269 7
owner 16 3383377 7
owner 16 3379270 7
owner 16 3383378 7
owner 16 3387486 7
owner 16 3383379 7
owner 16 3387487 7
owner 16 3391595 7
owner 16 3387488 7
owner 16 3391596 7
owner 16 3387489 7
owner 16 3391597 7
owner 16 3387490 7
owner 16 3391594 7
owner 16 3387485 7
owner 16 3362838 7
owner 16 3362839 7
owner 16 3362840 7
owner 16 3362841 7
owner 16 7557123 8
owner 16 7553015 8
owner 16 7561231 8
owner 16 7557122 8
owner 16 7557124 8
owner 16 7553016 8
owner 16 7561232 8
owner 16 7557125 8
owner 16 7553017 8
owner 16 7561233 8
owner 16 7557126 8
owner 16 7553018 8
owner 16 7561234 8
owner 16 7548910 8
owner 16 7548909 8
owner 16 7544801 8
owner 16 7548908 8
owner 16 7544800 8
owner 16 7548907 8
owner 16 7544799 8
owner 16 7548906 8
owner 16 7544798 8
owner 16 7553014 8
owner 16 7548905 8
owner 16 7544797 8
owner 16 7553013 8
owner 16 7548904 8
owner 16 7544796 8
owner 16 7553012 8
owner 16 7548903 8
owner 16 7553011 8
owner 16 7557119 8
owner 16 7561227 8
owner 16 7557120 8
owner 16 7561228 8
owner 16 7557121 8
owner 16 7561229 8
owner 16 7565337 8
owner 16 7561230 8
owner 16 7565338 8
owner 16 7569446 8
owner 16 7565339 8
owner 16 7569447 8
owner 16 7565340 8
owner 16 7569448 8
owner 16 7565341 8
owner 16 7569445 8
owner 16 7565336 8
owner 16 7540689 8
owner 16 7540690 8
owner 16 7540691 8
owner 16 7540692 8
owner 16 2882853 9
owner 16 2878745 9
owner 16 2886961 9
owner 16 2882852 9
owner 16 2882854 9
owner 16 2878746 9
owner 16 2886962 9
owner 16 2882855 9
owner 16 2878747 9
owner 16 2886963 9
owner 16 2882856 9
owner 16 2878748 9
owner 16 2886964 9
owner 16 2874640 9
owner 16 2874639 9
owner 16 2870531 9
owner 16 2874638 9
owner 16 2870530 9
owner 16 2874637 9
owner 16 2870529 9
owner 16 2874636 9
owner 16 2870528 9
owner 16 2878744 9
owner 16 2874635 9
owner 16 2870527 9
owner 16 2878743 9
owner 16 2874634 9
owner 16 2870526 9
owner 16 2878742 9
owner 16 2874633 9
owner 16 2878741 9
owner 16 2882849 9
owner 16 2886957 9
owner 16 2882850 9
owner 16 2886958 9
owner 16 2882851 9
owner 16 2886959 9
owner 16 2891067 9
owner 16 2886960 9
owner 16 2891068 9
owner 16 2895176 9
owner 16 2891069 9
owner 16 2895177 9
owner 16 2891070 9
owner 16 2895178 9
owner 16 2891071 9
owner 16 2895175 9
owner 16 2891066 9
owner 16 2866419 9
owner 16 2866420 9
owner 16 2866421 9
owner 16 2866422 9
owner 16 2755455 10
owner 16 2751347 10
owner 16 2759563 10
owner 16 2755454 10
owner 16 2755456 10
owner 16 2751348 10
owner 16 2759564 10
owner 16 2755457 10
owner 16 2751349 10
owner 16 2759565 10
owner 16 2755458 10
owner 16 2751350 10
owner 16 2759566 10
owner 16 2747242 10
owner 16 2747241 10
owner 16 2743133 10
owner 16 2747240 10
owner 16 2743132 10
owner 16 2747239 10
owner 16 2743131 10
owner 16 2747238 10
owner 16 2743130 10
owner 16 2751346 10
owner 16 2747237 10
owner 16 2743129 10
owner 16 2751345 10
owner 16 2747236 10
owner 16 2743128 10
owner 16 2751344 10
owner 16 2747235 10
owner 16 2751343 10
owner 16 2755451 10
owner 16 2759559 10
owner 16 2755452 10
owner 16 2759560 10
owner 16 2755453 10
owner 16 2759561 10
owner 16 2763669 10
owner 16 2759562 10
owner 16 2763670 10
owner 16 2767778 10
owner 16 2763671 10
owner 16 2767779 10
owner 16 2763672 10
owner 16 2767780 10
owner 16 2763673 10
owner 16 2767777 10
owner 16 2763668 10
owner 16 2739021 10
owner 16 2739022 10
owner 16 2739023 10
owner 16 2739024 10
owner 16 2521406 11
owner 16 2517298 11
owner 16 2525514 11
owner 16 2521405 11
owner 16 2521407 11
owner 16 2517299 11
owner 16 2525515 11
owner 16 2521408 11
owner 16 2517300 11
owner 16 2525516 11
owner 16 2521409 11
owner 16 2517301 11
owner 16 2525517 11
owner 16 2513193 11
owner 16 2513192 11
owner 16 2509084 11
owner 16 2513191 11
owner 16 2509083 11
owner 16 2513190 11
owner 16 2509082 11
owner 16 2513189 11
owner 16 2509081 11
owner 16 2517297 11
owner 16 2513188 11
owner 16 2509080 11
owner 16 2517296 11
owner 16 2513187 11
owner 16 2509079 11
owner 16 2517295 11
owner 16 2513186 11
owner 16 2517294 11
owner 16 2521402 11
owner 16 2525510 11
owner 16 2521403 11
owner 16 2525511 11
owner 16 2521404 11
owner 16 2525512 11
owner 16 2529620 11
owner 16 2525513 11
owner 16 2529621 11
owner 16 2533729 11
owner 16 2529622 11
owner 16 2533730 11
owner 16 2529623 11
owner 16 2533731 11
owner 16 2529624 11
owner 16 2533728 11
owner 16 2529619 11
owner 16 2504972 11
owner 16 2504973 11
owner 16 2504974 11
owner 16 2504975 11
owner 16 989765 12
owner 16 985657 12
owner 16 993873 12
owner 16 989764 12
owner 16 989766 12
owner 16 985658 12
owner 16 993874 12
owner 16 989767 12
owner 16 985659 12
owner 16 993875 12
owner 16 989768 12
owner 16 985660 12
owner 16 993876 12
owner 16 981552 12
owner 16 981551 12
owner 16 977443 12
owner 16 981550 12
owner 16 977442 12
owner 16 981549 12
owner 16 977441 12
owner 16 981548 12
owner 16 977440 12
owner 16 985656 12
owner 16 981547 12
owner 16 977439 12
owner 16 985655 12
owner 16 981546 12
owner 16 977438 12
owner 16 985654 12
owner 16 981545 12
owner 16 985653 12
owner 16 989761 12
owner 16 993869 12
owner 16 989762 12
owner 16 993870 12
owner 16 989763 12
owner 16 993871 12
owner 16 997979 12
owner 16 993872 12
owner 16 997980 12
owner 16 1002088 12
owner 16 997981 12
owner 16 1002089 12
owner 16 997982 12
owner 16 1002090 12
owner 16 997983 12
owner 16 1002087 12
owner 16 997978 12
owner 16 973331 12
owner 16 973332 12
owner 16 973333 12
owner 16 973334 12
owner 16 3169241 13
owner 16 3165133 13
owner 16 3173349 13
owner 16 3169240 13
owner 16 3169242 13
owner 16 3165134 13
owner 16 3173350 13
owner 16 3169243 13
owner 16 3165135 13
owner 16 3173351 13
owner 16 3169244 13
owner 16 3165136 13
owner 16 3173352 13
owner 16 3161028 13
owner 16 3161027 13
owner 16 3156919 13
owner 16 3161026 13
owner 16 3156918 13
owner 16 3161025 13
owner 16 3156917 13
owner 16 3161024 13
owner 16 3156916 13
owner 16 3165132 13
owner 16 3161023 13
owner 16 3156915 13
owner 16 3165131 13
owner 16 3161022 13
owner 16 3156914 13
owner 16 3165130 13
owner 16 3161021 13
owner 16 3165129 13
owner 16 3169237 13
owner 16 3173345 13
owner 16 3169238 13
owner 16 3173346 13
owner 16 3169239 13
owner 16 3173347 13
owner 16 3177455 13
owner 16 3173348 13
owner 16 3177456 13
owner 16 3181564 13
owner 16 3177457 13
owner 16 3181565 13
owner 16 3177458 13
owner 16 3181566 13
owner 16 3177459 13
owner 16 3181563 13
owner 16 3177454 13
owner 16 3152807 13
owner 16 3152808 13
owner 16 3152809 13
owner 16 3152810 13
owner 16 2253993 14
owner 16 2249885 14
owner 16 2258101 14
owner 16 2253992 14
owner 16 2253994 14
owner 16 2249886 14
owner 16 2258102 14
owner 16 2253995 14
owner 16 2249887 14
owner 16 2258103 14
owner 16 2253996 14
owner 16 2249888 14
owner 16 2258104 14
owner 16 2245780 14
owner 16 2245779 14
owner 16 2241671 14
owner 16 2245778 14
owner 16 2241670 14
owner 16 2245777 14
owner 16 2241669 14
owner 16 2245776 14
owner 16 2241668 14
owner 16 2249884 14
owner 16 2245775 14
owner 16 2241667 14
owner 16 2249883 14
owner 16 2245774 14
owner 16 2241666 14
owner 16 2249882 14
owner 16 2245773 14
owner 16 2249881 14
owner 16 2253989 14
owner 16 2258097 14
owner 16 2253990 14
owner 16 2258098 14
owner 16 2253991 14
owner 16 2258099 14
owner 16 2262207 14
owner 16 2258100 14
owner 16 2262208 14
owner 16 2266316 14
owner 16 2262209 14
owner 16 2266317 14
owner 16 2262210 14
owner 16 2266318 14
owner 16 2262211 14
owner 16 2266315 14
owner 16 2262206 14
owner 16 2237559 14
owner 16 2237560 14
owner 16 2237561 14
owner 16 2237562 14
owner 16 2155636 15
owner 16 2151528 15
owner 16 2159744 15
owner 16 2155635 15
owner 16 2155637 15
owner 16 2151529 15
owner 16 2159745 15
owner 16 2155638 15
owner 16 2151530 15
owner 16 2159746 15
owner 16 2155639 15
owner 16 2151531 15
owner 16 2159747 15
owner 16 2147423 15
owner 16 2147422 15
owner 16 2143314 15
owner 16 2147421 15
owner 16 2143313 15
owner 16 2147420 15
owner 16 2143312 15
owner 16 2147419 15
owner 16 2143311 15
owner 16 2151527 15
owner 16 2147418 15
owner 16 2143310 15
owner 16 2151526 15
owner 16 2147417 15
owner 16 2143309 15
owner 16 2151525 15
owner 16 2147416 15
owner 16 2151524 15
owner 16 2155632 15
owner 16 2159740 15
owner 16 2155633 15
owner 16 2159741 15
owner 16 2155634 15
owner 16 2159742 15
owner 16 2163850 15
owner 16 2159743 15
owner 16 2163851 15
owner 16 2167959 15
owner 16 2163852 15
owner 16 2167960 15
owner 16 2163853 15
owner 16 2167961 15
owner 16 2163854 15
owner 16 2167958 15
owner 16 2163849 15
owner 16 2139202 15
owner 16 2139203 15
owner 16 2139204 15
owner 16 2139205 15
owner 16 4684509 16
owner 16 4680401 16
owner 16 4688617 16
owner 16 4684508 16
owner 16 4684510 16
owner 16 4680402 16
owner 16 4688618 16
owner 16 4684511 16
owner 16 4680403 16
owner 16 4688619 16
owner 16 4684512 16
owner 16 4680404 16
owner 16 4688620 16
owner 16 4676296 16
owner 16 4676295 16
owner 16 4672187 16
owner 16 4676294 16
owner 16 4672186 16
owner 16 4676293 16
owner 16 4672185 16
owner 16 4676292 16
owner 16 4672184 16
owner 16 4680400 16
owner 16 4676291 16
owner 16 4672183 16
owner 16 4680399 16
owner 16 4676290 16
owner 16 4672182 16
owner 16 4680398 16
owner 16 4676289 16
owner 16 4680397 16
owner 16 4684505 16
owner 16 4688613 16
owner 16 4684506 16
owner 16 4688614 16
owner 16 4684507 16
owner 16 4688615 16
owner 16 4692723 16
owner 16 4688616 16
owner 16 4692724 16
owner 16 4696832 16
owner 16 4692725 16
owner 16 4696833 16
owner 16 4692726 16
owner 16 4696834 16
owner 16 4692727 16
owner 16 4696831 16
owner 16 4692722 16
owner 16 4668075 16
owner 16 4668076 16
owner 16 4668077 16
owner 16 4668078 16
owner 16 3075516 17
owner 16 3071408 17
owner 16 3079624 17
owner 16 3075515 17
owner 16 3075517 17
owner 16 3071409 17
owner 16 3079625 17
owner 16 3075518 17
owner 16 3071410 17
owner 16 3079626 17
owner 16 3075519 17
owner 16 3071411 17
owner 16 3079627 17
owner 16 3067303 17
owner 16 3067302 17
owner 16 3063194 17
owner 16 3067301 17
owner 16 3063193 17
owner 16 3067300 17
owner 16 3063192 17
owner 16 3067299 17
owner 16 3063191 17
owner 16 3071407 17
owner 16 3067298 17
owner 16 3063190 17
owner 16 3071406 17
owner 16 3067297 17
owner 16 3063189 17
owner 16 3071405 17
owner 16 3067296 17
owner 16 3071404 17
owner 16 3075512 17
owner 16 3079620 17
owner 16 3075513 17
owner 16 3079621 17
owner 16 3075514 17
owner 16 3079622 17
owner 16 3083730 17
owner 16 3079623 17
owner 16 3083731 17
owner 16 3087839 17
owner 16 3083732 17
owner 16 3087840 17
owner 16 3083733 17
owner 16 3087841 17
owner 16 3083734 17
owner 16 3087838 17
owner 16 3083729 17
owner 16 3059082 17
owner 16 3059083 17
owner 16 3059084 17
owner 16 3059085 17
prev 16 1120549
prev 16 3423866
prev 16 6142596
prev 16 3789465
prev 16 713897
prev 16 3379272
prev 16 7557123
prev 16 2882853
prev 16 2755455
prev 16 2521406
prev 16 989765
prev 16 3169241
prev 16 2253993
prev 16 2155636
prev 16 4684509
prev 16 3075516
owned 16 4368012
owned 16 4368013
owned 16 4368014
owned 16 4368015
owned 16 4372119
owned 16 4372120
owned 16 4372121
owned 16 4372122
owned 16 4372123
owned 16 4372124
owned 16 4376226
owned 16 4376227
owned 16 4376228
owned 16 4376229
owned 16 4376230
owned 16 4376231
owned 16 4376232
owned 16 4376233
owned 16 4380334
owned 16 4380335
owned 16 4380336
owned 16 4380337
owned 16 4380338
owned 16 4380339
owned 16 4380340
owned 16 4380341
owned 16 4384442
owned 16 4384443
owned 16 4384444
owned 16 4384445
owned 16 4384446
owned 16 4384447
owned 16 4384448
owned 16 4384449
owned 16 4388550
owned 16 4388551
owned 16 4388552
owned 16 4388553
owned 16 4388554
owned 16 4388555
owned 16 4388556
owned 16 4388557
owned 16 4392659
owned 16 4392660
owned 16 4392661
owned 16 4392662
owned 16 4392663
owned 16 4392664
owned 16 4396768
owned 16 4396769
owned 16 4396770
owned 16 4396771
bot 17 19 fha1xhrw -2086814691 1442974 1066 351 52
owner 17 1120549 2
owner 17 1116441 2
owner 17 1124657 2
owner 17 1120548 2
owner 17 1120550 2
owner 17 1116442 2
owner 17 1124658 2
owner 17 1120551 2
owner 17 1116443 2
owner 17 1124659 2
owner 17 1120552 2
owner 17 1116444 2
owner 17 1124660 2
owner 17 1112336 2
owner 17 1112335 2
owner 17 1108227 2
owner 17 1112334 2
owner 17 1108226 2
owner 17 1112333 2
owner 17 1108225 2
owner 17 1112332 2
owner 17 1108224 2
owner 17 1116440 2
owner 17 1112331 2
owner 17 1108223 2
owner 17 1116439 2
owner 17 1112330 2
owner 17 1108222 2
owner 17 1116438 2
owner 17 1112329 2
owner 17 1116437 2
owner 17 1120545 2
owner 17 1124653 2
owner 17 1120546 2
owner 17 1124654 2
owner 17 1120547 2
owner 17 1124655 2
owner 17 1128763 2
owner 17 1124656 2
owner 17 1128764 2
owner 17 1132872 2
owner 17 1128765 2
owner 17 1132873 2
owner 17 1128766 2
owner 17 1132874 2
owner 17 1128767 2
owner 17 1132871 2
owner 17 1128762 2
owner 17 1104115 2
owner 17 1104116 2
owner 17 1104117 2
owner 17 1104118 2
owner 17 3423866 3
owner 17 3419758 3
owner 17 3427974 3
owner 17 3423865 3
owner 17 3423867 3
owner 17 3419759 3
owner 17 3427975 3
owner 17 3423868 3
owner 17 3419760 3
owner 17 3427976 3
owner 17 3423869 3
owner 17 3419761 3
owner 17 3427977 3
owner 17 3415653 3
owner 17 3415652 3
owner 17 3411544 3
owner 17 3415651 3
owner 17 3411543 3
owner 17 3415650 3
owner 17 3411542 3
owner 17 3415649 3
owner 17 3411541 3
owner 17 3419757 3
owner 17 3415648 3
owner 17 3411540 3
owner 17 3419756 3
owner 17 3415647 3
owner 17 3411539 3
owner 17 3419755 3
owner 17 3415646 3
owner 17 3419754 3
owner 17 3423862 3
owner 17 3427970 3
owner 17 3423863 3
owner 17 3427971 3
owner 17 3423864 3
owner 17 3427972 3
owner 17 3432080 3
owner 17 3427973 3
owner 17 3432081 3
owner 17 3436189 3
owner 17 3432082 3
owner 17 3436190 3
owner 17 3432083 3
owner 17 3436191 3
owner 17 3432084 3
owner 17 3436188 3
owner 17 3432079 3
owner 17 3407432 3
owner 17 3407433 3
owner 17 3407434 3
owner 17 3407435 3
owner 17 6142596 4
owner 17 6138488 4
owner 17 6146704 4
owner 17 6142595 4
owner 17 6142597 4
owner 17 6138489 4
owner 17 6146705 4
owner 17 6142598 4
owner 17 6138490 4
owner 17 6146706 4
owner 17 6142599 4
owner 17 6138491 4
owner 17 6146707 4
owner 17 6134383 4
owner 17 6134382 4
owner 17 6130274 4
owner 17 6134381 4
owner 17 6130273 4
owner 17 6134380 4
owner 17 6130272 4
owner 17 6134379 4
owner 17 6130271 4
owner 17 6138487 4
owner 17 6134378 4
owner 17 6130270 4
owner 17 6138486 4
owner 17 6134377 4
owner 17 6130269 4
owner 17 6138485 4
owner 17 6134376 4
owner 17 6138484 4
owner 17 6142592 4
owner 17 6146700 4
owner 17 6142593 4
owner 17 6146701 4
owner 17 6142594 4
owner 17 6146702 4
owner 17 6150810 4
owner 17 6146703 4
owner 17 6150811 4
owner 17 6154919 4
owner 17 6150812 4
owner 17 6154920 4
owner 17 6150813 4
owner 17 6154921 4
owner 17 6150814 4
owner 17 6154918 4
owner 17 6150809 4
owner 17 6126162 4
owner 17 6126163 4
owner 17 6126164 4
owner 17 6126165 4
owner 17 3789465 5
owner 17 3785357 5
owner 17 3793573 5
owner 17 3789464 5
owner 17 3789466 5
owner 17 3785358 5
owner 17 3793574 5
owner 17 3789467 5
owner 17 3785359 5
owner 17 3793575 5
owner 17 3789468 5
owner 17 3785360 5
owner 17 3793576 5
owner 17 3781252 5
owner 17 3781251 5
owner 17 3777143 5
owner 17 3781250 5
owner 17 3777142 5
owner 17 3781249 5
owner 17 3777141 5
owner 17 3781248 5
owner 17 3777140 5
owner 17 3785356 5
owner 17 3781247 5
owner 17 3777139 5
owner 17 3785355 5
owner 17 3781246 5
owner 17 3777138 5
owner 17 3785354 5
owner 17 3781245 5
owner 17 3785353 5
owner 17 3789461 5
owner 17 3793569 5
owner 17 3789462 5
owner 17 3793570 5
owner 17 3789463 5
owner 17 3793571 5
owner 17 3797679 5
owner 17 3793572 5
owner 17 3797680 5
owner 17 3801788 5
owner 17 3797681 5
owner 17 3801789 5
owner 17 3797682 5
owner 17 3801790 5
owner 17 3797683 5
owner 17 3801787 5
owner 17 3797678 5
owner 17 3773031 5
owner 17 3773032 5
owner 17 3773033 5
owner 17 3773034 5
owner 17 713897 6
owner 17 709789 6
owner 17 718005 6
owner 17 713896 6
owner 17 713898 6
owner 17 709790 6
owner 17 718006 6
owner 17 713899 6
owner 17 709791 6
owner 17 718007 6
owner 17 713900 6
owner 17 709792 6
owner 17 718008 6
owner 17 705684 6
owner 17 705683 6
owner 17 701575 6
owner 17 705682 6
owner 17 701574 6
owner 17 705681 6
owner 17 701573 6
owner 17 705680 6
owner 17 701572 6
owner 17 709788 6
owner 17 705679 6
owner 17 701571 6
owner 17 709787 6
owner 17 705678 6
owner 17 701570 6
owner 17 709786 6
owner 17 705677 6
owner 17 709785 6
owner 17 713893 6
owner 17 718001 6
owner 17 713894 6
owner 17 718002 6
owner 17 713895 6
owner 17 718003 6
owner 17 722111 6
owner 17 718004 6
owner 17 722112 6
owner 17 726220 6
owner 17 722113 6
owner 17 726221 6
owner 17 722114 6
owner 17 726222 6
owner 17 722115 6
owner 17 726219 6
owner 17 722110 6
owner 17 697463 6
owner 17 697464 6
owner 17 697465 6
owner 17 697466 6
owner 17 3379272 7
owner 17 3375164 7
owner 17 3383380 7
owner 17 3379271 7
owner 17 3379273 7
owner 17 3375165 7
owner 17 3383381 7
owner 17 3379274 7
owner 17 3375166 7
owner 17 3383382 7
owner 17 3379275 7
owner 17 3375167 7
owner 17 3383383 7
owner 17 3371059 7
owner 17 3371058 7
owner 17 3366950 7
owner 17 3371057 7
owner 17 3366949 7
owner 17 3371056 7
owner 17 3366948 7
owner 17 3371055 7
owner 17 3366947 7
owner 17 3375163 7
owner 17 3371054 7
owner 17 3366946 7
owner 17 3375162 7
owner 17 3371053 7
owner 17 3366945 7
owner 17 3375161 7
owner 17 3371052 7
owner 17 3375160 7
owner 17 3379268 7
owner 17 3383376 7
owner 17 3379269 7
owner 17 3383377 7
owner 17 3379270 7
owner 17 3383378 7
owner 17 3387486 7
owner 17 3383379 7
owner 17 3387487 7
owner 17 3391595 7
owner 17 3387488 7
owner 17 3391596 7
owner 17 3387489 7
owner 17 3391597 7
owner 17 3387490 7
owner 17 3391594 7
owner 17 3387485 7
owner 17 3362838 7
owner 17 3362839 7
owner 17 3362840 7
owner 17 3362841 7
owner 17 7557123 8
owner 17 7553015 8
owner 17 7561231 8
owner 17 7557122 8
owner 17 7557124 8
owner 17 7553016 8
owner 17 7561232 8
owner 17 7557125 8
owner 17 7553017 8
owner 17 7561233 8
owner 17 7557126 8
owner 17 7553018 8
owner 17 7561234 8
owner 17 7548910 8
owner 17 7548909 8
owner 17 7544801 8
owner 17 7548908 8
owner 17 7544800 8
owner 17 7548907 8
owner 17 7544799 8
owner 17 7548906 8
owner 17 7544798 8
owner 17 7553014 8
owner 17 7548905 8
owner 17 7544797 8
owner 17 7553013 8
owner 17 7548904 8
owner 17 7544796 8
owner 17 7553012 8
owner 17 7548903 8
owner 17 7553011 8
owner 17 7557119 8
owner 17 7561227 8
owner 17 7557120 8
owner 17 7561228 8
owner 17 7557121 8
owner 17 7561229 8
owner 17 7565337 8
owner 17 7561230 8
owner 17 7565338 8
owner 17 7569446 8
owner 17 7565339 8
owner 17 7569447 8
owner 17 7565340 8
owner 17 7569448 8
owner 17 7565341 8
owner 17 7569445 8
owner 17 7565336 8
owner 17 7540689 8
owner 17 7540690 8
owner 17 7540691 8
owner 17 7540692 8
owner 17 2882853 9
owner 17 2878745 9
owner 17 2886961 9
owner 17 2882852 9
owner 17 2882854 9
owner 17 2878746 9
owner 17 2886962 9
owner 17 2882855 9
owner 17 2878747 9
owner 17 2886963 9
owner 17 2882856 9
owner 17 2878748 9
owner 17 2886964 9
owner 17 2874640 9
owner 17 2874639 9
owner 17 2870531 9
owner 17 2874638 9
owner 17 2870530 9
owner 17 2874637 9
owner 17 2870529 9
owner 17 2874636 9
owner 17 2870528 9
owner 17 2878744 9
owner 17 2874635 9
owner 17 2870527 9
owner 17 2878743 9
owner 17 2874634 9
owner 17 2870526 9
owner 17 2878742 9
owner 17 2874633 9
owner 17 2878741 9
owner 17 2882849 9
owner 17 2886957 9
owner 17 2882850 9
owner 17 2886958 9
owner 17 2882851 9
owner 17 2886959 9
owner 17 2891067 9
owner 17 2886960 9
owner 17 2891068 9
owner 17 2895176 9
owner 17 2891069 9
owner 17 2895177 9
owner 17 2891070 9
owner 17 2895178 9
owner 17 2891071 9
owner 17 2895175 9
owner 17 2891066 9
owner 17 2866419 9
owner 17 2866420 9
owner 17 2866421 9
owner 17 2866422 9
owner 17 2755455 10
owner 17 2751347 10
owner 17 2759563 10
owner 17 2755454 10
owner 17 2755456 10
owner 17 2751348 10
owner 17 2759564 10
owner 17 2755457 10
owner 17 2751349 10
owner 17 2759565 10
owner 17 2755458 10
owner 17 2751350 10
owner 17 2759566 10
owner 17 2747242 10
owner 17 2747241 10
owner 17 2743133 10
owner 17 2747240 10
owner 17 2743132 10
owner 17 2747239 10
owner 17 2743131 10
owner 17 2747238 10
owner 17 2743130 10
owner 17 2751346 10
owner 17 2747237 10
owner 17 2743129 10
owner 17 2751345 10
owner 17 2747236 10
owner 17 2743128 10
owner 17 2751344 10
owner 17 2747235 10
owner 17 2751343 10
owner 17 2755451 10
owner 17 2759559 10
owner 17 2755452 10
owner 17 2759560 10
owner 17 2755453 10
owner 17 2759561 10
owner 17 2763669 10
owner 17 2759562 10
owner 17 2763670 10
owner 17 2767778 10
owner 17 2763671 10
owner 17 2767779 10
owner 17 2763672 10
owner 17 2767780 10
owner 17 2763673 10
owner 17 2767777 10
owner 17 2763668 10
owner 17 2739021 10
owner 17 2739022 10
owner 17 2739023 10
owner 17 2739024 10
owner 17 2521406 11
owner 17 2517298 11
owner 17 2525514 11
owner 17 2521405 11
owner 17 2521407 11
owner 17 2517299 11
owner 17 2525515 11
owner 17 2521408 11
owner 17 2517300 11
owner 17 2525516 11
owner 17 2521409 11
owner 17 2517301 11
owner 17 2525517 11
owner 17 2513193 11
owner 17 2513192 11
owner 17 2509084 11
owner 17 2513191 11
owner 17 2509083 11
owner 17 2513190 11
owner 17 2509082 11
owner 17 2513189 11
owner 17 2509081 11
owner 17 2517297 11
owner 17 2513188 11
owner 17 2509080 11
owner 17 2517296 11
owner 17 2513187 11
owner 17 2509079 11
owner 17 2517295 11
owner 17 2513186 11
owner 17 2517294 11
owner 17 2521402 11
owner 17 2525510 11
owner 17 2521403 11
owner 17 2525511 11
owner 17 2521404 11
owner 17 2525512 11
owner 17 2529620 11
owner 17 2525513 11
owner 17 2529621 11
owner 17 2533729 11
owner 17 2529622 11
owner 17 2533730 11
owner 17 2529623 11
owner 17 2533731 11
owner 17 2529624 11
owner 17 2533728 11
owner 17 2529619 11
owner 17 2504972 11
owner 17 2504973 11
owner 17 2504974 11
owner 17 2504975 11
owner 17 989765 12
owner 17 985657 12
owner 17 993873 12
owner 17 989764 12
owner 17 989766 12
owner 17 985658 12
owner 17 993874 12
owner 17 989767 12
owner 17 985659 12
owner 17 993875 12
owner 17 989768 12
owner 17 985660 12
owner 17 993876 12
owner 17 981552 12
owner 17 981551 12
owner 17 977443 12
owner 17 981550 12
owner 17 977442 12
owner 17 981549 12
owner 17 977441 12
owner 17 981548 12
owner 17 977440 12
owner 17 985656 12
owner 17 981547 12
owner 17 977439 12
owner 17 985655 12
owner 17 981546 12
owner 17 977438 12
owner 17 985654 12
owner 17 981545 12
owner 17 985653 12
owner 17 989761 12
owner 17 993869 12
owner 17 989762 12
owner 17 993870 12
owner 17 989763 12
owner 17 993871 12
owner 17 997979 12
owner 17 993872 12
owner 17 997980 12
owner 17 1002088 12
owner 17 997981 12
owner 17 1002089 12
owner 17 997982 12
owner 17 1002090 12
owner 17 997983 12
owner 17 1002087 12
owner 17 997978 12
owner 17 973331 12
owner 17 973332 12
owner 17 973333 12
owner 17 973334 12
owner 17 3169241 13
owner 17 3165133 13
owner 17 3173349 13
owner 17 3169240 13
owner 17 3169242 13
owner 17 3165134 13
owner 17 3173350 13
owner 17 3169243 13
owner 17 3165135 13
owner 17 3173351 13
owner 17 3169244 13
owner 17 3165136 13
owner 17 3173352 13
owner 17 3161028 13
owner 17 3161027 13
owner 17 3156919 13
owner 17 3161026 13
owner 17 3156918 13
owner 17 3161025 13
owner 17 3156917 13
owner 17 3161024 13
owner 17 3156916 13
owner 17 3165132 13
owner 17 3161023 13
owner 17 3156915 13
owner 17 3165131 13
owner 17 3161022 13
owner 17 3156914 13
owner 17 3165130 13
owner 17 3161021 13
owner 17 3165129 13
owner 17 3169237 13
owner 17 3173345 13
owner 17 3169238 13
owner 17 3173346 13
owner 17 3169239 13
owner 17 3173347 13
owner 17 3177455 13
owner 17 3173348 13
owner 17 3177456 13
owner 17 3181564 13
owner 17 3177457 13
owner 17 3181565 13
owner 17 3177458 13
owner 17 3181566 13
owner 17 3177459 13
owner 17 3181563 13
owner 17 3177454 13
owner 17 3152807 13
owner 17 3152808 13
owner 17 3152809 13
owner 17 3152810 13
owner 17 2253993 14
owner 17 2249885 14
owner 17 2258101 14
owner 17 2253992 14
owner 17 2253994 14
owner 17 2249886 14
owner 17 2258102 14
owner 17 2253995 14
owner 17 2249887 14
owner 17 2258103 14
owner 17 2253996 14
owner 17 2249888 14
owner 17 2258104 14
owner 17 2245780 14
owner 17 2245779 14
owner 17 2241671 14
owner 17 2245778 14
owner 17 2241670 14
owner 17 2245777 14
owner 17 2241669 14
owner 17 2245776 14
owner 17 2241668 14
owner 17 2249884 14
owner 17 2245775 14
owner 17 2241667 14
owner 17 2249883 14
owner 17 2245774 14
owner 17 2241666 14
owner 17 2249882 14
owner 17 2245773 14
owner 17 2249881 14
owner 17 2253989 14
owner 17 2258097 14
owner 17 2253990 14
owner 17 2258098 14
owner 17 2253991 14
owner 17 2258099 14
owner 17 2262207 14
owner 17 2258100 14
owner 17 2262208 14
owner 17 2266316 14
owner 17 2262209 14
owner 17 2266317 14
owner 17 2262210 14
owner 17 2266318 14
owner 17 2262211 14
owner 17 2266315 14
owner 17 2262206 14
owner 17 2237559 14
owner 17 2237560 14
owner 17 2237561 14
owner 17 2237562 14
owner 17 2155636 15
owner 17 2151528 15
owner 17 2159744 15
owner 17 2155635 15
owner 17 2155637 15
owner 17 2151529 15
owner 17 2159745 15
owner 17 2155638 15
owner 17 2151530 15
owner 17 2159746 15
owner 17 2155639 15
owner 17 2151531 15
owner 17 2159747 15
owner 17 2147423 15
owner 17 2147422 15
owner 17 2143314 15
owner 17 2147421 15
owner 17 2143313 15
owner 17 2147420 15
owner 17 2143312 15
owner 17 2147419 15
owner 17 2143311 15
owner 17 2151527 15
owner 17 2147418 15
owner 17 2143310 15
owner 17 2151526 15
owner 17 2147417 15
owner 17 2143309 15
owner 17 2151525 15
owner 17 2147416 15
owner 17 2151524 15
owner 17 2155632 15
owner 17 2159740 15
owner 17 2155633 15
owner 17 2159741 15
owner 17 2155634 15
owner 17 2159742 15
owner 17 2163850 15
owner 17 2159743 15
owner 17 2163851 15
owner 17 2167959 15
owner 17 2163852 15
owner 17 2167960 15
owner 17 2163853 15
owner 17 2167961 15
owner 17 2163854 15
owner 17 2167958 15
owner 17 2163849 15
owner 17 2139202 15
owner 17 2139203 15
owner 17 2139204 15
owner 17 2139205 15
owner 17 4684509 16
owner 17 4680401 16
owner 17 4688617 16
owner 17 4684508 16
owner 17 4684510 16
owner 17 4680402 16
owner 17 4688618 16
owner 17 4684511 16
owner 17 4680403 16
owner 17 4688619 16
owner 17 4684512 16
owner 17 4680404 16
owner 17 4688620 16
owner 17 4676296 16
owner 17 4676295 16
owner 17 4672187 16
owner 17 4676294 16
owner 17 4672186 16
owner 17 4676293 16
owner 17 4672185 16
owner 17 4676292 16
owner 17 4672184 16
owner 17 4680400 16
owner 17 4676291 16
owner 17 4672183 16
owner 17 4680399 16
owner 17 4676290 16
owner 17 4672182 16
owner 17 4680398 16
owner 17 4676289 16
owner 17 4680397 16
owner 17 4684505 16
owner 17 4688613 16
owner 17 4684506 16
owner 17 4688614 16
owner 17 4684507 16
owner 17 4688615 16
owner 17 4692723 16
owner 17 4688616 16
owner 17 4692724 16
owner 17 4696832 16
owner 17 4692725 16
owner 17 4696833 16
owner 17 4692726 16
owner 17 4696834 16
owner 17 4692727 16
owner 17 4696831 16
owner 17 4692722 16
owner 17 4668075 16
owner 17 4668076 16
owner 17 4668077 16
owner 17 4668078 16
owner 17 3075516 17
owner 17 3071408 17
owner 17 3079624 17
owner 17 3075515 17
owner 17 3075517 17
owner 17 3071409 17
owner 17 3079625 17
owner 17 3075518 17
owner 17 3071410 17
owner 17 3079626 17
owner 17 3075519 17
owner 17 3071411 17
owner 17 3079627 17
owner 17 3067303 17
owner 17 3067302 17
owner 17 3063194 17
owner 17 3067301 17
owner 17 3063193 17
owner 17 3067300 17
owner 17 3063192 17
owner 17 3067299 17
owner 17 3063191 17
owner 17 3071407 17
owner 17 3067298 17
owner 17 3063190 17
owner 17 3071406 17
owner 17 3067297 17
owner 17 3063189 17
owner 17 3071405 17
owner 17 3067296 17
owner 17 3071404 17
owner 17 3075512 17
owner 17 3079620 17
owner 17 3075513 17
owner 17 3079621 17
owner 17 3075514 17
owner 17 3079622 17
owner 17 3083730 17
owner 17 3079623 17
owner 17 3083731 17
owner 17 3087839 17
owner 17 3083732 17
owner 17 3087840 17
owner 17 3083733 17
owner 17 3087841 17
owner 17 3083734 17
owner 17 3087838 17
owner 17 3083729 17
owner 17 3059082 17
owner 17 3059083 17
owner 17 3059084 17
owner 17 3059085 17
owner 17 4384446 18
owner 17 4380338 18
owner 17 4388554 18
owner 17 4384445 18
owner 17 4384447 18
owner 17 4380339 18
owner 17 4388555 18
owner 17 4384448 18
owner 17 4380340 18
owner 17 4388556 18
owner 17 4384449 18
owner 17 4380341 18
owner 17 4388557 18
owner 17 4376233 18
owner 17 4376232 18
owner 17 4372124 18
owner 17 4376231 18
owner 17 4372123 18
owner 17 4376230 18
owner 17 4372122 18
owner 17 4376229 18
owner 17 4372121 18
owner 17 4380337 18
owner 17 4376228 18
owner 17 4372120 18
owner 17 4380336 18
owner 17 4376227 18
owner 17 4372119 18
owner 17 4380335 18
owner 17 4376226 18
owner 17 4380334 18
owner 17 4384442 18
owner 17 4388550 18
owner 17 4384443 18
owner 17 4388551 18
owner 17 4384444 18
owner 17 4388552 18
owner 17 4392660 18
owner 17 4388553 18
owner 17 4392661 18
owner 17 4396769 18
owner 17 4392662 18
owner 17 4396770 18
owner 17 4392663 18
owner 17 4396771 18
owner 17 4392664 18
owner 17 4396768 18
owner 17 4392659 18
owner 17 4368012 18
owner 17 4368013 18
owner 17 4368014 18
owner 17 4368015 18
prev 17 1120549
prev 17 3423866
prev 17 6142596
prev 17 3789465
prev 17 713897
prev 17 3379272
prev 17 7557123
prev 17 2882853
prev 17 2755455
prev 17 2521406
prev 17 989765
prev 17 3169241
prev 17 2253993
prev 17 2155636
prev 17 4684509
prev 17 3075516
prev 17 4384446
owned 17 1426540
owned 17 1426541
owned 17 1426542
owned 17 1426543
owned 17 1430647
owned 17 1430648
owned 17 1430649
owned 17 1430650
owned 17 1430651
owned 17 1430652
owned 17 1434754
owned 17 1434755
owned 17 1434756
owned 17 1434757
owned 17 1434758
owned 17 1434759
owned 17 1434760
owned 17 1434761
owned 17 1438862
owned 17 1438863
owned 17 1438864
owned 17 1438865
owned 17 1438866
owned 17 1438867
owned 17 1438868
owned 17 1438869
owned 17 1442970
owned 17 1442971
owned 17 1442972
owned 17 1442973
owned 17 1442974
owned 17 1442975
owned 17 1442976
owned 17 1442977
owned 17 1447078
owned 17 1447079
owned 17 1447080
owned 17 1447081
owned 17 1447082
owned 17 1447083
owned 17 1447084
owned 17 1447085
owned 17 1451187
owned 17 1451188
owned 17 1451189
owned 17 1451190
owned 17 1451191
owned 17 1451192
owned 17 1455296
owned 17 1455297
owned 17 1455298
owned 17 1455299
