# ofcuda_prng initial-state v1 (port spawn/initial state; engine-bit-exact)
# source reference /opt/data/workspaces/skg/ofcuda_matrix/out/matrix/refs/mississippiriver_a488_nat0.spawn.txt
map mississippiriver
seed parity
game_id QqkIuyke
game_hash 223241348
agents 488
nations 0
human_agents 1
width 400
height 4200
min_dist 30
player 1 H nd8079oo -1 0 0
player 2 B 7kmb47oc 180501 1 52
player 3 B su965kfe 718585 1 52
player 4 B 4918e5rs 1333241 1 52
player 5 B 0grah7qg 500999 1 52
player 6 B 79lbhuod 50852 1 52
player 7 B 0eay8wsu 1204313 1 52
player 8 B l4g4juu8 844475 1 52
player 9 B gsw4n5km 1503697 1 52
player 10 B ooz4f963 1459573 1 52
player 11 B g49bog52 529111 1 52
player 12 B vl3arc4y 786489 1 52
player 13 B 26spmsu2 665392 1 52
player 14 B 666fmd2f 473073 1 52
player 15 B vybu8oes 975537 1 52
player 16 B tlx2iciq 214472 1 52
player 17 B 8i7cuo9t 270000 1 26
player 18 B ay8xa67r 886708 1 52
player 19 B fha1xhrw 738359 1 52
player 20 B 0n5m7v7w 690283 1 52
player 21 B g1kcotxi 1098019 1 52
player 22 B onu80sk7 643373 1 52
player 23 B mt378h9n 1513734 1 52
player 24 B bo2xv2tw 663120 1 52
player 25 B 4j0jwl8e 1219148 1 52
player 26 B 2q1yboxl 1675005 1 52
player 27 B uf1afynu 1031949 1 52
player 28 B hnp5jsyu 142652 1 52
player 29 B 3ks2xdvj 1644323 1 52
player 30 B 6udu18l9 303933 1 52
player 31 B u9qkgxb0 105061 1 52
player 32 B gxzvzcy1 356261 1 52
player 33 B soumc8lx 1627679 1 52
player 34 B pbtdxhy8 792448 1 52
player 35 B 7qca320q 274377 1 52
player 36 B qu4dw13r 1236051 1 52
player 37 B uf42rmom 342466 1 52
player 38 B 5pzo5nyp 852090 1 52
player 39 B lpeu6a40 1300378 1 52
player 40 B m01qyq41 664045 1 52
player 41 B qp5j7mcl 502630 1 52
player 42 B daoks386 990985 1 52
player 43 B 1adrc0if 250895 1 52
player 44 B z2sjy7tl 1008977 1 52
player 45 B 2a2pcqq2 445585 1 52
player 46 B 965x3zic 718443 1 52
player 47 B yytwuuvv 1074179 1 52
player 48 B 0bq4zvkx 963411 1 52
player 49 B fqo7elia 1250451 1 52
player 50 B xb2eodru 883256 1 52
player 51 B dn2a1fmz 364065 1 52
player 52 B c657fqi1 962461 1 52
player 53 B 3oa0wbik 1079169 1 52
player 54 B bbor86ta 1012525 1 52
player 55 B ke481hq3 1293942 1 52
player 56 B 1p7me35b 749617 1 52
player 57 B ros1fefm 601062 1 52
player 58 B bbj4439d 74587 1 52
player 59 B 50euwmgf 363333 1 52
player 60 B 6ifrrqwg 1144220 1 52
player 61 B t3qojvzx 853331 1 52
player 62 B e39s2b1x 1469740 1 52
player 63 B 8elalp3o 1621518 1 52
player 64 B drzdgt29 1395903 1 52
player 65 B a5l13l40 1624533 1 52
player 66 B 15jsgukl 741773 1 52
player 67 B 457rtifd 874403 1 48
player 68 B nvln8mx2 184586 1 52
player 69 B xdf4q9ey 124184 1 52
player 70 B aehphxxq 740878 1 52
player 71 B r69884b7 599141 1 52
player 72 B 1fi956n2 883303 1 52
player 73 B x0s75hnx 174273 1 52
player 74 B jjcxe8w7 419246 1 52
player 75 B pa9du0an 385931 1 52
player 76 B wr1iodtv 1557224 1 52
player 77 B q4t061qn 127501 1 52
player 78 B 5walu3qw 1163697 1 52
player 79 B 9qsdvg22 178622 1 52
player 80 B kxhibxlj 1539654 1 52
player 81 B 3lvh3hh1 1245847 1 52
player 82 B hhxd8zhc 1020466 1 52
player 83 B 68hvehkn 249239 1 52
player 84 B 0ysk38le 360724 1 52
player 85 B p9mtmjen 263252 1 52
player 86 B vtv2qiiq 534955 1 52
player 87 B npcd7vse 222681 1 52
player 88 B fyrg30wr 969299 1 52
player 89 B qg4cg39i 457516 1 52
player 90 B kqu8z0ef 1137390 1 52
player 91 B bdv4tpd7 1289442 1 52
player 92 B ok13k4z3 12030 1 52
player 93 B hkwcx197 469129 1 52
player 94 B ko4t02h4 764199 1 52
player 95 B a769y4e5 573903 1 52
player 96 B po0wxlw1 605499 1 52
player 97 B o8264l3e 215242 1 52
player 98 B 9rke6fm3 413693 1 52
player 99 B gyjc9x52 1343334 1 52
player 100 B x793lc6c 1314324 1 52
player 101 B 93k3li8n 629517 1 52
player 102 B a1hte6qb 1187692 1 52
player 103 B jklgnd18 1015818 1 52
player 104 B vfadfhgj 851377 1 52
player 105 B cwni1kcb 7597 1 48
player 106 B 8z4z0zds 1088479 1 52
player 107 B cdzck1ki 488592 1 52
player 108 B zbaa3l3a 167599 1 34
player 109 B xm369xbs 1299881 1 52
player 110 B e4dqhzo1 838387 1 52
player 111 B fepimk2i 98310 1 52
player 112 B o2es7ebc 1256588 1 52
player 113 B l4opv4e9 589580 1 52
player 114 B 4b3f45hy 418927 1 52
player 115 B r3pvfglh 938727 1 52
player 116 B fnl5ocw8 1588971 1 52
player 117 B 7391zjkf 1414358 1 52
player 118 B ow5basj8 318222 1 52
player 119 B olinuy4r 1165784 1 52
player 120 B 2e2jcypv 582226 1 52
player 121 B nx0it9ss 1112587 1 52
player 122 B tt57j91k 85174 1 52
player 123 B 87aoci2n 117712 1 52
player 124 B wk147shp 1139249 1 52
player 125 B q8jb2dnz 373036 1 52
player 126 B 4yzxt2gp 202528 1 52
player 127 B 755xej7w 1647626 1 52
player 128 B hjhprwfn 74295 1 52
player 129 B n66i0csf 1202101 1 52
player 130 B am3stnxi 1402153 1 52
player 131 B pmeqlcvs 1392991 1 52
player 132 B xl8vnvj2 776263 1 52
player 133 B 0f3l9cg5 109323 1 52
player 134 B siocmotr 1623198 1 42
player 135 B uf75fjkr 742381 1 52
player 136 B 3nuksgyo 508453 1 52
player 137 B isfwwr01 671474 1 52
player 138 B auuv9uim 1643424 1 52
player 139 B mdro7fya 742285 1 52
player 140 B 8qfmz7a7 1484463 1 52
player 141 B m8j6zoax 379231 1 52
player 142 B 7236xcde 657988 1 52
player 143 B n4vtdnwp 1338323 1 52
player 144 B yggevgbl 1371314 1 52
player 145 B beijdl2w 1451547 1 52
player 146 B d2oo7mhj 942931 1 52
player 147 B wrheiirw 1595961 1 52
player 148 B d03y3hz5 670798 1 42
player 149 B 5xaek3av 1604427 1 52
player 150 B gz34o9hq 1237216 1 52
player 151 B 37xw489f 1021162 1 52
player 152 B k3srrvn9 58924 1 52
player 153 B 5isbkj04 1006871 1 52
player 154 B r73y2vzl 709526 1 52
player 155 B 36x3kyhk 78079 1 52
player 156 B 01ob2tlo 77333 1 52
player 157 B cb13fbp5 1513993 1 52
player 158 B vmmrq63s 1331442 1 52
player 159 B nkjckjq8 1551277 1 52
player 160 B wcggivof 815223 1 52
player 161 B 1w1ciciy 1519973 1 52
player 162 B 2a0v7iem 564118 1 52
player 163 B jcz64pkr 398125 1 52
player 164 B v0ljq6tk 1533736 1 52
player 165 B adg8798c 906511 1 52
player 166 B 5ghp3e6u 723188 1 52
player 167 B h5bdt6q4 718896 1 52
player 168 B 5oce5zsz 203903 1 52
player 169 B xka3bnm9 1147151 1 52
player 170 B 3w1tydq6 626408 1 52
player 171 B upd1qyae 86613 1 52
player 172 B v4u31rox 9568 1 52
player 173 B q9vm95if 1036999 1 52
player 174 B 0yu8n2tu 1409233 1 52
player 175 B sc2ctn85 21987 1 52
player 176 B z0gmspsi 162444 1 52
player 177 B z7avk2un 1464314 1 52
player 178 B 8efmeybn 701744 1 52
player 179 B bifxmou2 1337578 1 52
player 180 B plh6en5t 1078824 1 52
player 181 B ay3m2wg5 1487413 1 52
player 182 B 1zmogxmk 1666963 1 52
player 183 B 55yraoi7 1219708 1 52
player 184 B 1sc05h43 1399036 1 52
player 185 B 37ibwik8 1311603 1 48
player 186 B uec16uxz 30180 1 52
player 187 B 9fd5ewrs 1634018 1 52
player 188 B pe2p79c6 850402 1 42
player 189 B h1r85byk 226821 1 52
player 190 B exulggll 7312 1 52
player 191 B zouqcp7v 543788 1 52
player 192 B k39sgybe 1140642 1 52
player 193 B orxhfzvz 1198030 1 52
player 194 B uz8ynaez 369194 1 52
player 195 B ubigewsr 378980 1 52
player 196 B w0ozvjdh 1647078 1 52
player 197 B f7yj98q8 202429 1 52
player 198 B 2xzw4gp3 90658 1 52
player 199 B 9rkdgj28 49711 1 52
player 200 B aw987uy7 252922 1 52
player 201 B gr243zlh 179943 1 52
player 202 B zowu9kf4 80323 1 52
player 203 B 2dtf8q4x 751893 1 52
player 204 B y9oft8w2 29217 1 52
player 205 B ed7kjxq3 971561 1 52
player 206 B nxt1ptsi 34739 1 52
player 207 B p825v2fd 777778 1 52
player 208 B wyarb4qo 155907 1 52
player 209 B qfs7b4z4 1123486 1 52
player 210 B ms13gmzm 1174163 1 52
player 211 B ym8zggo3 617809 1 52
player 212 B 8jahbnpg 75631 1 52
player 213 B b0djjiez 1188713 1 52
player 214 B s9xysw8i 1132622 1 52
player 215 B t3s2qgvc 1301314 1 52
player 216 B aquue8ni 1344890 1 52
player 217 B u3k8ktyr 580344 1 52
player 218 B i7egn3zz 1073657 1 52
player 219 B o3vgfhge 415489 1 52
player 220 B m4aem5hx 1639692 1 52
player 221 B p6i95qgo 984672 1 52
player 222 B gvho8qeo 1228758 1 52
player 223 B 9iatvpoi 1073202 1 42
player 224 B zd9jsqbj 268205 1 52
player 225 B zw1dwnig 1462277 1 52
player 226 B be5xt98q 462241 1 52
player 227 B 522b0ju8 1029091 1 52
player 228 B ibxwtyy7 532289 1 52
player 229 B zjhashkb 155348 1 52
player 230 B 89ttdia6 1425214 1 52
player 231 B 6o2o0nvl 734593 1 52
player 232 B xldl70se 199202 1 42
player 233 B qrwgzvzz 1512878 1 52
player 234 B h711p697 751266 1 52
player 235 B g4ulqqm0 46958 1 52
player 236 B v18jrx10 683221 1 52
player 237 B 8sd3i7p8 1104285 1 52
player 238 B l5o27mtm 1117171 1 52
player 239 B b6f6r0t2 563466 1 52
player 240 B 7j5a3pfw 803281 1 52
player 241 B m5sg1z4l 1433668 1 52
player 242 B ehpglvfz 368254 1 52
player 243 B wu3zthbo 1124236 1 52
player 244 B yeh875u5 622666 1 52
player 245 B 8nuwzyn1 899672 1 52
player 246 B t0zwn9eb 131080 1 52
player 247 B 8zjwwdck 508308 1 52
player 248 B jwrhd5ij 1644570 1 52
player 249 B jyb8rp14 490163 1 52
player 250 B wl7sxu3v 330398 1 42
player 251 B y0r0fu1j 1607666 1 52
player 252 B kneohbbr 553850 1 52
player 253 B qc8m814x 1010020 1 52
player 254 B ix3jngmf 468410 1 52
player 255 B 9mzpcgft 452415 1 52
player 256 B l5z5w588 892284 1 52
player 257 B pt0jqntf 176854 1 52
player 258 B 2e8alk85 1133607 1 52
player 259 B hwe3kfal 1445168 1 52
player 260 B 47li627l 1538658 1 52
player 261 B 3asdumaj 442087 1 52
player 262 B l75txeu7 193577 1 52
player 263 B tbcz7mf1 1529698 1 52
player 264 B o1ilw638 1107805 1 52
player 265 B la4ytzgl 1364889 1 52
player 266 B in2bq49j 1035210 1 52
player 267 B 5irnw7ij 578141 1 52
player 268 B noxeflvy 211580 1 52
player 269 B 8gn7568f 263172 1 52
player 270 B 5c1omdu5 106225 1 52
player 271 B yc2b3pvx 776206 1 52
player 272 B lml55dcl 604570 1 52
player 273 B 1o5etbis 1002784 1 52
player 274 B bulnhjw5 498346 1 52
player 275 B c6y4cfry 1040427 1 52
player 276 B kbpw8sak 535133 1 52
player 277 B 65e8qmsr 757324 1 52
player 278 B furhe0mp 200332 1 52
player 279 B 92npvjrt 831322 1 52
player 280 B c56xdfdl 572798 1 42
player 281 B jul4zb4e 817806 1 52
player 282 B mpuzdlvw 266879 1 52
player 283 B plrlx715 65766 1 52
player 284 B yl9vsjpk 307165 1 52
player 285 B mkfgkn7r 594318 1 52
player 286 B v5nlafkw 159705 1 52
player 287 B 2p3gb961 1484424 1 52
player 288 B uc4jshlt 1018184 1 52
player 289 B 6xdips73 13338 1 52
player 290 B fqxqj0bu 706589 1 52
player 291 B yen0iwte 534795 1 52
player 292 B 77ucsgzt 1176797 1 48
player 293 B 4c1d18ro 1549174 1 52
player 294 B bz5je7hx 1247946 1 52
player 295 B fn7ax8sx 446669 1 52
player 296 B owdtos2u 1611775 1 52
player 297 B f33f3rln 1594615 1 52
player 298 B shy7v4eo 1515229 1 52
player 299 B qi05x4jp 316849 1 52
player 300 B rtwhvg9g 639294 1 52
player 301 B xebmdu02 1056096 1 52
player 302 B minv0qzi 1239168 1 52
player 303 B s3tsi6x9 697680 1 52
player 304 B k4ol3ovv 970575 1 52
player 305 B my4alddo 59158 1 52
player 306 B j2kjyzt1 1562215 1 52
player 307 B x5ff4utp 1143106 1 52
player 308 B lokk2xdf 666935 1 52
player 309 B sylg30cf 719419 1 52
player 310 B sahbcu7b 833158 1 52
player 311 B zuvsbbzm 1334102 1 52
player 312 B n4n57mjy 474876 1 52
player 313 B 8s3w15kq 736045 1 52
player 314 B a6z0gp5d 321050 1 52
player 315 B momzwuew 761745 1 52
player 316 B swknlr19 620923 1 52
player 317 B 68tli42a 1351068 1 52
player 318 B 43wn7pvq 1441686 1 52
player 319 B ssod81st 304164 1 52
player 320 B 9fudx3o3 336086 1 52
player 321 B cm4ig7bz 660226 1 52
player 322 B ajwm3pcu 626464 1 52
player 323 B wcn2fdks 507333 1 52
player 324 B 0a4r00hz 1172377 1 52
player 325 B 548y287t 100487 1 52
player 326 B rkqmpoqo 1009839 1 52
player 327 B nrv83khf 796530 1 52
player 328 B 00wyr0st 1266740 1 52
player 329 B dhvz0u2j 1460560 1 52
player 330 B 87uy1srx 902580 1 52
player 331 B 26wgkglj 326368 1 52
player 332 B s4otxlhb 111194 1 52
player 333 B 65ikynwk 1225045 1 52
player 334 B goxpy54y 1598251 1 52
player 335 B etvrjl78 255127 1 52
player 336 B y58lji80 1287513 1 52
player 337 B 13dy28ag 604778 1 52
player 338 B 0dg1h5h5 102841 1 52
player 339 B e9ncqhcw 3531 1 52
player 340 B uhxjrdbv 1439375 1 52
player 341 B gv359a4k 113962 1 52
player 342 B p4ehczm2 390824 1 52
player 343 B p2xbynef 609475 1 52
player 344 B co561w2j 459885 1 52
player 345 B wz0zkd1s 1064346 1 52
player 346 B m7jnfagf 28317 1 52
player 347 B rq439wc6 1385226 1 52
player 348 B lkklizjr 1108263 1 52
player 349 B 2uyam605 825755 1 52
player 350 B er3wo1bg 324495 1 52
player 351 B ezt35u0l 1358137 1 52
player 352 B 593d2qcb 1123245 1 52
player 353 B y51cphtm 161450 1 52
player 354 B g94go6fd 279700 1 52
player 355 B 9ksqwgqt 1245301 1 52
player 356 B ykirk4lg 828595 1 52
player 357 B jurxvo26 5899 1 52
player 358 B to8bcohn 741325 1 52
player 359 B ensatih4 649237 1 52
player 360 B nbbu08hb 630357 1 52
player 361 B rxlhv8ic 529828 1 52
player 362 B aiowrq52 1561479 1 52
player 363 B bo94our7 1507796 1 52
player 364 B jxqkb7y6 843017 1 52
player 365 B ikezntfk 1146278 1 52
player 366 B j4e63dwu 1329951 1 52
player 367 B t0b9mavx 1599312 1 52
player 368 B bu0hz5bz 151264 1 52
player 369 B 368l6a1p 1092762 1 52
player 370 B 6cr9h8xa 696450 1 52
player 371 B 8y4zfq0g 646781 1 52
player 372 B tz0sezi7 1454941 1 52
player 373 B dazr70tn 1113597 1 48
player 374 B tx1pjsyg 1087829 1 52
player 375 B ndjtlp8r 694607 1 52
player 376 B bsklet6g 378776 1 52
player 377 B hsozrzu4 1048624 1 52
player 378 B otmybkm3 1180329 1 52
player 379 B yfm1nyqy 1106563 1 52
player 380 B kr6ytu3l 1004698 1 52
player 381 B 3pagyfng 664817 1 52
player 382 B w1mobjvk 840012 1 52
player 383 B xm7i5x3m 735341 1 52
player 384 B 8u02tf2g 205157 1 52
player 385 B lp6sri88 1622180 1 52
player 386 B sb1tap3p 1388119 1 52
player 387 B mv01333k 1544153 1 52
player 388 B g9mp2ife 293955 1 52
player 389 B jtq0seut 173762 1 52
player 390 B 525mh9ql 908397 1 48
player 391 B fvbpmsvz 1148552 1 52
player 392 B xwn3ivem 61665 1 52
player 393 B fqbyj4jd 1279646 1 52
player 394 B xfiw8ywg 316543 1 52
player 395 B iw3dqxmq 1164402 1 42
player 396 B yc0ao6et 1017493 1 52
player 397 B ixj6ihi7 1349264 1 52
player 398 B 9l5wwvr3 1409372 1 52
player 399 B 2w6i33lv 998006 1 52
player 400 B sba949vb 1450004 1 52
player 401 B ijcmefns 589718 1 52
player 402 B isnsszoo 1504277 1 52
player 403 B 9z76va23 1273015 1 52
player 404 B h1wbhdhm 1369588 1 52
player 405 B tewvulrm 937400 1 52
player 406 B wp3bxzsu 269037 1 52
player 407 B d0g6avrv 631054 1 52
player 408 B hsyivnsn 189028 1 52
player 409 B ox9ept1k 1365111 1 52
player 410 B ny87grni 1554101 1 52
player 411 B k2th9538 1320444 1 52
player 412 B ysltjm94 1551524 1 52
player 413 B u5klj2eh 1354230 1 52
player 414 B k7ka2ci1 60021 1 52
player 415 B qtul4azs 890330 1 52
player 416 B ll69i57o 296067 1 52
player 417 B 9vuokjnw 1011252 1 52
player 418 B ggb3bab1 15949 1 52
player 419 B drdo3t90 512910 1 52
player 420 B xieaxa2f 960772 1 52
player 421 B kqp7ewus 1607830 1 52
player 422 B 3kitma91 1231987 1 52
player 423 B m7y3u0aw 938105 1 52
player 424 B epuw8vpi 1116413 1 52
player 425 B nzx54fm6 1576811 1 52
player 426 B fsk2kd7w 55090 1 52
player 427 B p8jddnkm 949893 1 52
player 428 B wvgzie3u 874989 1 52
player 429 B mwh2z96c 1159907 1 52
player 430 B l4ku27pt 1674695 1 52
player 431 B jpvsmxxx 63060 1 52
player 432 B s4xo3abv 1419386 1 52
player 433 B zte7u069 341174 1 52
player 434 B azlpbpke 763295 1 52
player 435 B 0pmbiw8o 1658996 1 52
player 436 B rygf4mvr 572870 1 52
player 437 B mg9pgnw7 962136 1 52
player 438 B 8olnebf1 1196003 1 48
player 439 B rzlsw9x1 352366 1 52
player 440 B o0jhfyxc 605718 1 52
player 441 B vki91ouc 1335785 1 52
player 442 B 0onssx3n 406425 1 52
player 443 B ymrho9y4 328801 1 34
player 444 B 4jjh2h8g 545424 1 52
player 445 B af8k17d8 964432 1 52
player 446 B qt2a41r9 241768 1 52
player 447 B dmqr8rk9 1004110 1 52
player 448 B gdvex2np 151880 1 52
player 449 B z6dhj6lz 528767 1 52
player 450 B ztlqrwwc 927198 1 42
player 451 B qk845cyd 1507350 1 52
player 452 B g5ubwqld 957785 1 52
player 453 B voc18itg 1661038 1 52
player 454 B 3noal342 1078208 1 52
player 455 B r8slsgxy 497176 1 52
player 456 B kwh9u6xu 1288987 1 52
player 457 B 8k335xf9 1190388 1 52
player 458 B r8oeocye 1592423 1 52
player 459 B aux9eznz 1553841 1 52
player 460 B tl8i4sqm 594014 1 52
player 461 B 5tvnmw0x 1487930 1 52
player 462 B iaxyjwg2 749548 1 52
player 463 B vsouyzqb 439089 1 52
player 464 B qo2yiqyt 430154 1 52
player 465 B 4b0bsp77 810044 1 52
player 466 B zt5za47g 991220 1 52
player 467 B ialnkrtf 38003 1 48
player 468 B euhp0q2h 1493379 1 52
player 469 B hxtuit3a 174401 1 34
player 470 B cfqynmub 1167660 1 52
player 471 B kp4qpq36 518557 1 52
player 472 B m4sv56ts 1122329 1 52
player 473 B 90lwnghk 243333 1 52
player 474 B 6s4qrb66 648261 1 52
player 475 B zm2durya 991513 1 52
player 476 B r78jt2dp 1355576 1 52
player 477 B 2l6px65c 1311099 1 52
player 478 B 8m9tfbvi 1232538 1 52
player 479 B 9mt34ypn 2865 1 52
player 480 B 7q708nxs 978874 1 52
player 481 B vaum2ag5 86833 1 52
player 482 B lhw012op 961118 1 52
player 483 B ov7icohk 1448101 1 52
player 484 B wdgpft73 1237720 1 52
player 485 B 77xjevxo 107885 1 52
player 486 B oqm2d2ls 521266 1 52
player 487 B s4bnz7gf 638139 1 52
player 488 B qareow7n 1111548 1 52
player 489 B 0qjiaqhk 9443 1 52
bot 0 2 7kmb47oc 979863364 180501 52
owned 0 180501 180502 180503 180504 180904 180104 179704 179703 179702 179701 179700 179699 179698 179697 180097 180497 180498 180499 180899 180900 181300 181301 181302 181303 181702 181701 181700 181699 181299 181298 180898 180897 180098 179298 180099 179299 178899 178900 178901 178902 180100 179300 179301 179302 179303 180903 180103 180902 180102 180500 180901 180101
bot 1 3 su965kfe 1225099288 718585 52
owned 1 718585 718586 718587 718588 718988 718188 717788 717787 717786 717785 717784 717783 717782 717781 718181 718581 718582 718583 718983 718984 719384 719385 719386 719387 719786 719785 719784 719783 719383 719382 718982 718981 718182 717382 718183 717383 716983 716984 716985 716986 718184 717384 717385 717386 717387 718987 718187 718986 718186 718584 718985 718185
bot 2 4 4918e5rs 1160776865 1333241 52
owned 2 1333241 1333242 1333243 1333244 1333644 1332844 1332444 1332443 1332442 1332441 1332440 1332439 1332438 1332437 1332837 1333237 1333238 1333239 1333639 1333640 1334040 1334041 1334042 1334043 1334442 1334441 1334440 1334439 1334039 1334038 1333638 1333637 1332838 1332038 1332839 1332039 1331639 1331640 1331641 1331642 1332840 1332040 1332041 1332042 1332043 1333643 1332843 1333642 1332842 1333240 1333641 1332841
bot 3 5 0grah7qg -2107334215 500999 52
owned 3 500999 501000 501001 501002 501402 500602 500202 500201 500200 500199 500198 500197 500196 500195 500595 500995 500996 500997 501397 501398 501798 501799 501800 501801 502200 502199 502198 502197 501797 501796 501396 501395 500596 499796 500597 499797 499397 499398 499399 499400 500598 499798 499799 499800 499801 501401 500601 501400 500600 500998 501399 500599
bot 4 6 79lbhuod 919150858 50852 52
owned 4 50852 50853 50854 50855 51255 50455 50055 50054 50053 50052 50051 50050 50049 50048 50448 50848 50849 50850 51250 51251 51651 51652 51653 51654 52053 52052 52051 52050 51650 51649 51249 51248 50449 49649 50450 49650 49250 49251 49252 49253 50451 49651 49652 49653 49654 51254 50454 51253 50453 50851 51252 50452
bot 5 7 0eay8wsu 312910098 1204313 52
owned 5 1204313 1204314 1204315 1204316 1204716 1203916 1203516 1203515 1203514 1203513 1203512 1203511 1203510 1203509 1203909 1204309 1204310 1204311 1204711 1204712 1205112 1205113 1205114 1205115 1205514 1205513 1205512 1205511 1205111 1205110 1204710 1204709 1203910 1203110 1203911 1203111 1202711 1202712 1202713 1202714 1203912 1203112 1203113 1203114 1203115 1204715 1203915 1204714 1203914 1204312 1204713 1203913
bot 6 8 l4g4juu8 1373847271 844475 52
owned 6 844475 844476 844477 844478 844878 844078 843678 843677 843676 843675 843674 843673 843672 843671 844071 844471 844472 844473 844873 844874 845274 845275 845276 845277 845676 845675 845674 845673 845273 845272 844872 844871 844072 843272 844073 843273 842873 842874 842875 842876 844074 843274 843275 843276 843277 844877 844077 844876 844076 844474 844875 844075
bot 7 9 gsw4n5km 1786011062 1503697 52
owned 7 1503697 1503698 1503699 1503700 1504100 1503300 1502900 1502899 1502898 1502897 1502896 1502895 1502894 1502893 1503293 1503693 1503694 1503695 1504095 1504096 1504496 1504497 1504498 1504499 1504898 1504897 1504896 1504895 1504495 1504494 1504094 1504093 1503294 1502494 1503295 1502495 1502095 1502096 1502097 1502098 1503296 1502496 1502497 1502498 1502499 1504099 1503299 1504098 1503298 1503696 1504097 1503297
bot 8 10 ooz4f963 1067254298 1459573 52
owned 8 1459573 1459574 1459575 1459576 1459976 1459176 1458776 1458775 1458774 1458773 1458772 1458771 1458770 1458769 1459169 1459569 1459570 1459571 1459971 1459972 1460372 1460373 1460374 1460375 1460774 1460773 1460772 1460771 1460371 1460370 1459970 1459969 1459170 1458370 1459171 1458371 1457971 1457972 1457973 1457974 1459172 1458372 1458373 1458374 1458375 1459975 1459175 1459974 1459174 1459572 1459973 1459173
bot 9 11 g49bog52 471077977 529111 52
owned 9 529111 529112 529113 529114 529514 528714 528314 528313 528312 528311 528310 528309 528308 528307 528707 529107 529108 529109 529509 529510 529910 529911 529912 529913 530312 530311 530310 530309 529909 529908 529508 529507 528708 527908 528709 527909 527509 527510 527511 527512 528710 527910 527911 527912 527913 529513 528713 529512 528712 529110 529511 528711
bot 10 12 vl3arc4y 2110741002 786489 52
owned 10 786489 786490 786491 786492 786892 786092 785692 785691 785690 785689 785688 785687 785686 785685 786085 786485 786486 786487 786887 786888 787288 787289 787290 787291 787690 787689 787688 787687 787287 787286 786886 786885 786086 785286 786087 785287 784887 784888 784889 784890 786088 785288 785289 785290 785291 786891 786091 786890 786090 786488 786889 786089
bot 11 13 26spmsu2 1249151528 665392 52
owned 11 665392 665393 665394 665395 665795 664995 664595 664594 664593 664592 664591 664590 664589 664588 664988 665388 665389 665390 665790 665791 666191 666192 666193 666194 666593 666592 666591 666590 666190 666189 665789 665788 664989 664189 664990 664190 663790 663791 663792 663793 664991 664191 664192 664193 664194 665794 664994 665793 664993 665391 665792 664992
bot 12 14 666fmd2f -2125171585 473073 52
owned 12 473073 473074 473075 473076 473476 472676 472276 472275 472274 472273 472272 472271 472270 472269 472669 473069 473070 473071 473471 473472 473872 473873 473874 473875 474274 474273 474272 474271 473871 473870 473470 473469 472670 471870 472671 471871 471471 471472 471473 471474 472672 471872 471873 471874 471875 473475 472675 473474 472674 473072 473473 472673
bot 13 15 vybu8oes 2095769353 975537 52
owned 13 975537 975538 975539 975540 975940 975140 974740 974739 974738 974737 974736 974735 974734 974733 975133 975533 975534 975535 975935 975936 976336 976337 976338 976339 976738 976737 976736 976735 976335 976334 975934 975933 975134 974334 975135 974335 973935 973936 973937 973938 975136 974336 974337 974338 974339 975939 975139 975938 975138 975536 975937 975137
bot 14 16 tlx2iciq 1076827768 214472 52
owned 14 214472 214473 214474 214475 214875 214075 213675 213674 213673 213672 213671 213670 213669 213668 214068 214468 214469 214470 214870 214871 215271 215272 215273 215274 215673 215672 215671 215670 215270 215269 214869 214868 214069 213269 214070 213270 212870 212871 212872 212873 214071 213271 213272 213273 213274 214874 214074 214873 214073 214471 214872 214072
bot 15 17 8i7cuo9t 1041878418 270000 26
owned 15 270000 270001 270002 270003 270403 269603 269203 269202 269201 269200 268800 268400 268401 268801 268802 270402 270802 270801 270800 271200 271201 269602 270401 269601 270400 269600
bot 16 18 ay8xa67r 1238569276 886708 52
owned 16 886708 886709 886710 886711 887111 886311 885911 885910 885909 885908 885907 885906 885905 885904 886304 886704 886705 886706 887106 887107 887507 887508 887509 887510 887909 887908 887907 887906 887506 887505 887105 887104 886305 885505 886306 885506 885106 885107 885108 885109 886307 885507 885508 885509 885510 887110 886310 887109 886309 886707 887108 886308
bot 17 19 fha1xhrw -2086814691 738359 52
owned 17 738359 738360 738361 738362 738762 737962 737562 737561 737560 737559 737558 737557 737556 737555 737955 738355 738356 738357 738757 738758 739158 739159 739160 739161 739560 739559 739558 739557 739157 739156 738756 738755 737956 737156 737957 737157 736757 736758 736759 736760 737958 737158 737159 737160 737161 738761 737961 738760 737960 738358 738759 737959
bot 18 20 0n5m7v7w 2006771567 690283 52
owned 18 690283 690284 690285 690286 690686 689886 689486 689485 689484 689483 689482 689481 689480 689479 689879 690279 690280 690281 690681 690682 691082 691083 691084 691085 691484 691483 691482 691481 691081 691080 690680 690679 689880 689080 689881 689081 688681 688682 688683 688684 689882 689082 689083 689084 689085 690685 689885 690684 689884 690282 690683 689883
bot 19 21 g1kcotxi 1701193324 1098019 52
owned 19 1098019 1098020 1098021 1098022 1098422 1097622 1097222 1097221 1097220 1097219 1097218 1097217 1097216 1097215 1097615 1098015 1098016 1098017 1098417 1098418 1098818 1098819 1098820 1098821 1099220 1099219 1099218 1099217 1098817 1098816 1098416 1098415 1097616 1096816 1097617 1096817 1096417 1096418 1096419 1096420 1097618 1096818 1096819 1096820 1096821 1098421 1097621 1098420 1097620 1098018 1098419 1097619
bot 20 22 onu80sk7 2095760979 643373 52
owned 20 643373 643374 643375 643376 643776 642976 642576 642575 642574 642573 642572 642571 642570 642569 642969 643369 643370 643371 643771 643772 644172 644173 644174 644175 644574 644573 644572 644571 644171 644170 643770 643769 642970 642170 642971 642171 641771 641772 641773 641774 642972 642172 642173 642174 642175 643775 642975 643774 642974 643372 643773 642973
bot 21 23 mt378h9n 2146580788 1513734 52
owned 21 1513734 1513735 1513736 1513737 1514137 1513337 1512937 1512936 1512935 1512934 1512933 1512932 1512931 1512930 1513330 1513730 1513731 1513732 1514132 1514133 1514533 1514534 1514535 1514536 1514935 1514934 1514933 1514932 1514532 1514531 1514131 1514130 1513331 1512531 1513332 1512532 1512132 1512133 1512134 1512135 1513333 1512533 1512534 1512535 1512536 1514136 1513336 1514135 1513335 1513733 1514134 1513334
bot 22 24 bo2xv2tw 494470294 663120 52
owned 22 663120 663121 663122 663123 663523 662723 662323 662322 662321 662320 662319 662318 662317 662316 662716 663116 663117 663118 663518 663519 663919 663920 663921 663922 664321 664320 664319 664318 663918 663917 663517 663516 662717 661917 662718 661918 661518 661519 661520 661521 662719 661919 661920 661921 661922 663522 662722 663521 662721 663119 663520 662720
bot 23 25 4j0jwl8e 1716918454 1219148 52
owned 23 1219148 1219149 1219150 1219151 1219551 1218751 1218351 1218350 1218349 1218348 1218347 1218346 1218345 1218344 1218744 1219144 1219145 1219146 1219546 1219547 1219947 1219948 1219949 1219950 1220349 1220348 1220347 1220346 1219946 1219945 1219545 1219544 1218745 1217945 1218746 1217946 1217546 1217547 1217548 1217549 1218747 1217947 1217948 1217949 1217950 1219550 1218750 1219549 1218749 1219147 1219548 1218748
bot 24 26 2q1yboxl 255765212 1675005 52
owned 24 1675005 1675006 1675007 1675008 1675408 1674608 1674208 1674207 1674206 1674205 1674204 1674203 1674202 1674201 1674601 1675001 1675002 1675003 1675403 1675404 1675804 1675805 1675806 1675807 1676206 1676205 1676204 1676203 1675803 1675802 1675402 1675401 1674602 1673802 1674603 1673803 1673403 1673404 1673405 1673406 1674604 1673804 1673805 1673806 1673807 1675407 1674607 1675406 1674606 1675004 1675405 1674605
bot 25 27 uf1afynu 646231689 1031949 52
owned 25 1031949 1031950 1031951 1031952 1032352 1031552 1031152 1031151 1031150 1031149 1031148 1031147 1031146 1031145 1031545 1031945 1031946 1031947 1032347 1032348 1032748 1032749 1032750 1032751 1033150 1033149 1033148 1033147 1032747 1032746 1032346 1032345 1031546 1030746 1031547 1030747 1030347 1030348 1030349 1030350 1031548 1030748 1030749 1030750 1030751 1032351 1031551 1032350 1031550 1031948 1032349 1031549
bot 26 28 hnp5jsyu 1554719380 142652 52
owned 26 142652 142653 142654 142655 143055 142255 141855 141854 141853 141852 141851 141850 141849 141848 142248 142648 142649 142650 143050 143051 143451 143452 143453 143454 143853 143852 143851 143850 143450 143449 143049 143048 142249 141449 142250 141450 141050 141051 141052 141053 142251 141451 141452 141453 141454 143054 142254 143053 142253 142651 143052 142252
bot 27 29 3ks2xdvj 2013378221 1644323 52
owned 27 1644323 1644324 1644325 1644326 1644726 1643926 1643526 1643525 1643524 1643523 1643522 1643521 1643520 1643519 1643919 1644319 1644320 1644321 1644721 1644722 1645122 1645123 1645124 1645125 1645524 1645523 1645522 1645521 1645121 1645120 1644720 1644719 1643920 1643120 1643921 1643121 1642721 1642722 1642723 1642724 1643922 1643122 1643123 1643124 1643125 1644725 1643925 1644724 1643924 1644322 1644723 1643923
bot 28 30 6udu18l9 1164531456 303933 52
owned 28 303933 303934 303935 303936 304336 303536 303136 303135 303134 303133 303132 303131 303130 303129 303529 303929 303930 303931 304331 304332 304732 304733 304734 304735 305134 305133 305132 305131 304731 304730 304330 304329 303530 302730 303531 302731 302331 302332 302333 302334 303532 302732 302733 302734 302735 304335 303535 304334 303534 303932 304333 303533
bot 29 31 u9qkgxb0 358820289 105061 52
owned 29 105061 105062 105063 105064 105464 104664 104264 104263 104262 104261 104260 104259 104258 104257 104657 105057 105058 105059 105459 105460 105860 105861 105862 105863 106262 106261 106260 106259 105859 105858 105458 105457 104658 103858 104659 103859 103459 103460 103461 103462 104660 103860 103861 103862 103863 105463 104663 105462 104662 105060 105461 104661
bot 30 32 gxzvzcy1 2075804082 356261 52
owned 30 356261 356262 356263 356264 356664 355864 355464 355463 355462 355461 355460 355459 355458 355457 355857 356257 356258 356259 356659 356660 357060 357061 357062 357063 357462 357461 357460 357459 357059 357058 356658 356657 355858 355058 355859 355059 354659 354660 354661 354662 355860 355060 355061 355062 355063 356663 355863 356662 355862 356260 356661 355861
bot 31 33 soumc8lx 1964908793 1627679 52
owned 31 1627679 1627680 1627681 1627682 1628082 1627282 1626882 1626881 1626880 1626879 1626878 1626877 1626876 1626875 1627275 1627675 1627676 1627677 1628077 1628078 1628478 1628479 1628480 1628481 1628880 1628879 1628878 1628877 1628477 1628476 1628076 1628075 1627276 1626476 1627277 1626477 1626077 1626078 1626079 1626080 1627278 1626478 1626479 1626480 1626481 1628081 1627281 1628080 1627280 1627678 1628079 1627279
bot 32 34 pbtdxhy8 -1952436939 792448 52
owned 32 792448 792449 792450 792451 792851 792051 791651 791650 791649 791648 791647 791646 791645 791644 792044 792444 792445 792446 792846 792847 793247 793248 793249 793250 793649 793648 793647 793646 793246 793245 792845 792844 792045 791245 792046 791246 790846 790847 790848 790849 792047 791247 791248 791249 791250 792850 792050 792849 792049 792447 792848 792048
bot 33 35 7qca320q 1722666588 274377 52
owned 33 274377 274378 274379 274380 274780 273980 273580 273579 273578 273577 273576 273575 273574 273573 273973 274373 274374 274375 274775 274776 275176 275177 275178 275179 275578 275577 275576 275575 275175 275174 274774 274773 273974 273174 273975 273175 272775 272776 272777 272778 273976 273176 273177 273178 273179 274779 273979 274778 273978 274376 274777 273977
bot 34 36 qu4dw13r 1935691025 1236051 52
owned 34 1236051 1236052 1236053 1236054 1236454 1235654 1235254 1235253 1235252 1235251 1235250 1235249 1235248 1235247 1235647 1236047 1236048 1236049 1236449 1236450 1236850 1236851 1236852 1236853 1237252 1237251 1237250 1237249 1236849 1236848 1236448 1236447 1235648 1234848 1235649 1234849 1234449 1234450 1234451 1234452 1235650 1234850 1234851 1234852 1234853 1236453 1235653 1236452 1235652 1236050 1236451 1235651
bot 35 37 uf42rmom 603403740 342466 52
owned 35 342466 342467 342468 342469 342869 342069 341669 341668 341667 341666 341665 341664 341663 341662 342062 342462 342463 342464 342864 342865 343265 343266 343267 343268 343667 343666 343665 343664 343264 343263 342863 342862 342063 341263 342064 341264 340864 340865 340866 340867 342065 341265 341266 341267 341268 342868 342068 342867 342067 342465 342866 342066
bot 36 38 5pzo5nyp -1978938492 852090 52
owned 36 852090 852091 852092 852093 852493 851693 851293 851292 851291 851290 851289 851288 851287 851286 851686 852086 852087 852088 852488 852489 852889 852890 852891 852892 853291 853290 853289 853288 852888 852887 852487 852486 851687 850887 851688 850888 850488 850489 850490 850491 851689 850889 850890 850891 850892 852492 851692 852491 851691 852089 852490 851690
bot 37 39 lpeu6a40 1655789225 1300378 52
owned 37 1300378 1300379 1300380 1300381 1300781 1299981 1299581 1299580 1299579 1299578 1299577 1299576 1299575 1299574 1299974 1300374 1300375 1300376 1300776 1300777 1301177 1301178 1301179 1301180 1301579 1301578 1301577 1301576 1301176 1301175 1300775 1300774 1299975 1299175 1299976 1299176 1298776 1298777 1298778 1298779 1299977 1299177 1299178 1299179 1299180 1300780 1299980 1300779 1299979 1300377 1300778 1299978
bot 38 40 m01qyq41 -1925929108 664045 52
owned 38 664045 664046 664047 664048 664448 663648 663248 663247 663246 663245 663244 663243 663242 663241 663641 664041 664042 664043 664443 664444 664844 664845 664846 664847 665246 665245 665244 665243 664843 664842 664442 664441 663642 662842 663643 662843 662443 662444 662445 662446 663644 662844 662845 662846 662847 664447 663647 664446 663646 664044 664445 663645
bot 39 41 qp5j7mcl 1825462711 502630 52
owned 39 502630 502631 502632 502633 503033 502233 501833 501832 501831 501830 501829 501828 501827 501826 502226 502626 502627 502628 503028 503029 503429 503430 503431 503432 503831 503830 503829 503828 503428 503427 503027 503026 502227 501427 502228 501428 501028 501029 501030 501031 502229 501429 501430 501431 501432 503032 502232 503031 502231 502629 503030 502230
bot 40 42 daoks386 1879256123 990985 52
owned 40 990985 990986 990987 990988 991388 990588 990188 990187 990186 990185 990184 990183 990182 990181 990581 990981 990982 990983 991383 991384 991784 991785 991786 991787 992186 992185 992184 992183 991783 991782 991382 991381 990582 989782 990583 989783 989383 989384 989385 989386 990584 989784 989785 989786 989787 991387 990587 991386 990586 990984 991385 990585
bot 41 43 1adrc0if 1860141724 250895 52
owned 41 250895 250896 250897 250898 251298 250498 250098 250097 250096 250095 250094 250093 250092 250091 250491 250891 250892 250893 251293 251294 251694 251695 251696 251697 252096 252095 252094 252093 251693 251692 251292 251291 250492 249692 250493 249693 249293 249294 249295 249296 250494 249694 249695 249696 249697 251297 250497 251296 250496 250894 251295 250495
bot 42 44 z2sjy7tl 1824294623 1008977 52
owned 42 1008977 1008978 1008979 1008980 1009380 1008580 1008180 1008179 1008178 1008177 1008176 1008175 1008174 1008173 1008573 1008973 1008974 1008975 1009375 1009376 1009776 1009777 1009778 1009779 1010178 1010177 1010176 1010175 1009775 1009774 1009374 1009373 1008574 1007774 1008575 1007775 1007375 1007376 1007377 1007378 1008576 1007776 1007777 1007778 1007779 1009379 1008579 1009378 1008578 1008976 1009377 1008577
bot 43 45 2a2pcqq2 1550573320 445585 52
owned 43 445585 445586 445587 445588 445988 445188 444788 444787 444786 444785 444784 444783 444782 444781 445181 445581 445582 445583 445983 445984 446384 446385 446386 446387 446786 446785 446784 446783 446383 446382 445982 445981 445182 444382 445183 444383 443983 443984 443985 443986 445184 444384 444385 444386 444387 445987 445187 445986 445186 445584 445985 445185
bot 44 46 965x3zic 1651901379 718443 52
owned 44 718443 718444 718445 718446 718846 718046 717646 717645 717644 717643 717642 717641 717640 717639 718039 718439 718440 718441 718841 718842 719242 719243 719244 719245 719644 719643 719642 719641 719241 719240 718840 718839 718040 717240 718041 717241 716841 716842 716843 716844 718042 717242 717243 717244 717245 718845 718045 718844 718044 718442 718843 718043
bot 45 47 yytwuuvv 643310337 1074179 52
owned 45 1074179 1074180 1074181 1074182 1074582 1073782 1073382 1073381 1073380 1073379 1073378 1073377 1073376 1073375 1073775 1074175 1074176 1074177 1074577 1074578 1074978 1074979 1074980 1074981 1075380 1075379 1075378 1075377 1074977 1074976 1074576 1074575 1073776 1072976 1073777 1072977 1072577 1072578 1072579 1072580 1073778 1072978 1072979 1072980 1072981 1074581 1073781 1074580 1073780 1074178 1074579 1073779
bot 46 48 0bq4zvkx -1953292478 963411 52
owned 46 963411 963412 963413 963414 963814 963014 962614 962613 962612 962611 962610 962609 962608 962607 963007 963407 963408 963409 963809 963810 964210 964211 964212 964213 964612 964611 964610 964609 964209 964208 963808 963807 963008 962208 963009 962209 961809 961810 961811 961812 963010 962210 962211 962212 962213 963813 963013 963812 963012 963410 963811 963011
bot 47 49 fqo7elia -1958284618 1250451 52
owned 47 1250451 1250452 1250453 1250454 1250854 1250054 1249654 1249653 1249652 1249651 1249650 1249649 1249648 1249647 1250047 1250447 1250448 1250449 1250849 1250850 1251250 1251251 1251252 1251253 1251652 1251651 1251650 1251649 1251249 1251248 1250848 1250847 1250048 1249248 1250049 1249249 1248849 1248850 1248851 1248852 1250050 1249250 1249251 1249252 1249253 1250853 1250053 1250852 1250052 1250450 1250851 1250051
bot 48 50 xb2eodru 1511238585 883256 52
owned 48 883256 883257 883258 883259 883659 882859 882459 882458 882457 882456 882455 882454 882453 882452 882852 883252 883253 883254 883654 883655 884055 884056 884057 884058 884457 884456 884455 884454 884054 884053 883653 883652 882853 882053 882854 882054 881654 881655 881656 881657 882855 882055 882056 882057 882058 883658 882858 883657 882857 883255 883656 882856
bot 49 51 dn2a1fmz 1672109513 364065 52
owned 49 364065 364066 364067 364068 364468 363668 363268 363267 363266 363265 363264 363263 363262 363261 363661 364061 364062 364063 364463 364464 364864 364865 364866 364867 365266 365265 365264 365263 364863 364862 364462 364461 363662 362862 363663 362863 362463 362464 362465 362466 363664 362864 362865 362866 362867 364467 363667 364466 363666 364064 364465 363665
bot 50 52 c657fqi1 1526829564 962461 52
owned 50 962461 962462 962463 962464 962864 962064 961664 961663 961662 961661 961660 961659 961658 961657 962057 962457 962458 962459 962859 962860 963260 963261 963262 963263 963662 963661 963660 963659 963259 963258 962858 962857 962058 961258 962059 961259 960859 960860 960861 960862 962060 961260 961261 961262 961263 962863 962063 962862 962062 962460 962861 962061
bot 51 53 3oa0wbik 1465915324 1079169 52
owned 51 1079169 1079170 1079171 1079172 1079572 1078772 1078372 1078371 1078370 1078369 1078368 1078367 1078366 1078365 1078765 1079165 1079166 1079167 1079567 1079568 1079968 1079969 1079970 1079971 1080370 1080369 1080368 1080367 1079967 1079966 1079566 1079565 1078766 1077966 1078767 1077967 1077567 1077568 1077569 1077570 1078768 1077968 1077969 1077970 1077971 1079571 1078771 1079570 1078770 1079168 1079569 1078769
bot 52 54 bbor86ta 1160631798 1012525 52
owned 52 1012525 1012526 1012527 1012528 1012928 1012128 1011728 1011727 1011726 1011725 1011724 1011723 1011722 1011721 1012121 1012521 1012522 1012523 1012923 1012924 1013324 1013325 1013326 1013327 1013726 1013725 1013724 1013723 1013323 1013322 1012922 1012921 1012122 1011322 1012123 1011323 1010923 1010924 1010925 1010926 1012124 1011324 1011325 1011326 1011327 1012927 1012127 1012926 1012126 1012524 1012925 1012125
bot 53 55 ke481hq3 1735541677 1293942 52
owned 53 1293942 1293943 1293944 1293945 1294345 1293545 1293145 1293144 1293143 1293142 1293141 1293140 1293139 1293138 1293538 1293938 1293939 1293940 1294340 1294341 1294741 1294742 1294743 1294744 1295143 1295142 1295141 1295140 1294740 1294739 1294339 1294338 1293539 1292739 1293540 1292740 1292340 1292341 1292342 1292343 1293541 1292741 1292742 1292743 1292744 1294344 1293544 1294343 1293543 1293941 1294342 1293542
bot 54 56 1p7me35b 2016093044 749617 52
owned 54 749617 749618 749619 749620 750020 749220 748820 748819 748818 748817 748816 748815 748814 748813 749213 749613 749614 749615 750015 750016 750416 750417 750418 750419 750818 750817 750816 750815 750415 750414 750014 750013 749214 748414 749215 748415 748015 748016 748017 748018 749216 748416 748417 748418 748419 750019 749219 750018 749218 749616 750017 749217
bot 55 57 ros1fefm 336921379 601062 52
owned 55 601062 601063 601064 601065 601465 600665 600265 600264 600263 600262 600261 600260 600259 600258 600658 601058 601059 601060 601460 601461 601861 601862 601863 601864 602263 602262 602261 602260 601860 601859 601459 601458 600659 599859 600660 599860 599460 599461 599462 599463 600661 599861 599862 599863 599864 601464 600664 601463 600663 601061 601462 600662
bot 56 58 bbj4439d 1361159728 74587 52
owned 56 74587 74588 74589 74590 74990 74190 73790 73789 73788 73787 73786 73785 73784 73783 74183 74583 74584 74585 74985 74986 75386 75387 75388 75389 75788 75787 75786 75785 75385 75384 74984 74983 74184 73384 74185 73385 72985 72986 72987 72988 74186 73386 73387 73388 73389 74989 74189 74988 74188 74586 74987 74187
bot 57 59 50euwmgf 756661700 363333 52
owned 57 363333 363334 363335 363336 363736 362936 362536 362535 362534 362533 362532 362531 362530 362529 362929 363329 363330 363331 363731 363732 364132 364133 364134 364135 364534 364533 364532 364531 364131 364130 363730 363729 362930 362130 362931 362131 361731 361732 361733 361734 362932 362132 362133 362134 362135 363735 362935 363734 362934 363332 363733 362933
bot 58 60 6ifrrqwg 1573288274 1144220 52
owned 58 1144220 1144221 1144222 1144223 1144623 1143823 1143423 1143422 1143421 1143420 1143419 1143418 1143417 1143416 1143816 1144216 1144217 1144218 1144618 1144619 1145019 1145020 1145021 1145022 1145421 1145420 1145419 1145418 1145018 1145017 1144617 1144616 1143817 1143017 1143818 1143018 1142618 1142619 1142620 1142621 1143819 1143019 1143020 1143021 1143022 1144622 1143822 1144621 1143821 1144219 1144620 1143820
bot 59 61 t3qojvzx 1884704811 853331 52
owned 59 853331 853332 853333 853334 853734 852934 852534 852533 852532 852531 852530 852529 852528 852527 852927 853327 853328 853329 853729 853730 854130 854131 854132 854133 854532 854531 854530 854529 854129 854128 853728 853727 852928 852128 852929 852129 851729 851730 851731 851732 852930 852130 852131 852132 852133 853733 852933 853732 852932 853330 853731 852931
bot 60 62 e39s2b1x 535357285 1469740 52
owned 60 1469740 1469741 1469742 1469743 1470143 1469343 1468943 1468942 1468941 1468940 1468939 1468938 1468937 1468936 1469336 1469736 1469737 1469738 1470138 1470139 1470539 1470540 1470541 1470542 1470941 1470940 1470939 1470938 1470538 1470537 1470137 1470136 1469337 1468537 1469338 1468538 1468138 1468139 1468140 1468141 1469339 1468539 1468540 1468541 1468542 1470142 1469342 1470141 1469341 1469739 1470140 1469340
bot 61 63 8elalp3o 1664787462 1621518 52
owned 61 1621518 1621519 1621520 1621521 1621921 1621121 1620721 1620720 1620719 1620718 1620717 1620716 1620715 1620714 1621114 1621514 1621515 1621516 1621916 1621917 1622317 1622318 1622319 1622320 1622719 1622718 1622717 1622716 1622316 1622315 1621915 1621914 1621115 1620315 1621116 1620316 1619916 1619917 1619918 1619919 1621117 1620317 1620318 1620319 1620320 1621920 1621120 1621919 1621119 1621517 1621918 1621118
bot 62 64 drzdgt29 351372376 1395903 52
owned 62 1395903 1395904 1395905 1395906 1396306 1395506 1395106 1395105 1395104 1395103 1395102 1395101 1395100 1395099 1395499 1395899 1395900 1395901 1396301 1396302 1396702 1396703 1396704 1396705 1397104 1397103 1397102 1397101 1396701 1396700 1396300 1396299 1395500 1394700 1395501 1394701 1394301 1394302 1394303 1394304 1395502 1394702 1394703 1394704 1394705 1396305 1395505 1396304 1395504 1395902 1396303 1395503
bot 63 65 a5l13l40 409032466 1624533 52
owned 63 1624533 1624534 1624535 1624536 1624936 1624136 1623736 1623735 1623734 1623733 1623732 1623731 1623730 1623729 1624129 1624529 1624530 1624531 1624931 1624932 1625332 1625333 1625334 1625335 1625734 1625733 1625732 1625731 1625331 1625330 1624930 1624929 1624130 1623330 1624131 1623331 1622931 1622932 1622933 1622934 1624132 1623332 1623333 1623334 1623335 1624935 1624135 1624934 1624134 1624532 1624933 1624133
bot 64 66 15jsgukl 2082714056 741773 52
owned 64 741773 741774 741775 741776 742176 741376 740976 740975 740974 740973 740972 740971 740970 740969 741369 741769 741770 741771 742171 742172 742572 742573 742574 742575 742974 742973 742972 742971 742571 742570 742170 742169 741370 740570 741371 740571 740171 740172 740173 740174 741372 740572 740573 740574 740575 742175 741375 742174 741374 741772 742173 741373
bot 65 67 457rtifd 2131565011 874403 48
owned 65 874403 874404 874405 874406 874806 874006 873606 873605 873604 873603 873602 873601 873600 874000 874400 874401 874801 874802 875202 875203 875204 875205 875604 875603 875602 875601 875201 875200 874800 873200 874001 873201 872801 872802 872803 872804 874002 873202 873203 873204 873205 874805 874005 874804 874004 874402 874803 874003
bot 66 68 nvln8mx2 1241068427 184586 52
owned 66 184586 184587 184588 184589 184989 184189 183789 183788 183787 183786 183785 183784 183783 183782 184182 184582 184583 184584 184984 184985 185385 185386 185387 185388 185787 185786 185785 185784 185384 185383 184983 184982 184183 183383 184184 183384 182984 182985 182986 182987 184185 183385 183386 183387 183388 184988 184188 184987 184187 184585 184986 184186
bot 67 69 xdf4q9ey 434759834 124184 52
owned 67 124184 124185 124186 124187 124587 123787 123387 123386 123385 123384 123383 123382 123381 123380 123780 124180 124181 124182 124582 124583 124983 124984 124985 124986 125385 125384 125383 125382 124982 124981 124581 124580 123781 122981 123782 122982 122582 122583 122584 122585 123783 122983 122984 122985 122986 124586 123786 124585 123785 124183 124584 123784
bot 68 70 aehphxxq 441688655 740878 52
owned 68 740878 740879 740880 740881 741281 740481 740081 740080 740079 740078 740077 740076 740075 740074 740474 740874 740875 740876 741276 741277 741677 741678 741679 741680 742079 742078 742077 742076 741676 741675 741275 741274 740475 739675 740476 739676 739276 739277 739278 739279 740477 739677 739678 739679 739680 741280 740480 741279 740479 740877 741278 740478
bot 69 71 r69884b7 1040467408 599141 52
owned 69 599141 599142 599143 599144 599544 598744 598344 598343 598342 598341 598340 598339 598338 598337 598737 599137 599138 599139 599539 599540 599940 599941 599942 599943 600342 600341 600340 600339 599939 599938 599538 599537 598738 597938 598739 597939 597539 597540 597541 597542 598740 597940 597941 597942 597943 599543 598743 599542 598742 599140 599541 598741
bot 70 72 1fi956n2 1628450074 883303 52
owned 70 883303 883304 883305 883306 883706 882906 882506 882505 882504 882503 882502 882501 882500 882499 882899 883299 883300 883301 883701 883702 884102 884103 884104 884105 884504 884503 884502 884501 884101 884100 883700 883699 882900 882100 882901 882101 881701 881702 881703 881704 882902 882102 882103 882104 882105 883705 882905 883704 882904 883302 883703 882903
bot 71 73 x0s75hnx 1902416189 174273 52
owned 71 174273 174274 174275 174276 174676 173876 173476 173475 173474 173473 173472 173471 173470 173469 173869 174269 174270 174271 174671 174672 175072 175073 175074 175075 175474 175473 175472 175471 175071 175070 174670 174669 173870 173070 173871 173071 172671 172672 172673 172674 173872 173072 173073 173074 173075 174675 173875 174674 173874 174272 174673 173873
bot 72 74 jjcxe8w7 1929622268 419246 52
owned 72 419246 419247 419248 419249 419649 418849 418449 418448 418447 418446 418445 418444 418443 418442 418842 419242 419243 419244 419644 419645 420045 420046 420047 420048 420447 420446 420445 420444 420044 420043 419643 419642 418843 418043 418844 418044 417644 417645 417646 417647 418845 418045 418046 418047 418048 419648 418848 419647 418847 419245 419646 418846
bot 73 75 pa9du0an 680719808 385931 52
owned 73 385931 385932 385933 385934 386334 385534 385134 385133 385132 385131 385130 385129 385128 385127 385527 385927 385928 385929 386329 386330 386730 386731 386732 386733 387132 387131 387130 387129 386729 386728 386328 386327 385528 384728 385529 384729 384329 384330 384331 384332 385530 384730 384731 384732 384733 386333 385533 386332 385532 385930 386331 385531
bot 74 76 wr1iodtv 1058650254 1557224 52
owned 74 1557224 1557225 1557226 1557227 1557627 1556827 1556427 1556426 1556425 1556424 1556423 1556422 1556421 1556420 1556820 1557220 1557221 1557222 1557622 1557623 1558023 1558024 1558025 1558026 1558425 1558424 1558423 1558422 1558022 1558021 1557621 1557620 1556821 1556021 1556822 1556022 1555622 1555623 1555624 1555625 1556823 1556023 1556024 1556025 1556026 1557626 1556826 1557625 1556825 1557223 1557624 1556824
bot 75 77 q4t061qn 1864834683 127501 52
owned 75 127501 127502 127503 127504 127904 127104 126704 126703 126702 126701 126700 126699 126698 126697 127097 127497 127498 127499 127899 127900 128300 128301 128302 128303 128702 128701 128700 128699 128299 128298 127898 127897 127098 126298 127099 126299 125899 125900 125901 125902 127100 126300 126301 126302 126303 127903 127103 127902 127102 127500 127901 127101
bot 76 78 5walu3qw 1224512371 1163697 52
owned 76 1163697 1163698 1163699 1163700 1164100 1163300 1162900 1162899 1162898 1162897 1162896 1162895 1162894 1162893 1163293 1163693 1163694 1163695 1164095 1164096 1164496 1164497 1164498 1164499 1164898 1164897 1164896 1164895 1164495 1164494 1164094 1164093 1163294 1162494 1163295 1162495 1162095 1162096 1162097 1162098 1163296 1162496 1162497 1162498 1162499 1164099 1163299 1164098 1163298 1163696 1164097 1163297
bot 77 79 9qsdvg22 1376203870 178622 52
owned 77 178622 178623 178624 178625 179025 178225 177825 177824 177823 177822 177821 177820 177819 177818 178218 178618 178619 178620 179020 179021 179421 179422 179423 179424 179823 179822 179821 179820 179420 179419 179019 179018 178219 177419 178220 177420 177020 177021 177022 177023 178221 177421 177422 177423 177424 179024 178224 179023 178223 178621 179022 178222
bot 78 80 kxhibxlj 517397506 1539654 52
owned 78 1539654 1539655 1539656 1539657 1540057 1539257 1538857 1538856 1538855 1538854 1538853 1538852 1538851 1538850 1539250 1539650 1539651 1539652 1540052 1540053 1540453 1540454 1540455 1540456 1540855 1540854 1540853 1540852 1540452 1540451 1540051 1540050 1539251 1538451 1539252 1538452 1538052 1538053 1538054 1538055 1539253 1538453 1538454 1538455 1538456 1540056 1539256 1540055 1539255 1539653 1540054 1539254
bot 79 81 3lvh3hh1 992169179 1245847 52
owned 79 1245847 1245848 1245849 1245850 1246250 1245450 1245050 1245049 1245048 1245047 1245046 1245045 1245044 1245043 1245443 1245843 1245844 1245845 1246245 1246246 1246646 1246647 1246648 1246649 1247048 1247047 1247046 1247045 1246645 1246644 1246244 1246243 1245444 1244644 1245445 1244645 1244245 1244246 1244247 1244248 1245446 1244646 1244647 1244648 1244649 1246249 1245449 1246248 1245448 1245846 1246247 1245447
bot 80 82 hhxd8zhc -1981148453 1020466 52
owned 80 1020466 1020467 1020468 1020469 1020869 1020069 1019669 1019668 1019667 1019666 1019665 1019664 1019663 1019662 1020062 1020462 1020463 1020464 1020864 1020865 1021265 1021266 1021267 1021268 1021667 1021666 1021665 1021664 1021264 1021263 1020863 1020862 1020063 1019263 1020064 1019264 1018864 1018865 1018866 1018867 1020065 1019265 1019266 1019267 1019268 1020868 1020068 1020867 1020067 1020465 1020866 1020066
bot 81 83 68hvehkn 1095836954 249239 52
owned 81 249239 249240 249241 249242 249642 248842 248442 248441 248440 248439 248438 248437 248436 248435 248835 249235 249236 249237 249637 249638 250038 250039 250040 250041 250440 250439 250438 250437 250037 250036 249636 249635 248836 248036 248837 248037 247637 247638 247639 247640 248838 248038 248039 248040 248041 249641 248841 249640 248840 249238 249639 248839
bot 82 84 0ysk38le 1385300227 360724 52
owned 82 360724 360725 360726 360727 361127 360327 359927 359926 359925 359924 359923 359922 359921 359920 360320 360720 360721 360722 361122 361123 361523 361524 361525 361526 361925 361924 361923 361922 361522 361521 361121 361120 360321 359521 360322 359522 359122 359123 359124 359125 360323 359523 359524 359525 359526 361126 360326 361125 360325 360723 361124 360324
bot 83 85 p9mtmjen 317818958 263252 52
owned 83 263252 263253 263254 263255 263655 262855 262455 262454 262453 262452 262451 262450 262449 262448 262848 263248 263249 263250 263650 263651 264051 264052 264053 264054 264453 264452 264451 264450 264050 264049 263649 263648 262849 262049 262850 262050 261650 261651 261652 261653 262851 262051 262052 262053 262054 263654 262854 263653 262853 263251 263652 262852
bot 84 86 vtv2qiiq 1725920906 534955 52
owned 84 534955 534956 534957 534958 535358 534558 534158 534157 534156 534155 534154 534153 534152 534151 534551 534951 534952 534953 535353 535354 535754 535755 535756 535757 536156 536155 536154 536153 535753 535752 535352 535351 534552 533752 534553 533753 533353 533354 533355 533356 534554 533754 533755 533756 533757 535357 534557 535356 534556 534954 535355 534555
bot 85 87 npcd7vse -2091559336 222681 52
owned 85 222681 222682 222683 222684 223084 222284 221884 221883 221882 221881 221880 221879 221878 221877 222277 222677 222678 222679 223079 223080 223480 223481 223482 223483 223882 223881 223880 223879 223479 223478 223078 223077 222278 221478 222279 221479 221079 221080 221081 221082 222280 221480 221481 221482 221483 223083 222283 223082 222282 222680 223081 222281
bot 86 88 fyrg30wr 975447236 969299 52
owned 86 969299 969300 969301 969302 969702 968902 968502 968501 968500 968499 968498 968497 968496 968495 968895 969295 969296 969297 969697 969698 970098 970099 970100 970101 970500 970499 970498 970497 970097 970096 969696 969695 968896 968096 968897 968097 967697 967698 967699 967700 968898 968098 968099 968100 968101 969701 968901 969700 968900 969298 969699 968899
bot 87 89 qg4cg39i -1947660605 457516 52
owned 87 457516 457517 457518 457519 457919 457119 456719 456718 456717 456716 456715 456714 456713 456712 457112 457512 457513 457514 457914 457915 458315 458316 458317 458318 458717 458716 458715 458714 458314 458313 457913 457912 457113 456313 457114 456314 455914 455915 455916 455917 457115 456315 456316 456317 456318 457918 457118 457917 457117 457515 457916 457116
bot 88 90 kqu8z0ef 2107383972 1137390 52
owned 88 1137390 1137391 1137392 1137393 1137793 1136993 1136593 1136592 1136591 1136590 1136589 1136588 1136587 1136586 1136986 1137386 1137387 1137388 1137788 1137789 1138189 1138190 1138191 1138192 1138591 1138590 1138589 1138588 1138188 1138187 1137787 1137786 1136987 1136187 1136988 1136188 1135788 1135789 1135790 1135791 1136989 1136189 1136190 1136191 1136192 1137792 1136992 1137791 1136991 1137389 1137790 1136990
bot 89 91 bdv4tpd7 1205846675 1289442 52
owned 89 1289442 1289443 1289444 1289445 1289845 1289045 1288645 1288644 1288643 1288642 1288641 1288640 1288639 1288638 1289038 1289438 1289439 1289440 1289840 1289841 1290241 1290242 1290243 1290244 1290643 1290642 1290641 1290640 1290240 1290239 1289839 1289838 1289039 1288239 1289040 1288240 1287840 1287841 1287842 1287843 1289041 1288241 1288242 1288243 1288244 1289844 1289044 1289843 1289043 1289441 1289842 1289042
bot 90 92 ok13k4z3 -1966524316 12030 52
owned 90 12030 12031 12032 12033 12433 11633 11233 11232 11231 11230 11229 11228 11227 11226 11626 12026 12027 12028 12428 12429 12829 12830 12831 12832 13231 13230 13229 13228 12828 12827 12427 12426 11627 10827 11628 10828 10428 10429 10430 10431 11629 10829 10830 10831 10832 12432 11632 12431 11631 12029 12430 11630
bot 91 93 hkwcx197 767457194 469129 52
owned 91 469129 469130 469131 469132 469532 468732 468332 468331 468330 468329 468328 468327 468326 468325 468725 469125 469126 469127 469527 469528 469928 469929 469930 469931 470330 470329 470328 470327 469927 469926 469526 469525 468726 467926 468727 467927 467527 467528 467529 467530 468728 467928 467929 467930 467931 469531 468731 469530 468730 469128 469529 468729
bot 92 94 ko4t02h4 1395110162 764199 52
owned 92 764199 764200 764201 764202 764602 763802 763402 763401 763400 763399 763398 763397 763396 763395 763795 764195 764196 764197 764597 764598 764998 764999 765000 765001 765400 765399 765398 765397 764997 764996 764596 764595 763796 762996 763797 762997 762597 762598 762599 762600 763798 762998 762999 763000 763001 764601 763801 764600 763800 764198 764599 763799
bot 93 95 a769y4e5 647486920 573903 52
owned 93 573903 573904 573905 573906 574306 573506 573106 573105 573104 573103 573102 573101 573100 573099 573499 573899 573900 573901 574301 574302 574702 574703 574704 574705 575104 575103 575102 575101 574701 574700 574300 574299 573500 572700 573501 572701 572301 572302 572303 572304 573502 572702 572703 572704 572705 574305 573505 574304 573504 573902 574303 573503
bot 94 96 po0wxlw1 1380537968 605499 52
owned 94 605499 605500 605501 605502 605902 605102 604702 604701 604700 604699 604698 604697 604696 604695 605095 605495 605496 605497 605897 605898 606298 606299 606300 606301 606700 606699 606698 606697 606297 606296 605896 605895 605096 604296 605097 604297 603897 603898 603899 603900 605098 604298 604299 604300 604301 605901 605101 605900 605100 605498 605899 605099
bot 95 97 o8264l3e 401241613 215242 52
owned 95 215242 215243 215244 215245 215645 214845 214445 214444 214443 214442 214441 214440 214439 214438 214838 215238 215239 215240 215640 215641 216041 216042 216043 216044 216443 216442 216441 216440 216040 216039 215639 215638 214839 214039 214840 214040 213640 213641 213642 213643 214841 214041 214042 214043 214044 215644 214844 215643 214843 215241 215642 214842
bot 96 98 9rke6fm3 2033692109 413693 52
owned 96 413693 413694 413695 413696 414096 413296 412896 412895 412894 412893 412892 412891 412890 412889 413289 413689 413690 413691 414091 414092 414492 414493 414494 414495 414894 414893 414892 414891 414491 414490 414090 414089 413290 412490 413291 412491 412091 412092 412093 412094 413292 412492 412493 412494 412495 414095 413295 414094 413294 413692 414093 413293
bot 97 99 gyjc9x52 -2039293411 1343334 52
owned 97 1343334 1343335 1343336 1343337 1343737 1342937 1342537 1342536 1342535 1342534 1342533 1342532 1342531 1342530 1342930 1343330 1343331 1343332 1343732 1343733 1344133 1344134 1344135 1344136 1344535 1344534 1344533 1344532 1344132 1344131 1343731 1343730 1342931 1342131 1342932 1342132 1341732 1341733 1341734 1341735 1342933 1342133 1342134 1342135 1342136 1343736 1342936 1343735 1342935 1343333 1343734 1342934
bot 98 100 x793lc6c -2137545535 1314324 52
owned 98 1314324 1314325 1314326 1314327 1314727 1313927 1313527 1313526 1313525 1313524 1313523 1313522 1313521 1313520 1313920 1314320 1314321 1314322 1314722 1314723 1315123 1315124 1315125 1315126 1315525 1315524 1315523 1315522 1315122 1315121 1314721 1314720 1313921 1313121 1313922 1313122 1312722 1312723 1312724 1312725 1313923 1313123 1313124 1313125 1313126 1314726 1313926 1314725 1313925 1314323 1314724 1313924
bot 99 101 93k3li8n 1910969017 629517 52
owned 99 629517 629518 629519 629520 629920 629120 628720 628719 628718 628717 628716 628715 628714 628713 629113 629513 629514 629515 629915 629916 630316 630317 630318 630319 630718 630717 630716 630715 630315 630314 629914 629913 629114 628314 629115 628315 627915 627916 627917 627918 629116 628316 628317 628318 628319 629919 629119 629918 629118 629516 629917 629117
bot 100 102 a1hte6qb 1102783938 1187692 52
owned 100 1187692 1187693 1187694 1187695 1188095 1187295 1186895 1186894 1186893 1186892 1186891 1186890 1186889 1186888 1187288 1187688 1187689 1187690 1188090 1188091 1188491 1188492 1188493 1188494 1188893 1188892 1188891 1188890 1188490 1188489 1188089 1188088 1187289 1186489 1187290 1186490 1186090 1186091 1186092 1186093 1187291 1186491 1186492 1186493 1186494 1188094 1187294 1188093 1187293 1187691 1188092 1187292
bot 101 103 jklgnd18 799847851 1015818 52
owned 101 1015818 1015819 1015820 1015821 1016221 1015421 1015021 1015020 1015019 1015018 1015017 1015016 1015015 1015014 1015414 1015814 1015815 1015816 1016216 1016217 1016617 1016618 1016619 1016620 1017019 1017018 1017017 1017016 1016616 1016615 1016215 1016214 1015415 1014615 1015416 1014616 1014216 1014217 1014218 1014219 1015417 1014617 1014618 1014619 1014620 1016220 1015420 1016219 1015419 1015817 1016218 1015418
bot 102 104 vfadfhgj 1821435404 851377 52
owned 102 851377 851378 851379 851380 851780 850980 850580 850579 850578 850577 850576 850575 850574 850573 850973 851373 851374 851375 851775 851776 852176 852177 852178 852179 852578 852577 852576 852575 852175 852174 851774 851773 850974 850174 850975 850175 849775 849776 849777 849778 850976 850176 850177 850178 850179 851779 850979 851778 850978 851376 851777 850977
bot 103 105 cwni1kcb -2002787684 7597 48
owned 103 7597 7598 7599 7999 8399 8398 8397 8396 8395 8394 7994 7993 7593 7193 7194 7195 7196 6796 6797 6798 6799 6399 6398 5998 5997 5996 5995 6395 6394 6397 6396 7595 6795 6794 6793 7594 8795 7995 8796 7996 8797 8798 7199 7998 7198 7596 7997 7197
bot 104 106 8z4z0zds 1540574821 1088479 52
owned 104 1088479 1088480 1088481 1088482 1088882 1088082 1087682 1087681 1087680 1087679 1087678 1087677 1087676 1087675 1088075 1088475 1088476 1088477 1088877 1088878 1089278 1089279 1089280 1089281 1089680 1089679 1089678 1089677 1089277 1089276 1088876 1088875 1088076 1087276 1088077 1087277 1086877 1086878 1086879 1086880 1088078 1087278 1087279 1087280 1087281 1088881 1088081 1088880 1088080 1088478 1088879 1088079
bot 105 107 cdzck1ki 1635199286 488592 52
owned 105 488592 488593 488594 488595 488995 488195 487795 487794 487793 487792 487791 487790 487789 487788 488188 488588 488589 488590 488990 488991 489391 489392 489393 489394 489793 489792 489791 489790 489390 489389 488989 488988 488189 487389 488190 487390 486990 486991 486992 486993 488191 487391 487392 487393 487394 488994 488194 488993 488193 488591 488992 488192
bot 106 108 zbaa3l3a 2041986227 167599 34
owned 106 167599 167598 167597 167596 167595 167995 167195 166795 166796 166797 166798 166799 166399 165999 165998 165997 166398 166397 166396 167996 168396 168397 168398 168399 168799 168798 168797 167196 167997 167197 167998 167198 167999 167199
bot 107 109 xm369xbs 2073971836 1299881 52
owned 107 1299881 1299882 1299883 1299884 1300284 1299484 1299084 1299083 1299082 1299081 1299080 1299079 1299078 1299077 1299477 1299877 1299878 1299879 1300279 1300280 1300680 1300681 1300682 1300683 1301082 1301081 1301080 1301079 1300679 1300678 1300278 1300277 1299478 1298678 1299479 1298679 1298279 1298280 1298281 1298282 1299480 1298680 1298681 1298682 1298683 1300283 1299483 1300282 1299482 1299880 1300281 1299481
bot 108 110 e4dqhzo1 2029469172 838387 52
owned 108 838387 838388 838389 838390 838790 837990 837590 837589 837588 837587 837586 837585 837584 837583 837983 838383 838384 838385 838785 838786 839186 839187 839188 839189 839588 839587 839586 839585 839185 839184 838784 838783 837984 837184 837985 837185 836785 836786 836787 836788 837986 837186 837187 837188 837189 838789 837989 838788 837988 838386 838787 837987
bot 109 111 fepimk2i 351613969 98310 52
owned 109 98310 98311 98312 98313 98713 97913 97513 97512 97511 97510 97509 97508 97507 97506 97906 98306 98307 98308 98708 98709 99109 99110 99111 99112 99511 99510 99509 99508 99108 99107 98707 98706 97907 97107 97908 97108 96708 96709 96710 96711 97909 97109 97110 97111 97112 98712 97912 98711 97911 98309 98710 97910
bot 110 112 o2es7ebc 531691876 1256588 52
owned 110 1256588 1256589 1256590 1256591 1256991 1256191 1255791 1255790 1255789 1255788 1255787 1255786 1255785 1255784 1256184 1256584 1256585 1256586 1256986 1256987 1257387 1257388 1257389 1257390 1257789 1257788 1257787 1257786 1257386 1257385 1256985 1256984 1256185 1255385 1256186 1255386 1254986 1254987 1254988 1254989 1256187 1255387 1255388 1255389 1255390 1256990 1256190 1256989 1256189 1256587 1256988 1256188
bot 111 113 l4opv4e9 1658586271 589580 52
owned 111 589580 589581 589582 589583 589983 589183 588783 588782 588781 588780 588779 588778 588777 588776 589176 589576 589577 589578 589978 589979 590379 590380 590381 590382 590781 590780 590779 590778 590378 590377 589977 589976 589177 588377 589178 588378 587978 587979 587980 587981 589179 588379 588380 588381 588382 589982 589182 589981 589181 589579 589980 589180
bot 112 114 4b3f45hy 1454480369 418927 52
owned 112 418927 418928 418929 418930 419330 418530 418130 418129 418128 418127 418126 418125 418124 418123 418523 418923 418924 418925 419325 419326 419726 419727 419728 419729 420128 420127 420126 420125 419725 419724 419324 419323 418524 417724 418525 417725 417325 417326 417327 417328 418526 417726 417727 417728 417729 419329 418529 419328 418528 418926 419327 418527
bot 113 115 r3pvfglh 2069697088 938727 52
owned 113 938727 938728 938729 938730 939130 938330 937930 937929 937928 937927 937926 937925 937924 937923 938323 938723 938724 938725 939125 939126 939526 939527 939528 939529 939928 939927 939926 939925 939525 939524 939124 939123 938324 937524 938325 937525 937125 937126 937127 937128 938326 937526 937527 937528 937529 939129 938329 939128 938328 938726 939127 938327
bot 114 116 fnl5ocw8 859755902 1588971 52
owned 114 1588971 1588972 1588973 1588974 1589374 1588574 1588174 1588173 1588172 1588171 1588170 1588169 1588168 1588167 1588567 1588967 1588968 1588969 1589369 1589370 1589770 1589771 1589772 1589773 1590172 1590171 1590170 1590169 1589769 1589768 1589368 1589367 1588568 1587768 1588569 1587769 1587369 1587370 1587371 1587372 1588570 1587770 1587771 1587772 1587773 1589373 1588573 1589372 1588572 1588970 1589371 1588571
bot 115 117 7391zjkf 1287430659 1414358 52
owned 115 1414358 1414359 1414360 1414361 1414761 1413961 1413561 1413560 1413559 1413558 1413557 1413556 1413555 1413554 1413954 1414354 1414355 1414356 1414756 1414757 1415157 1415158 1415159 1415160 1415559 1415558 1415557 1415556 1415156 1415155 1414755 1414754 1413955 1413155 1413956 1413156 1412756 1412757 1412758 1412759 1413957 1413157 1413158 1413159 1413160 1414760 1413960 1414759 1413959 1414357 1414758 1413958
bot 116 118 ow5basj8 251269497 318222 52
owned 116 318222 318223 318224 318225 318625 317825 317425 317424 317423 317422 317421 317420 317419 317418 317818 318218 318219 318220 318620 318621 319021 319022 319023 319024 319423 319422 319421 319420 319020 319019 318619 318618 317819 317019 317820 317020 316620 316621 316622 316623 317821 317021 317022 317023 317024 318624 317824 318623 317823 318221 318622 317822
bot 117 119 olinuy4r 579061672 1165784 52
owned 117 1165784 1165785 1165786 1165787 1166187 1165387 1164987 1164986 1164985 1164984 1164983 1164982 1164981 1164980 1165380 1165780 1165781 1165782 1166182 1166183 1166583 1166584 1166585 1166586 1166985 1166984 1166983 1166982 1166582 1166581 1166181 1166180 1165381 1164581 1165382 1164582 1164182 1164183 1164184 1164185 1165383 1164583 1164584 1164585 1164586 1166186 1165386 1166185 1165385 1165783 1166184 1165384
bot 118 120 2e2jcypv -1993908003 582226 52
owned 118 582226 582227 582228 582229 582629 581829 581429 581428 581427 581426 581425 581424 581423 581422 581822 582222 582223 582224 582624 582625 583025 583026 583027 583028 583427 583426 583425 583424 583024 583023 582623 582622 581823 581023 581824 581024 580624 580625 580626 580627 581825 581025 581026 581027 581028 582628 581828 582627 581827 582225 582626 581826
bot 119 121 nx0it9ss 1186690332 1112587 52
owned 119 1112587 1112588 1112589 1112590 1112990 1112190 1111790 1111789 1111788 1111787 1111786 1111785 1111784 1111783 1112183 1112583 1112584 1112585 1112985 1112986 1113386 1113387 1113388 1113389 1113788 1113787 1113786 1113785 1113385 1113384 1112984 1112983 1112184 1111384 1112185 1111385 1110985 1110986 1110987 1110988 1112186 1111386 1111387 1111388 1111389 1112989 1112189 1112988 1112188 1112586 1112987 1112187
bot 120 122 tt57j91k 1968342095 85174 52
owned 120 85174 85175 85176 85177 85577 84777 84377 84376 84375 84374 84373 84372 84371 84370 84770 85170 85171 85172 85572 85573 85973 85974 85975 85976 86375 86374 86373 86372 85972 85971 85571 85570 84771 83971 84772 83972 83572 83573 83574 83575 84773 83973 83974 83975 83976 85576 84776 85575 84775 85173 85574 84774
bot 121 123 87aoci2n 1254425141 117712 52
owned 121 117712 117713 117714 117715 118115 117315 116915 116914 116913 116912 116911 116910 116909 116908 117308 117708 117709 117710 118110 118111 118511 118512 118513 118514 118913 118912 118911 118910 118510 118509 118109 118108 117309 116509 117310 116510 116110 116111 116112 116113 117311 116511 116512 116513 116514 118114 117314 118113 117313 117711 118112 117312
bot 122 124 wk147shp 1355991785 1139249 52
owned 122 1139249 1139250 1139251 1139252 1139652 1138852 1138452 1138451 1138450 1138449 1138448 1138447 1138446 1138445 1138845 1139245 1139246 1139247 1139647 1139648 1140048 1140049 1140050 1140051 1140450 1140449 1140448 1140447 1140047 1140046 1139646 1139645 1138846 1138046 1138847 1138047 1137647 1137648 1137649 1137650 1138848 1138048 1138049 1138050 1138051 1139651 1138851 1139650 1138850 1139248 1139649 1138849
bot 123 125 q8jb2dnz 879696417 373036 52
owned 123 373036 373037 373038 373039 373439 372639 372239 372238 372237 372236 372235 372234 372233 372232 372632 373032 373033 373034 373434 373435 373835 373836 373837 373838 374237 374236 374235 374234 373834 373833 373433 373432 372633 371833 372634 371834 371434 371435 371436 371437 372635 371835 371836 371837 371838 373438 372638 373437 372637 373035 373436 372636
bot 124 126 4yzxt2gp 465535386 202528 52
owned 124 202528 202529 202530 202531 202931 202131 201731 201730 201729 201728 201727 201726 201725 201724 202124 202524 202525 202526 202926 202927 203327 203328 203329 203330 203729 203728 203727 203726 203326 203325 202925 202924 202125 201325 202126 201326 200926 200927 200928 200929 202127 201327 201328 201329 201330 202930 202130 202929 202129 202527 202928 202128
bot 125 127 755xej7w 1728585790 1647626 52
owned 125 1647626 1647627 1647628 1647629 1648029 1647229 1646829 1646828 1646827 1646826 1646825 1646824 1646823 1646822 1647222 1647622 1647623 1647624 1648024 1648025 1648425 1648426 1648427 1648428 1648827 1648826 1648825 1648824 1648424 1648423 1648023 1648022 1647223 1646423 1647224 1646424 1646024 1646025 1646026 1646027 1647225 1646425 1646426 1646427 1646428 1648028 1647228 1648027 1647227 1647625 1648026 1647226
bot 126 128 hjhprwfn 984070701 74295 52
owned 126 74295 74296 74297 74298 74698 73898 73498 73497 73496 73495 73494 73493 73492 73491 73891 74291 74292 74293 74693 74694 75094 75095 75096 75097 75496 75495 75494 75493 75093 75092 74692 74691 73892 73092 73893 73093 72693 72694 72695 72696 73894 73094 73095 73096 73097 74697 73897 74696 73896 74294 74695 73895
bot 127 129 n66i0csf 983881029 1202101 52
owned 127 1202101 1202102 1202103 1202104 1202504 1201704 1201304 1201303 1201302 1201301 1201300 1201299 1201298 1201297 1201697 1202097 1202098 1202099 1202499 1202500 1202900 1202901 1202902 1202903 1203302 1203301 1203300 1203299 1202899 1202898 1202498 1202497 1201698 1200898 1201699 1200899 1200499 1200500 1200501 1200502 1201700 1200900 1200901 1200902 1200903 1202503 1201703 1202502 1201702 1202100 1202501 1201701
bot 128 130 am3stnxi 1295629627 1402153 52
owned 128 1402153 1402154 1402155 1402156 1402556 1401756 1401356 1401355 1401354 1401353 1401352 1401351 1401350 1401349 1401749 1402149 1402150 1402151 1402551 1402552 1402952 1402953 1402954 1402955 1403354 1403353 1403352 1403351 1402951 1402950 1402550 1402549 1401750 1400950 1401751 1400951 1400551 1400552 1400553 1400554 1401752 1400952 1400953 1400954 1400955 1402555 1401755 1402554 1401754 1402152 1402553 1401753
bot 129 131 pmeqlcvs 1644107559 1392991 52
owned 129 1392991 1392992 1392993 1392994 1393394 1392594 1392194 1392193 1392192 1392191 1392190 1392189 1392188 1392187 1392587 1392987 1392988 1392989 1393389 1393390 1393790 1393791 1393792 1393793 1394192 1394191 1394190 1394189 1393789 1393788 1393388 1393387 1392588 1391788 1392589 1391789 1391389 1391390 1391391 1391392 1392590 1391790 1391791 1391792 1391793 1393393 1392593 1393392 1392592 1392990 1393391 1392591
bot 130 132 xl8vnvj2 1983802758 776263 52
owned 130 776263 776264 776265 776266 776666 775866 775466 775465 775464 775463 775462 775461 775460 775459 775859 776259 776260 776261 776661 776662 777062 777063 777064 777065 777464 777463 777462 777461 777061 777060 776660 776659 775860 775060 775861 775061 774661 774662 774663 774664 775862 775062 775063 775064 775065 776665 775865 776664 775864 776262 776663 775863
bot 131 133 0f3l9cg5 575005501 109323 52
owned 131 109323 109324 109325 109326 109726 108926 108526 108525 108524 108523 108522 108521 108520 108519 108919 109319 109320 109321 109721 109722 110122 110123 110124 110125 110524 110523 110522 110521 110121 110120 109720 109719 108920 108120 108921 108121 107721 107722 107723 107724 108922 108122 108123 108124 108125 109725 108925 109724 108924 109322 109723 108923
bot 132 134 siocmotr 754194894 1623198 42
owned 132 1623198 1623199 1623599 1623999 1623998 1623997 1623996 1623995 1623595 1623594 1623194 1622794 1622795 1622796 1622797 1622397 1622398 1622399 1621999 1621599 1621598 1621597 1621596 1621996 1621995 1621998 1621997 1623196 1622396 1622395 1622394 1623195 1624396 1623596 1624397 1623597 1624398 1624399 1622799 1623197 1623598 1622798
bot 133 135 uf75fjkr 515106218 742381 52
owned 133 742381 742382 742383 742384 742784 741984 741584 741583 741582 741581 741580 741579 741578 741577 741977 742377 742378 742379 742779 742780 743180 743181 743182 743183 743582 743581 743580 743579 743179 743178 742778 742777 741978 741178 741979 741179 740779 740780 740781 740782 741980 741180 741181 741182 741183 742783 741983 742782 741982 742380 742781 741981
bot 134 136 3nuksgyo 1205368543 508453 52
owned 134 508453 508454 508455 508456 508856 508056 507656 507655 507654 507653 507652 507651 507650 507649 508049 508449 508450 508451 508851 508852 509252 509253 509254 509255 509654 509653 509652 509651 509251 509250 508850 508849 508050 507250 508051 507251 506851 506852 506853 506854 508052 507252 507253 507254 507255 508855 508055 508854 508054 508452 508853 508053
bot 135 137 isfwwr01 552169627 671474 52
owned 135 671474 671475 671476 671477 671877 671077 670677 670676 670675 670674 670673 670672 670671 670670 671070 671470 671471 671472 671872 671873 672273 672274 672275 672276 672675 672674 672673 672672 672272 672271 671871 671870 671071 670271 671072 670272 669872 669873 669874 669875 671073 670273 670274 670275 670276 671876 671076 671875 671075 671473 671874 671074
bot 136 138 auuv9uim 1696267609 1643424 52
owned 136 1643424 1643425 1643426 1643427 1643827 1643027 1642627 1642626 1642625 1642624 1642623 1642622 1642621 1642620 1643020 1643420 1643421 1643422 1643822 1643823 1644223 1644224 1644225 1644226 1644625 1644624 1644623 1644622 1644222 1644221 1643821 1643820 1643021 1642221 1643022 1642222 1641822 1641823 1641824 1641825 1643023 1642223 1642224 1642225 1642226 1643826 1643026 1643825 1643025 1643423 1643824 1643024
bot 137 139 mdro7fya 1606413849 742285 52
owned 137 742285 742286 742287 742288 742688 741888 741488 741487 741486 741485 741484 741483 741482 741481 741881 742281 742282 742283 742683 742684 743084 743085 743086 743087 743486 743485 743484 743483 743083 743082 742682 742681 741882 741082 741883 741083 740683 740684 740685 740686 741884 741084 741085 741086 741087 742687 741887 742686 741886 742284 742685 741885
bot 138 140 8qfmz7a7 1176881937 1484463 52
owned 138 1484463 1484464 1484465 1484466 1484866 1484066 1483666 1483665 1483664 1483663 1483662 1483661 1483660 1483659 1484059 1484459 1484460 1484461 1484861 1484862 1485262 1485263 1485264 1485265 1485664 1485663 1485662 1485661 1485261 1485260 1484860 1484859 1484060 1483260 1484061 1483261 1482861 1482862 1482863 1482864 1484062 1483262 1483263 1483264 1483265 1484865 1484065 1484864 1484064 1484462 1484863 1484063
bot 139 141 m8j6zoax -2013427167 379231 52
owned 139 379231 379232 379233 379234 379634 378834 378434 378433 378432 378431 378430 378429 378428 378427 378827 379227 379228 379229 379629 379630 380030 380031 380032 380033 380432 380431 380430 380429 380029 380028 379628 379627 378828 378028 378829 378029 377629 377630 377631 377632 378830 378030 378031 378032 378033 379633 378833 379632 378832 379230 379631 378831
bot 140 142 7236xcde 232703150 657988 52
owned 140 657988 657989 657990 657991 658391 657591 657191 657190 657189 657188 657187 657186 657185 657184 657584 657984 657985 657986 658386 658387 658787 658788 658789 658790 659189 659188 659187 659186 658786 658785 658385 658384 657585 656785 657586 656786 656386 656387 656388 656389 657587 656787 656788 656789 656790 658390 657590 658389 657589 657987 658388 657588
bot 141 143 n4vtdnwp 1052857899 1338323 52
owned 141 1338323 1338324 1338325 1338326 1338726 1337926 1337526 1337525 1337524 1337523 1337522 1337521 1337520 1337519 1337919 1338319 1338320 1338321 1338721 1338722 1339122 1339123 1339124 1339125 1339524 1339523 1339522 1339521 1339121 1339120 1338720 1338719 1337920 1337120 1337921 1337121 1336721 1336722 1336723 1336724 1337922 1337122 1337123 1337124 1337125 1338725 1337925 1338724 1337924 1338322 1338723 1337923
bot 142 144 yggevgbl 619188651 1371314 52
owned 142 1371314 1371315 1371316 1371317 1371717 1370917 1370517 1370516 1370515 1370514 1370513 1370512 1370511 1370510 1370910 1371310 1371311 1371312 1371712 1371713 1372113 1372114 1372115 1372116 1372515 1372514 1372513 1372512 1372112 1372111 1371711 1371710 1370911 1370111 1370912 1370112 1369712 1369713 1369714 1369715 1370913 1370113 1370114 1370115 1370116 1371716 1370916 1371715 1370915 1371313 1371714 1370914
bot 143 145 beijdl2w 1770559541 1451547 52
owned 143 1451547 1451548 1451549 1451550 1451950 1451150 1450750 1450749 1450748 1450747 1450746 1450745 1450744 1450743 1451143 1451543 1451544 1451545 1451945 1451946 1452346 1452347 1452348 1452349 1452748 1452747 1452746 1452745 1452345 1452344 1451944 1451943 1451144 1450344 1451145 1450345 1449945 1449946 1449947 1449948 1451146 1450346 1450347 1450348 1450349 1451949 1451149 1451948 1451148 1451546 1451947 1451147
bot 144 146 d2oo7mhj 1623230014 942931 52
owned 144 942931 942932 942933 942934 943334 942534 942134 942133 942132 942131 942130 942129 942128 942127 942527 942927 942928 942929 943329 943330 943730 943731 943732 943733 944132 944131 944130 944129 943729 943728 943328 943327 942528 941728 942529 941729 941329 941330 941331 941332 942530 941730 941731 941732 941733 943333 942533 943332 942532 942930 943331 942531
bot 145 147 wrheiirw 2112064519 1595961 52
owned 145 1595961 1595962 1595963 1595964 1596364 1595564 1595164 1595163 1595162 1595161 1595160 1595159 1595158 1595157 1595557 1595957 1595958 1595959 1596359 1596360 1596760 1596761 1596762 1596763 1597162 1597161 1597160 1597159 1596759 1596758 1596358 1596357 1595558 1594758 1595559 1594759 1594359 1594360 1594361 1594362 1595560 1594760 1594761 1594762 1594763 1596363 1595563 1596362 1595562 1595960 1596361 1595561
bot 146 148 d03y3hz5 811907394 670798 42
owned 146 670798 670799 671199 671599 671598 671597 671596 671595 671195 671194 670794 670394 670395 670396 670397 669997 669998 669999 669599 669199 669198 669197 669196 669596 669595 669598 669597 670796 669996 669995 669994 670795 671996 671196 671997 671197 671998 671999 670399 670797 671198 670398
bot 147 149 5xaek3av 343771744 1604427 52
owned 147 1604427 1604428 1604429 1604430 1604830 1604030 1603630 1603629 1603628 1603627 1603626 1603625 1603624 1603623 1604023 1604423 1604424 1604425 1604825 1604826 1605226 1605227 1605228 1605229 1605628 1605627 1605626 1605625 1605225 1605224 1604824 1604823 1604024 1603224 1604025 1603225 1602825 1602826 1602827 1602828 1604026 1603226 1603227 1603228 1603229 1604829 1604029 1604828 1604028 1604426 1604827 1604027
bot 148 150 gz34o9hq 1756820811 1237216 52
owned 148 1237216 1237217 1237218 1237219 1237619 1236819 1236419 1236418 1236417 1236416 1236415 1236414 1236413 1236412 1236812 1237212 1237213 1237214 1237614 1237615 1238015 1238016 1238017 1238018 1238417 1238416 1238415 1238414 1238014 1238013 1237613 1237612 1236813 1236013 1236814 1236014 1235614 1235615 1235616 1235617 1236815 1236015 1236016 1236017 1236018 1237618 1236818 1237617 1236817 1237215 1237616 1236816
bot 149 151 37xw489f 714130640 1021162 52
owned 149 1021162 1021163 1021164 1021165 1021565 1020765 1020365 1020364 1020363 1020362 1020361 1020360 1020359 1020358 1020758 1021158 1021159 1021160 1021560 1021561 1021961 1021962 1021963 1021964 1022363 1022362 1022361 1022360 1021960 1021959 1021559 1021558 1020759 1019959 1020760 1019960 1019560 1019561 1019562 1019563 1020761 1019961 1019962 1019963 1019964 1021564 1020764 1021563 1020763 1021161 1021562 1020762
bot 150 152 k3srrvn9 1301902254 58924 52
owned 150 58924 58925 58926 58927 59327 58527 58127 58126 58125 58124 58123 58122 58121 58120 58520 58920 58921 58922 59322 59323 59723 59724 59725 59726 60125 60124 60123 60122 59722 59721 59321 59320 58521 57721 58522 57722 57322 57323 57324 57325 58523 57723 57724 57725 57726 59326 58526 59325 58525 58923 59324 58524
bot 151 153 5isbkj04 258819646 1006871 52
owned 151 1006871 1006872 1006873 1006874 1007274 1006474 1006074 1006073 1006072 1006071 1006070 1006069 1006068 1006067 1006467 1006867 1006868 1006869 1007269 1007270 1007670 1007671 1007672 1007673 1008072 1008071 1008070 1008069 1007669 1007668 1007268 1007267 1006468 1005668 1006469 1005669 1005269 1005270 1005271 1005272 1006470 1005670 1005671 1005672 1005673 1007273 1006473 1007272 1006472 1006870 1007271 1006471
bot 152 154 r73y2vzl 264824291 709526 52
owned 152 709526 709527 709528 709529 709929 709129 708729 708728 708727 708726 708725 708724 708723 708722 709122 709522 709523 709524 709924 709925 710325 710326 710327 710328 710727 710726 710725 710724 710324 710323 709923 709922 709123 708323 709124 708324 707924 707925 707926 707927 709125 708325 708326 708327 708328 709928 709128 709927 709127 709525 709926 709126
bot 153 155 36x3kyhk 1662731317 78079 52
owned 153 78079 78080 78081 78082 78482 77682 77282 77281 77280 77279 77278 77277 77276 77275 77675 78075 78076 78077 78477 78478 78878 78879 78880 78881 79280 79279 79278 79277 78877 78876 78476 78475 77676 76876 77677 76877 76477 76478 76479 76480 77678 76878 76879 76880 76881 78481 77681 78480 77680 78078 78479 77679
bot 154 156 01ob2tlo 1786744221 77333 52
owned 154 77333 77334 77335 77336 77736 76936 76536 76535 76534 76533 76532 76531 76530 76529 76929 77329 77330 77331 77731 77732 78132 78133 78134 78135 78534 78533 78532 78531 78131 78130 77730 77729 76930 76130 76931 76131 75731 75732 75733 75734 76932 76132 76133 76134 76135 77735 76935 77734 76934 77332 77733 76933
bot 155 157 cb13fbp5 1249598146 1513993 52
owned 155 1513993 1513994 1513995 1513996 1514396 1513596 1513196 1513195 1513194 1513193 1513192 1513191 1513190 1513189 1513589 1513989 1513990 1513991 1514391 1514392 1514792 1514793 1514794 1514795 1515194 1515193 1515192 1515191 1514791 1514790 1514390 1514389 1513590 1512790 1513591 1512791 1512391 1512392 1512393 1512394 1513592 1512792 1512793 1512794 1512795 1514395 1513595 1514394 1513594 1513992 1514393 1513593
bot 156 158 vmmrq63s 899362917 1331442 52
owned 156 1331442 1331443 1331444 1331445 1331845 1331045 1330645 1330644 1330643 1330642 1330641 1330640 1330639 1330638 1331038 1331438 1331439 1331440 1331840 1331841 1332241 1332242 1332243 1332244 1332643 1332642 1332641 1332640 1332240 1332239 1331839 1331838 1331039 1330239 1331040 1330240 1329840 1329841 1329842 1329843 1331041 1330241 1330242 1330243 1330244 1331844 1331044 1331843 1331043 1331441 1331842 1331042
bot 157 159 nkjckjq8 -2033092416 1551277 52
owned 157 1551277 1551278 1551279 1551280 1551680 1550880 1550480 1550479 1550478 1550477 1550476 1550475 1550474 1550473 1550873 1551273 1551274 1551275 1551675 1551676 1552076 1552077 1552078 1552079 1552478 1552477 1552476 1552475 1552075 1552074 1551674 1551673 1550874 1550074 1550875 1550075 1549675 1549676 1549677 1549678 1550876 1550076 1550077 1550078 1550079 1551679 1550879 1551678 1550878 1551276 1551677 1550877
bot 158 160 wcggivof -2120004876 815223 52
owned 158 815223 815224 815225 815226 815626 814826 814426 814425 814424 814423 814422 814421 814420 814419 814819 815219 815220 815221 815621 815622 816022 816023 816024 816025 816424 816423 816422 816421 816021 816020 815620 815619 814820 814020 814821 814021 813621 813622 813623 813624 814822 814022 814023 814024 814025 815625 814825 815624 814824 815222 815623 814823
bot 159 161 1w1ciciy 988641666 1519973 52
owned 159 1519973 1519974 1519975 1519976 1520376 1519576 1519176 1519175 1519174 1519173 1519172 1519171 1519170 1519169 1519569 1519969 1519970 1519971 1520371 1520372 1520772 1520773 1520774 1520775 1521174 1521173 1521172 1521171 1520771 1520770 1520370 1520369 1519570 1518770 1519571 1518771 1518371 1518372 1518373 1518374 1519572 1518772 1518773 1518774 1518775 1520375 1519575 1520374 1519574 1519972 1520373 1519573
bot 160 162 2a0v7iem 1603609301 564118 52
owned 160 564118 564119 564120 564121 564521 563721 563321 563320 563319 563318 563317 563316 563315 563314 563714 564114 564115 564116 564516 564517 564917 564918 564919 564920 565319 565318 565317 565316 564916 564915 564515 564514 563715 562915 563716 562916 562516 562517 562518 562519 563717 562917 562918 562919 562920 564520 563720 564519 563719 564117 564518 563718
bot 161 163 jcz64pkr 1490381084 398125 52
owned 161 398125 398126 398127 398128 398528 397728 397328 397327 397326 397325 397324 397323 397322 397321 397721 398121 398122 398123 398523 398524 398924 398925 398926 398927 399326 399325 399324 399323 398923 398922 398522 398521 397722 396922 397723 396923 396523 396524 396525 396526 397724 396924 396925 396926 396927 398527 397727 398526 397726 398124 398525 397725
bot 162 164 v0ljq6tk -2113715216 1533736 52
owned 162 1533736 1533737 1533738 1533739 1534139 1533339 1532939 1532938 1532937 1532936 1532935 1532934 1532933 1532932 1533332 1533732 1533733 1533734 1534134 1534135 1534535 1534536 1534537 1534538 1534937 1534936 1534935 1534934 1534534 1534533 1534133 1534132 1533333 1532533 1533334 1532534 1532134 1532135 1532136 1532137 1533335 1532535 1532536 1532537 1532538 1534138 1533338 1534137 1533337 1533735 1534136 1533336
bot 163 165 adg8798c 1411060963 906511 52
owned 163 906511 906512 906513 906514 906914 906114 905714 905713 905712 905711 905710 905709 905708 905707 906107 906507 906508 906509 906909 906910 907310 907311 907312 907313 907712 907711 907710 907709 907309 907308 906908 906907 906108 905308 906109 905309 904909 904910 904911 904912 906110 905310 905311 905312 905313 906913 906113 906912 906112 906510 906911 906111
bot 164 166 5ghp3e6u -1957476071 723188 52
owned 164 723188 723189 723190 723191 723591 722791 722391 722390 722389 722388 722387 722386 722385 722384 722784 723184 723185 723186 723586 723587 723987 723988 723989 723990 724389 724388 724387 724386 723986 723985 723585 723584 722785 721985 722786 721986 721586 721587 721588 721589 722787 721987 721988 721989 721990 723590 722790 723589 722789 723187 723588 722788
bot 165 167 h5bdt6q4 959985296 718896 52
owned 165 718896 718897 718898 718899 719299 718499 718099 718098 718097 718096 718095 718094 718093 718092 718492 718892 718893 718894 719294 719295 719695 719696 719697 719698 720097 720096 720095 720094 719694 719693 719293 719292 718493 717693 718494 717694 717294 717295 717296 717297 718495 717695 717696 717697 717698 719298 718498 719297 718497 718895 719296 718496
bot 166 168 5oce5zsz 760830796 203903 52
owned 166 203903 203904 203905 203906 204306 203506 203106 203105 203104 203103 203102 203101 203100 203099 203499 203899 203900 203901 204301 204302 204702 204703 204704 204705 205104 205103 205102 205101 204701 204700 204300 204299 203500 202700 203501 202701 202301 202302 202303 202304 203502 202702 202703 202704 202705 204305 203505 204304 203504 203902 204303 203503
bot 167 169 xka3bnm9 -2087114015 1147151 52
owned 167 1147151 1147152 1147153 1147154 1147554 1146754 1146354 1146353 1146352 1146351 1146350 1146349 1146348 1146347 1146747 1147147 1147148 1147149 1147549 1147550 1147950 1147951 1147952 1147953 1148352 1148351 1148350 1148349 1147949 1147948 1147548 1147547 1146748 1145948 1146749 1145949 1145549 1145550 1145551 1145552 1146750 1145950 1145951 1145952 1145953 1147553 1146753 1147552 1146752 1147150 1147551 1146751
bot 168 170 3w1tydq6 1781810637 626408 52
owned 168 626408 626409 626410 626411 626811 626011 625611 625610 625609 625608 625607 625606 625605 625604 626004 626404 626405 626406 626806 626807 627207 627208 627209 627210 627609 627608 627607 627606 627206 627205 626805 626804 626005 625205 626006 625206 624806 624807 624808 624809 626007 625207 625208 625209 625210 626810 626010 626809 626009 626407 626808 626008
bot 169 171 upd1qyae 1501438200 86613 52
owned 169 86613 86614 86615 86616 87016 86216 85816 85815 85814 85813 85812 85811 85810 85809 86209 86609 86610 86611 87011 87012 87412 87413 87414 87415 87814 87813 87812 87811 87411 87410 87010 87009 86210 85410 86211 85411 85011 85012 85013 85014 86212 85412 85413 85414 85415 87015 86215 87014 86214 86612 87013 86213
bot 170 172 v4u31rox 2020264938 9568 52
owned 170 9568 9569 9570 9571 9971 9171 8771 8770 8769 8768 8767 8766 8765 8764 9164 9564 9565 9566 9966 9967 10367 10368 10369 10370 10769 10768 10767 10766 10366 10365 9965 9964 9165 8365 9166 8366 7966 7967 7968 7969 9167 8367 8368 8369 8370 9970 9170 9969 9169 9567 9968 9168
bot 171 173 q9vm95if 2121071836 1036999 52
owned 171 1036999 1037000 1037001 1037002 1037402 1036602 1036202 1036201 1036200 1036199 1036198 1036197 1036196 1036195 1036595 1036995 1036996 1036997 1037397 1037398 1037798 1037799 1037800 1037801 1038200 1038199 1038198 1038197 1037797 1037796 1037396 1037395 1036596 1035796 1036597 1035797 1035397 1035398 1035399 1035400 1036598 1035798 1035799 1035800 1035801 1037401 1036601 1037400 1036600 1036998 1037399 1036599
bot 172 174 0yu8n2tu 1397211125 1409233 52
owned 172 1409233 1409234 1409235 1409236 1409636 1408836 1408436 1408435 1408434 1408433 1408432 1408431 1408430 1408429 1408829 1409229 1409230 1409231 1409631 1409632 1410032 1410033 1410034 1410035 1410434 1410433 1410432 1410431 1410031 1410030 1409630 1409629 1408830 1408030 1408831 1408031 1407631 1407632 1407633 1407634 1408832 1408032 1408033 1408034 1408035 1409635 1408835 1409634 1408834 1409232 1409633 1408833
bot 173 175 sc2ctn85 -2022032452 21987 52
owned 173 21987 21988 21989 21990 22390 21590 21190 21189 21188 21187 21186 21185 21184 21183 21583 21983 21984 21985 22385 22386 22786 22787 22788 22789 23188 23187 23186 23185 22785 22784 22384 22383 21584 20784 21585 20785 20385 20386 20387 20388 21586 20786 20787 20788 20789 22389 21589 22388 21588 21986 22387 21587
bot 174 176 z0gmspsi 801244755 162444 52
owned 174 162444 162445 162446 162447 162847 162047 161647 161646 161645 161644 161643 161642 161641 161640 162040 162440 162441 162442 162842 162843 163243 163244 163245 163246 163645 163644 163643 163642 163242 163241 162841 162840 162041 161241 162042 161242 160842 160843 160844 160845 162043 161243 161244 161245 161246 162846 162046 162845 162045 162443 162844 162044
bot 175 177 z7avk2un -2108559470 1464314 52
owned 175 1464314 1464315 1464316 1464317 1464717 1463917 1463517 1463516 1463515 1463514 1463513 1463512 1463511 1463510 1463910 1464310 1464311 1464312 1464712 1464713 1465113 1465114 1465115 1465116 1465515 1465514 1465513 1465512 1465112 1465111 1464711 1464710 1463911 1463111 1463912 1463112 1462712 1462713 1462714 1462715 1463913 1463113 1463114 1463115 1463116 1464716 1463916 1464715 1463915 1464313 1464714 1463914
bot 176 178 8efmeybn 1503896376 701744 52
owned 176 701744 701745 701746 701747 702147 701347 700947 700946 700945 700944 700943 700942 700941 700940 701340 701740 701741 701742 702142 702143 702543 702544 702545 702546 702945 702944 702943 702942 702542 702541 702141 702140 701341 700541 701342 700542 700142 700143 700144 700145 701343 700543 700544 700545 700546 702146 701346 702145 701345 701743 702144 701344
bot 177 179 bifxmou2 952921820 1337578 52
owned 177 1337578 1337579 1337580 1337581 1337981 1337181 1336781 1336780 1336779 1336778 1336777 1336776 1336775 1336774 1337174 1337574 1337575 1337576 1337976 1337977 1338377 1338378 1338379 1338380 1338779 1338778 1338777 1338776 1338376 1338375 1337975 1337974 1337175 1336375 1337176 1336376 1335976 1335977 1335978 1335979 1337177 1336377 1336378 1336379 1336380 1337980 1337180 1337979 1337179 1337577 1337978 1337178
bot 178 180 plh6en5t -2053928810 1078824 52
owned 178 1078824 1078825 1078826 1078827 1079227 1078427 1078027 1078026 1078025 1078024 1078023 1078022 1078021 1078020 1078420 1078820 1078821 1078822 1079222 1079223 1079623 1079624 1079625 1079626 1080025 1080024 1080023 1080022 1079622 1079621 1079221 1079220 1078421 1077621 1078422 1077622 1077222 1077223 1077224 1077225 1078423 1077623 1077624 1077625 1077626 1079226 1078426 1079225 1078425 1078823 1079224 1078424
bot 179 181 ay3m2wg5 1393210047 1487413 52
owned 179 1487413 1487414 1487415 1487416 1487816 1487016 1486616 1486615 1486614 1486613 1486612 1486611 1486610 1486609 1487009 1487409 1487410 1487411 1487811 1487812 1488212 1488213 1488214 1488215 1488614 1488613 1488612 1488611 1488211 1488210 1487810 1487809 1487010 1486210 1487011 1486211 1485811 1485812 1485813 1485814 1487012 1486212 1486213 1486214 1486215 1487815 1487015 1487814 1487014 1487412 1487813 1487013
bot 180 182 1zmogxmk 892305898 1666963 52
owned 180 1666963 1666964 1666965 1666966 1667366 1666566 1666166 1666165 1666164 1666163 1666162 1666161 1666160 1666159 1666559 1666959 1666960 1666961 1667361 1667362 1667762 1667763 1667764 1667765 1668164 1668163 1668162 1668161 1667761 1667760 1667360 1667359 1666560 1665760 1666561 1665761 1665361 1665362 1665363 1665364 1666562 1665762 1665763 1665764 1665765 1667365 1666565 1667364 1666564 1666962 1667363 1666563
bot 181 183 55yraoi7 1468371801 1219708 52
owned 181 1219708 1219709 1219710 1219711 1220111 1219311 1218911 1218910 1218909 1218908 1218907 1218906 1218905 1218904 1219304 1219704 1219705 1219706 1220106 1220107 1220507 1220508 1220509 1220510 1220909 1220908 1220907 1220906 1220506 1220505 1220105 1220104 1219305 1218505 1219306 1218506 1218106 1218107 1218108 1218109 1219307 1218507 1218508 1218509 1218510 1220110 1219310 1220109 1219309 1219707 1220108 1219308
bot 182 184 1sc05h43 1585605541 1399036 52
owned 182 1399036 1399037 1399038 1399039 1399439 1398639 1398239 1398238 1398237 1398236 1398235 1398234 1398233 1398232 1398632 1399032 1399033 1399034 1399434 1399435 1399835 1399836 1399837 1399838 1400237 1400236 1400235 1400234 1399834 1399833 1399433 1399432 1398633 1397833 1398634 1397834 1397434 1397435 1397436 1397437 1398635 1397835 1397836 1397837 1397838 1399438 1398638 1399437 1398637 1399035 1399436 1398636
bot 183 185 37ibwik8 1160917256 1311603 48
owned 183 1311603 1311604 1311605 1311606 1312006 1311206 1310806 1310805 1310804 1310803 1310802 1310801 1310800 1311200 1311600 1311601 1312001 1312002 1312402 1312403 1312404 1312405 1312804 1312803 1312802 1312801 1312401 1312400 1312000 1310400 1311201 1310401 1310001 1310002 1310003 1310004 1311202 1310402 1310403 1310404 1310405 1312005 1311205 1312004 1311204 1311602 1312003 1311203
bot 184 186 uec16uxz 298442371 30180 52
owned 184 30180 30181 30182 30183 30583 29783 29383 29382 29381 29380 29379 29378 29377 29376 29776 30176 30177 30178 30578 30579 30979 30980 30981 30982 31381 31380 31379 31378 30978 30977 30577 30576 29777 28977 29778 28978 28578 28579 28580 28581 29779 28979 28980 28981 28982 30582 29782 30581 29781 30179 30580 29780
bot 185 187 9fd5ewrs 716216499 1634018 52
owned 185 1634018 1634019 1634020 1634021 1634421 1633621 1633221 1633220 1633219 1633218 1633217 1633216 1633215 1633214 1633614 1634014 1634015 1634016 1634416 1634417 1634817 1634818 1634819 1634820 1635219 1635218 1635217 1635216 1634816 1634815 1634415 1634414 1633615 1632815 1633616 1632816 1632416 1632417 1632418 1632419 1633617 1632817 1632818 1632819 1632820 1634420 1633620 1634419 1633619 1634017 1634418 1633618
bot 186 188 pe2p79c6 1616832572 850402 42
owned 186 850402 850403 850404 850405 850805 850005 849605 849604 849603 849602 849601 849600 850000 850400 850800 850801 851201 851202 851203 851204 851603 851602 851601 851600 851200 849200 848800 848801 848802 848803 850001 849201 849202 849203 849204 850804 850004 850803 850003 850401 850802 850002
bot 187 189 h1r85byk 647047218 226821 52
owned 187 226821 226822 226823 226824 227224 226424 226024 226023 226022 226021 226020 226019 226018 226017 226417 226817 226818 226819 227219 227220 227620 227621 227622 227623 228022 228021 228020 228019 227619 227618 227218 227217 226418 225618 226419 225619 225219 225220 225221 225222 226420 225620 225621 225622 225623 227223 226423 227222 226422 226820 227221 226421
bot 188 190 exulggll 2009242778 7312 52
owned 188 7312 7313 7314 7315 7715 6915 6515 6514 6513 6512 6511 6510 6509 6508 6908 7308 7309 7310 7710 7711 8111 8112 8113 8114 8513 8512 8511 8510 8110 8109 7709 7708 6909 6109 6910 6110 5710 5711 5712 5713 6911 6111 6112 6113 6114 7714 6914 7713 6913 7311 7712 6912
bot 189 191 zouqcp7v 1283425505 543788 52
owned 189 543788 543789 543790 543791 544191 543391 542991 542990 542989 542988 542987 542986 542985 542984 543384 543784 543785 543786 544186 544187 544587 544588 544589 544590 544989 544988 544987 544986 544586 544585 544185 544184 543385 542585 543386 542586 542186 542187 542188 542189 543387 542587 542588 542589 542590 544190 543390 544189 543389 543787 544188 543388
bot 190 192 k39sgybe 1779655355 1140642 52
owned 190 1140642 1140643 1140644 1140645 1141045 1140245 1139845 1139844 1139843 1139842 1139841 1139840 1139839 1139838 1140238 1140638 1140639 1140640 1141040 1141041 1141441 1141442 1141443 1141444 1141843 1141842 1141841 1141840 1141440 1141439 1141039 1141038 1140239 1139439 1140240 1139440 1139040 1139041 1139042 1139043 1140241 1139441 1139442 1139443 1139444 1141044 1140244 1141043 1140243 1140641 1141042 1140242
bot 191 193 orxhfzvz 2032568751 1198030 52
owned 191 1198030 1198031 1198032 1198033 1198433 1197633 1197233 1197232 1197231 1197230 1197229 1197228 1197227 1197226 1197626 1198026 1198027 1198028 1198428 1198429 1198829 1198830 1198831 1198832 1199231 1199230 1199229 1199228 1198828 1198827 1198427 1198426 1197627 1196827 1197628 1196828 1196428 1196429 1196430 1196431 1197629 1196829 1196830 1196831 1196832 1198432 1197632 1198431 1197631 1198029 1198430 1197630
bot 192 194 uz8ynaez 593238994 369194 52
owned 192 369194 369195 369196 369197 369597 368797 368397 368396 368395 368394 368393 368392 368391 368390 368790 369190 369191 369192 369592 369593 369993 369994 369995 369996 370395 370394 370393 370392 369992 369991 369591 369590 368791 367991 368792 367992 367592 367593 367594 367595 368793 367993 367994 367995 367996 369596 368796 369595 368795 369193 369594 368794
bot 193 195 ubigewsr -2141021696 378980 52
owned 193 378980 378981 378982 378983 379383 378583 378183 378182 378181 378180 378179 378178 378177 378176 378576 378976 378977 378978 379378 379379 379779 379780 379781 379782 380181 380180 380179 380178 379778 379777 379377 379376 378577 377777 378578 377778 377378 377379 377380 377381 378579 377779 377780 377781 377782 379382 378582 379381 378581 378979 379380 378580
bot 194 196 w0ozvjdh 337579528 1647078 52
owned 194 1647078 1647079 1647080 1647081 1647481 1646681 1646281 1646280 1646279 1646278 1646277 1646276 1646275 1646274 1646674 1647074 1647075 1647076 1647476 1647477 1647877 1647878 1647879 1647880 1648279 1648278 1648277 1648276 1647876 1647875 1647475 1647474 1646675 1645875 1646676 1645876 1645476 1645477 1645478 1645479 1646677 1645877 1645878 1645879 1645880 1647480 1646680 1647479 1646679 1647077 1647478 1646678
bot 195 197 f7yj98q8 2008342748 202429 52
owned 195 202429 202430 202431 202432 202832 202032 201632 201631 201630 201629 201628 201627 201626 201625 202025 202425 202426 202427 202827 202828 203228 203229 203230 203231 203630 203629 203628 203627 203227 203226 202826 202825 202026 201226 202027 201227 200827 200828 200829 200830 202028 201228 201229 201230 201231 202831 202031 202830 202030 202428 202829 202029
bot 196 198 2xzw4gp3 546471435 90658 52
owned 196 90658 90659 90660 90661 91061 90261 89861 89860 89859 89858 89857 89856 89855 89854 90254 90654 90655 90656 91056 91057 91457 91458 91459 91460 91859 91858 91857 91856 91456 91455 91055 91054 90255 89455 90256 89456 89056 89057 89058 89059 90257 89457 89458 89459 89460 91060 90260 91059 90259 90657 91058 90258
bot 197 199 9rkdgj28 2034230367 49711 52
owned 197 49711 49712 49713 49714 50114 49314 48914 48913 48912 48911 48910 48909 48908 48907 49307 49707 49708 49709 50109 50110 50510 50511 50512 50513 50912 50911 50910 50909 50509 50508 50108 50107 49308 48508 49309 48509 48109 48110 48111 48112 49310 48510 48511 48512 48513 50113 49313 50112 49312 49710 50111 49311
bot 198 200 aw987uy7 1696208469 252922 52
owned 198 252922 252923 252924 252925 253325 252525 252125 252124 252123 252122 252121 252120 252119 252118 252518 252918 252919 252920 253320 253321 253721 253722 253723 253724 254123 254122 254121 254120 253720 253719 253319 253318 252519 251719 252520 251720 251320 251321 251322 251323 252521 251721 251722 251723 251724 253324 252524 253323 252523 252921 253322 252522
bot 199 201 gr243zlh 1525078068 179943 52
owned 199 179943 179944 179945 179946 180346 179546 179146 179145 179144 179143 179142 179141 179140 179139 179539 179939 179940 179941 180341 180342 180742 180743 180744 180745 181144 181143 181142 181141 180741 180740 180340 180339 179540 178740 179541 178741 178341 178342 178343 178344 179542 178742 178743 178744 178745 180345 179545 180344 179544 179942 180343 179543
bot 200 202 zowu9kf4 1343123255 80323 52
owned 200 80323 80324 80325 80326 80726 79926 79526 79525 79524 79523 79522 79521 79520 79519 79919 80319 80320 80321 80721 80722 81122 81123 81124 81125 81524 81523 81522 81521 81121 81120 80720 80719 79920 79120 79921 79121 78721 78722 78723 78724 79922 79122 79123 79124 79125 80725 79925 80724 79924 80322 80723 79923
bot 201 203 2dtf8q4x 1304023651 751893 52
owned 201 751893 751894 751895 751896 752296 751496 751096 751095 751094 751093 751092 751091 751090 751089 751489 751889 751890 751891 752291 752292 752692 752693 752694 752695 753094 753093 753092 753091 752691 752690 752290 752289 751490 750690 751491 750691 750291 750292 750293 750294 751492 750692 750693 750694 750695 752295 751495 752294 751494 751892 752293 751493
bot 202 204 y9oft8w2 1767905134 29217 52
owned 202 29217 29218 29219 29220 29620 28820 28420 28419 28418 28417 28416 28415 28414 28413 28813 29213 29214 29215 29615 29616 30016 30017 30018 30019 30418 30417 30416 30415 30015 30014 29614 29613 28814 28014 28815 28015 27615 27616 27617 27618 28816 28016 28017 28018 28019 29619 28819 29618 28818 29216 29617 28817
bot 203 205 ed7kjxq3 386177703 971561 52
owned 203 971561 971562 971563 971564 971964 971164 970764 970763 970762 970761 970760 970759 970758 970757 971157 971557 971558 971559 971959 971960 972360 972361 972362 972363 972762 972761 972760 972759 972359 972358 971958 971957 971158 970358 971159 970359 969959 969960 969961 969962 971160 970360 970361 970362 970363 971963 971163 971962 971162 971560 971961 971161
bot 204 206 nxt1ptsi 1154794981 34739 52
owned 204 34739 34740 34741 34742 35142 34342 33942 33941 33940 33939 33938 33937 33936 33935 34335 34735 34736 34737 35137 35138 35538 35539 35540 35541 35940 35939 35938 35937 35537 35536 35136 35135 34336 33536 34337 33537 33137 33138 33139 33140 34338 33538 33539 33540 33541 35141 34341 35140 34340 34738 35139 34339
bot 205 207 p825v2fd 1789039945 777778 52
owned 205 777778 777779 777780 777781 778181 777381 776981 776980 776979 776978 776977 776976 776975 776974 777374 777774 777775 777776 778176 778177 778577 778578 778579 778580 778979 778978 778977 778976 778576 778575 778175 778174 777375 776575 777376 776576 776176 776177 776178 776179 777377 776577 776578 776579 776580 778180 777380 778179 777379 777777 778178 777378
bot 206 208 wyarb4qo 383163841 155907 52
owned 206 155907 155908 155909 155910 156310 155510 155110 155109 155108 155107 155106 155105 155104 155103 155503 155903 155904 155905 156305 156306 156706 156707 156708 156709 157108 157107 157106 157105 156705 156704 156304 156303 155504 154704 155505 154705 154305 154306 154307 154308 155506 154706 154707 154708 154709 156309 155509 156308 155508 155906 156307 155507
bot 207 209 qfs7b4z4 1471954815 1123486 52
owned 207 1123486 1123487 1123488 1123489 1123889 1123089 1122689 1122688 1122687 1122686 1122685 1122684 1122683 1122682 1123082 1123482 1123483 1123484 1123884 1123885 1124285 1124286 1124287 1124288 1124687 1124686 1124685 1124684 1124284 1124283 1123883 1123882 1123083 1122283 1123084 1122284 1121884 1121885 1121886 1121887 1123085 1122285 1122286 1122287 1122288 1123888 1123088 1123887 1123087 1123485 1123886 1123086
bot 208 210 ms13gmzm 1647820133 1174163 52
owned 208 1174163 1174164 1174165 1174166 1174566 1173766 1173366 1173365 1173364 1173363 1173362 1173361 1173360 1173359 1173759 1174159 1174160 1174161 1174561 1174562 1174962 1174963 1174964 1174965 1175364 1175363 1175362 1175361 1174961 1174960 1174560 1174559 1173760 1172960 1173761 1172961 1172561 1172562 1172563 1172564 1173762 1172962 1172963 1172964 1172965 1174565 1173765 1174564 1173764 1174162 1174563 1173763
bot 209 211 ym8zggo3 322620766 617809 52
owned 209 617809 617810 617811 617812 618212 617412 617012 617011 617010 617009 617008 617007 617006 617005 617405 617805 617806 617807 618207 618208 618608 618609 618610 618611 619010 619009 619008 619007 618607 618606 618206 618205 617406 616606 617407 616607 616207 616208 616209 616210 617408 616608 616609 616610 616611 618211 617411 618210 617410 617808 618209 617409
bot 210 212 8jahbnpg 1498584608 75631 52
owned 210 75631 75632 75633 75634 76034 75234 74834 74833 74832 74831 74830 74829 74828 74827 75227 75627 75628 75629 76029 76030 76430 76431 76432 76433 76832 76831 76830 76829 76429 76428 76028 76027 75228 74428 75229 74429 74029 74030 74031 74032 75230 74430 74431 74432 74433 76033 75233 76032 75232 75630 76031 75231
bot 211 213 b0djjiez 1834536396 1188713 52
owned 211 1188713 1188714 1188715 1188716 1189116 1188316 1187916 1187915 1187914 1187913 1187912 1187911 1187910 1187909 1188309 1188709 1188710 1188711 1189111 1189112 1189512 1189513 1189514 1189515 1189914 1189913 1189912 1189911 1189511 1189510 1189110 1189109 1188310 1187510 1188311 1187511 1187111 1187112 1187113 1187114 1188312 1187512 1187513 1187514 1187515 1189115 1188315 1189114 1188314 1188712 1189113 1188313
bot 212 214 s9xysw8i 1381855552 1132622 52
owned 212 1132622 1132623 1132624 1132625 1133025 1132225 1131825 1131824 1131823 1131822 1131821 1131820 1131819 1131818 1132218 1132618 1132619 1132620 1133020 1133021 1133421 1133422 1133423 1133424 1133823 1133822 1133821 1133820 1133420 1133419 1133019 1133018 1132219 1131419 1132220 1131420 1131020 1131021 1131022 1131023 1132221 1131421 1131422 1131423 1131424 1133024 1132224 1133023 1132223 1132621 1133022 1132222
bot 213 215 t3s2qgvc 1885822309 1301314 52
owned 213 1301314 1301315 1301316 1301317 1301717 1300917 1300517 1300516 1300515 1300514 1300513 1300512 1300511 1300510 1300910 1301310 1301311 1301312 1301712 1301713 1302113 1302114 1302115 1302116 1302515 1302514 1302513 1302512 1302112 1302111 1301711 1301710 1300911 1300111 1300912 1300112 1299712 1299713 1299714 1299715 1300913 1300113 1300114 1300115 1300116 1301716 1300916 1301715 1300915 1301313 1301714 1300914
bot 214 216 aquue8ni -1995066298 1344890 52
owned 214 1344890 1344891 1344892 1344893 1345293 1344493 1344093 1344092 1344091 1344090 1344089 1344088 1344087 1344086 1344486 1344886 1344887 1344888 1345288 1345289 1345689 1345690 1345691 1345692 1346091 1346090 1346089 1346088 1345688 1345687 1345287 1345286 1344487 1343687 1344488 1343688 1343288 1343289 1343290 1343291 1344489 1343689 1343690 1343691 1343692 1345292 1344492 1345291 1344491 1344889 1345290 1344490
bot 215 217 u3k8ktyr 1336475575 580344 52
owned 215 580344 580345 580346 580347 580747 579947 579547 579546 579545 579544 579543 579542 579541 579540 579940 580340 580341 580342 580742 580743 581143 581144 581145 581146 581545 581544 581543 581542 581142 581141 580741 580740 579941 579141 579942 579142 578742 578743 578744 578745 579943 579143 579144 579145 579146 580746 579946 580745 579945 580343 580744 579944
bot 216 218 i7egn3zz 1648658159 1073657 52
owned 216 1073657 1073658 1073659 1073660 1074060 1073260 1072860 1072859 1072858 1072857 1072856 1072855 1072854 1072853 1073253 1073653 1073654 1073655 1074055 1074056 1074456 1074457 1074458 1074459 1074858 1074857 1074856 1074855 1074455 1074454 1074054 1074053 1073254 1072454 1073255 1072455 1072055 1072056 1072057 1072058 1073256 1072456 1072457 1072458 1072459 1074059 1073259 1074058 1073258 1073656 1074057 1073257
bot 217 219 o3vgfhge 1896212089 415489 52
owned 217 415489 415490 415491 415492 415892 415092 414692 414691 414690 414689 414688 414687 414686 414685 415085 415485 415486 415487 415887 415888 416288 416289 416290 416291 416690 416689 416688 416687 416287 416286 415886 415885 415086 414286 415087 414287 413887 413888 413889 413890 415088 414288 414289 414290 414291 415891 415091 415890 415090 415488 415889 415089
bot 218 220 m4aem5hx 1751287233 1639692 52
owned 218 1639692 1639693 1639694 1639695 1640095 1639295 1638895 1638894 1638893 1638892 1638891 1638890 1638889 1638888 1639288 1639688 1639689 1639690 1640090 1640091 1640491 1640492 1640493 1640494 1640893 1640892 1640891 1640890 1640490 1640489 1640089 1640088 1639289 1638489 1639290 1638490 1638090 1638091 1638092 1638093 1639291 1638491 1638492 1638493 1638494 1640094 1639294 1640093 1639293 1639691 1640092 1639292
bot 219 221 p6i95qgo 1590454142 984672 52
owned 219 984672 984673 984674 984675 985075 984275 983875 983874 983873 983872 983871 983870 983869 983868 984268 984668 984669 984670 985070 985071 985471 985472 985473 985474 985873 985872 985871 985870 985470 985469 985069 985068 984269 983469 984270 983470 983070 983071 983072 983073 984271 983471 983472 983473 983474 985074 984274 985073 984273 984671 985072 984272
bot 220 222 gvho8qeo 669428651 1228758 52
owned 220 1228758 1228759 1228760 1228761 1229161 1228361 1227961 1227960 1227959 1227958 1227957 1227956 1227955 1227954 1228354 1228754 1228755 1228756 1229156 1229157 1229557 1229558 1229559 1229560 1229959 1229958 1229957 1229956 1229556 1229555 1229155 1229154 1228355 1227555 1228356 1227556 1227156 1227157 1227158 1227159 1228357 1227557 1227558 1227559 1227560 1229160 1228360 1229159 1228359 1228757 1229158 1228358
bot 221 223 9iatvpoi -1929396069 1073202 42
owned 221 1073202 1073203 1073204 1073205 1073605 1072805 1072405 1072404 1072403 1072402 1072401 1072400 1072800 1073200 1073600 1073601 1074001 1074002 1074003 1074004 1074403 1074402 1074401 1074400 1074000 1072000 1071600 1071601 1071602 1071603 1072801 1072001 1072002 1072003 1072004 1073604 1072804 1073603 1072803 1073201 1073602 1072802
bot 222 224 zd9jsqbj 2059397859 268205 52
owned 222 268205 268206 268207 268208 268608 267808 267408 267407 267406 267405 267404 267403 267402 267401 267801 268201 268202 268203 268603 268604 269004 269005 269006 269007 269406 269405 269404 269403 269003 269002 268602 268601 267802 267002 267803 267003 266603 266604 266605 266606 267804 267004 267005 267006 267007 268607 267807 268606 267806 268204 268605 267805
bot 223 225 zw1dwnig 2130295049 1462277 52
owned 223 1462277 1462278 1462279 1462280 1462680 1461880 1461480 1461479 1461478 1461477 1461476 1461475 1461474 1461473 1461873 1462273 1462274 1462275 1462675 1462676 1463076 1463077 1463078 1463079 1463478 1463477 1463476 1463475 1463075 1463074 1462674 1462673 1461874 1461074 1461875 1461075 1460675 1460676 1460677 1460678 1461876 1461076 1461077 1461078 1461079 1462679 1461879 1462678 1461878 1462276 1462677 1461877
bot 224 226 be5xt98q 295200808 462241 52
owned 224 462241 462242 462243 462244 462644 461844 461444 461443 461442 461441 461440 461439 461438 461437 461837 462237 462238 462239 462639 462640 463040 463041 463042 463043 463442 463441 463440 463439 463039 463038 462638 462637 461838 461038 461839 461039 460639 460640 460641 460642 461840 461040 461041 461042 461043 462643 461843 462642 461842 462240 462641 461841
bot 225 227 522b0ju8 1051917806 1029091 52
owned 225 1029091 1029092 1029093 1029094 1029494 1028694 1028294 1028293 1028292 1028291 1028290 1028289 1028288 1028287 1028687 1029087 1029088 1029089 1029489 1029490 1029890 1029891 1029892 1029893 1030292 1030291 1030290 1030289 1029889 1029888 1029488 1029487 1028688 1027888 1028689 1027889 1027489 1027490 1027491 1027492 1028690 1027890 1027891 1027892 1027893 1029493 1028693 1029492 1028692 1029090 1029491 1028691
bot 226 228 ibxwtyy7 1581729417 532289 52
owned 226 532289 532290 532291 532292 532692 531892 531492 531491 531490 531489 531488 531487 531486 531485 531885 532285 532286 532287 532687 532688 533088 533089 533090 533091 533490 533489 533488 533487 533087 533086 532686 532685 531886 531086 531887 531087 530687 530688 530689 530690 531888 531088 531089 531090 531091 532691 531891 532690 531890 532288 532689 531889
bot 227 229 zjhashkb 754389657 155348 52
owned 227 155348 155349 155350 155351 155751 154951 154551 154550 154549 154548 154547 154546 154545 154544 154944 155344 155345 155346 155746 155747 156147 156148 156149 156150 156549 156548 156547 156546 156146 156145 155745 155744 154945 154145 154946 154146 153746 153747 153748 153749 154947 154147 154148 154149 154150 155750 154950 155749 154949 155347 155748 154948
bot 228 230 89ttdia6 1515667583 1425214 52
owned 228 1425214 1425215 1425216 1425217 1425617 1424817 1424417 1424416 1424415 1424414 1424413 1424412 1424411 1424410 1424810 1425210 1425211 1425212 1425612 1425613 1426013 1426014 1426015 1426016 1426415 1426414 1426413 1426412 1426012 1426011 1425611 1425610 1424811 1424011 1424812 1424012 1423612 1423613 1423614 1423615 1424813 1424013 1424014 1424015 1424016 1425616 1424816 1425615 1424815 1425213 1425614 1424814
bot 229 231 6o2o0nvl 1109887534 734593 52
owned 229 734593 734594 734595 734596 734996 734196 733796 733795 733794 733793 733792 733791 733790 733789 734189 734589 734590 734591 734991 734992 735392 735393 735394 735395 735794 735793 735792 735791 735391 735390 734990 734989 734190 733390 734191 733391 732991 732992 732993 732994 734192 733392 733393 733394 733395 734995 734195 734994 734194 734592 734993 734193
bot 230 232 xldl70se 1508905245 199202 42
owned 230 199202 199203 199204 199205 199605 198805 198405 198404 198403 198402 198401 198400 198800 199200 199600 199601 200001 200002 200003 200004 200403 200402 200401 200400 200000 198000 197600 197601 197602 197603 198801 198001 198002 198003 198004 199604 198804 199603 198803 199201 199602 198802
bot 231 233 qrwgzvzz 1194261553 1512878 52
owned 231 1512878 1512879 1512880 1512881 1513281 1512481 1512081 1512080 1512079 1512078 1512077 1512076 1512075 1512074 1512474 1512874 1512875 1512876 1513276 1513277 1513677 1513678 1513679 1513680 1514079 1514078 1514077 1514076 1513676 1513675 1513275 1513274 1512475 1511675 1512476 1511676 1511276 1511277 1511278 1511279 1512477 1511677 1511678 1511679 1511680 1513280 1512480 1513279 1512479 1512877 1513278 1512478
bot 232 234 h711p697 635026801 751266 52
owned 232 751266 751267 751268 751269 751669 750869 750469 750468 750467 750466 750465 750464 750463 750462 750862 751262 751263 751264 751664 751665 752065 752066 752067 752068 752467 752466 752465 752464 752064 752063 751663 751662 750863 750063 750864 750064 749664 749665 749666 749667 750865 750065 750066 750067 750068 751668 750868 751667 750867 751265 751666 750866
bot 233 235 g4ulqqm0 1702459915 46958 52
owned 233 46958 46959 46960 46961 47361 46561 46161 46160 46159 46158 46157 46156 46155 46154 46554 46954 46955 46956 47356 47357 47757 47758 47759 47760 48159 48158 48157 48156 47756 47755 47355 47354 46555 45755 46556 45756 45356 45357 45358 45359 46557 45757 45758 45759 45760 47360 46560 47359 46559 46957 47358 46558
bot 234 236 v18jrx10 1959076822 683221 52
owned 234 683221 683222 683223 683224 683624 682824 682424 682423 682422 682421 682420 682419 682418 682417 682817 683217 683218 683219 683619 683620 684020 684021 684022 684023 684422 684421 684420 684419 684019 684018 683618 683617 682818 682018 682819 682019 681619 681620 681621 681622 682820 682020 682021 682022 682023 683623 682823 683622 682822 683220 683621 682821
bot 235 237 8sd3i7p8 933279620 1104285 52
owned 235 1104285 1104286 1104287 1104288 1104688 1103888 1103488 1103487 1103486 1103485 1103484 1103483 1103482 1103481 1103881 1104281 1104282 1104283 1104683 1104684 1105084 1105085 1105086 1105087 1105486 1105485 1105484 1105483 1105083 1105082 1104682 1104681 1103882 1103082 1103883 1103083 1102683 1102684 1102685 1102686 1103884 1103084 1103085 1103086 1103087 1104687 1103887 1104686 1103886 1104284 1104685 1103885
bot 236 238 l5o27mtm -2040527415 1117171 52
owned 236 1117171 1117172 1117173 1117174 1117574 1116774 1116374 1116373 1116372 1116371 1116370 1116369 1116368 1116367 1116767 1117167 1117168 1117169 1117569 1117570 1117970 1117971 1117972 1117973 1118372 1118371 1118370 1118369 1117969 1117968 1117568 1117567 1116768 1115968 1116769 1115969 1115569 1115570 1115571 1115572 1116770 1115970 1115971 1115972 1115973 1117573 1116773 1117572 1116772 1117170 1117571 1116771
bot 237 239 b6f6r0t2 1867439652 563466 52
owned 237 563466 563467 563468 563469 563869 563069 562669 562668 562667 562666 562665 562664 562663 562662 563062 563462 563463 563464 563864 563865 564265 564266 564267 564268 564667 564666 564665 564664 564264 564263 563863 563862 563063 562263 563064 562264 561864 561865 561866 561867 563065 562265 562266 562267 562268 563868 563068 563867 563067 563465 563866 563066
bot 238 240 7j5a3pfw 1958254263 803281 52
owned 238 803281 803282 803283 803284 803684 802884 802484 802483 802482 802481 802480 802479 802478 802477 802877 803277 803278 803279 803679 803680 804080 804081 804082 804083 804482 804481 804480 804479 804079 804078 803678 803677 802878 802078 802879 802079 801679 801680 801681 801682 802880 802080 802081 802082 802083 803683 802883 803682 802882 803280 803681 802881
bot 239 241 m5sg1z4l 348334567 1433668 52
owned 239 1433668 1433669 1433670 1433671 1434071 1433271 1432871 1432870 1432869 1432868 1432867 1432866 1432865 1432864 1433264 1433664 1433665 1433666 1434066 1434067 1434467 1434468 1434469 1434470 1434869 1434868 1434867 1434866 1434466 1434465 1434065 1434064 1433265 1432465 1433266 1432466 1432066 1432067 1432068 1432069 1433267 1432467 1432468 1432469 1432470 1434070 1433270 1434069 1433269 1433667 1434068 1433268
bot 240 242 ehpglvfz 1269450044 368254 52
owned 240 368254 368255 368256 368257 368657 367857 367457 367456 367455 367454 367453 367452 367451 367450 367850 368250 368251 368252 368652 368653 369053 369054 369055 369056 369455 369454 369453 369452 369052 369051 368651 368650 367851 367051 367852 367052 366652 366653 366654 366655 367853 367053 367054 367055 367056 368656 367856 368655 367855 368253 368654 367854
bot 241 243 wu3zthbo 947178302 1124236 52
owned 241 1124236 1124237 1124238 1124239 1124639 1123839 1123439 1123438 1123437 1123436 1123435 1123434 1123433 1123432 1123832 1124232 1124233 1124234 1124634 1124635 1125035 1125036 1125037 1125038 1125437 1125436 1125435 1125434 1125034 1125033 1124633 1124632 1123833 1123033 1123834 1123034 1122634 1122635 1122636 1122637 1123835 1123035 1123036 1123037 1123038 1124638 1123838 1124637 1123837 1124235 1124636 1123836
bot 242 244 yeh875u5 1617155050 622666 52
owned 242 622666 622667 622668 622669 623069 622269 621869 621868 621867 621866 621865 621864 621863 621862 622262 622662 622663 622664 623064 623065 623465 623466 623467 623468 623867 623866 623865 623864 623464 623463 623063 623062 622263 621463 622264 621464 621064 621065 621066 621067 622265 621465 621466 621467 621468 623068 622268 623067 622267 622665 623066 622266
bot 243 245 8nuwzyn1 1340793310 899672 52
owned 243 899672 899673 899674 899675 900075 899275 898875 898874 898873 898872 898871 898870 898869 898868 899268 899668 899669 899670 900070 900071 900471 900472 900473 900474 900873 900872 900871 900870 900470 900469 900069 900068 899269 898469 899270 898470 898070 898071 898072 898073 899271 898471 898472 898473 898474 900074 899274 900073 899273 899671 900072 899272
bot 244 246 t0zwn9eb 959178531 131080 52
owned 244 131080 131081 131082 131083 131483 130683 130283 130282 130281 130280 130279 130278 130277 130276 130676 131076 131077 131078 131478 131479 131879 131880 131881 131882 132281 132280 132279 132278 131878 131877 131477 131476 130677 129877 130678 129878 129478 129479 129480 129481 130679 129879 129880 129881 129882 131482 130682 131481 130681 131079 131480 130680
bot 245 247 8zjwwdck 1655577600 508308 52
owned 245 508308 508309 508310 508311 508711 507911 507511 507510 507509 507508 507507 507506 507505 507504 507904 508304 508305 508306 508706 508707 509107 509108 509109 509110 509509 509508 509507 509506 509106 509105 508705 508704 507905 507105 507906 507106 506706 506707 506708 506709 507907 507107 507108 507109 507110 508710 507910 508709 507909 508307 508708 507908
bot 246 248 jwrhd5ij 1879101561 1644570 52
owned 246 1644570 1644571 1644572 1644573 1644973 1644173 1643773 1643772 1643771 1643770 1643769 1643768 1643767 1643766 1644166 1644566 1644567 1644568 1644968 1644969 1645369 1645370 1645371 1645372 1645771 1645770 1645769 1645768 1645368 1645367 1644967 1644966 1644167 1643367 1644168 1643368 1642968 1642969 1642970 1642971 1644169 1643369 1643370 1643371 1643372 1644972 1644172 1644971 1644171 1644569 1644970 1644170
bot 247 249 jyb8rp14 1589264510 490163 52
owned 247 490163 490164 490165 490166 490566 489766 489366 489365 489364 489363 489362 489361 489360 489359 489759 490159 490160 490161 490561 490562 490962 490963 490964 490965 491364 491363 491362 491361 490961 490960 490560 490559 489760 488960 489761 488961 488561 488562 488563 488564 489762 488962 488963 488964 488965 490565 489765 490564 489764 490162 490563 489763
bot 248 250 wl7sxu3v 236594675 330398 42
owned 248 330398 330399 330799 331199 331198 331197 331196 331195 330795 330794 330394 329994 329995 329996 329997 329597 329598 329599 329199 328799 328798 328797 328796 329196 329195 329198 329197 330396 329596 329595 329594 330395 331596 330796 331597 330797 331598 331599 329999 330397 330798 329998
bot 249 251 y0r0fu1j 1129846919 1607666 52
owned 249 1607666 1607667 1607668 1607669 1608069 1607269 1606869 1606868 1606867 1606866 1606865 1606864 1606863 1606862 1607262 1607662 1607663 1607664 1608064 1608065 1608465 1608466 1608467 1608468 1608867 1608866 1608865 1608864 1608464 1608463 1608063 1608062 1607263 1606463 1607264 1606464 1606064 1606065 1606066 1606067 1607265 1606465 1606466 1606467 1606468 1608068 1607268 1608067 1607267 1607665 1608066 1607266
bot 250 252 kneohbbr 882688749 553850 52
owned 250 553850 553851 553852 553853 554253 553453 553053 553052 553051 553050 553049 553048 553047 553046 553446 553846 553847 553848 554248 554249 554649 554650 554651 554652 555051 555050 555049 555048 554648 554647 554247 554246 553447 552647 553448 552648 552248 552249 552250 552251 553449 552649 552650 552651 552652 554252 553452 554251 553451 553849 554250 553450
bot 251 253 qc8m814x 1480004544 1010020 52
owned 251 1010020 1010021 1010022 1010023 1010423 1009623 1009223 1009222 1009221 1009220 1009219 1009218 1009217 1009216 1009616 1010016 1010017 1010018 1010418 1010419 1010819 1010820 1010821 1010822 1011221 1011220 1011219 1011218 1010818 1010817 1010417 1010416 1009617 1008817 1009618 1008818 1008418 1008419 1008420 1008421 1009619 1008819 1008820 1008821 1008822 1010422 1009622 1010421 1009621 1010019 1010420 1009620
bot 252 254 ix3jngmf 1224131180 468410 52
owned 252 468410 468411 468412 468413 468813 468013 467613 467612 467611 467610 467609 467608 467607 467606 468006 468406 468407 468408 468808 468809 469209 469210 469211 469212 469611 469610 469609 469608 469208 469207 468807 468806 468007 467207 468008 467208 466808 466809 466810 466811 468009 467209 467210 467211 467212 468812 468012 468811 468011 468409 468810 468010
bot 253 255 9mzpcgft -1962888896 452415 52
owned 253 452415 452416 452417 452418 452818 452018 451618 451617 451616 451615 451614 451613 451612 451611 452011 452411 452412 452413 452813 452814 453214 453215 453216 453217 453616 453615 453614 453613 453213 453212 452812 452811 452012 451212 452013 451213 450813 450814 450815 450816 452014 451214 451215 451216 451217 452817 452017 452816 452016 452414 452815 452015
bot 254 256 l5z5w588 1934897762 892284 52
owned 254 892284 892285 892286 892287 892687 891887 891487 891486 891485 891484 891483 891482 891481 891480 891880 892280 892281 892282 892682 892683 893083 893084 893085 893086 893485 893484 893483 893482 893082 893081 892681 892680 891881 891081 891882 891082 890682 890683 890684 890685 891883 891083 891084 891085 891086 892686 891886 892685 891885 892283 892684 891884
bot 255 257 pt0jqntf 1250199287 176854 52
owned 255 176854 176855 176856 176857 177257 176457 176057 176056 176055 176054 176053 176052 176051 176050 176450 176850 176851 176852 177252 177253 177653 177654 177655 177656 178055 178054 178053 178052 177652 177651 177251 177250 176451 175651 176452 175652 175252 175253 175254 175255 176453 175653 175654 175655 175656 177256 176456 177255 176455 176853 177254 176454
bot 256 258 2e8alk85 2137343212 1133607 52
owned 256 1133607 1133608 1133609 1133610 1134010 1133210 1132810 1132809 1132808 1132807 1132806 1132805 1132804 1132803 1133203 1133603 1133604 1133605 1134005 1134006 1134406 1134407 1134408 1134409 1134808 1134807 1134806 1134805 1134405 1134404 1134004 1134003 1133204 1132404 1133205 1132405 1132005 1132006 1132007 1132008 1133206 1132406 1132407 1132408 1132409 1134009 1133209 1134008 1133208 1133606 1134007 1133207
bot 257 259 hwe3kfal -2027389305 1445168 52
owned 257 1445168 1445169 1445170 1445171 1445571 1444771 1444371 1444370 1444369 1444368 1444367 1444366 1444365 1444364 1444764 1445164 1445165 1445166 1445566 1445567 1445967 1445968 1445969 1445970 1446369 1446368 1446367 1446366 1445966 1445965 1445565 1445564 1444765 1443965 1444766 1443966 1443566 1443567 1443568 1443569 1444767 1443967 1443968 1443969 1443970 1445570 1444770 1445569 1444769 1445167 1445568 1444768
bot 258 260 47li627l 1118737045 1538658 52
owned 258 1538658 1538659 1538660 1538661 1539061 1538261 1537861 1537860 1537859 1537858 1537857 1537856 1537855 1537854 1538254 1538654 1538655 1538656 1539056 1539057 1539457 1539458 1539459 1539460 1539859 1539858 1539857 1539856 1539456 1539455 1539055 1539054 1538255 1537455 1538256 1537456 1537056 1537057 1537058 1537059 1538257 1537457 1537458 1537459 1537460 1539060 1538260 1539059 1538259 1538657 1539058 1538258
bot 259 261 3asdumaj -2042581532 442087 52
owned 259 442087 442088 442089 442090 442490 441690 441290 441289 441288 441287 441286 441285 441284 441283 441683 442083 442084 442085 442485 442486 442886 442887 442888 442889 443288 443287 443286 443285 442885 442884 442484 442483 441684 440884 441685 440885 440485 440486 440487 440488 441686 440886 440887 440888 440889 442489 441689 442488 441688 442086 442487 441687
bot 260 262 l75txeu7 2077042187 193577 52
owned 260 193577 193578 193579 193580 193980 193180 192780 192779 192778 192777 192776 192775 192774 192773 193173 193573 193574 193575 193975 193976 194376 194377 194378 194379 194778 194777 194776 194775 194375 194374 193974 193973 193174 192374 193175 192375 191975 191976 191977 191978 193176 192376 192377 192378 192379 193979 193179 193978 193178 193576 193977 193177
bot 261 263 tbcz7mf1 255526794 1529698 52
owned 261 1529698 1529699 1529700 1529701 1530101 1529301 1528901 1528900 1528899 1528898 1528897 1528896 1528895 1528894 1529294 1529694 1529695 1529696 1530096 1530097 1530497 1530498 1530499 1530500 1530899 1530898 1530897 1530896 1530496 1530495 1530095 1530094 1529295 1528495 1529296 1528496 1528096 1528097 1528098 1528099 1529297 1528497 1528498 1528499 1528500 1530100 1529300 1530099 1529299 1529697 1530098 1529298
bot 262 264 o1ilw638 692382587 1107805 52
owned 262 1107805 1107806 1107807 1107808 1108208 1107408 1107008 1107007 1107006 1107005 1107004 1107003 1107002 1107001 1107401 1107801 1107802 1107803 1108203 1108204 1108604 1108605 1108606 1108607 1109006 1109005 1109004 1109003 1108603 1108602 1108202 1108201 1107402 1106602 1107403 1106603 1106203 1106204 1106205 1106206 1107404 1106604 1106605 1106606 1106607 1108207 1107407 1108206 1107406 1107804 1108205 1107405
bot 263 265 la4ytzgl 1260745833 1364889 52
owned 263 1364889 1364890 1364891 1364892 1365292 1364492 1364092 1364091 1364090 1364089 1364088 1364087 1364086 1364085 1364485 1364885 1364886 1364887 1365287 1365288 1365688 1365689 1365690 1365691 1366090 1366089 1366088 1366087 1365687 1365686 1365286 1365285 1364486 1363686 1364487 1363687 1363287 1363288 1363289 1363290 1364488 1363688 1363689 1363690 1363691 1365291 1364491 1365290 1364490 1364888 1365289 1364489
bot 264 266 in2bq49j 1545211963 1035210 52
owned 264 1035210 1035211 1035212 1035213 1035613 1034813 1034413 1034412 1034411 1034410 1034409 1034408 1034407 1034406 1034806 1035206 1035207 1035208 1035608 1035609 1036009 1036010 1036011 1036012 1036411 1036410 1036409 1036408 1036008 1036007 1035607 1035606 1034807 1034007 1034808 1034008 1033608 1033609 1033610 1033611 1034809 1034009 1034010 1034011 1034012 1035612 1034812 1035611 1034811 1035209 1035610 1034810
bot 265 267 5irnw7ij 276056243 578141 52
owned 265 578141 578142 578143 578144 578544 577744 577344 577343 577342 577341 577340 577339 577338 577337 577737 578137 578138 578139 578539 578540 578940 578941 578942 578943 579342 579341 579340 579339 578939 578938 578538 578537 577738 576938 577739 576939 576539 576540 576541 576542 577740 576940 576941 576942 576943 578543 577743 578542 577742 578140 578541 577741
bot 266 268 noxeflvy 1919430651 211580 52
owned 266 211580 211581 211582 211583 211983 211183 210783 210782 210781 210780 210779 210778 210777 210776 211176 211576 211577 211578 211978 211979 212379 212380 212381 212382 212781 212780 212779 212778 212378 212377 211977 211976 211177 210377 211178 210378 209978 209979 209980 209981 211179 210379 210380 210381 210382 211982 211182 211981 211181 211579 211980 211180
bot 267 269 8gn7568f 1284878845 263172 52
owned 267 263172 263173 263174 263175 263575 262775 262375 262374 262373 262372 262371 262370 262369 262368 262768 263168 263169 263170 263570 263571 263971 263972 263973 263974 264373 264372 264371 264370 263970 263969 263569 263568 262769 261969 262770 261970 261570 261571 261572 261573 262771 261971 261972 261973 261974 263574 262774 263573 262773 263171 263572 262772
bot 268 270 5c1omdu5 1575113319 106225 52
owned 268 106225 106226 106227 106228 106628 105828 105428 105427 105426 105425 105424 105423 105422 105421 105821 106221 106222 106223 106623 106624 107024 107025 107026 107027 107426 107425 107424 107423 107023 107022 106622 106621 105822 105022 105823 105023 104623 104624 104625 104626 105824 105024 105025 105026 105027 106627 105827 106626 105826 106224 106625 105825
bot 269 271 yc2b3pvx 604443755 776206 52
owned 269 776206 776207 776208 776209 776609 775809 775409 775408 775407 775406 775405 775404 775403 775402 775802 776202 776203 776204 776604 776605 777005 777006 777007 777008 777407 777406 777405 777404 777004 777003 776603 776602 775803 775003 775804 775004 774604 774605 774606 774607 775805 775005 775006 775007 775008 776608 775808 776607 775807 776205 776606 775806
bot 270 272 lml55dcl 564423046 604570 52
owned 270 604570 604571 604572 604573 604973 604173 603773 603772 603771 603770 603769 603768 603767 603766 604166 604566 604567 604568 604968 604969 605369 605370 605371 605372 605771 605770 605769 605768 605368 605367 604967 604966 604167 603367 604168 603368 602968 602969 602970 602971 604169 603369 603370 603371 603372 604972 604172 604971 604171 604569 604970 604170
bot 271 273 1o5etbis 1064436554 1002784 52
owned 271 1002784 1002785 1002786 1002787 1003187 1002387 1001987 1001986 1001985 1001984 1001983 1001982 1001981 1001980 1002380 1002780 1002781 1002782 1003182 1003183 1003583 1003584 1003585 1003586 1003985 1003984 1003983 1003982 1003582 1003581 1003181 1003180 1002381 1001581 1002382 1001582 1001182 1001183 1001184 1001185 1002383 1001583 1001584 1001585 1001586 1003186 1002386 1003185 1002385 1002783 1003184 1002384
bot 272 274 bulnhjw5 1566032591 498346 52
owned 272 498346 498347 498348 498349 498749 497949 497549 497548 497547 497546 497545 497544 497543 497542 497942 498342 498343 498344 498744 498745 499145 499146 499147 499148 499547 499546 499545 499544 499144 499143 498743 498742 497943 497143 497944 497144 496744 496745 496746 496747 497945 497145 497146 497147 497148 498748 497948 498747 497947 498345 498746 497946
bot 273 275 c6y4cfry 863565244 1040427 52
owned 273 1040427 1040428 1040429 1040430 1040830 1040030 1039630 1039629 1039628 1039627 1039626 1039625 1039624 1039623 1040023 1040423 1040424 1040425 1040825 1040826 1041226 1041227 1041228 1041229 1041628 1041627 1041626 1041625 1041225 1041224 1040824 1040823 1040024 1039224 1040025 1039225 1038825 1038826 1038827 1038828 1040026 1039226 1039227 1039228 1039229 1040829 1040029 1040828 1040028 1040426 1040827 1040027
bot 274 276 kbpw8sak 2119546823 535133 52
owned 274 535133 535134 535135 535136 535536 534736 534336 534335 534334 534333 534332 534331 534330 534329 534729 535129 535130 535131 535531 535532 535932 535933 535934 535935 536334 536333 536332 536331 535931 535930 535530 535529 534730 533930 534731 533931 533531 533532 533533 533534 534732 533932 533933 533934 533935 535535 534735 535534 534734 535132 535533 534733
bot 275 277 65e8qmsr -2139027305 757324 52
owned 275 757324 757325 757326 757327 757727 756927 756527 756526 756525 756524 756523 756522 756521 756520 756920 757320 757321 757322 757722 757723 758123 758124 758125 758126 758525 758524 758523 758522 758122 758121 757721 757720 756921 756121 756922 756122 755722 755723 755724 755725 756923 756123 756124 756125 756126 757726 756926 757725 756925 757323 757724 756924
bot 276 278 furhe0mp 1722812567 200332 52
owned 276 200332 200333 200334 200335 200735 199935 199535 199534 199533 199532 199531 199530 199529 199528 199928 200328 200329 200330 200730 200731 201131 201132 201133 201134 201533 201532 201531 201530 201130 201129 200729 200728 199929 199129 199930 199130 198730 198731 198732 198733 199931 199131 199132 199133 199134 200734 199934 200733 199933 200331 200732 199932
bot 277 279 92npvjrt 1165988245 831322 52
owned 277 831322 831323 831324 831325 831725 830925 830525 830524 830523 830522 830521 830520 830519 830518 830918 831318 831319 831320 831720 831721 832121 832122 832123 832124 832523 832522 832521 832520 832120 832119 831719 831718 830919 830119 830920 830120 829720 829721 829722 829723 830921 830121 830122 830123 830124 831724 830924 831723 830923 831321 831722 830922
bot 278 280 c56xdfdl -1969221818 572798 42
owned 278 572798 572799 573199 573599 573598 573597 573596 573595 573195 573194 572794 572394 572395 572396 572397 571997 571998 571999 571599 571199 571198 571197 571196 571596 571595 571598 571597 572796 571996 571995 571994 572795 573996 573196 573997 573197 573998 573999 572399 572797 573198 572398
bot 279 281 jul4zb4e 561489496 817806 52
owned 279 817806 817807 817808 817809 818209 817409 817009 817008 817007 817006 817005 817004 817003 817002 817402 817802 817803 817804 818204 818205 818605 818606 818607 818608 819007 819006 819005 819004 818604 818603 818203 818202 817403 816603 817404 816604 816204 816205 816206 816207 817405 816605 816606 816607 816608 818208 817408 818207 817407 817805 818206 817406
bot 280 282 mpuzdlvw 997570901 266879 52
owned 280 266879 266880 266881 266882 267282 266482 266082 266081 266080 266079 266078 266077 266076 266075 266475 266875 266876 266877 267277 267278 267678 267679 267680 267681 268080 268079 268078 268077 267677 267676 267276 267275 266476 265676 266477 265677 265277 265278 265279 265280 266478 265678 265679 265680 265681 267281 266481 267280 266480 266878 267279 266479
bot 281 283 plrlx715 -2131230421 65766 52
owned 281 65766 65767 65768 65769 66169 65369 64969 64968 64967 64966 64965 64964 64963 64962 65362 65762 65763 65764 66164 66165 66565 66566 66567 66568 66967 66966 66965 66964 66564 66563 66163 66162 65363 64563 65364 64564 64164 64165 64166 64167 65365 64565 64566 64567 64568 66168 65368 66167 65367 65765 66166 65366
bot 282 284 yl9vsjpk 986070082 307165 52
owned 282 307165 307166 307167 307168 307568 306768 306368 306367 306366 306365 306364 306363 306362 306361 306761 307161 307162 307163 307563 307564 307964 307965 307966 307967 308366 308365 308364 308363 307963 307962 307562 307561 306762 305962 306763 305963 305563 305564 305565 305566 306764 305964 305965 305966 305967 307567 306767 307566 306766 307164 307565 306765
bot 283 285 mkfgkn7r 408244129 594318 52
owned 283 594318 594319 594320 594321 594721 593921 593521 593520 593519 593518 593517 593516 593515 593514 593914 594314 594315 594316 594716 594717 595117 595118 595119 595120 595519 595518 595517 595516 595116 595115 594715 594714 593915 593115 593916 593116 592716 592717 592718 592719 593917 593117 593118 593119 593120 594720 593920 594719 593919 594317 594718 593918
bot 284 286 v5nlafkw 1980026422 159705 52
owned 284 159705 159706 159707 159708 160108 159308 158908 158907 158906 158905 158904 158903 158902 158901 159301 159701 159702 159703 160103 160104 160504 160505 160506 160507 160906 160905 160904 160903 160503 160502 160102 160101 159302 158502 159303 158503 158103 158104 158105 158106 159304 158504 158505 158506 158507 160107 159307 160106 159306 159704 160105 159305
bot 285 287 2p3gb961 1102687968 1484424 52
owned 285 1484424 1484425 1484426 1484427 1484827 1484027 1483627 1483626 1483625 1483624 1483623 1483622 1483621 1483620 1484020 1484420 1484421 1484422 1484822 1484823 1485223 1485224 1485225 1485226 1485625 1485624 1485623 1485622 1485222 1485221 1484821 1484820 1484021 1483221 1484022 1483222 1482822 1482823 1482824 1482825 1484023 1483223 1483224 1483225 1483226 1484826 1484026 1484825 1484025 1484423 1484824 1484024
bot 286 288 uc4jshlt 1527277285 1018184 52
owned 286 1018184 1018185 1018186 1018187 1018587 1017787 1017387 1017386 1017385 1017384 1017383 1017382 1017381 1017380 1017780 1018180 1018181 1018182 1018582 1018583 1018983 1018984 1018985 1018986 1019385 1019384 1019383 1019382 1018982 1018981 1018581 1018580 1017781 1016981 1017782 1016982 1016582 1016583 1016584 1016585 1017783 1016983 1016984 1016985 1016986 1018586 1017786 1018585 1017785 1018183 1018584 1017784
bot 287 289 6xdips73 1935311914 13338 52
owned 287 13338 13339 13340 13341 13741 12941 12541 12540 12539 12538 12537 12536 12535 12534 12934 13334 13335 13336 13736 13737 14137 14138 14139 14140 14539 14538 14537 14536 14136 14135 13735 13734 12935 12135 12936 12136 11736 11737 11738 11739 12937 12137 12138 12139 12140 13740 12940 13739 12939 13337 13738 12938
bot 288 290 fqxqj0bu 2093449639 706589 52
owned 288 706589 706590 706591 706592 706992 706192 705792 705791 705790 705789 705788 705787 705786 705785 706185 706585 706586 706587 706987 706988 707388 707389 707390 707391 707790 707789 707788 707787 707387 707386 706986 706985 706186 705386 706187 705387 704987 704988 704989 704990 706188 705388 705389 705390 705391 706991 706191 706990 706190 706588 706989 706189
bot 289 291 yen0iwte 1451215319 534795 52
owned 289 534795 534796 534797 534798 535198 534398 533998 533997 533996 533995 533994 533993 533992 533991 534391 534791 534792 534793 535193 535194 535594 535595 535596 535597 535996 535995 535994 535993 535593 535592 535192 535191 534392 533592 534393 533593 533193 533194 533195 533196 534394 533594 533595 533596 533597 535197 534397 535196 534396 534794 535195 534395
bot 290 292 77ucsgzt -1988775040 1176797 48
owned 290 1176797 1176798 1176799 1177199 1177599 1177598 1177597 1177596 1177595 1177594 1177194 1177193 1176793 1176393 1176394 1176395 1176396 1175996 1175997 1175998 1175999 1175599 1175598 1175198 1175197 1175196 1175195 1175595 1175594 1175597 1175596 1176795 1175995 1175994 1175993 1176794 1177995 1177195 1177996 1177196 1177997 1177998 1176399 1177198 1176398 1176796 1177197 1176397
bot 291 293 4c1d18ro 626168222 1549174 52
owned 291 1549174 1549175 1549176 1549177 1549577 1548777 1548377 1548376 1548375 1548374 1548373 1548372 1548371 1548370 1548770 1549170 1549171 1549172 1549572 1549573 1549973 1549974 1549975 1549976 1550375 1550374 1550373 1550372 1549972 1549971 1549571 1549570 1548771 1547971 1548772 1547972 1547572 1547573 1547574 1547575 1548773 1547973 1547974 1547975 1547976 1549576 1548776 1549575 1548775 1549173 1549574 1548774
bot 292 294 bz5je7hx 1739532339 1247946 52
owned 292 1247946 1247947 1247948 1247949 1248349 1247549 1247149 1247148 1247147 1247146 1247145 1247144 1247143 1247142 1247542 1247942 1247943 1247944 1248344 1248345 1248745 1248746 1248747 1248748 1249147 1249146 1249145 1249144 1248744 1248743 1248343 1248342 1247543 1246743 1247544 1246744 1246344 1246345 1246346 1246347 1247545 1246745 1246746 1246747 1246748 1248348 1247548 1248347 1247547 1247945 1248346 1247546
bot 293 295 fn7ax8sx -1958728051 446669 52
owned 293 446669 446670 446671 446672 447072 446272 445872 445871 445870 445869 445868 445867 445866 445865 446265 446665 446666 446667 447067 447068 447468 447469 447470 447471 447870 447869 447868 447867 447467 447466 447066 447065 446266 445466 446267 445467 445067 445068 445069 445070 446268 445468 445469 445470 445471 447071 446271 447070 446270 446668 447069 446269
bot 294 296 owdtos2u 1613878371 1611775 52
owned 294 1611775 1611776 1611777 1611778 1612178 1611378 1610978 1610977 1610976 1610975 1610974 1610973 1610972 1610971 1611371 1611771 1611772 1611773 1612173 1612174 1612574 1612575 1612576 1612577 1612976 1612975 1612974 1612973 1612573 1612572 1612172 1612171 1611372 1610572 1611373 1610573 1610173 1610174 1610175 1610176 1611374 1610574 1610575 1610576 1610577 1612177 1611377 1612176 1611376 1611774 1612175 1611375
bot 295 297 f33f3rln 1470202053 1594615 52
owned 295 1594615 1594616 1594617 1594618 1595018 1594218 1593818 1593817 1593816 1593815 1593814 1593813 1593812 1593811 1594211 1594611 1594612 1594613 1595013 1595014 1595414 1595415 1595416 1595417 1595816 1595815 1595814 1595813 1595413 1595412 1595012 1595011 1594212 1593412 1594213 1593413 1593013 1593014 1593015 1593016 1594214 1593414 1593415 1593416 1593417 1595017 1594217 1595016 1594216 1594614 1595015 1594215
bot 296 298 shy7v4eo 333923945 1515229 52
owned 296 1515229 1515230 1515231 1515232 1515632 1514832 1514432 1514431 1514430 1514429 1514428 1514427 1514426 1514425 1514825 1515225 1515226 1515227 1515627 1515628 1516028 1516029 1516030 1516031 1516430 1516429 1516428 1516427 1516027 1516026 1515626 1515625 1514826 1514026 1514827 1514027 1513627 1513628 1513629 1513630 1514828 1514028 1514029 1514030 1514031 1515631 1514831 1515630 1514830 1515228 1515629 1514829
bot 297 299 qi05x4jp 728788965 316849 52
owned 297 316849 316850 316851 316852 317252 316452 316052 316051 316050 316049 316048 316047 316046 316045 316445 316845 316846 316847 317247 317248 317648 317649 317650 317651 318050 318049 318048 318047 317647 317646 317246 317245 316446 315646 316447 315647 315247 315248 315249 315250 316448 315648 315649 315650 315651 317251 316451 317250 316450 316848 317249 316449
bot 298 300 rtwhvg9g 417899862 639294 52
owned 298 639294 639295 639296 639297 639697 638897 638497 638496 638495 638494 638493 638492 638491 638490 638890 639290 639291 639292 639692 639693 640093 640094 640095 640096 640495 640494 640493 640492 640092 640091 639691 639690 638891 638091 638892 638092 637692 637693 637694 637695 638893 638093 638094 638095 638096 639696 638896 639695 638895 639293 639694 638894
bot 299 301 xebmdu02 1260056271 1056096 52
owned 299 1056096 1056097 1056098 1056099 1056499 1055699 1055299 1055298 1055297 1055296 1055295 1055294 1055293 1055292 1055692 1056092 1056093 1056094 1056494 1056495 1056895 1056896 1056897 1056898 1057297 1057296 1057295 1057294 1056894 1056893 1056493 1056492 1055693 1054893 1055694 1054894 1054494 1054495 1054496 1054497 1055695 1054895 1054896 1054897 1054898 1056498 1055698 1056497 1055697 1056095 1056496 1055696
bot 300 302 minv0qzi 1572112624 1239168 52
owned 300 1239168 1239169 1239170 1239171 1239571 1238771 1238371 1238370 1238369 1238368 1238367 1238366 1238365 1238364 1238764 1239164 1239165 1239166 1239566 1239567 1239967 1239968 1239969 1239970 1240369 1240368 1240367 1240366 1239966 1239965 1239565 1239564 1238765 1237965 1238766 1237966 1237566 1237567 1237568 1237569 1238767 1237967 1237968 1237969 1237970 1239570 1238770 1239569 1238769 1239167 1239568 1238768
bot 301 303 s3tsi6x9 231384593 697680 52
owned 301 697680 697681 697682 697683 698083 697283 696883 696882 696881 696880 696879 696878 696877 696876 697276 697676 697677 697678 698078 698079 698479 698480 698481 698482 698881 698880 698879 698878 698478 698477 698077 698076 697277 696477 697278 696478 696078 696079 696080 696081 697279 696479 696480 696481 696482 698082 697282 698081 697281 697679 698080 697280
bot 302 304 k4ol3ovv 536339554 970575 52
owned 302 970575 970576 970577 970578 970978 970178 969778 969777 969776 969775 969774 969773 969772 969771 970171 970571 970572 970573 970973 970974 971374 971375 971376 971377 971776 971775 971774 971773 971373 971372 970972 970971 970172 969372 970173 969373 968973 968974 968975 968976 970174 969374 969375 969376 969377 970977 970177 970976 970176 970574 970975 970175
bot 303 305 my4alddo 1935066024 59158 52
owned 303 59158 59159 59160 59161 59561 58761 58361 58360 58359 58358 58357 58356 58355 58354 58754 59154 59155 59156 59556 59557 59957 59958 59959 59960 60359 60358 60357 60356 59956 59955 59555 59554 58755 57955 58756 57956 57556 57557 57558 57559 58757 57957 57958 57959 57960 59560 58760 59559 58759 59157 59558 58758
bot 304 306 j2kjyzt1 573024905 1562215 52
owned 304 1562215 1562216 1562217 1562218 1562618 1561818 1561418 1561417 1561416 1561415 1561414 1561413 1561412 1561411 1561811 1562211 1562212 1562213 1562613 1562614 1563014 1563015 1563016 1563017 1563416 1563415 1563414 1563413 1563013 1563012 1562612 1562611 1561812 1561012 1561813 1561013 1560613 1560614 1560615 1560616 1561814 1561014 1561015 1561016 1561017 1562617 1561817 1562616 1561816 1562214 1562615 1561815
bot 305 307 x5ff4utp 1716176702 1143106 52
owned 305 1143106 1143107 1143108 1143109 1143509 1142709 1142309 1142308 1142307 1142306 1142305 1142304 1142303 1142302 1142702 1143102 1143103 1143104 1143504 1143505 1143905 1143906 1143907 1143908 1144307 1144306 1144305 1144304 1143904 1143903 1143503 1143502 1142703 1141903 1142704 1141904 1141504 1141505 1141506 1141507 1142705 1141905 1141906 1141907 1141908 1143508 1142708 1143507 1142707 1143105 1143506 1142706
bot 306 308 lokk2xdf -1934366033 666935 52
owned 306 666935 666936 666937 666938 667338 666538 666138 666137 666136 666135 666134 666133 666132 666131 666531 666931 666932 666933 667333 667334 667734 667735 667736 667737 668136 668135 668134 668133 667733 667732 667332 667331 666532 665732 666533 665733 665333 665334 665335 665336 666534 665734 665735 665736 665737 667337 666537 667336 666536 666934 667335 666535
bot 307 309 sylg30cf 1985369573 719419 52
owned 307 719419 719420 719421 719422 719822 719022 718622 718621 718620 718619 718618 718617 718616 718615 719015 719415 719416 719417 719817 719818 720218 720219 720220 720221 720620 720619 720618 720617 720217 720216 719816 719815 719016 718216 719017 718217 717817 717818 717819 717820 719018 718218 718219 718220 718221 719821 719021 719820 719020 719418 719819 719019
bot 308 310 sahbcu7b 2042478409 833158 52
owned 308 833158 833159 833160 833161 833561 832761 832361 832360 832359 832358 832357 832356 832355 832354 832754 833154 833155 833156 833556 833557 833957 833958 833959 833960 834359 834358 834357 834356 833956 833955 833555 833554 832755 831955 832756 831956 831556 831557 831558 831559 832757 831957 831958 831959 831960 833560 832760 833559 832759 833157 833558 832758
bot 309 311 zuvsbbzm -1951051985 1334102 52
owned 309 1334102 1334103 1334104 1334105 1334505 1333705 1333305 1333304 1333303 1333302 1333301 1333300 1333299 1333298 1333698 1334098 1334099 1334100 1334500 1334501 1334901 1334902 1334903 1334904 1335303 1335302 1335301 1335300 1334900 1334899 1334499 1334498 1333699 1332899 1333700 1332900 1332500 1332501 1332502 1332503 1333701 1332901 1332902 1332903 1332904 1334504 1333704 1334503 1333703 1334101 1334502 1333702
bot 310 312 n4n57mjy 764300918 474876 52
owned 310 474876 474877 474878 474879 475279 474479 474079 474078 474077 474076 474075 474074 474073 474072 474472 474872 474873 474874 475274 475275 475675 475676 475677 475678 476077 476076 476075 476074 475674 475673 475273 475272 474473 473673 474474 473674 473274 473275 473276 473277 474475 473675 473676 473677 473678 475278 474478 475277 474477 474875 475276 474476
bot 311 313 8s3w15kq 854902363 736045 52
owned 311 736045 736046 736047 736048 736448 735648 735248 735247 735246 735245 735244 735243 735242 735241 735641 736041 736042 736043 736443 736444 736844 736845 736846 736847 737246 737245 737244 737243 736843 736842 736442 736441 735642 734842 735643 734843 734443 734444 734445 734446 735644 734844 734845 734846 734847 736447 735647 736446 735646 736044 736445 735645
bot 312 314 a6z0gp5d 1697973799 321050 52
owned 312 321050 321051 321052 321053 321453 320653 320253 320252 320251 320250 320249 320248 320247 320246 320646 321046 321047 321048 321448 321449 321849 321850 321851 321852 322251 322250 322249 322248 321848 321847 321447 321446 320647 319847 320648 319848 319448 319449 319450 319451 320649 319849 319850 319851 319852 321452 320652 321451 320651 321049 321450 320650
bot 313 315 momzwuew 564874533 761745 52
owned 313 761745 761746 761747 761748 762148 761348 760948 760947 760946 760945 760944 760943 760942 760941 761341 761741 761742 761743 762143 762144 762544 762545 762546 762547 762946 762945 762944 762943 762543 762542 762142 762141 761342 760542 761343 760543 760143 760144 760145 760146 761344 760544 760545 760546 760547 762147 761347 762146 761346 761744 762145 761345
bot 314 316 swknlr19 256525071 620923 52
owned 314 620923 620924 620925 620926 621326 620526 620126 620125 620124 620123 620122 620121 620120 620119 620519 620919 620920 620921 621321 621322 621722 621723 621724 621725 622124 622123 622122 622121 621721 621720 621320 621319 620520 619720 620521 619721 619321 619322 619323 619324 620522 619722 619723 619724 619725 621325 620525 621324 620524 620922 621323 620523
bot 315 317 68tli42a 1430218968 1351068 52
owned 315 1351068 1351069 1351070 1351071 1351471 1350671 1350271 1350270 1350269 1350268 1350267 1350266 1350265 1350264 1350664 1351064 1351065 1351066 1351466 1351467 1351867 1351868 1351869 1351870 1352269 1352268 1352267 1352266 1351866 1351865 1351465 1351464 1350665 1349865 1350666 1349866 1349466 1349467 1349468 1349469 1350667 1349867 1349868 1349869 1349870 1351470 1350670 1351469 1350669 1351067 1351468 1350668
bot 316 318 43wn7pvq -2111648082 1441686 52
owned 316 1441686 1441687 1441688 1441689 1442089 1441289 1440889 1440888 1440887 1440886 1440885 1440884 1440883 1440882 1441282 1441682 1441683 1441684 1442084 1442085 1442485 1442486 1442487 1442488 1442887 1442886 1442885 1442884 1442484 1442483 1442083 1442082 1441283 1440483 1441284 1440484 1440084 1440085 1440086 1440087 1441285 1440485 1440486 1440487 1440488 1442088 1441288 1442087 1441287 1441685 1442086 1441286
bot 317 319 ssod81st 1038582099 304164 52
owned 317 304164 304165 304166 304167 304567 303767 303367 303366 303365 303364 303363 303362 303361 303360 303760 304160 304161 304162 304562 304563 304963 304964 304965 304966 305365 305364 305363 305362 304962 304961 304561 304560 303761 302961 303762 302962 302562 302563 302564 302565 303763 302963 302964 302965 302966 304566 303766 304565 303765 304163 304564 303764
bot 318 320 9fudx3o3 260867775 336086 52
owned 318 336086 336087 336088 336089 336489 335689 335289 335288 335287 335286 335285 335284 335283 335282 335682 336082 336083 336084 336484 336485 336885 336886 336887 336888 337287 337286 337285 337284 336884 336883 336483 336482 335683 334883 335684 334884 334484 334485 334486 334487 335685 334885 334886 334887 334888 336488 335688 336487 335687 336085 336486 335686
bot 319 321 cm4ig7bz 505236139 660226 52
owned 319 660226 660227 660228 660229 660629 659829 659429 659428 659427 659426 659425 659424 659423 659422 659822 660222 660223 660224 660624 660625 661025 661026 661027 661028 661427 661426 661425 661424 661024 661023 660623 660622 659823 659023 659824 659024 658624 658625 658626 658627 659825 659025 659026 659027 659028 660628 659828 660627 659827 660225 660626 659826
bot 320 322 ajwm3pcu 572424594 626464 52
owned 320 626464 626465 626466 626467 626867 626067 625667 625666 625665 625664 625663 625662 625661 625660 626060 626460 626461 626462 626862 626863 627263 627264 627265 627266 627665 627664 627663 627662 627262 627261 626861 626860 626061 625261 626062 625262 624862 624863 624864 624865 626063 625263 625264 625265 625266 626866 626066 626865 626065 626463 626864 626064
bot 321 323 wcn2fdks -1968654214 507333 52
owned 321 507333 507334 507335 507336 507736 506936 506536 506535 506534 506533 506532 506531 506530 506529 506929 507329 507330 507331 507731 507732 508132 508133 508134 508135 508534 508533 508532 508531 508131 508130 507730 507729 506930 506130 506931 506131 505731 505732 505733 505734 506932 506132 506133 506134 506135 507735 506935 507734 506934 507332 507733 506933
bot 322 324 0a4r00hz 683703363 1172377 52
owned 322 1172377 1172378 1172379 1172380 1172780 1171980 1171580 1171579 1171578 1171577 1171576 1171575 1171574 1171573 1171973 1172373 1172374 1172375 1172775 1172776 1173176 1173177 1173178 1173179 1173578 1173577 1173576 1173575 1173175 1173174 1172774 1172773 1171974 1171174 1171975 1171175 1170775 1170776 1170777 1170778 1171976 1171176 1171177 1171178 1171179 1172779 1171979 1172778 1171978 1172376 1172777 1171977
bot 323 325 548y287t 1721499265 100487 52
owned 323 100487 100488 100489 100490 100890 100090 99690 99689 99688 99687 99686 99685 99684 99683 100083 100483 100484 100485 100885 100886 101286 101287 101288 101289 101688 101687 101686 101685 101285 101284 100884 100883 100084 99284 100085 99285 98885 98886 98887 98888 100086 99286 99287 99288 99289 100889 100089 100888 100088 100486 100887 100087
bot 324 326 rkqmpoqo 852974710 1009839 52
owned 324 1009839 1009840 1009841 1009842 1010242 1009442 1009042 1009041 1009040 1009039 1009038 1009037 1009036 1009035 1009435 1009835 1009836 1009837 1010237 1010238 1010638 1010639 1010640 1010641 1011040 1011039 1011038 1011037 1010637 1010636 1010236 1010235 1009436 1008636 1009437 1008637 1008237 1008238 1008239 1008240 1009438 1008638 1008639 1008640 1008641 1010241 1009441 1010240 1009440 1009838 1010239 1009439
bot 325 327 nrv83khf 259845800 796530 52
owned 325 796530 796531 796532 796533 796933 796133 795733 795732 795731 795730 795729 795728 795727 795726 796126 796526 796527 796528 796928 796929 797329 797330 797331 797332 797731 797730 797729 797728 797328 797327 796927 796926 796127 795327 796128 795328 794928 794929 794930 794931 796129 795329 795330 795331 795332 796932 796132 796931 796131 796529 796930 796130
bot 326 328 00wyr0st 1151356229 1266740 52
owned 326 1266740 1266741 1266742 1266743 1267143 1266343 1265943 1265942 1265941 1265940 1265939 1265938 1265937 1265936 1266336 1266736 1266737 1266738 1267138 1267139 1267539 1267540 1267541 1267542 1267941 1267940 1267939 1267938 1267538 1267537 1267137 1267136 1266337 1265537 1266338 1265538 1265138 1265139 1265140 1265141 1266339 1265539 1265540 1265541 1265542 1267142 1266342 1267141 1266341 1266739 1267140 1266340
bot 327 329 dhvz0u2j 732311231 1460560 52
owned 327 1460560 1460561 1460562 1460563 1460963 1460163 1459763 1459762 1459761 1459760 1459759 1459758 1459757 1459756 1460156 1460556 1460557 1460558 1460958 1460959 1461359 1461360 1461361 1461362 1461761 1461760 1461759 1461758 1461358 1461357 1460957 1460956 1460157 1459357 1460158 1459358 1458958 1458959 1458960 1458961 1460159 1459359 1459360 1459361 1459362 1460962 1460162 1460961 1460161 1460559 1460960 1460160
bot 328 330 87uy1srx 674084857 902580 52
owned 328 902580 902581 902582 902583 902983 902183 901783 901782 901781 901780 901779 901778 901777 901776 902176 902576 902577 902578 902978 902979 903379 903380 903381 903382 903781 903780 903779 903778 903378 903377 902977 902976 902177 901377 902178 901378 900978 900979 900980 900981 902179 901379 901380 901381 901382 902982 902182 902981 902181 902579 902980 902180
bot 329 331 26wgkglj 1355285106 326368 52
owned 329 326368 326369 326370 326371 326771 325971 325571 325570 325569 325568 325567 325566 325565 325564 325964 326364 326365 326366 326766 326767 327167 327168 327169 327170 327569 327568 327567 327566 327166 327165 326765 326764 325965 325165 325966 325166 324766 324767 324768 324769 325967 325167 325168 325169 325170 326770 325970 326769 325969 326367 326768 325968
bot 330 332 s4otxlhb 977164344 111194 52
owned 330 111194 111195 111196 111197 111597 110797 110397 110396 110395 110394 110393 110392 110391 110390 110790 111190 111191 111192 111592 111593 111993 111994 111995 111996 112395 112394 112393 112392 111992 111991 111591 111590 110791 109991 110792 109992 109592 109593 109594 109595 110793 109993 109994 109995 109996 111596 110796 111595 110795 111193 111594 110794
bot 331 333 65ikynwk 1994084410 1225045 52
owned 331 1225045 1225046 1225047 1225048 1225448 1224648 1224248 1224247 1224246 1224245 1224244 1224243 1224242 1224241 1224641 1225041 1225042 1225043 1225443 1225444 1225844 1225845 1225846 1225847 1226246 1226245 1226244 1226243 1225843 1225842 1225442 1225441 1224642 1223842 1224643 1223843 1223443 1223444 1223445 1223446 1224644 1223844 1223845 1223846 1223847 1225447 1224647 1225446 1224646 1225044 1225445 1224645
bot 332 334 goxpy54y 2126119939 1598251 52
owned 332 1598251 1598252 1598253 1598254 1598654 1597854 1597454 1597453 1597452 1597451 1597450 1597449 1597448 1597447 1597847 1598247 1598248 1598249 1598649 1598650 1599050 1599051 1599052 1599053 1599452 1599451 1599450 1599449 1599049 1599048 1598648 1598647 1597848 1597048 1597849 1597049 1596649 1596650 1596651 1596652 1597850 1597050 1597051 1597052 1597053 1598653 1597853 1598652 1597852 1598250 1598651 1597851
bot 333 335 etvrjl78 1230027446 255127 52
owned 333 255127 255128 255129 255130 255530 254730 254330 254329 254328 254327 254326 254325 254324 254323 254723 255123 255124 255125 255525 255526 255926 255927 255928 255929 256328 256327 256326 256325 255925 255924 255524 255523 254724 253924 254725 253925 253525 253526 253527 253528 254726 253926 253927 253928 253929 255529 254729 255528 254728 255126 255527 254727
bot 334 336 y58lji80 -2145784821 1287513 52
owned 334 1287513 1287514 1287515 1287516 1287916 1287116 1286716 1286715 1286714 1286713 1286712 1286711 1286710 1286709 1287109 1287509 1287510 1287511 1287911 1287912 1288312 1288313 1288314 1288315 1288714 1288713 1288712 1288711 1288311 1288310 1287910 1287909 1287110 1286310 1287111 1286311 1285911 1285912 1285913 1285914 1287112 1286312 1286313 1286314 1286315 1287915 1287115 1287914 1287114 1287512 1287913 1287113
bot 335 337 13dy28ag 715856935 604778 52
owned 335 604778 604779 604780 604781 605181 604381 603981 603980 603979 603978 603977 603976 603975 603974 604374 604774 604775 604776 605176 605177 605577 605578 605579 605580 605979 605978 605977 605976 605576 605575 605175 605174 604375 603575 604376 603576 603176 603177 603178 603179 604377 603577 603578 603579 603580 605180 604380 605179 604379 604777 605178 604378
bot 336 338 0dg1h5h5 914428748 102841 52
owned 336 102841 102842 102843 102844 103244 102444 102044 102043 102042 102041 102040 102039 102038 102037 102437 102837 102838 102839 103239 103240 103640 103641 103642 103643 104042 104041 104040 104039 103639 103638 103238 103237 102438 101638 102439 101639 101239 101240 101241 101242 102440 101640 101641 101642 101643 103243 102443 103242 102442 102840 103241 102441
bot 337 339 e9ncqhcw -1999150320 3531 52
owned 337 3531 3532 3533 3534 3934 3134 2734 2733 2732 2731 2730 2729 2728 2727 3127 3527 3528 3529 3929 3930 4330 4331 4332 4333 4732 4731 4730 4729 4329 4328 3928 3927 3128 2328 3129 2329 1929 1930 1931 1932 3130 2330 2331 2332 2333 3933 3133 3932 3132 3530 3931 3131
bot 338 340 uhxjrdbv 1124873273 1439375 52
owned 338 1439375 1439376 1439377 1439378 1439778 1438978 1438578 1438577 1438576 1438575 1438574 1438573 1438572 1438571 1438971 1439371 1439372 1439373 1439773 1439774 1440174 1440175 1440176 1440177 1440576 1440575 1440574 1440573 1440173 1440172 1439772 1439771 1438972 1438172 1438973 1438173 1437773 1437774 1437775 1437776 1438974 1438174 1438175 1438176 1438177 1439777 1438977 1439776 1438976 1439374 1439775 1438975
bot 339 341 gv359a4k -2054642316 113962 52
owned 339 113962 113963 113964 113965 114365 113565 113165 113164 113163 113162 113161 113160 113159 113158 113558 113958 113959 113960 114360 114361 114761 114762 114763 114764 115163 115162 115161 115160 114760 114759 114359 114358 113559 112759 113560 112760 112360 112361 112362 112363 113561 112761 112762 112763 112764 114364 113564 114363 113563 113961 114362 113562
bot 340 342 p4ehczm2 700767873 390824 52
owned 340 390824 390825 390826 390827 391227 390427 390027 390026 390025 390024 390023 390022 390021 390020 390420 390820 390821 390822 391222 391223 391623 391624 391625 391626 392025 392024 392023 392022 391622 391621 391221 391220 390421 389621 390422 389622 389222 389223 389224 389225 390423 389623 389624 389625 389626 391226 390426 391225 390425 390823 391224 390424
bot 341 343 p2xbynef 1936718818 609475 52
owned 341 609475 609476 609477 609478 609878 609078 608678 608677 608676 608675 608674 608673 608672 608671 609071 609471 609472 609473 609873 609874 610274 610275 610276 610277 610676 610675 610674 610673 610273 610272 609872 609871 609072 608272 609073 608273 607873 607874 607875 607876 609074 608274 608275 608276 608277 609877 609077 609876 609076 609474 609875 609075
bot 342 344 co561w2j -2034742929 459885 52
owned 342 459885 459886 459887 459888 460288 459488 459088 459087 459086 459085 459084 459083 459082 459081 459481 459881 459882 459883 460283 460284 460684 460685 460686 460687 461086 461085 461084 461083 460683 460682 460282 460281 459482 458682 459483 458683 458283 458284 458285 458286 459484 458684 458685 458686 458687 460287 459487 460286 459486 459884 460285 459485
bot 343 345 wz0zkd1s 890788124 1064346 52
owned 343 1064346 1064347 1064348 1064349 1064749 1063949 1063549 1063548 1063547 1063546 1063545 1063544 1063543 1063542 1063942 1064342 1064343 1064344 1064744 1064745 1065145 1065146 1065147 1065148 1065547 1065546 1065545 1065544 1065144 1065143 1064743 1064742 1063943 1063143 1063944 1063144 1062744 1062745 1062746 1062747 1063945 1063145 1063146 1063147 1063148 1064748 1063948 1064747 1063947 1064345 1064746 1063946
bot 344 346 m7jnfagf 1623514252 28317 52
owned 344 28317 28318 28319 28320 28720 27920 27520 27519 27518 27517 27516 27515 27514 27513 27913 28313 28314 28315 28715 28716 29116 29117 29118 29119 29518 29517 29516 29515 29115 29114 28714 28713 27914 27114 27915 27115 26715 26716 26717 26718 27916 27116 27117 27118 27119 28719 27919 28718 27918 28316 28717 27917
bot 345 347 rq439wc6 365026933 1385226 52
owned 345 1385226 1385227 1385228 1385229 1385629 1384829 1384429 1384428 1384427 1384426 1384425 1384424 1384423 1384422 1384822 1385222 1385223 1385224 1385624 1385625 1386025 1386026 1386027 1386028 1386427 1386426 1386425 1386424 1386024 1386023 1385623 1385622 1384823 1384023 1384824 1384024 1383624 1383625 1383626 1383627 1384825 1384025 1384026 1384027 1384028 1385628 1384828 1385627 1384827 1385225 1385626 1384826
bot 346 348 lkklizjr 1633332011 1108263 52
owned 346 1108263 1108264 1108265 1108266 1108666 1107866 1107466 1107465 1107464 1107463 1107462 1107461 1107460 1107459 1107859 1108259 1108260 1108261 1108661 1108662 1109062 1109063 1109064 1109065 1109464 1109463 1109462 1109461 1109061 1109060 1108660 1108659 1107860 1107060 1107861 1107061 1106661 1106662 1106663 1106664 1107862 1107062 1107063 1107064 1107065 1108665 1107865 1108664 1107864 1108262 1108663 1107863
bot 347 349 2uyam605 1485169917 825755 52
owned 347 825755 825756 825757 825758 826158 825358 824958 824957 824956 824955 824954 824953 824952 824951 825351 825751 825752 825753 826153 826154 826554 826555 826556 826557 826956 826955 826954 826953 826553 826552 826152 826151 825352 824552 825353 824553 824153 824154 824155 824156 825354 824554 824555 824556 824557 826157 825357 826156 825356 825754 826155 825355
bot 348 350 er3wo1bg 623509388 324495 52
owned 348 324495 324496 324497 324498 324898 324098 323698 323697 323696 323695 323694 323693 323692 323691 324091 324491 324492 324493 324893 324894 325294 325295 325296 325297 325696 325695 325694 325693 325293 325292 324892 324891 324092 323292 324093 323293 322893 322894 322895 322896 324094 323294 323295 323296 323297 324897 324097 324896 324096 324494 324895 324095
bot 349 351 ezt35u0l 316983220 1358137 52
owned 349 1358137 1358138 1358139 1358140 1358540 1357740 1357340 1357339 1357338 1357337 1357336 1357335 1357334 1357333 1357733 1358133 1358134 1358135 1358535 1358536 1358936 1358937 1358938 1358939 1359338 1359337 1359336 1359335 1358935 1358934 1358534 1358533 1357734 1356934 1357735 1356935 1356535 1356536 1356537 1356538 1357736 1356936 1356937 1356938 1356939 1358539 1357739 1358538 1357738 1358136 1358537 1357737
bot 350 352 593d2qcb 1741431729 1123245 52
owned 350 1123245 1123246 1123247 1123248 1123648 1122848 1122448 1122447 1122446 1122445 1122444 1122443 1122442 1122441 1122841 1123241 1123242 1123243 1123643 1123644 1124044 1124045 1124046 1124047 1124446 1124445 1124444 1124443 1124043 1124042 1123642 1123641 1122842 1122042 1122843 1122043 1121643 1121644 1121645 1121646 1122844 1122044 1122045 1122046 1122047 1123647 1122847 1123646 1122846 1123244 1123645 1122845
bot 351 353 y51cphtm 1940646435 161450 52
owned 351 161450 161451 161452 161453 161853 161053 160653 160652 160651 160650 160649 160648 160647 160646 161046 161446 161447 161448 161848 161849 162249 162250 162251 162252 162651 162650 162649 162648 162248 162247 161847 161846 161047 160247 161048 160248 159848 159849 159850 159851 161049 160249 160250 160251 160252 161852 161052 161851 161051 161449 161850 161050
bot 352 354 g94go6fd 467100538 279700 52
owned 352 279700 279701 279702 279703 280103 279303 278903 278902 278901 278900 278899 278898 278897 278896 279296 279696 279697 279698 280098 280099 280499 280500 280501 280502 280901 280900 280899 280898 280498 280497 280097 280096 279297 278497 279298 278498 278098 278099 278100 278101 279299 278499 278500 278501 278502 280102 279302 280101 279301 279699 280100 279300
bot 353 355 9ksqwgqt 358186663 1245301 52
owned 353 1245301 1245302 1245303 1245304 1245704 1244904 1244504 1244503 1244502 1244501 1244500 1244499 1244498 1244497 1244897 1245297 1245298 1245299 1245699 1245700 1246100 1246101 1246102 1246103 1246502 1246501 1246500 1246499 1246099 1246098 1245698 1245697 1244898 1244098 1244899 1244099 1243699 1243700 1243701 1243702 1244900 1244100 1244101 1244102 1244103 1245703 1244903 1245702 1244902 1245300 1245701 1244901
bot 354 356 ykirk4lg 503358949 828595 52
owned 354 828595 828596 828597 828598 828998 828198 827798 827797 827796 827795 827794 827793 827792 827791 828191 828591 828592 828593 828993 828994 829394 829395 829396 829397 829796 829795 829794 829793 829393 829392 828992 828991 828192 827392 828193 827393 826993 826994 826995 826996 828194 827394 827395 827396 827397 828997 828197 828996 828196 828594 828995 828195
bot 355 357 jurxvo26 327021942 5899 52
owned 355 5899 5900 5901 5902 6302 5502 5102 5101 5100 5099 5098 5097 5096 5095 5495 5895 5896 5897 6297 6298 6698 6699 6700 6701 7100 7099 7098 7097 6697 6696 6296 6295 5496 4696 5497 4697 4297 4298 4299 4300 5498 4698 4699 4700 4701 6301 5501 6300 5500 5898 6299 5499
bot 356 358 to8bcohn 1951234907 741325 52
owned 356 741325 741326 741327 741328 741728 740928 740528 740527 740526 740525 740524 740523 740522 740521 740921 741321 741322 741323 741723 741724 742124 742125 742126 742127 742526 742525 742524 742523 742123 742122 741722 741721 740922 740122 740923 740123 739723 739724 739725 739726 740924 740124 740125 740126 740127 741727 740927 741726 740926 741324 741725 740925
bot 357 359 ensatih4 -1933594292 649237 52
owned 357 649237 649238 649239 649240 649640 648840 648440 648439 648438 648437 648436 648435 648434 648433 648833 649233 649234 649235 649635 649636 650036 650037 650038 650039 650438 650437 650436 650435 650035 650034 649634 649633 648834 648034 648835 648035 647635 647636 647637 647638 648836 648036 648037 648038 648039 649639 648839 649638 648838 649236 649637 648837
bot 358 360 nbbu08hb 2091389435 630357 52
owned 358 630357 630358 630359 630360 630760 629960 629560 629559 629558 629557 629556 629555 629554 629553 629953 630353 630354 630355 630755 630756 631156 631157 631158 631159 631558 631557 631556 631555 631155 631154 630754 630753 629954 629154 629955 629155 628755 628756 628757 628758 629956 629156 629157 629158 629159 630759 629959 630758 629958 630356 630757 629957
bot 359 361 rxlhv8ic 1088499750 529828 52
owned 359 529828 529829 529830 529831 530231 529431 529031 529030 529029 529028 529027 529026 529025 529024 529424 529824 529825 529826 530226 530227 530627 530628 530629 530630 531029 531028 531027 531026 530626 530625 530225 530224 529425 528625 529426 528626 528226 528227 528228 528229 529427 528627 528628 528629 528630 530230 529430 530229 529429 529827 530228 529428
bot 360 362 aiowrq52 979483480 1561479 52
owned 360 1561479 1561480 1561481 1561482 1561882 1561082 1560682 1560681 1560680 1560679 1560678 1560677 1560676 1560675 1561075 1561475 1561476 1561477 1561877 1561878 1562278 1562279 1562280 1562281 1562680 1562679 1562678 1562677 1562277 1562276 1561876 1561875 1561076 1560276 1561077 1560277 1559877 1559878 1559879 1559880 1561078 1560278 1560279 1560280 1560281 1561881 1561081 1561880 1561080 1561478 1561879 1561079
bot 361 363 bo94our7 631930647 1507796 52
owned 361 1507796 1507797 1507798 1507799 1508199 1507399 1506999 1506998 1506997 1506996 1506995 1506994 1506993 1506992 1507392 1507792 1507793 1507794 1508194 1508195 1508595 1508596 1508597 1508598 1508997 1508996 1508995 1508994 1508594 1508593 1508193 1508192 1507393 1506593 1507394 1506594 1506194 1506195 1506196 1506197 1507395 1506595 1506596 1506597 1506598 1508198 1507398 1508197 1507397 1507795 1508196 1507396
bot 362 364 jxqkb7y6 2000760554 843017 52
owned 362 843017 843018 843019 843020 843420 842620 842220 842219 842218 842217 842216 842215 842214 842213 842613 843013 843014 843015 843415 843416 843816 843817 843818 843819 844218 844217 844216 844215 843815 843814 843414 843413 842614 841814 842615 841815 841415 841416 841417 841418 842616 841816 841817 841818 841819 843419 842619 843418 842618 843016 843417 842617
bot 363 365 ikezntfk 2015951718 1146278 52
owned 363 1146278 1146279 1146280 1146281 1146681 1145881 1145481 1145480 1145479 1145478 1145477 1145476 1145475 1145474 1145874 1146274 1146275 1146276 1146676 1146677 1147077 1147078 1147079 1147080 1147479 1147478 1147477 1147476 1147076 1147075 1146675 1146674 1145875 1145075 1145876 1145076 1144676 1144677 1144678 1144679 1145877 1145077 1145078 1145079 1145080 1146680 1145880 1146679 1145879 1146277 1146678 1145878
bot 364 366 j4e63dwu 2126127918 1329951 52
owned 364 1329951 1329952 1329953 1329954 1330354 1329554 1329154 1329153 1329152 1329151 1329150 1329149 1329148 1329147 1329547 1329947 1329948 1329949 1330349 1330350 1330750 1330751 1330752 1330753 1331152 1331151 1331150 1331149 1330749 1330748 1330348 1330347 1329548 1328748 1329549 1328749 1328349 1328350 1328351 1328352 1329550 1328750 1328751 1328752 1328753 1330353 1329553 1330352 1329552 1329950 1330351 1329551
bot 365 367 t0b9mavx 1703527259 1599312 52
owned 365 1599312 1599313 1599314 1599315 1599715 1598915 1598515 1598514 1598513 1598512 1598511 1598510 1598509 1598508 1598908 1599308 1599309 1599310 1599710 1599711 1600111 1600112 1600113 1600114 1600513 1600512 1600511 1600510 1600110 1600109 1599709 1599708 1598909 1598109 1598910 1598110 1597710 1597711 1597712 1597713 1598911 1598111 1598112 1598113 1598114 1599714 1598914 1599713 1598913 1599311 1599712 1598912
bot 366 368 bu0hz5bz 1452611938 151264 52
owned 366 151264 151265 151266 151267 151667 150867 150467 150466 150465 150464 150463 150462 150461 150460 150860 151260 151261 151262 151662 151663 152063 152064 152065 152066 152465 152464 152463 152462 152062 152061 151661 151660 150861 150061 150862 150062 149662 149663 149664 149665 150863 150063 150064 150065 150066 151666 150866 151665 150865 151263 151664 150864
bot 367 369 368l6a1p 1297490021 1092762 52
owned 367 1092762 1092763 1092764 1092765 1093165 1092365 1091965 1091964 1091963 1091962 1091961 1091960 1091959 1091958 1092358 1092758 1092759 1092760 1093160 1093161 1093561 1093562 1093563 1093564 1093963 1093962 1093961 1093960 1093560 1093559 1093159 1093158 1092359 1091559 1092360 1091560 1091160 1091161 1091162 1091163 1092361 1091561 1091562 1091563 1091564 1093164 1092364 1093163 1092363 1092761 1093162 1092362
bot 368 370 6cr9h8xa 833789937 696450 52
owned 368 696450 696451 696452 696453 696853 696053 695653 695652 695651 695650 695649 695648 695647 695646 696046 696446 696447 696448 696848 696849 697249 697250 697251 697252 697651 697650 697649 697648 697248 697247 696847 696846 696047 695247 696048 695248 694848 694849 694850 694851 696049 695249 695250 695251 695252 696852 696052 696851 696051 696449 696850 696050
bot 369 371 8y4zfq0g 654669581 646781 52
owned 369 646781 646782 646783 646784 647184 646384 645984 645983 645982 645981 645980 645979 645978 645977 646377 646777 646778 646779 647179 647180 647580 647581 647582 647583 647982 647981 647980 647979 647579 647578 647178 647177 646378 645578 646379 645579 645179 645180 645181 645182 646380 645580 645581 645582 645583 647183 646383 647182 646382 646780 647181 646381
bot 370 372 tz0sezi7 1830872408 1454941 52
owned 370 1454941 1454942 1454943 1454944 1455344 1454544 1454144 1454143 1454142 1454141 1454140 1454139 1454138 1454137 1454537 1454937 1454938 1454939 1455339 1455340 1455740 1455741 1455742 1455743 1456142 1456141 1456140 1456139 1455739 1455738 1455338 1455337 1454538 1453738 1454539 1453739 1453339 1453340 1453341 1453342 1454540 1453740 1453741 1453742 1453743 1455343 1454543 1455342 1454542 1454940 1455341 1454541
bot 371 373 dazr70tn -2096114292 1113597 48
owned 371 1113597 1113598 1113599 1113999 1114399 1114398 1114397 1114396 1114395 1114394 1113994 1113993 1113593 1113193 1113194 1113195 1113196 1112796 1112797 1112798 1112799 1112399 1112398 1111998 1111997 1111996 1111995 1112395 1112394 1112397 1112396 1113595 1112795 1112794 1112793 1113594 1114795 1113995 1114796 1113996 1114797 1114798 1113199 1113998 1113198 1113596 1113997 1113197
bot 372 374 tx1pjsyg 1161571582 1087829 52
owned 372 1087829 1087830 1087831 1087832 1088232 1087432 1087032 1087031 1087030 1087029 1087028 1087027 1087026 1087025 1087425 1087825 1087826 1087827 1088227 1088228 1088628 1088629 1088630 1088631 1089030 1089029 1089028 1089027 1088627 1088626 1088226 1088225 1087426 1086626 1087427 1086627 1086227 1086228 1086229 1086230 1087428 1086628 1086629 1086630 1086631 1088231 1087431 1088230 1087430 1087828 1088229 1087429
bot 373 375 ndjtlp8r 360050114 694607 52
owned 373 694607 694608 694609 694610 695010 694210 693810 693809 693808 693807 693806 693805 693804 693803 694203 694603 694604 694605 695005 695006 695406 695407 695408 695409 695808 695807 695806 695805 695405 695404 695004 695003 694204 693404 694205 693405 693005 693006 693007 693008 694206 693406 693407 693408 693409 695009 694209 695008 694208 694606 695007 694207
bot 374 376 bsklet6g 1369852118 378776 52
owned 374 378776 378777 378778 378779 379179 378379 377979 377978 377977 377976 377975 377974 377973 377972 378372 378772 378773 378774 379174 379175 379575 379576 379577 379578 379977 379976 379975 379974 379574 379573 379173 379172 378373 377573 378374 377574 377174 377175 377176 377177 378375 377575 377576 377577 377578 379178 378378 379177 378377 378775 379176 378376
bot 375 377 hsozrzu4 1376829607 1048624 52
owned 375 1048624 1048625 1048626 1048627 1049027 1048227 1047827 1047826 1047825 1047824 1047823 1047822 1047821 1047820 1048220 1048620 1048621 1048622 1049022 1049023 1049423 1049424 1049425 1049426 1049825 1049824 1049823 1049822 1049422 1049421 1049021 1049020 1048221 1047421 1048222 1047422 1047022 1047023 1047024 1047025 1048223 1047423 1047424 1047425 1047426 1049026 1048226 1049025 1048225 1048623 1049024 1048224
bot 376 378 otmybkm3 1233228612 1180329 52
owned 376 1180329 1180330 1180331 1180332 1180732 1179932 1179532 1179531 1179530 1179529 1179528 1179527 1179526 1179525 1179925 1180325 1180326 1180327 1180727 1180728 1181128 1181129 1181130 1181131 1181530 1181529 1181528 1181527 1181127 1181126 1180726 1180725 1179926 1179126 1179927 1179127 1178727 1178728 1178729 1178730 1179928 1179128 1179129 1179130 1179131 1180731 1179931 1180730 1179930 1180328 1180729 1179929
bot 377 379 yfm1nyqy 591266464 1106563 52
owned 377 1106563 1106564 1106565 1106566 1106966 1106166 1105766 1105765 1105764 1105763 1105762 1105761 1105760 1105759 1106159 1106559 1106560 1106561 1106961 1106962 1107362 1107363 1107364 1107365 1107764 1107763 1107762 1107761 1107361 1107360 1106960 1106959 1106160 1105360 1106161 1105361 1104961 1104962 1104963 1104964 1106162 1105362 1105363 1105364 1105365 1106965 1106165 1106964 1106164 1106562 1106963 1106163
bot 378 380 kr6ytu3l 1777848072 1004698 52
owned 378 1004698 1004699 1004700 1004701 1005101 1004301 1003901 1003900 1003899 1003898 1003897 1003896 1003895 1003894 1004294 1004694 1004695 1004696 1005096 1005097 1005497 1005498 1005499 1005500 1005899 1005898 1005897 1005896 1005496 1005495 1005095 1005094 1004295 1003495 1004296 1003496 1003096 1003097 1003098 1003099 1004297 1003497 1003498 1003499 1003500 1005100 1004300 1005099 1004299 1004697 1005098 1004298
bot 379 381 3pagyfng -1957793541 664817 52
owned 379 664817 664818 664819 664820 665220 664420 664020 664019 664018 664017 664016 664015 664014 664013 664413 664813 664814 664815 665215 665216 665616 665617 665618 665619 666018 666017 666016 666015 665615 665614 665214 665213 664414 663614 664415 663615 663215 663216 663217 663218 664416 663616 663617 663618 663619 665219 664419 665218 664418 664816 665217 664417
bot 380 382 w1mobjvk 928394557 840012 52
owned 380 840012 840013 840014 840015 840415 839615 839215 839214 839213 839212 839211 839210 839209 839208 839608 840008 840009 840010 840410 840411 840811 840812 840813 840814 841213 841212 841211 841210 840810 840809 840409 840408 839609 838809 839610 838810 838410 838411 838412 838413 839611 838811 838812 838813 838814 840414 839614 840413 839613 840011 840412 839612
bot 381 383 xm7i5x3m 1912476288 735341 52
owned 381 735341 735342 735343 735344 735744 734944 734544 734543 734542 734541 734540 734539 734538 734537 734937 735337 735338 735339 735739 735740 736140 736141 736142 736143 736542 736541 736540 736539 736139 736138 735738 735737 734938 734138 734939 734139 733739 733740 733741 733742 734940 734140 734141 734142 734143 735743 734943 735742 734942 735340 735741 734941
bot 382 384 8u02tf2g 1219018602 205157 52
owned 382 205157 205158 205159 205160 205560 204760 204360 204359 204358 204357 204356 204355 204354 204353 204753 205153 205154 205155 205555 205556 205956 205957 205958 205959 206358 206357 206356 206355 205955 205954 205554 205553 204754 203954 204755 203955 203555 203556 203557 203558 204756 203956 203957 203958 203959 205559 204759 205558 204758 205156 205557 204757
bot 383 385 lp6sri88 1740038908 1622180 52
owned 383 1622180 1622181 1622182 1622183 1622583 1621783 1621383 1621382 1621381 1621380 1621379 1621378 1621377 1621376 1621776 1622176 1622177 1622178 1622578 1622579 1622979 1622980 1622981 1622982 1623381 1623380 1623379 1623378 1622978 1622977 1622577 1622576 1621777 1620977 1621778 1620978 1620578 1620579 1620580 1620581 1621779 1620979 1620980 1620981 1620982 1622582 1621782 1622581 1621781 1622179 1622580 1621780
bot 384 386 sb1tap3p 1371937666 1388119 52
owned 384 1388119 1388120 1388121 1388122 1388522 1387722 1387322 1387321 1387320 1387319 1387318 1387317 1387316 1387315 1387715 1388115 1388116 1388117 1388517 1388518 1388918 1388919 1388920 1388921 1389320 1389319 1389318 1389317 1388917 1388916 1388516 1388515 1387716 1386916 1387717 1386917 1386517 1386518 1386519 1386520 1387718 1386918 1386919 1386920 1386921 1388521 1387721 1388520 1387720 1388118 1388519 1387719
bot 385 387 mv01333k 463202082 1544153 52
owned 385 1544153 1544154 1544155 1544156 1544556 1543756 1543356 1543355 1543354 1543353 1543352 1543351 1543350 1543349 1543749 1544149 1544150 1544151 1544551 1544552 1544952 1544953 1544954 1544955 1545354 1545353 1545352 1545351 1544951 1544950 1544550 1544549 1543750 1542950 1543751 1542951 1542551 1542552 1542553 1542554 1543752 1542952 1542953 1542954 1542955 1544555 1543755 1544554 1543754 1544152 1544553 1543753
bot 386 388 g9mp2ife 1617787215 293955 52
owned 386 293955 293956 293957 293958 294358 293558 293158 293157 293156 293155 293154 293153 293152 293151 293551 293951 293952 293953 294353 294354 294754 294755 294756 294757 295156 295155 295154 295153 294753 294752 294352 294351 293552 292752 293553 292753 292353 292354 292355 292356 293554 292754 292755 292756 292757 294357 293557 294356 293556 293954 294355 293555
bot 387 389 jtq0seut 1309745130 173762 52
owned 387 173762 173763 173764 173765 174165 173365 172965 172964 172963 172962 172961 172960 172959 172958 173358 173758 173759 173760 174160 174161 174561 174562 174563 174564 174963 174962 174961 174960 174560 174559 174159 174158 173359 172559 173360 172560 172160 172161 172162 172163 173361 172561 172562 172563 172564 174164 173364 174163 173363 173761 174162 173362
bot 388 390 525mh9ql 1149585125 908397 48
owned 388 908397 908398 908399 908799 909199 909198 909197 909196 909195 909194 908794 908793 908393 907993 907994 907995 907996 907596 907597 907598 907599 907199 907198 906798 906797 906796 906795 907195 907194 907197 907196 908395 907595 907594 907593 908394 909595 908795 909596 908796 909597 909598 907999 908798 907998 908396 908797 907997
bot 389 391 fvbpmsvz -2135026292 1148552 52
owned 389 1148552 1148553 1148554 1148555 1148955 1148155 1147755 1147754 1147753 1147752 1147751 1147750 1147749 1147748 1148148 1148548 1148549 1148550 1148950 1148951 1149351 1149352 1149353 1149354 1149753 1149752 1149751 1149750 1149350 1149349 1148949 1148948 1148149 1147349 1148150 1147350 1146950 1146951 1146952 1146953 1148151 1147351 1147352 1147353 1147354 1148954 1148154 1148953 1148153 1148551 1148952 1148152
bot 390 392 xwn3ivem 345390557 61665 52
owned 390 61665 61666 61667 61668 62068 61268 60868 60867 60866 60865 60864 60863 60862 60861 61261 61661 61662 61663 62063 62064 62464 62465 62466 62467 62866 62865 62864 62863 62463 62462 62062 62061 61262 60462 61263 60463 60063 60064 60065 60066 61264 60464 60465 60466 60467 62067 61267 62066 61266 61664 62065 61265
bot 391 393 fqbyj4jd 2025551274 1279646 52
owned 391 1279646 1279647 1279648 1279649 1280049 1279249 1278849 1278848 1278847 1278846 1278845 1278844 1278843 1278842 1279242 1279642 1279643 1279644 1280044 1280045 1280445 1280446 1280447 1280448 1280847 1280846 1280845 1280844 1280444 1280443 1280043 1280042 1279243 1278443 1279244 1278444 1278044 1278045 1278046 1278047 1279245 1278445 1278446 1278447 1278448 1280048 1279248 1280047 1279247 1279645 1280046 1279246
bot 392 394 xfiw8ywg -1939072783 316543 52
owned 392 316543 316544 316545 316546 316946 316146 315746 315745 315744 315743 315742 315741 315740 315739 316139 316539 316540 316541 316941 316942 317342 317343 317344 317345 317744 317743 317742 317741 317341 317340 316940 316939 316140 315340 316141 315341 314941 314942 314943 314944 316142 315342 315343 315344 315345 316945 316145 316944 316144 316542 316943 316143
bot 393 395 iw3dqxmq 2117070266 1164402 42
owned 393 1164402 1164403 1164404 1164405 1164805 1164005 1163605 1163604 1163603 1163602 1163601 1163600 1164000 1164400 1164800 1164801 1165201 1165202 1165203 1165204 1165603 1165602 1165601 1165600 1165200 1163200 1162800 1162801 1162802 1162803 1164001 1163201 1163202 1163203 1163204 1164804 1164004 1164803 1164003 1164401 1164802 1164002
bot 394 396 yc0ao6et 660894387 1017493 52
owned 394 1017493 1017494 1017495 1017496 1017896 1017096 1016696 1016695 1016694 1016693 1016692 1016691 1016690 1016689 1017089 1017489 1017490 1017491 1017891 1017892 1018292 1018293 1018294 1018295 1018694 1018693 1018692 1018691 1018291 1018290 1017890 1017889 1017090 1016290 1017091 1016291 1015891 1015892 1015893 1015894 1017092 1016292 1016293 1016294 1016295 1017895 1017095 1017894 1017094 1017492 1017893 1017093
bot 395 397 ixj6ihi7 748783564 1349264 52
owned 395 1349264 1349265 1349266 1349267 1349667 1348867 1348467 1348466 1348465 1348464 1348463 1348462 1348461 1348460 1348860 1349260 1349261 1349262 1349662 1349663 1350063 1350064 1350065 1350066 1350465 1350464 1350463 1350462 1350062 1350061 1349661 1349660 1348861 1348061 1348862 1348062 1347662 1347663 1347664 1347665 1348863 1348063 1348064 1348065 1348066 1349666 1348866 1349665 1348865 1349263 1349664 1348864
bot 396 398 9l5wwvr3 970244207 1409372 52
owned 396 1409372 1409373 1409374 1409375 1409775 1408975 1408575 1408574 1408573 1408572 1408571 1408570 1408569 1408568 1408968 1409368 1409369 1409370 1409770 1409771 1410171 1410172 1410173 1410174 1410573 1410572 1410571 1410570 1410170 1410169 1409769 1409768 1408969 1408169 1408970 1408170 1407770 1407771 1407772 1407773 1408971 1408171 1408172 1408173 1408174 1409774 1408974 1409773 1408973 1409371 1409772 1408972
bot 397 399 2w6i33lv 1347683494 998006 52
owned 397 998006 998007 998008 998009 998409 997609 997209 997208 997207 997206 997205 997204 997203 997202 997602 998002 998003 998004 998404 998405 998805 998806 998807 998808 999207 999206 999205 999204 998804 998803 998403 998402 997603 996803 997604 996804 996404 996405 996406 996407 997605 996805 996806 996807 996808 998408 997608 998407 997607 998005 998406 997606
bot 398 400 sba949vb 2051192204 1450004 52
owned 398 1450004 1450005 1450006 1450007 1450407 1449607 1449207 1449206 1449205 1449204 1449203 1449202 1449201 1449200 1449600 1450000 1450001 1450002 1450402 1450403 1450803 1450804 1450805 1450806 1451205 1451204 1451203 1451202 1450802 1450801 1450401 1450400 1449601 1448801 1449602 1448802 1448402 1448403 1448404 1448405 1449603 1448803 1448804 1448805 1448806 1450406 1449606 1450405 1449605 1450003 1450404 1449604
bot 399 401 ijcmefns 1058902645 589718 52
owned 399 589718 589719 589720 589721 590121 589321 588921 588920 588919 588918 588917 588916 588915 588914 589314 589714 589715 589716 590116 590117 590517 590518 590519 590520 590919 590918 590917 590916 590516 590515 590115 590114 589315 588515 589316 588516 588116 588117 588118 588119 589317 588517 588518 588519 588520 590120 589320 590119 589319 589717 590118 589318
bot 400 402 isnsszoo 777399290 1504277 52
owned 400 1504277 1504278 1504279 1504280 1504680 1503880 1503480 1503479 1503478 1503477 1503476 1503475 1503474 1503473 1503873 1504273 1504274 1504275 1504675 1504676 1505076 1505077 1505078 1505079 1505478 1505477 1505476 1505475 1505075 1505074 1504674 1504673 1503874 1503074 1503875 1503075 1502675 1502676 1502677 1502678 1503876 1503076 1503077 1503078 1503079 1504679 1503879 1504678 1503878 1504276 1504677 1503877
bot 401 403 9z76va23 1432917080 1273015 52
owned 401 1273015 1273016 1273017 1273018 1273418 1272618 1272218 1272217 1272216 1272215 1272214 1272213 1272212 1272211 1272611 1273011 1273012 1273013 1273413 1273414 1273814 1273815 1273816 1273817 1274216 1274215 1274214 1274213 1273813 1273812 1273412 1273411 1272612 1271812 1272613 1271813 1271413 1271414 1271415 1271416 1272614 1271814 1271815 1271816 1271817 1273417 1272617 1273416 1272616 1273014 1273415 1272615
bot 402 404 h1wbhdhm 830501593 1369588 52
owned 402 1369588 1369589 1369590 1369591 1369991 1369191 1368791 1368790 1368789 1368788 1368787 1368786 1368785 1368784 1369184 1369584 1369585 1369586 1369986 1369987 1370387 1370388 1370389 1370390 1370789 1370788 1370787 1370786 1370386 1370385 1369985 1369984 1369185 1368385 1369186 1368386 1367986 1367987 1367988 1367989 1369187 1368387 1368388 1368389 1368390 1369990 1369190 1369989 1369189 1369587 1369988 1369188
bot 403 405 tewvulrm 1252676706 937400 52
owned 403 937400 937401 937402 937403 937803 937003 936603 936602 936601 936600 936599 936598 936597 936596 936996 937396 937397 937398 937798 937799 938199 938200 938201 938202 938601 938600 938599 938598 938198 938197 937797 937796 936997 936197 936998 936198 935798 935799 935800 935801 936999 936199 936200 936201 936202 937802 937002 937801 937001 937399 937800 937000
bot 404 406 wp3bxzsu 1111756920 269037 52
owned 404 269037 269038 269039 269040 269440 268640 268240 268239 268238 268237 268236 268235 268234 268233 268633 269033 269034 269035 269435 269436 269836 269837 269838 269839 270238 270237 270236 270235 269835 269834 269434 269433 268634 267834 268635 267835 267435 267436 267437 267438 268636 267836 267837 267838 267839 269439 268639 269438 268638 269036 269437 268637
bot 405 407 d0g6avrv 1062798904 631054 52
owned 405 631054 631055 631056 631057 631457 630657 630257 630256 630255 630254 630253 630252 630251 630250 630650 631050 631051 631052 631452 631453 631853 631854 631855 631856 632255 632254 632253 632252 631852 631851 631451 631450 630651 629851 630652 629852 629452 629453 629454 629455 630653 629853 629854 629855 629856 631456 630656 631455 630655 631053 631454 630654
bot 406 408 hsyivnsn 1106130326 189028 52
owned 406 189028 189029 189030 189031 189431 188631 188231 188230 188229 188228 188227 188226 188225 188224 188624 189024 189025 189026 189426 189427 189827 189828 189829 189830 190229 190228 190227 190226 189826 189825 189425 189424 188625 187825 188626 187826 187426 187427 187428 187429 188627 187827 187828 187829 187830 189430 188630 189429 188629 189027 189428 188628
bot 407 409 ox9ept1k 1256506455 1365111 52
owned 407 1365111 1365112 1365113 1365114 1365514 1364714 1364314 1364313 1364312 1364311 1364310 1364309 1364308 1364307 1364707 1365107 1365108 1365109 1365509 1365510 1365910 1365911 1365912 1365913 1366312 1366311 1366310 1366309 1365909 1365908 1365508 1365507 1364708 1363908 1364709 1363909 1363509 1363510 1363511 1363512 1364710 1363910 1363911 1363912 1363913 1365513 1364713 1365512 1364712 1365110 1365511 1364711
bot 408 410 ny87grni 329820532 1554101 52
owned 408 1554101 1554102 1554103 1554104 1554504 1553704 1553304 1553303 1553302 1553301 1553300 1553299 1553298 1553297 1553697 1554097 1554098 1554099 1554499 1554500 1554900 1554901 1554902 1554903 1555302 1555301 1555300 1555299 1554899 1554898 1554498 1554497 1553698 1552898 1553699 1552899 1552499 1552500 1552501 1552502 1553700 1552900 1552901 1552902 1552903 1554503 1553703 1554502 1553702 1554100 1554501 1553701
bot 409 411 k2th9538 -2123192920 1320444 52
owned 409 1320444 1320445 1320446 1320447 1320847 1320047 1319647 1319646 1319645 1319644 1319643 1319642 1319641 1319640 1320040 1320440 1320441 1320442 1320842 1320843 1321243 1321244 1321245 1321246 1321645 1321644 1321643 1321642 1321242 1321241 1320841 1320840 1320041 1319241 1320042 1319242 1318842 1318843 1318844 1318845 1320043 1319243 1319244 1319245 1319246 1320846 1320046 1320845 1320045 1320443 1320844 1320044
bot 410 412 ysltjm94 1905506244 1551524 52
owned 410 1551524 1551525 1551526 1551527 1551927 1551127 1550727 1550726 1550725 1550724 1550723 1550722 1550721 1550720 1551120 1551520 1551521 1551522 1551922 1551923 1552323 1552324 1552325 1552326 1552725 1552724 1552723 1552722 1552322 1552321 1551921 1551920 1551121 1550321 1551122 1550322 1549922 1549923 1549924 1549925 1551123 1550323 1550324 1550325 1550326 1551926 1551126 1551925 1551125 1551523 1551924 1551124
bot 411 413 u5klj2eh 932943728 1354230 52
owned 411 1354230 1354231 1354232 1354233 1354633 1353833 1353433 1353432 1353431 1353430 1353429 1353428 1353427 1353426 1353826 1354226 1354227 1354228 1354628 1354629 1355029 1355030 1355031 1355032 1355431 1355430 1355429 1355428 1355028 1355027 1354627 1354626 1353827 1353027 1353828 1353028 1352628 1352629 1352630 1352631 1353829 1353029 1353030 1353031 1353032 1354632 1353832 1354631 1353831 1354229 1354630 1353830
bot 412 414 k7ka2ci1 -2001454359 60021 52
owned 412 60021 60022 60023 60024 60424 59624 59224 59223 59222 59221 59220 59219 59218 59217 59617 60017 60018 60019 60419 60420 60820 60821 60822 60823 61222 61221 61220 61219 60819 60818 60418 60417 59618 58818 59619 58819 58419 58420 58421 58422 59620 58820 58821 58822 58823 60423 59623 60422 59622 60020 60421 59621
bot 413 415 qtul4azs 1826927332 890330 52
owned 413 890330 890331 890332 890333 890733 889933 889533 889532 889531 889530 889529 889528 889527 889526 889926 890326 890327 890328 890728 890729 891129 891130 891131 891132 891531 891530 891529 891528 891128 891127 890727 890726 889927 889127 889928 889128 888728 888729 888730 888731 889929 889129 889130 889131 889132 890732 889932 890731 889931 890329 890730 889930
bot 414 416 ll69i57o -1984626499 296067 52
owned 414 296067 296068 296069 296070 296470 295670 295270 295269 295268 295267 295266 295265 295264 295263 295663 296063 296064 296065 296465 296466 296866 296867 296868 296869 297268 297267 297266 297265 296865 296864 296464 296463 295664 294864 295665 294865 294465 294466 294467 294468 295666 294866 294867 294868 294869 296469 295669 296468 295668 296066 296467 295667
bot 415 417 9vuokjnw 1585849123 1011252 52
owned 415 1011252 1011253 1011254 1011255 1011655 1010855 1010455 1010454 1010453 1010452 1010451 1010450 1010449 1010448 1010848 1011248 1011249 1011250 1011650 1011651 1012051 1012052 1012053 1012054 1012453 1012452 1012451 1012450 1012050 1012049 1011649 1011648 1010849 1010049 1010850 1010050 1009650 1009651 1009652 1009653 1010851 1010051 1010052 1010053 1010054 1011654 1010854 1011653 1010853 1011251 1011652 1010852
bot 416 418 ggb3bab1 1323032453 15949 52
owned 416 15949 15950 15951 15952 16352 15552 15152 15151 15150 15149 15148 15147 15146 15145 15545 15945 15946 15947 16347 16348 16748 16749 16750 16751 17150 17149 17148 17147 16747 16746 16346 16345 15546 14746 15547 14747 14347 14348 14349 14350 15548 14748 14749 14750 14751 16351 15551 16350 15550 15948 16349 15549
bot 417 419 drdo3t90 972603891 512910 52
owned 417 512910 512911 512912 512913 513313 512513 512113 512112 512111 512110 512109 512108 512107 512106 512506 512906 512907 512908 513308 513309 513709 513710 513711 513712 514111 514110 514109 514108 513708 513707 513307 513306 512507 511707 512508 511708 511308 511309 511310 511311 512509 511709 511710 511711 511712 513312 512512 513311 512511 512909 513310 512510
bot 418 420 xieaxa2f 590485614 960772 52
owned 418 960772 960773 960774 960775 961175 960375 959975 959974 959973 959972 959971 959970 959969 959968 960368 960768 960769 960770 961170 961171 961571 961572 961573 961574 961973 961972 961971 961970 961570 961569 961169 961168 960369 959569 960370 959570 959170 959171 959172 959173 960371 959571 959572 959573 959574 961174 960374 961173 960373 960771 961172 960372
bot 419 421 kqp7ewus -2042957177 1607830 52
owned 419 1607830 1607831 1607832 1607833 1608233 1607433 1607033 1607032 1607031 1607030 1607029 1607028 1607027 1607026 1607426 1607826 1607827 1607828 1608228 1608229 1608629 1608630 1608631 1608632 1609031 1609030 1609029 1609028 1608628 1608627 1608227 1608226 1607427 1606627 1607428 1606628 1606228 1606229 1606230 1606231 1607429 1606629 1606630 1606631 1606632 1608232 1607432 1608231 1607431 1607829 1608230 1607430
bot 420 422 3kitma91 -2055917419 1231987 52
owned 420 1231987 1231988 1231989 1231990 1232390 1231590 1231190 1231189 1231188 1231187 1231186 1231185 1231184 1231183 1231583 1231983 1231984 1231985 1232385 1232386 1232786 1232787 1232788 1232789 1233188 1233187 1233186 1233185 1232785 1232784 1232384 1232383 1231584 1230784 1231585 1230785 1230385 1230386 1230387 1230388 1231586 1230786 1230787 1230788 1230789 1232389 1231589 1232388 1231588 1231986 1232387 1231587
bot 421 423 m7y3u0aw 1998863385 938105 52
owned 421 938105 938106 938107 938108 938508 937708 937308 937307 937306 937305 937304 937303 937302 937301 937701 938101 938102 938103 938503 938504 938904 938905 938906 938907 939306 939305 939304 939303 938903 938902 938502 938501 937702 936902 937703 936903 936503 936504 936505 936506 937704 936904 936905 936906 936907 938507 937707 938506 937706 938104 938505 937705
bot 422 424 epuw8vpi 510564544 1116413 52
owned 422 1116413 1116414 1116415 1116416 1116816 1116016 1115616 1115615 1115614 1115613 1115612 1115611 1115610 1115609 1116009 1116409 1116410 1116411 1116811 1116812 1117212 1117213 1117214 1117215 1117614 1117613 1117612 1117611 1117211 1117210 1116810 1116809 1116010 1115210 1116011 1115211 1114811 1114812 1114813 1114814 1116012 1115212 1115213 1115214 1115215 1116815 1116015 1116814 1116014 1116412 1116813 1116013
bot 423 425 nzx54fm6 1695238112 1576811 52
owned 423 1576811 1576812 1576813 1576814 1577214 1576414 1576014 1576013 1576012 1576011 1576010 1576009 1576008 1576007 1576407 1576807 1576808 1576809 1577209 1577210 1577610 1577611 1577612 1577613 1578012 1578011 1578010 1578009 1577609 1577608 1577208 1577207 1576408 1575608 1576409 1575609 1575209 1575210 1575211 1575212 1576410 1575610 1575611 1575612 1575613 1577213 1576413 1577212 1576412 1576810 1577211 1576411
bot 424 426 fsk2kd7w 748724631 55090 52
owned 424 55090 55091 55092 55093 55493 54693 54293 54292 54291 54290 54289 54288 54287 54286 54686 55086 55087 55088 55488 55489 55889 55890 55891 55892 56291 56290 56289 56288 55888 55887 55487 55486 54687 53887 54688 53888 53488 53489 53490 53491 54689 53889 53890 53891 53892 55492 54692 55491 54691 55089 55490 54690
bot 425 427 p8jddnkm 1306250518 949893 52
owned 425 949893 949894 949895 949896 950296 949496 949096 949095 949094 949093 949092 949091 949090 949089 949489 949889 949890 949891 950291 950292 950692 950693 950694 950695 951094 951093 951092 951091 950691 950690 950290 950289 949490 948690 949491 948691 948291 948292 948293 948294 949492 948692 948693 948694 948695 950295 949495 950294 949494 949892 950293 949493
bot 426 428 wvgzie3u 1875191892 874989 52
owned 426 874989 874990 874991 874992 875392 874592 874192 874191 874190 874189 874188 874187 874186 874185 874585 874985 874986 874987 875387 875388 875788 875789 875790 875791 876190 876189 876188 876187 875787 875786 875386 875385 874586 873786 874587 873787 873387 873388 873389 873390 874588 873788 873789 873790 873791 875391 874591 875390 874590 874988 875389 874589
bot 427 429 mwh2z96c -2030578588 1159907 52
owned 427 1159907 1159908 1159909 1159910 1160310 1159510 1159110 1159109 1159108 1159107 1159106 1159105 1159104 1159103 1159503 1159903 1159904 1159905 1160305 1160306 1160706 1160707 1160708 1160709 1161108 1161107 1161106 1161105 1160705 1160704 1160304 1160303 1159504 1158704 1159505 1158705 1158305 1158306 1158307 1158308 1159506 1158706 1158707 1158708 1158709 1160309 1159509 1160308 1159508 1159906 1160307 1159507
bot 428 430 l4ku27pt 1546664767 1674695 52
owned 428 1674695 1674696 1674697 1674698 1675098 1674298 1673898 1673897 1673896 1673895 1673894 1673893 1673892 1673891 1674291 1674691 1674692 1674693 1675093 1675094 1675494 1675495 1675496 1675497 1675896 1675895 1675894 1675893 1675493 1675492 1675092 1675091 1674292 1673492 1674293 1673493 1673093 1673094 1673095 1673096 1674294 1673494 1673495 1673496 1673497 1675097 1674297 1675096 1674296 1674694 1675095 1674295
bot 429 431 jpvsmxxx 359931286 63060 52
owned 429 63060 63061 63062 63063 63463 62663 62263 62262 62261 62260 62259 62258 62257 62256 62656 63056 63057 63058 63458 63459 63859 63860 63861 63862 64261 64260 64259 64258 63858 63857 63457 63456 62657 61857 62658 61858 61458 61459 61460 61461 62659 61859 61860 61861 61862 63462 62662 63461 62661 63059 63460 62660
bot 430 432 s4xo3abv 1228142782 1419386 52
owned 430 1419386 1419387 1419388 1419389 1419789 1418989 1418589 1418588 1418587 1418586 1418585 1418584 1418583 1418582 1418982 1419382 1419383 1419384 1419784 1419785 1420185 1420186 1420187 1420188 1420587 1420586 1420585 1420584 1420184 1420183 1419783 1419782 1418983 1418183 1418984 1418184 1417784 1417785 1417786 1417787 1418985 1418185 1418186 1418187 1418188 1419788 1418988 1419787 1418987 1419385 1419786 1418986
bot 431 433 zte7u069 914820622 341174 52
owned 431 341174 341175 341176 341177 341577 340777 340377 340376 340375 340374 340373 340372 340371 340370 340770 341170 341171 341172 341572 341573 341973 341974 341975 341976 342375 342374 342373 342372 341972 341971 341571 341570 340771 339971 340772 339972 339572 339573 339574 339575 340773 339973 339974 339975 339976 341576 340776 341575 340775 341173 341574 340774
bot 432 434 azlpbpke 1576831913 763295 52
owned 432 763295 763296 763297 763298 763698 762898 762498 762497 762496 762495 762494 762493 762492 762491 762891 763291 763292 763293 763693 763694 764094 764095 764096 764097 764496 764495 764494 764493 764093 764092 763692 763691 762892 762092 762893 762093 761693 761694 761695 761696 762894 762094 762095 762096 762097 763697 762897 763696 762896 763294 763695 762895
bot 433 435 0pmbiw8o 1809282750 1658996 52
owned 433 1658996 1658997 1658998 1658999 1659399 1658599 1658199 1658198 1658197 1658196 1658195 1658194 1658193 1658192 1658592 1658992 1658993 1658994 1659394 1659395 1659795 1659796 1659797 1659798 1660197 1660196 1660195 1660194 1659794 1659793 1659393 1659392 1658593 1657793 1658594 1657794 1657394 1657395 1657396 1657397 1658595 1657795 1657796 1657797 1657798 1659398 1658598 1659397 1658597 1658995 1659396 1658596
bot 434 436 rygf4mvr 347903721 572870 52
owned 434 572870 572871 572872 572873 573273 572473 572073 572072 572071 572070 572069 572068 572067 572066 572466 572866 572867 572868 573268 573269 573669 573670 573671 573672 574071 574070 574069 574068 573668 573667 573267 573266 572467 571667 572468 571668 571268 571269 571270 571271 572469 571669 571670 571671 571672 573272 572472 573271 572471 572869 573270 572470
bot 435 437 mg9pgnw7 573403340 962136 52
owned 435 962136 962137 962138 962139 962539 961739 961339 961338 961337 961336 961335 961334 961333 961332 961732 962132 962133 962134 962534 962535 962935 962936 962937 962938 963337 963336 963335 963334 962934 962933 962533 962532 961733 960933 961734 960934 960534 960535 960536 960537 961735 960935 960936 960937 960938 962538 961738 962537 961737 962135 962536 961736
bot 436 438 8olnebf1 1961674981 1196003 48
owned 436 1196003 1196004 1196005 1196006 1196406 1195606 1195206 1195205 1195204 1195203 1195202 1195201 1195200 1195600 1196000 1196001 1196401 1196402 1196802 1196803 1196804 1196805 1197204 1197203 1197202 1197201 1196801 1196800 1196400 1194800 1195601 1194801 1194401 1194402 1194403 1194404 1195602 1194802 1194803 1194804 1194805 1196405 1195605 1196404 1195604 1196002 1196403 1195603
bot 437 439 rzlsw9x1 1143180206 352366 52
owned 437 352366 352367 352368 352369 352769 351969 351569 351568 351567 351566 351565 351564 351563 351562 351962 352362 352363 352364 352764 352765 353165 353166 353167 353168 353567 353566 353565 353564 353164 353163 352763 352762 351963 351163 351964 351164 350764 350765 350766 350767 351965 351165 351166 351167 351168 352768 351968 352767 351967 352365 352766 351966
bot 438 440 o0jhfyxc 1555391079 605718 52
owned 438 605718 605719 605720 605721 606121 605321 604921 604920 604919 604918 604917 604916 604915 604914 605314 605714 605715 605716 606116 606117 606517 606518 606519 606520 606919 606918 606917 606916 606516 606515 606115 606114 605315 604515 605316 604516 604116 604117 604118 604119 605317 604517 604518 604519 604520 606120 605320 606119 605319 605717 606118 605318
bot 439 441 vki91ouc 1491134259 1335785 52
owned 439 1335785 1335786 1335787 1335788 1336188 1335388 1334988 1334987 1334986 1334985 1334984 1334983 1334982 1334981 1335381 1335781 1335782 1335783 1336183 1336184 1336584 1336585 1336586 1336587 1336986 1336985 1336984 1336983 1336583 1336582 1336182 1336181 1335382 1334582 1335383 1334583 1334183 1334184 1334185 1334186 1335384 1334584 1334585 1334586 1334587 1336187 1335387 1336186 1335386 1335784 1336185 1335385
bot 440 442 0onssx3n 966406792 406425 52
owned 440 406425 406426 406427 406428 406828 406028 405628 405627 405626 405625 405624 405623 405622 405621 406021 406421 406422 406423 406823 406824 407224 407225 407226 407227 407626 407625 407624 407623 407223 407222 406822 406821 406022 405222 406023 405223 404823 404824 404825 404826 406024 405224 405225 405226 405227 406827 406027 406826 406026 406424 406825 406025
bot 441 443 ymrho9y4 1966682579 328801 34
owned 441 328801 328802 328803 328804 329204 328404 328004 328003 328002 328001 328000 328400 327600 327200 327201 327202 327601 327602 327603 329203 329603 329602 329601 329600 330000 329200 330001 330002 328403 329202 328402 328800 329201 328401
bot 442 444 4jjh2h8g 1367947243 545424 52
owned 442 545424 545425 545426 545427 545827 545027 544627 544626 544625 544624 544623 544622 544621 544620 545020 545420 545421 545422 545822 545823 546223 546224 546225 546226 546625 546624 546623 546622 546222 546221 545821 545820 545021 544221 545022 544222 543822 543823 543824 543825 545023 544223 544224 544225 544226 545826 545026 545825 545025 545423 545824 545024
bot 443 445 af8k17d8 934703474 964432 52
owned 443 964432 964433 964434 964435 964835 964035 963635 963634 963633 963632 963631 963630 963629 963628 964028 964428 964429 964430 964830 964831 965231 965232 965233 965234 965633 965632 965631 965630 965230 965229 964829 964828 964029 963229 964030 963230 962830 962831 962832 962833 964031 963231 963232 963233 963234 964834 964034 964833 964033 964431 964832 964032
bot 444 446 qt2a41r9 986164378 241768 52
owned 444 241768 241769 241770 241771 242171 241371 240971 240970 240969 240968 240967 240966 240965 240964 241364 241764 241765 241766 242166 242167 242567 242568 242569 242570 242969 242968 242967 242966 242566 242565 242165 242164 241365 240565 241366 240566 240166 240167 240168 240169 241367 240567 240568 240569 240570 242170 241370 242169 241369 241767 242168 241368
bot 445 447 dmqr8rk9 740056882 1004110 52
owned 445 1004110 1004111 1004112 1004113 1004513 1003713 1003313 1003312 1003311 1003310 1003309 1003308 1003307 1003306 1003706 1004106 1004107 1004108 1004508 1004509 1004909 1004910 1004911 1004912 1005311 1005310 1005309 1005308 1004908 1004907 1004507 1004506 1003707 1002907 1003708 1002908 1002508 1002509 1002510 1002511 1003709 1002909 1002910 1002911 1002912 1004512 1003712 1004511 1003711 1004109 1004510 1003710
bot 446 448 gdvex2np 1375276236 151880 52
owned 446 151880 151881 151882 151883 152283 151483 151083 151082 151081 151080 151079 151078 151077 151076 151476 151876 151877 151878 152278 152279 152679 152680 152681 152682 153081 153080 153079 153078 152678 152677 152277 152276 151477 150677 151478 150678 150278 150279 150280 150281 151479 150679 150680 150681 150682 152282 151482 152281 151481 151879 152280 151480
bot 447 449 z6dhj6lz 1740470430 528767 52
owned 447 528767 528768 528769 528770 529170 528370 527970 527969 527968 527967 527966 527965 527964 527963 528363 528763 528764 528765 529165 529166 529566 529567 529568 529569 529968 529967 529966 529965 529565 529564 529164 529163 528364 527564 528365 527565 527165 527166 527167 527168 528366 527566 527567 527568 527569 529169 528369 529168 528368 528766 529167 528367
bot 448 450 ztlqrwwc 1168769812 927198 42
owned 448 927198 927199 927599 927999 927998 927997 927996 927995 927595 927594 927194 926794 926795 926796 926797 926397 926398 926399 925999 925599 925598 925597 925596 925996 925995 925998 925997 927196 926396 926395 926394 927195 928396 927596 928397 927597 928398 928399 926799 927197 927598 926798
bot 449 451 qk845cyd 1718860403 1507350 52
owned 449 1507350 1507351 1507352 1507353 1507753 1506953 1506553 1506552 1506551 1506550 1506549 1506548 1506547 1506546 1506946 1507346 1507347 1507348 1507748 1507749 1508149 1508150 1508151 1508152 1508551 1508550 1508549 1508548 1508148 1508147 1507747 1507746 1506947 1506147 1506948 1506148 1505748 1505749 1505750 1505751 1506949 1506149 1506150 1506151 1506152 1507752 1506952 1507751 1506951 1507349 1507750 1506950
bot 450 452 g5ubwqld -2134424457 957785 52
owned 450 957785 957786 957787 957788 958188 957388 956988 956987 956986 956985 956984 956983 956982 956981 957381 957781 957782 957783 958183 958184 958584 958585 958586 958587 958986 958985 958984 958983 958583 958582 958182 958181 957382 956582 957383 956583 956183 956184 956185 956186 957384 956584 956585 956586 956587 958187 957387 958186 957386 957784 958185 957385
bot 451 453 voc18itg -1968564465 1661038 52
owned 451 1661038 1661039 1661040 1661041 1661441 1660641 1660241 1660240 1660239 1660238 1660237 1660236 1660235 1660234 1660634 1661034 1661035 1661036 1661436 1661437 1661837 1661838 1661839 1661840 1662239 1662238 1662237 1662236 1661836 1661835 1661435 1661434 1660635 1659835 1660636 1659836 1659436 1659437 1659438 1659439 1660637 1659837 1659838 1659839 1659840 1661440 1660640 1661439 1660639 1661037 1661438 1660638
bot 452 454 3noal342 1024097718 1078208 52
owned 452 1078208 1078209 1078210 1078211 1078611 1077811 1077411 1077410 1077409 1077408 1077407 1077406 1077405 1077404 1077804 1078204 1078205 1078206 1078606 1078607 1079007 1079008 1079009 1079010 1079409 1079408 1079407 1079406 1079006 1079005 1078605 1078604 1077805 1077005 1077806 1077006 1076606 1076607 1076608 1076609 1077807 1077007 1077008 1077009 1077010 1078610 1077810 1078609 1077809 1078207 1078608 1077808
bot 453 455 r8slsgxy 1850106064 497176 52
owned 453 497176 497177 497178 497179 497579 496779 496379 496378 496377 496376 496375 496374 496373 496372 496772 497172 497173 497174 497574 497575 497975 497976 497977 497978 498377 498376 498375 498374 497974 497973 497573 497572 496773 495973 496774 495974 495574 495575 495576 495577 496775 495975 495976 495977 495978 497578 496778 497577 496777 497175 497576 496776
bot 454 456 kwh9u6xu 1448727209 1288987 52
owned 454 1288987 1288988 1288989 1288990 1289390 1288590 1288190 1288189 1288188 1288187 1288186 1288185 1288184 1288183 1288583 1288983 1288984 1288985 1289385 1289386 1289786 1289787 1289788 1289789 1290188 1290187 1290186 1290185 1289785 1289784 1289384 1289383 1288584 1287784 1288585 1287785 1287385 1287386 1287387 1287388 1288586 1287786 1287787 1287788 1287789 1289389 1288589 1289388 1288588 1288986 1289387 1288587
bot 455 457 8k335xf9 1018869389 1190388 52
owned 455 1190388 1190389 1190390 1190391 1190791 1189991 1189591 1189590 1189589 1189588 1189587 1189586 1189585 1189584 1189984 1190384 1190385 1190386 1190786 1190787 1191187 1191188 1191189 1191190 1191589 1191588 1191587 1191586 1191186 1191185 1190785 1190784 1189985 1189185 1189986 1189186 1188786 1188787 1188788 1188789 1189987 1189187 1189188 1189189 1189190 1190790 1189990 1190789 1189989 1190387 1190788 1189988
bot 456 458 r8oeocye 1971210312 1592423 52
owned 456 1592423 1592424 1592425 1592426 1592826 1592026 1591626 1591625 1591624 1591623 1591622 1591621 1591620 1591619 1592019 1592419 1592420 1592421 1592821 1592822 1593222 1593223 1593224 1593225 1593624 1593623 1593622 1593621 1593221 1593220 1592820 1592819 1592020 1591220 1592021 1591221 1590821 1590822 1590823 1590824 1592022 1591222 1591223 1591224 1591225 1592825 1592025 1592824 1592024 1592422 1592823 1592023
bot 457 459 aux9eznz 1727136058 1553841 52
owned 457 1553841 1553842 1553843 1553844 1554244 1553444 1553044 1553043 1553042 1553041 1553040 1553039 1553038 1553037 1553437 1553837 1553838 1553839 1554239 1554240 1554640 1554641 1554642 1554643 1555042 1555041 1555040 1555039 1554639 1554638 1554238 1554237 1553438 1552638 1553439 1552639 1552239 1552240 1552241 1552242 1553440 1552640 1552641 1552642 1552643 1554243 1553443 1554242 1553442 1553840 1554241 1553441
bot 458 460 tl8i4sqm 1152690240 594014 52
owned 458 594014 594015 594016 594017 594417 593617 593217 593216 593215 593214 593213 593212 593211 593210 593610 594010 594011 594012 594412 594413 594813 594814 594815 594816 595215 595214 595213 595212 594812 594811 594411 594410 593611 592811 593612 592812 592412 592413 592414 592415 593613 592813 592814 592815 592816 594416 593616 594415 593615 594013 594414 593614
bot 459 461 5tvnmw0x 1457310797 1487930 52
owned 459 1487930 1487931 1487932 1487933 1488333 1487533 1487133 1487132 1487131 1487130 1487129 1487128 1487127 1487126 1487526 1487926 1487927 1487928 1488328 1488329 1488729 1488730 1488731 1488732 1489131 1489130 1489129 1489128 1488728 1488727 1488327 1488326 1487527 1486727 1487528 1486728 1486328 1486329 1486330 1486331 1487529 1486729 1486730 1486731 1486732 1488332 1487532 1488331 1487531 1487929 1488330 1487530
bot 460 462 iaxyjwg2 -2021203755 749548 52
owned 460 749548 749549 749550 749551 749951 749151 748751 748750 748749 748748 748747 748746 748745 748744 749144 749544 749545 749546 749946 749947 750347 750348 750349 750350 750749 750748 750747 750746 750346 750345 749945 749944 749145 748345 749146 748346 747946 747947 747948 747949 749147 748347 748348 748349 748350 749950 749150 749949 749149 749547 749948 749148
bot 461 463 vsouyzqb 1989752153 439089 52
owned 461 439089 439090 439091 439092 439492 438692 438292 438291 438290 438289 438288 438287 438286 438285 438685 439085 439086 439087 439487 439488 439888 439889 439890 439891 440290 440289 440288 440287 439887 439886 439486 439485 438686 437886 438687 437887 437487 437488 437489 437490 438688 437888 437889 437890 437891 439491 438691 439490 438690 439088 439489 438689
bot 462 464 qo2yiqyt 867418476 430154 52
owned 462 430154 430155 430156 430157 430557 429757 429357 429356 429355 429354 429353 429352 429351 429350 429750 430150 430151 430152 430552 430553 430953 430954 430955 430956 431355 431354 431353 431352 430952 430951 430551 430550 429751 428951 429752 428952 428552 428553 428554 428555 429753 428953 428954 428955 428956 430556 429756 430555 429755 430153 430554 429754
bot 463 465 4b0bsp77 1542129959 810044 52
owned 463 810044 810045 810046 810047 810447 809647 809247 809246 809245 809244 809243 809242 809241 809240 809640 810040 810041 810042 810442 810443 810843 810844 810845 810846 811245 811244 811243 811242 810842 810841 810441 810440 809641 808841 809642 808842 808442 808443 808444 808445 809643 808843 808844 808845 808846 810446 809646 810445 809645 810043 810444 809644
bot 464 466 zt5za47g 844577314 991220 52
owned 464 991220 991221 991222 991223 991623 990823 990423 990422 990421 990420 990419 990418 990417 990416 990816 991216 991217 991218 991618 991619 992019 992020 992021 992022 992421 992420 992419 992418 992018 992017 991617 991616 990817 990017 990818 990018 989618 989619 989620 989621 990819 990019 990020 990021 990022 991622 990822 991621 990821 991219 991620 990820
bot 465 467 ialnkrtf 1920080439 38003 48
owned 465 38003 38004 38005 38006 38406 37606 37206 37205 37204 37203 37202 37201 37200 37600 38000 38001 38401 38402 38802 38803 38804 38805 39204 39203 39202 39201 38801 38800 38400 36800 37601 36801 36401 36402 36403 36404 37602 36802 36803 36804 36805 38405 37605 38404 37604 38002 38403 37603
bot 466 468 euhp0q2h 746902101 1493379 52
owned 466 1493379 1493380 1493381 1493382 1493782 1492982 1492582 1492581 1492580 1492579 1492578 1492577 1492576 1492575 1492975 1493375 1493376 1493377 1493777 1493778 1494178 1494179 1494180 1494181 1494580 1494579 1494578 1494577 1494177 1494176 1493776 1493775 1492976 1492176 1492977 1492177 1491777 1491778 1491779 1491780 1492978 1492178 1492179 1492180 1492181 1493781 1492981 1493780 1492980 1493378 1493779 1492979
bot 467 469 hxtuit3a 1096026234 174401 34
owned 467 174401 174402 174403 174404 174804 174004 173604 173603 173602 173601 173600 174000 173200 172800 172801 172802 173201 173202 173203 174803 175203 175202 175201 175200 175600 174800 175601 175602 174003 174802 174002 174400 174801 174001
bot 468 470 cfqynmub 349093211 1167660 52
owned 468 1167660 1167661 1167662 1167663 1168063 1167263 1166863 1166862 1166861 1166860 1166859 1166858 1166857 1166856 1167256 1167656 1167657 1167658 1168058 1168059 1168459 1168460 1168461 1168462 1168861 1168860 1168859 1168858 1168458 1168457 1168057 1168056 1167257 1166457 1167258 1166458 1166058 1166059 1166060 1166061 1167259 1166459 1166460 1166461 1166462 1168062 1167262 1168061 1167261 1167659 1168060 1167260
bot 469 471 kp4qpq36 508411518 518557 52
owned 469 518557 518558 518559 518560 518960 518160 517760 517759 517758 517757 517756 517755 517754 517753 518153 518553 518554 518555 518955 518956 519356 519357 519358 519359 519758 519757 519756 519755 519355 519354 518954 518953 518154 517354 518155 517355 516955 516956 516957 516958 518156 517356 517357 517358 517359 518959 518159 518958 518158 518556 518957 518157
bot 470 472 m4sv56ts 1221929626 1122329 52
owned 470 1122329 1122330 1122331 1122332 1122732 1121932 1121532 1121531 1121530 1121529 1121528 1121527 1121526 1121525 1121925 1122325 1122326 1122327 1122727 1122728 1123128 1123129 1123130 1123131 1123530 1123529 1123528 1123527 1123127 1123126 1122726 1122725 1121926 1121126 1121927 1121127 1120727 1120728 1120729 1120730 1121928 1121128 1121129 1121130 1121131 1122731 1121931 1122730 1121930 1122328 1122729 1121929
bot 471 473 90lwnghk 1106536998 243333 52
owned 471 243333 243334 243335 243336 243736 242936 242536 242535 242534 242533 242532 242531 242530 242529 242929 243329 243330 243331 243731 243732 244132 244133 244134 244135 244534 244533 244532 244531 244131 244130 243730 243729 242930 242130 242931 242131 241731 241732 241733 241734 242932 242132 242133 242134 242135 243735 242935 243734 242934 243332 243733 242933
bot 472 474 6s4qrb66 425992942 648261 52
owned 472 648261 648262 648263 648264 648664 647864 647464 647463 647462 647461 647460 647459 647458 647457 647857 648257 648258 648259 648659 648660 649060 649061 649062 649063 649462 649461 649460 649459 649059 649058 648658 648657 647858 647058 647859 647059 646659 646660 646661 646662 647860 647060 647061 647062 647063 648663 647863 648662 647862 648260 648661 647861
bot 473 475 zm2durya 1873766734 991513 52
owned 473 991513 991514 991515 991516 991916 991116 990716 990715 990714 990713 990712 990711 990710 990709 991109 991509 991510 991511 991911 991912 992312 992313 992314 992315 992714 992713 992712 992711 992311 992310 991910 991909 991110 990310 991111 990311 989911 989912 989913 989914 991112 990312 990313 990314 990315 991915 991115 991914 991114 991512 991913 991113
bot 474 476 r78jt2dp 312851525 1355576 52
owned 474 1355576 1355577 1355578 1355579 1355979 1355179 1354779 1354778 1354777 1354776 1354775 1354774 1354773 1354772 1355172 1355572 1355573 1355574 1355974 1355975 1356375 1356376 1356377 1356378 1356777 1356776 1356775 1356774 1356374 1356373 1355973 1355972 1355173 1354373 1355174 1354374 1353974 1353975 1353976 1353977 1355175 1354375 1354376 1354377 1354378 1355978 1355178 1355977 1355177 1355575 1355976 1355176
bot 475 477 2l6px65c 262883716 1311099 52
owned 475 1311099 1311100 1311101 1311102 1311502 1310702 1310302 1310301 1310300 1310299 1310298 1310297 1310296 1310295 1310695 1311095 1311096 1311097 1311497 1311498 1311898 1311899 1311900 1311901 1312300 1312299 1312298 1312297 1311897 1311896 1311496 1311495 1310696 1309896 1310697 1309897 1309497 1309498 1309499 1309500 1310698 1309898 1309899 1309900 1309901 1311501 1310701 1311500 1310700 1311098 1311499 1310699
bot 476 478 8m9tfbvi 1714330309 1232538 52
owned 476 1232538 1232539 1232540 1232541 1232941 1232141 1231741 1231740 1231739 1231738 1231737 1231736 1231735 1231734 1232134 1232534 1232535 1232536 1232936 1232937 1233337 1233338 1233339 1233340 1233739 1233738 1233737 1233736 1233336 1233335 1232935 1232934 1232135 1231335 1232136 1231336 1230936 1230937 1230938 1230939 1232137 1231337 1231338 1231339 1231340 1232940 1232140 1232939 1232139 1232537 1232938 1232138
bot 477 479 9mt34ypn 2102586138 2865 52
owned 477 2865 2866 2867 2868 3268 2468 2068 2067 2066 2065 2064 2063 2062 2061 2461 2861 2862 2863 3263 3264 3664 3665 3666 3667 4066 4065 4064 4063 3663 3662 3262 3261 2462 1662 2463 1663 1263 1264 1265 1266 2464 1664 1665 1666 1667 3267 2467 3266 2466 2864 3265 2465
bot 478 480 7q708nxs 417940264 978874 52
owned 478 978874 978875 978876 978877 979277 978477 978077 978076 978075 978074 978073 978072 978071 978070 978470 978870 978871 978872 979272 979273 979673 979674 979675 979676 980075 980074 980073 980072 979672 979671 979271 979270 978471 977671 978472 977672 977272 977273 977274 977275 978473 977673 977674 977675 977676 979276 978476 979275 978475 978873 979274 978474
bot 479 481 vaum2ag5 1384647716 86833 52
owned 479 86833 86834 86835 86836 87236 86436 86036 86035 86034 86033 86032 86031 86030 86029 86429 86829 86830 86831 87231 87232 87632 87633 87634 87635 88034 88033 88032 88031 87631 87630 87230 87229 86430 85630 86431 85631 85231 85232 85233 85234 86432 85632 85633 85634 85635 87235 86435 87234 86434 86832 87233 86433
bot 480 482 lhw012op 732008155 961118 52
owned 480 961118 961119 961120 961121 961521 960721 960321 960320 960319 960318 960317 960316 960315 960314 960714 961114 961115 961116 961516 961517 961917 961918 961919 961920 962319 962318 962317 962316 961916 961915 961515 961514 960715 959915 960716 959916 959516 959517 959518 959519 960717 959917 959918 959919 959920 961520 960720 961519 960719 961117 961518 960718
bot 481 483 ov7icohk 1018938204 1448101 52
owned 481 1448101 1448102 1448103 1448104 1448504 1447704 1447304 1447303 1447302 1447301 1447300 1447299 1447298 1447297 1447697 1448097 1448098 1448099 1448499 1448500 1448900 1448901 1448902 1448903 1449302 1449301 1449300 1449299 1448899 1448898 1448498 1448497 1447698 1446898 1447699 1446899 1446499 1446500 1446501 1446502 1447700 1446900 1446901 1446902 1446903 1448503 1447703 1448502 1447702 1448100 1448501 1447701
bot 482 484 wdgpft73 1670765284 1237720 52
owned 482 1237720 1237721 1237722 1237723 1238123 1237323 1236923 1236922 1236921 1236920 1236919 1236918 1236917 1236916 1237316 1237716 1237717 1237718 1238118 1238119 1238519 1238520 1238521 1238522 1238921 1238920 1238919 1238918 1238518 1238517 1238117 1238116 1237317 1236517 1237318 1236518 1236118 1236119 1236120 1236121 1237319 1236519 1236520 1236521 1236522 1238122 1237322 1238121 1237321 1237719 1238120 1237320
bot 483 485 77xjevxo -1951658934 107885 52
owned 483 107885 107886 107887 107888 108288 107488 107088 107087 107086 107085 107084 107083 107082 107081 107481 107881 107882 107883 108283 108284 108684 108685 108686 108687 109086 109085 109084 109083 108683 108682 108282 108281 107482 106682 107483 106683 106283 106284 106285 106286 107484 106684 106685 106686 106687 108287 107487 108286 107486 107884 108285 107485
bot 484 486 oqm2d2ls 780145184 521266 52
owned 484 521266 521267 521268 521269 521669 520869 520469 520468 520467 520466 520465 520464 520463 520462 520862 521262 521263 521264 521664 521665 522065 522066 522067 522068 522467 522466 522465 522464 522064 522063 521663 521662 520863 520063 520864 520064 519664 519665 519666 519667 520865 520065 520066 520067 520068 521668 520868 521667 520867 521265 521666 520866
bot 485 487 s4bnz7gf 599452877 638139 52
owned 485 638139 638140 638141 638142 638542 637742 637342 637341 637340 637339 637338 637337 637336 637335 637735 638135 638136 638137 638537 638538 638938 638939 638940 638941 639340 639339 639338 639337 638937 638936 638536 638535 637736 636936 637737 636937 636537 636538 636539 636540 637738 636938 636939 636940 636941 638541 637741 638540 637740 638138 638539 637739
bot 486 488 qareow7n 1600203458 1111548 52
owned 486 1111548 1111549 1111550 1111551 1111951 1111151 1110751 1110750 1110749 1110748 1110747 1110746 1110745 1110744 1111144 1111544 1111545 1111546 1111946 1111947 1112347 1112348 1112349 1112350 1112749 1112748 1112747 1112746 1112346 1112345 1111945 1111944 1111145 1110345 1111146 1110346 1109946 1109947 1109948 1109949 1111147 1110347 1110348 1110349 1110350 1111950 1111150 1111949 1111149 1111547 1111948 1111148
bot 487 489 0qjiaqhk 2124328977 9443 52
owned 487 9443 9444 9445 9446 9846 9046 8646 8645 8644 8643 8642 8641 8640 8639 9039 9439 9440 9441 9841 9842 10242 10243 10244 10245 10644 10643 10642 10641 10241 10240 9840 9839 9040 8240 9041 8241 7841 7842 7843 7844 9042 8242 8243 8244 8245 9845 9045 9844 9044 9442 9843 9043
