# ofcuda_prng initial-state v1 (port spawn/initial state; engine-bit-exact)
# source reference /opt/data/workspaces/skg/ofcuda_matrix/out/matrix/refs/onion_a488_nat0.spawn.txt
map onion
seed parity
game_id QqkIuyke
game_hash 223241348
agents 488
nations 0
human_agents 1
width 512
height 512
min_dist 30
player 1 H nd8079oo -1 0 0
player 2 B 7kmb47oc 27778 1 52
player 3 B su965kfe 61062 1 52
player 4 B 4918e5rs 207925 1 52
player 5 B 0grah7qg 112589 1 52
player 6 B 79lbhuod 7747 1 52
player 7 B 0eay8wsu 185078 1 52
player 8 B l4g4juu8 131680 1 52
player 9 B gsw4n5km 220653 1 52
player 10 B ooz4f963 227805 1 52
player 11 B g49bog52 82831 1 52
player 12 B vl3arc4y 122481 1 52
player 13 B 26spmsu2 25478 1 52
player 14 B 666fmd2f 74078 1 52
player 15 B vybu8oes 59181 1 52
player 16 B tlx2iciq 33373 1 52
player 17 B 8i7cuo9t 153772 1 52
player 18 B ay8xa67r 177159 1 52
player 19 B fha1xhrw 92099 1 52
player 20 B 0n5m7v7w 107882 1 52
player 21 B g1kcotxi 171033 1 52
player 22 B onu80sk7 199671 1 52
player 23 B mt378h9n 202681 1 52
player 24 B bo2xv2tw 103834 1 52
player 25 B 4j0jwl8e 100382 1 52
player 26 B 2q1yboxl 71866 1 52
player 27 B uf1afynu 161215 1 52
player 28 B hnp5jsyu 159030 1 52
player 29 B 3ks2xdvj 256926 1 52
player 30 B 6udu18l9 47530 1 52
player 31 B u9qkgxb0 154843 1 52
player 32 B gxzvzcy1 55630 1 52
player 33 B soumc8lx 254053 1 52
player 34 B pbtdxhy8 123453 1 52
player 35 B 7qca320q 42978 1 52
player 36 B qu4dw13r 192577 1 52
player 37 B uf42rmom 53333 1 52
player 38 B 5pzo5nyp 25584 1 52
player 39 B lpeu6a40 219137 1 34
player 40 B m01qyq41 103482 1 52
player 41 B qp5j7mcl 193299 1 52
player 42 B daoks386 194425 1 52
player 43 B 1adrc0if 39033 1 52
player 44 B z2sjy7tl 49712 1 52
player 45 B 2a2pcqq2 69613 1 52
player 46 B 965x3zic 240126 1 42
player 47 B yytwuuvv 167653 1 52
player 48 B 0bq4zvkx 150286 1 52
player 49 B fqo7elia 184418 1 52
player 50 B xb2eodru 221398 1 52
player 51 B dn2a1fmz 93814 1 52
player 52 B c657fqi1 233990 1 52
player 53 B 3oa0wbik 254930 1 52
player 54 B bbor86ta 143358 1 42
player 55 B ke481hq3 244816 1 52
player 56 B 1p7me35b 116758 1 52
player 57 B ros1fefm 94031 1 52
player 58 B bbj4439d 66067 1 52
player 59 B 50euwmgf 56490 1 52
player 60 B 6ifrrqwg 178458 1 52
player 61 B t3qojvzx 152071 1 52
player 62 B e39s2b1x 45413 1 52
player 63 B 8elalp3o 250805 1 52
player 64 B drzdgt29 217988 1 52
player 65 B a5l13l40 253610 1 52
player 66 B 15jsgukl 106695 1 52
player 67 B 457rtifd 5484 1 52
player 68 B nvln8mx2 28910 1 52
player 69 B xdf4q9ey 12707 1 52
player 70 B aehphxxq 78923 1 52
player 71 B r69884b7 11793 1 52
player 72 B 1fi956n2 74382 1 52
player 73 B x0s75hnx 27486 1 52
player 74 B jjcxe8w7 65083 1 52
player 75 B pa9du0an 61406 1 52
player 76 B wr1iodtv 242719 1 52
player 77 B q4t061qn 44559 1 52
player 78 B 5walu3qw 66662 1 52
player 79 B 9qsdvg22 52605 1 52
player 80 B kxhibxlj 254282 1 52
player 81 B 3lvh3hh1 231701 1 52
player 82 B hhxd8zhc 113444 1 52
player 83 B 68hvehkn 77229 1 52
player 84 B 0ysk38le 146490 1 52
player 85 B p9mtmjen 41026 1 52
player 86 B vtv2qiiq 54779 1 52
player 87 B npcd7vse 107119 1 52
player 88 B fyrg30wr 195100 1 52
player 89 B qg4cg39i 155543 1 52
player 90 B kqu8z0ef 58768 1 52
player 91 B bdv4tpd7 201014 1 52
player 92 B ok13k4z3 1575 1 48
player 93 B hkwcx197 252798 1 52
player 94 B ko4t02h4 119039 1 52
player 95 B a769y4e5 79825 1 52
player 96 B po0wxlw1 94591 1 52
player 97 B o8264l3e 230817 1 52
player 98 B 9rke6fm3 200809 1 52
player 99 B gyjc9x52 226242 1 52
player 100 B x793lc6c 77853 1 52
player 101 B 93k3li8n 208154 1 52
player 102 B a1hte6qb 23560 1 52
player 103 B jklgnd18 5446 1 52
player 104 B vfadfhgj 238700 1 52
player 105 B cwni1kcb 1533 1 38
player 106 B 8z4z0zds 169574 1 52
player 107 B cdzck1ki 127906 1 52
player 108 B zbaa3l3a 187797 1 52
player 109 B xm369xbs 203111 1 52
player 110 B e4dqhzo1 131056 1 52
player 111 B fepimk2i 49361 1 52
player 112 B o2es7ebc 221016 1 52
player 113 B l4opv4e9 92135 1 52
player 114 B 4b3f45hy 21250 1 52
player 115 B r3pvfglh 34750 1 52
player 116 B fnl5ocw8 24879 1 52
player 117 B 7391zjkf 109485 1 52
player 118 B ow5basj8 84645 1 52
player 119 B olinuy4r 139456 1 52
player 120 B 2e2jcypv 8859 1 52
player 121 B nx0it9ss 121741 1 52
player 122 B tt57j91k 13279 1 52
player 123 B 87aoci2n 18063 1 52
player 124 B wk147shp 177726 1 52
player 125 B q8jb2dnz 174444 1 52
player 126 B 4yzxt2gp 31396 1 52
player 127 B 755xej7w 257058 1 52
player 128 B hjhprwfn 19637 1 52
player 129 B n66i0csf 2272 1 52
player 130 B am3stnxi 240007 1 52
player 131 B pmeqlcvs 217332 1 52
player 132 B xl8vnvj2 138198 1 52
player 133 B 0f3l9cg5 190096 1 52
player 134 B siocmotr 202136 1 52
player 135 B uf75fjkr 116200 1 52
player 136 B 3nuksgyo 30260 1 52
player 137 B isfwwr01 214051 1 52
player 138 B auuv9uim 138622 1 52
player 139 B mdro7fya 103937 1 34
player 140 B 8qfmz7a7 15953 1 52
player 141 B m8j6zoax 184770 1 52
player 142 B 7236xcde 102897 1 52
player 143 B n4vtdnwp 194254 1 52
player 144 B yggevgbl 224839 1 52
player 145 B beijdl2w 126779 1 52
player 146 B d2oo7mhj 40258 1 52
player 147 B wrheiirw 153936 1 52
player 148 B d03y3hz5 60853 1 52
player 149 B 5xaek3av 213662 1 52
player 150 B gz34o9hq 243840 1 52
player 151 B 37xw489f 201464 1 52
player 152 B k3srrvn9 140208 1 52
player 153 B 5isbkj04 155754 1 52
player 154 B r73y2vzl 241624 1 52
player 155 B 36x3kyhk 176592 1 52
player 156 B 01ob2tlo 164610 1 52
player 157 B cb13fbp5 182578 1 52
player 158 B vmmrq63s 42771 1 52
player 159 B nkjckjq8 138369 1 52
player 160 B wcggivof 119384 1 52
player 161 B 1w1ciciy 120023 1 52
player 162 B 2a0v7iem 237620 1 52
player 163 B jcz64pkr 208061 1 52
player 164 B v0ljq6tk 51650 1 52
player 165 B adg8798c 138250 1 52
player 166 B 5ghp3e6u 73595 1 52
player 167 B h5bdt6q4 162290 1 52
player 168 B 5oce5zsz 164038 1 52
player 169 B xka3bnm9 166547 1 52
player 170 B 3w1tydq6 19914 1 52
player 171 B upd1qyae 13585 1 52
player 172 B v4u31rox 1495 1 42
player 173 B q9vm95if 237302 1 52
player 174 B 0yu8n2tu 131851 1 52
player 175 B sc2ctn85 193495 1 52
player 176 B z0gmspsi 87089 1 52
player 177 B z7avk2un 216367 1 52
player 178 B 8efmeybn 8493 1 52
player 179 B bifxmou2 208868 1 52
player 180 B plh6en5t 257599 1 52
player 181 B ay3m2wg5 156741 1 52
player 182 B 1zmogxmk 109644 1 52
player 183 B 55yraoi7 87741 1 52
player 184 B 1sc05h43 102022 1 52
player 185 B 37ibwik8 204292 1 52
player 186 B uec16uxz 127014 1 52
player 187 B 9fd5ewrs 77123 1 52
player 188 B pe2p79c6 82419 1 52
player 189 B h1r85byk 217004 1 52
player 190 B exulggll 110980 1 52
player 191 B zouqcp7v 179922 1 52
player 192 B k39sgybe 19053 1 52
player 193 B orxhfzvz 103677 1 52
player 194 B uz8ynaez 118095 1 52
player 195 B ubigewsr 154152 1 52
player 196 B w0ozvjdh 1160 1 42
player 197 B f7yj98q8 58619 1 52
player 198 B 2xzw4gp3 142071 1 52
player 199 B 9rkdgj28 259875 1 52
player 200 B aw987uy7 87129 1 52
player 201 B gr243zlh 249322 1 52
player 202 B zowu9kf4 152549 1 52
player 203 B 2dtf8q4x 135747 1 52
player 204 B y9oft8w2 12021 1 52
player 205 B ed7kjxq3 21031 1 52
player 206 B nxt1ptsi 178823 1 52
player 207 B p825v2fd 48281 1 52
player 208 B wyarb4qo 42672 1 52
player 209 B qfs7b4z4 178674 1 52
player 210 B ms13gmzm 254465 1 34
player 211 B ym8zggo3 121781 1 52
player 212 B 8jahbnpg 258195 1 52
player 213 B b0djjiez 127840 1 52
player 214 B s9xysw8i 13522 1 52
player 215 B t3s2qgvc 4187 1 52
player 216 B aquue8ni 32215 1 52
player 217 B u3k8ktyr 177057 1 52
player 218 B i7egn3zz 216017 1 52
player 219 B o3vgfhge 257890 1 52
player 220 B m4aem5hx 3843 1 52
player 221 B p6i95qgo 119983 1 52
player 222 B gvho8qeo 119807 1 34
player 223 B 9iatvpoi 210659 1 52
player 224 B zd9jsqbj 226347 1 52
player 225 B zw1dwnig 33988 1 52
player 226 B be5xt98q 89614 1 52
player 227 B 522b0ju8 78456 1 52
player 228 B ibxwtyy7 37752 1 52
player 229 B zjhashkb 218749 1 52
player 230 B 89ttdia6 44790 1 52
player 231 B 6o2o0nvl 128656 1 52
player 232 B xldl70se 133569 1 52
player 233 B qrwgzvzz 29090 1 52
player 234 B h711p697 157037 1 52
player 235 B g4ulqqm0 1025 1 27
player 236 B v18jrx10 13652 1 52
player 237 B 8sd3i7p8 189256 1 52
player 238 B l5o27mtm 6585 1 52
player 239 B b6f6r0t2 261893 1 34
player 240 B 7j5a3pfw 261056 1 48
player 241 B m5sg1z4l 39826 1 52
player 242 B ehpglvfz 83825 1 52
player 243 B wu3zthbo 101544 1 52
player 244 B yeh875u5 128000 1 26
player 245 B 8nuwzyn1 259806 1 52
player 246 B t0zwn9eb 141088 1 52
player 247 B 8zjwwdck 164865 1 34
player 248 B jwrhd5ij 1939 1 48
player 249 B jyb8rp14 139602 1 52
player 250 B wl7sxu3v 257729 1 52
player 251 B y0r0fu1j 186210 1 52
player 252 B kneohbbr 223913 1 52
player 253 B qc8m814x 161562 1 52
player 254 B ix3jngmf 64714 1 52
player 255 B 9mzpcgft 213070 1 52
player 256 B l5z5w588 39422 1 42
player 257 B pt0jqntf 68037 1 52
player 258 B 2e8alk85 164825 1 52
player 259 B hwe3kfal 245102 1 52
player 260 B 47li627l 31518 1 52
player 261 B 3asdumaj 68769 1 52
player 262 B l75txeu7 6772 1 52
player 263 B tbcz7mf1 94791 1 52
player 264 B o1ilw638 128200 1 52
player 265 B la4ytzgl 172864 1 52
player 266 B in2bq49j 260596 1 52
player 267 B 5irnw7ij 218896 1 52
player 268 B noxeflvy 127726 1 52
player 269 B 8gn7568f 209221 1 52
player 270 B 5c1omdu5 261751 1 34
player 271 B yc2b3pvx 58368 1 26
player 272 B lml55dcl 114304 1 52
player 273 B 1o5etbis 146885 1 52
player 274 B bulnhjw5 201879 1 52
player 275 B c6y4cfry 212988 1 52
player 276 B kbpw8sak 226916 1 52
player 277 B 65e8qmsr 183995 1 52
player 278 B furhe0mp 141858 1 52
player 279 B 92npvjrt 235959 1 52
player 280 B c56xdfdl 89743 1 52
player 281 B jul4zb4e 76800 1 26
player 282 B mpuzdlvw 98401 1 52
player 283 B plrlx715 12668 1 52
player 284 B yl9vsjpk 62831 1 52
player 285 B mkfgkn7r 183850 1 52
player 286 B v5nlafkw 87972 1 52
player 287 B 2p3gb961 -1 0 0
player 288 B uc4jshlt 226679 1 52
player 289 B 6xdips73 174754 1 52
player 290 B fqxqj0bu 47208 1 52
player 291 B yen0iwte 683 1 34
player 292 B 77ucsgzt -1 0 0
player 293 B 4c1d18ro -1 0 0
player 294 B bz5je7hx 165208 1 52
player 295 B fn7ax8sx 114223 1 52
player 296 B owdtos2u 165938 1 52
player 297 B f33f3rln 101334 1 52
player 298 B shy7v4eo 109375 1 52
player 299 B qi05x4jp 32792 1 52
player 300 B rtwhvg9g -1 0 0
player 301 B xebmdu02 65953 1 52
player 302 B minv0qzi -1 0 0
player 303 B s3tsi6x9 -1 0 0
player 304 B k4ol3ovv -1 0 0
player 305 B my4alddo -1 0 0
player 306 B j2kjyzt1 227562 1 52
player 307 B x5ff4utp 283 1 26
player 308 B lokk2xdf -1 0 0
player 309 B sylg30cf 168851 1 52
player 310 B sahbcu7b 124378 1 52
player 311 B zuvsbbzm -1 0 0
player 312 B n4n57mjy -1 0 0
player 313 B 8s3w15kq -1 0 0
player 314 B a6z0gp5d -1 0 0
player 315 B momzwuew -1 0 0
player 316 B swknlr19 -1 0 0
player 317 B 68tli42a 56864 1 52
player 318 B 43wn7pvq -1 0 0
player 319 B ssod81st -1 0 0
player 320 B 9fudx3o3 -1 0 0
player 321 B cm4ig7bz -1 0 0
player 322 B ajwm3pcu -1 0 0
player 323 B wcn2fdks -1 0 0
player 324 B 0a4r00hz -1 0 0
player 325 B 548y287t -1 0 0
player 326 B rkqmpoqo -1 0 0
player 327 B nrv83khf -1 0 0
player 328 B 00wyr0st -1 0 0
player 329 B dhvz0u2j -1 0 0
player 330 B 87uy1srx -1 0 0
player 331 B 26wgkglj -1 0 0
player 332 B s4otxlhb -1 0 0
player 333 B 65ikynwk -1 0 0
player 334 B goxpy54y -1 0 0
player 335 B etvrjl78 -1 0 0
player 336 B y58lji80 -1 0 0
player 337 B 13dy28ag 187902 1 42
player 338 B 0dg1h5h5 168746 1 52
player 339 B e9ncqhcw -1 0 0
player 340 B uhxjrdbv -1 0 0
player 341 B gv359a4k -1 0 0
player 342 B p4ehczm2 -1 0 0
player 343 B p2xbynef 36353 1 34
player 344 B co561w2j -1 0 0
player 345 B wz0zkd1s -1 0 0
player 346 B m7jnfagf -1 0 0
player 347 B rq439wc6 -1 0 0
player 348 B lkklizjr -1 0 0
player 349 B 2uyam605 -1 0 0
player 350 B er3wo1bg -1 0 0
player 351 B ezt35u0l -1 0 0
player 352 B 593d2qcb -1 0 0
player 353 B y51cphtm -1 0 0
player 354 B g94go6fd -1 0 0
player 355 B 9ksqwgqt -1 0 0
player 356 B ykirk4lg -1 0 0
player 357 B jurxvo26 -1 0 0
player 358 B to8bcohn -1 0 0
player 359 B ensatih4 -1 0 0
player 360 B nbbu08hb 227981 1 52
player 361 B rxlhv8ic -1 0 0
player 362 B aiowrq52 -1 0 0
player 363 B bo94our7 16894 1 42
player 364 B jxqkb7y6 -1 0 0
player 365 B ikezntfk -1 0 0
player 366 B j4e63dwu -1 0 0
player 367 B t0b9mavx -1 0 0
player 368 B bu0hz5bz -1 0 0
player 369 B 368l6a1p -1 0 0
player 370 B 6cr9h8xa -1 0 0
player 371 B 8y4zfq0g -1 0 0
player 372 B tz0sezi7 -1 0 0
player 373 B dazr70tn -1 0 0
player 374 B tx1pjsyg -1 0 0
player 375 B ndjtlp8r -1 0 0
player 376 B bsklet6g -1 0 0
player 377 B hsozrzu4 -1 0 0
player 378 B otmybkm3 -1 0 0
player 379 B yfm1nyqy -1 0 0
player 380 B kr6ytu3l -1 0 0
player 381 B 3pagyfng -1 0 0
player 382 B w1mobjvk -1 0 0
player 383 B xm7i5x3m 190976 1 26
player 384 B 8u02tf2g -1 0 0
player 385 B lp6sri88 -1 0 0
player 386 B sb1tap3p -1 0 0
player 387 B mv01333k -1 0 0
player 388 B g9mp2ife -1 0 0
player 389 B jtq0seut -1 0 0
player 390 B 525mh9ql -1 0 0
player 391 B fvbpmsvz -1 0 0
player 392 B xwn3ivem -1 0 0
player 393 B fqbyj4jd -1 0 0
player 394 B xfiw8ywg -1 0 0
player 395 B iw3dqxmq -1 0 0
player 396 B yc0ao6et 147297 1 52
player 397 B ixj6ihi7 -1 0 0
player 398 B 9l5wwvr3 -1 0 0
player 399 B 2w6i33lv -1 0 0
player 400 B sba949vb -1 0 0
player 401 B ijcmefns -1 0 0
player 402 B isnsszoo -1 0 0
player 403 B 9z76va23 -1 0 0
player 404 B h1wbhdhm 245914 1 52
player 405 B tewvulrm -1 0 0
player 406 B wp3bxzsu -1 0 0
player 407 B d0g6avrv -1 0 0
player 408 B hsyivnsn -1 0 0
player 409 B ox9ept1k -1 0 0
player 410 B ny87grni -1 0 0
player 411 B k2th9538 -1 0 0
player 412 B ysltjm94 -1 0 0
player 413 B u5klj2eh -1 0 0
player 414 B k7ka2ci1 -1 0 0
player 415 B qtul4azs -1 0 0
player 416 B ll69i57o -1 0 0
player 417 B 9vuokjnw -1 0 0
player 418 B ggb3bab1 -1 0 0
player 419 B drdo3t90 -1 0 0
player 420 B xieaxa2f -1 0 0
player 421 B kqp7ewus -1 0 0
player 422 B 3kitma91 -1 0 0
player 423 B m7y3u0aw -1 0 0
player 424 B epuw8vpi -1 0 0
player 425 B nzx54fm6 -1 0 0
player 426 B fsk2kd7w -1 0 0
player 427 B p8jddnkm -1 0 0
player 428 B wvgzie3u -1 0 0
player 429 B mwh2z96c -1 0 0
player 430 B l4ku27pt -1 0 0
player 431 B jpvsmxxx -1 0 0
player 432 B s4xo3abv -1 0 0
player 433 B zte7u069 -1 0 0
player 434 B azlpbpke -1 0 0
player 435 B 0pmbiw8o -1 0 0
player 436 B rygf4mvr -1 0 0
player 437 B mg9pgnw7 -1 0 0
player 438 B 8olnebf1 -1 0 0
player 439 B rzlsw9x1 -1 0 0
player 440 B o0jhfyxc -1 0 0
player 441 B vki91ouc -1 0 0
player 442 B 0onssx3n -1 0 0
player 443 B ymrho9y4 -1 0 0
player 444 B 4jjh2h8g -1 0 0
player 445 B af8k17d8 -1 0 0
player 446 B qt2a41r9 -1 0 0
player 447 B dmqr8rk9 -1 0 0
player 448 B gdvex2np -1 0 0
player 449 B z6dhj6lz -1 0 0
player 450 B ztlqrwwc -1 0 0
player 451 B qk845cyd -1 0 0
player 452 B g5ubwqld -1 0 0
player 453 B voc18itg -1 0 0
player 454 B 3noal342 -1 0 0
player 455 B r8slsgxy -1 0 0
player 456 B kwh9u6xu -1 0 0
player 457 B 8k335xf9 -1 0 0
player 458 B r8oeocye -1 0 0
player 459 B aux9eznz -1 0 0
player 460 B tl8i4sqm -1 0 0
player 461 B 5tvnmw0x -1 0 0
player 462 B iaxyjwg2 -1 0 0
player 463 B vsouyzqb -1 0 0
player 464 B qo2yiqyt -1 0 0
player 465 B 4b0bsp77 -1 0 0
player 466 B zt5za47g -1 0 0
player 467 B ialnkrtf -1 0 0
player 468 B euhp0q2h -1 0 0
player 469 B hxtuit3a -1 0 0
player 470 B cfqynmub -1 0 0
player 471 B kp4qpq36 -1 0 0
player 472 B m4sv56ts -1 0 0
player 473 B 90lwnghk -1 0 0
player 474 B 6s4qrb66 -1 0 0
player 475 B zm2durya -1 0 0
player 476 B r78jt2dp -1 0 0
player 477 B 2l6px65c -1 0 0
player 478 B 8m9tfbvi -1 0 0
player 479 B 9mt34ypn -1 0 0
player 480 B 7q708nxs -1 0 0
player 481 B vaum2ag5 -1 0 0
player 482 B lhw012op -1 0 0
player 483 B ov7icohk -1 0 0
player 484 B wdgpft73 -1 0 0
player 485 B 77xjevxo -1 0 0
player 486 B oqm2d2ls -1 0 0
player 487 B s4bnz7gf -1 0 0
player 488 B qareow7n -1 0 0
player 489 B 0qjiaqhk -1 0 0
bot 0 2 7kmb47oc 979863364 27778 52
owned 0 27778 27779 27780 27781 28293 27269 26757 26756 26755 26754 26753 26752 26751 26750 27262 27774 27775 27776 28288 28289 28801 28802 28803 28804 29315 29314 29313 29312 28800 28799 28287 28286 27263 26239 27264 26240 25728 25729 25730 25731 27265 26241 26242 26243 26244 28292 27268 28291 27267 27777 28290 27266
bot 1 3 su965kfe 1225099288 61062 52
owned 1 61062 61063 61064 61065 61577 60553 60041 60040 60039 60038 60037 60036 60035 60034 60546 61058 61059 61060 61572 61573 62085 62086 62087 62088 62599 62598 62597 62596 62084 62083 61571 61570 60547 59523 60548 59524 59012 59013 59014 59015 60549 59525 59526 59527 59528 61576 60552 61575 60551 61061 61574 60550
bot 2 4 4918e5rs 1160776865 207925 52
owned 2 207925 207926 207927 207928 208440 207416 206904 206903 206902 206901 206900 206899 206898 206897 207409 207921 207922 207923 208435 208436 208948 208949 208950 208951 209462 209461 209460 209459 208947 208946 208434 208433 207410 206386 207411 206387 205875 205876 205877 205878 207412 206388 206389 206390 206391 208439 207415 208438 207414 207924 208437 207413
bot 3 5 0grah7qg -2107334215 112589 52
owned 3 112589 112590 112591 112592 113104 112080 111568 111567 111566 111565 111564 111563 111562 111561 112073 112585 112586 112587 113099 113100 113612 113613 113614 113615 114126 114125 114124 114123 113611 113610 113098 113097 112074 111050 112075 111051 110539 110540 110541 110542 112076 111052 111053 111054 111055 113103 112079 113102 112078 112588 113101 112077
bot 4 6 79lbhuod 919150858 7747 52
owned 4 7747 7748 7749 7750 8262 7238 6726 6725 6724 6723 6722 6721 6720 6719 7231 7743 7744 7745 8257 8258 8770 8771 8772 8773 9284 9283 9282 9281 8769 8768 8256 8255 7232 6208 7233 6209 5697 5698 5699 5700 7234 6210 6211 6212 6213 8261 7237 8260 7236 7746 8259 7235
bot 5 7 0eay8wsu 312910098 185078 52
owned 5 185078 185079 185080 185081 185593 184569 184057 184056 184055 184054 184053 184052 184051 184050 184562 185074 185075 185076 185588 185589 186101 186102 186103 186104 186615 186614 186613 186612 186100 186099 185587 185586 184563 183539 184564 183540 183028 183029 183030 183031 184565 183541 183542 183543 183544 185592 184568 185591 184567 185077 185590 184566
bot 6 8 l4g4juu8 1373847271 131680 52
owned 6 131680 131681 131682 131683 132195 131171 130659 130658 130657 130656 130655 130654 130653 130652 131164 131676 131677 131678 132190 132191 132703 132704 132705 132706 133217 133216 133215 133214 132702 132701 132189 132188 131165 130141 131166 130142 129630 129631 129632 129633 131167 130143 130144 130145 130146 132194 131170 132193 131169 131679 132192 131168
bot 7 9 gsw4n5km 1786011062 220653 52
owned 7 220653 220654 220655 220656 221168 220144 219632 219631 219630 219629 219628 219627 219626 219625 220137 220649 220650 220651 221163 221164 221676 221677 221678 221679 222190 222189 222188 222187 221675 221674 221162 221161 220138 219114 220139 219115 218603 218604 218605 218606 220140 219116 219117 219118 219119 221167 220143 221166 220142 220652 221165 220141
bot 8 10 ooz4f963 1067254298 227805 52
owned 8 227805 227806 227807 227808 228320 227296 226784 226783 226782 226781 226780 226779 226778 226777 227289 227801 227802 227803 228315 228316 228828 228829 228830 228831 229342 229341 229340 229339 228827 228826 228314 228313 227290 226266 227291 226267 225755 225756 225757 225758 227292 226268 226269 226270 226271 228319 227295 228318 227294 227804 228317 227293
bot 9 11 g49bog52 471077977 82831 52
owned 9 82831 82832 82833 82834 83346 82322 81810 81809 81808 81807 81806 81805 81804 81803 82315 82827 82828 82829 83341 83342 83854 83855 83856 83857 84368 84367 84366 84365 83853 83852 83340 83339 82316 81292 82317 81293 80781 80782 80783 80784 82318 81294 81295 81296 81297 83345 82321 83344 82320 82830 83343 82319
bot 10 12 vl3arc4y 2110741002 122481 52
owned 10 122481 122482 122483 122484 122996 121972 121460 121459 121458 121457 121456 121455 121454 121453 121965 122477 122478 122479 122991 122992 123504 123505 123506 123507 124018 124017 124016 124015 123503 123502 122990 122989 121966 120942 121967 120943 120431 120432 120433 120434 121968 120944 120945 120946 120947 122995 121971 122994 121970 122480 122993 121969
bot 11 13 26spmsu2 1249151528 25478 52
owned 11 25478 25479 25480 25481 25993 24969 24457 24456 24455 24454 24453 24452 24451 24450 24962 25474 25475 25476 25988 25989 26501 26502 26503 26504 27015 27014 27013 27012 26500 26499 25987 25986 24963 23939 24964 23940 23428 23429 23430 23431 24965 23941 23942 23943 23944 25992 24968 25991 24967 25477 25990 24966
bot 12 14 666fmd2f -2125171585 74078 52
owned 12 74078 74079 74080 74081 74593 73569 73057 73056 73055 73054 73053 73052 73051 73050 73562 74074 74075 74076 74588 74589 75101 75102 75103 75104 75615 75614 75613 75612 75100 75099 74587 74586 73563 72539 73564 72540 72028 72029 72030 72031 73565 72541 72542 72543 72544 74592 73568 74591 73567 74077 74590 73566
bot 13 15 vybu8oes 2095769353 59181 52
owned 13 59181 59182 59183 59184 59696 58672 58160 58159 58158 58157 58156 58155 58154 58153 58665 59177 59178 59179 59691 59692 60204 60205 60206 60207 60718 60717 60716 60715 60203 60202 59690 59689 58666 57642 58667 57643 57131 57132 57133 57134 58668 57644 57645 57646 57647 59695 58671 59694 58670 59180 59693 58669
bot 14 16 tlx2iciq 1076827768 33373 52
owned 14 33373 33374 33375 33376 33888 32864 32352 32351 32350 32349 32348 32347 32346 32345 32857 33369 33370 33371 33883 33884 34396 34397 34398 34399 34910 34909 34908 34907 34395 34394 33882 33881 32858 31834 32859 31835 31323 31324 31325 31326 32860 31836 31837 31838 31839 33887 32863 33886 32862 33372 33885 32861
bot 15 17 8i7cuo9t 1041878418 153772 52
owned 15 153772 153773 153774 153775 154287 153263 152751 152750 152749 152748 152747 152746 152745 152744 153256 153768 153769 153770 154282 154283 154795 154796 154797 154798 155309 155308 155307 155306 154794 154793 154281 154280 153257 152233 153258 152234 151722 151723 151724 151725 153259 152235 152236 152237 152238 154286 153262 154285 153261 153771 154284 153260
bot 16 18 ay8xa67r 1238569276 177159 52
owned 16 177159 177160 177161 177162 177674 176650 176138 176137 176136 176135 176134 176133 176132 176131 176643 177155 177156 177157 177669 177670 178182 178183 178184 178185 178696 178695 178694 178693 178181 178180 177668 177667 176644 175620 176645 175621 175109 175110 175111 175112 176646 175622 175623 175624 175625 177673 176649 177672 176648 177158 177671 176647
bot 17 19 fha1xhrw -2086814691 92099 52
owned 17 92099 92100 92101 92102 92614 91590 91078 91077 91076 91075 91074 91073 91072 91071 91583 92095 92096 92097 92609 92610 93122 93123 93124 93125 93636 93635 93634 93633 93121 93120 92608 92607 91584 90560 91585 90561 90049 90050 90051 90052 91586 90562 90563 90564 90565 92613 91589 92612 91588 92098 92611 91587
bot 18 20 0n5m7v7w 2006771567 107882 52
owned 18 107882 107883 107884 107885 108397 107373 106861 106860 106859 106858 106857 106856 106855 106854 107366 107878 107879 107880 108392 108393 108905 108906 108907 108908 109419 109418 109417 109416 108904 108903 108391 108390 107367 106343 107368 106344 105832 105833 105834 105835 107369 106345 106346 106347 106348 108396 107372 108395 107371 107881 108394 107370
bot 19 21 g1kcotxi 1701193324 171033 52
owned 19 171033 171034 171035 171036 171548 170524 170012 170011 170010 170009 170008 170007 170006 170005 170517 171029 171030 171031 171543 171544 172056 172057 172058 172059 172570 172569 172568 172567 172055 172054 171542 171541 170518 169494 170519 169495 168983 168984 168985 168986 170520 169496 169497 169498 169499 171547 170523 171546 170522 171032 171545 170521
bot 20 22 onu80sk7 2095760979 199671 52
owned 20 199671 199672 199673 199674 200186 199162 198650 198649 198648 198647 198646 198645 198644 198643 199155 199667 199668 199669 200181 200182 200694 200695 200696 200697 201208 201207 201206 201205 200693 200692 200180 200179 199156 198132 199157 198133 197621 197622 197623 197624 199158 198134 198135 198136 198137 200185 199161 200184 199160 199670 200183 199159
bot 21 23 mt378h9n 2146580788 202681 52
owned 21 202681 202682 202683 202684 203196 202172 201660 201659 201658 201657 201656 201655 201654 201653 202165 202677 202678 202679 203191 203192 203704 203705 203706 203707 204218 204217 204216 204215 203703 203702 203190 203189 202166 201142 202167 201143 200631 200632 200633 200634 202168 201144 201145 201146 201147 203195 202171 203194 202170 202680 203193 202169
bot 22 24 bo2xv2tw 494470294 103834 52
owned 22 103834 103835 103836 103837 104349 103325 102813 102812 102811 102810 102809 102808 102807 102806 103318 103830 103831 103832 104344 104345 104857 104858 104859 104860 105371 105370 105369 105368 104856 104855 104343 104342 103319 102295 103320 102296 101784 101785 101786 101787 103321 102297 102298 102299 102300 104348 103324 104347 103323 103833 104346 103322
bot 23 25 4j0jwl8e 1716918454 100382 52
owned 23 100382 100383 100384 100385 100897 99873 99361 99360 99359 99358 99357 99356 99355 99354 99866 100378 100379 100380 100892 100893 101405 101406 101407 101408 101919 101918 101917 101916 101404 101403 100891 100890 99867 98843 99868 98844 98332 98333 98334 98335 99869 98845 98846 98847 98848 100896 99872 100895 99871 100381 100894 99870
bot 24 26 2q1yboxl 255765212 71866 52
owned 24 71866 71867 71868 71869 72381 71357 70845 70844 70843 70842 70841 70840 70839 70838 71350 71862 71863 71864 72376 72377 72889 72890 72891 72892 73403 73402 73401 73400 72888 72887 72375 72374 71351 70327 71352 70328 69816 69817 69818 69819 71353 70329 70330 70331 70332 72380 71356 72379 71355 71865 72378 71354
bot 25 27 uf1afynu 646231689 161215 52
owned 25 161215 161216 161217 161218 161730 160706 160194 160193 160192 160191 160190 160189 160188 160187 160699 161211 161212 161213 161725 161726 162238 162239 162240 162241 162752 162751 162750 162749 162237 162236 161724 161723 160700 159676 160701 159677 159165 159166 159167 159168 160702 159678 159679 159680 159681 161729 160705 161728 160704 161214 161727 160703
bot 26 28 hnp5jsyu 1554719380 159030 52
owned 26 159030 159031 159032 159033 159545 158521 158009 158008 158007 158006 158005 158004 158003 158002 158514 159026 159027 159028 159540 159541 160053 160054 160055 160056 160567 160566 160565 160564 160052 160051 159539 159538 158515 157491 158516 157492 156980 156981 156982 156983 158517 157493 157494 157495 157496 159544 158520 159543 158519 159029 159542 158518
bot 27 29 3ks2xdvj 2013378221 256926 52
owned 27 256926 256927 256928 256929 257441 256417 255905 255904 255903 255902 255901 255900 255899 255898 256410 256922 256923 256924 257436 257437 257949 257950 257951 257952 258463 258462 258461 258460 257948 257947 257435 257434 256411 255387 256412 255388 254876 254877 254878 254879 256413 255389 255390 255391 255392 257440 256416 257439 256415 256925 257438 256414
bot 28 30 6udu18l9 1164531456 47530 52
owned 28 47530 47531 47532 47533 48045 47021 46509 46508 46507 46506 46505 46504 46503 46502 47014 47526 47527 47528 48040 48041 48553 48554 48555 48556 49067 49066 49065 49064 48552 48551 48039 48038 47015 45991 47016 45992 45480 45481 45482 45483 47017 45993 45994 45995 45996 48044 47020 48043 47019 47529 48042 47018
bot 29 31 u9qkgxb0 358820289 154843 52
owned 29 154843 154844 154845 154846 155358 154334 153822 153821 153820 153819 153818 153817 153816 153815 154327 154839 154840 154841 155353 155354 155866 155867 155868 155869 156380 156379 156378 156377 155865 155864 155352 155351 154328 153304 154329 153305 152793 152794 152795 152796 154330 153306 153307 153308 153309 155357 154333 155356 154332 154842 155355 154331
bot 30 32 gxzvzcy1 2075804082 55630 52
owned 30 55630 55631 55632 55633 56145 55121 54609 54608 54607 54606 54605 54604 54603 54602 55114 55626 55627 55628 56140 56141 56653 56654 56655 56656 57167 57166 57165 57164 56652 56651 56139 56138 55115 54091 55116 54092 53580 53581 53582 53583 55117 54093 54094 54095 54096 56144 55120 56143 55119 55629 56142 55118
bot 31 33 soumc8lx 1964908793 254053 52
owned 31 254053 254054 254055 254056 254568 253544 253032 253031 253030 253029 253028 253027 253026 253025 253537 254049 254050 254051 254563 254564 255076 255077 255078 255079 255590 255589 255588 255587 255075 255074 254562 254561 253538 252514 253539 252515 252003 252004 252005 252006 253540 252516 252517 252518 252519 254567 253543 254566 253542 254052 254565 253541
bot 32 34 pbtdxhy8 -1952436939 123453 52
owned 32 123453 123454 123455 123456 123968 122944 122432 122431 122430 122429 122428 122427 122426 122425 122937 123449 123450 123451 123963 123964 124476 124477 124478 124479 124990 124989 124988 124987 124475 124474 123962 123961 122938 121914 122939 121915 121403 121404 121405 121406 122940 121916 121917 121918 121919 123967 122943 123966 122942 123452 123965 122941
bot 33 35 7qca320q 1722666588 42978 52
owned 33 42978 42979 42980 42981 43493 42469 41957 41956 41955 41954 41953 41952 41951 41950 42462 42974 42975 42976 43488 43489 44001 44002 44003 44004 44515 44514 44513 44512 44000 43999 43487 43486 42463 41439 42464 41440 40928 40929 40930 40931 42465 41441 41442 41443 41444 43492 42468 43491 42467 42977 43490 42466
bot 34 36 qu4dw13r 1935691025 192577 52
owned 34 192577 192578 192579 192580 193092 192068 191556 191555 191554 191553 191552 191551 191550 191549 192061 192573 192574 192575 193087 193088 193600 193601 193602 193603 194114 194113 194112 194111 193599 193598 193086 193085 192062 191038 192063 191039 190527 190528 190529 190530 192064 191040 191041 191042 191043 193091 192067 193090 192066 192576 193089 192065
bot 35 37 uf42rmom 603403740 53333 52
owned 35 53333 53334 53335 53336 53848 52824 52312 52311 52310 52309 52308 52307 52306 52305 52817 53329 53330 53331 53843 53844 54356 54357 54358 54359 54870 54869 54868 54867 54355 54354 53842 53841 52818 51794 52819 51795 51283 51284 51285 51286 52820 51796 51797 51798 51799 53847 52823 53846 52822 53332 53845 52821
bot 36 38 5pzo5nyp -1978938492 25584 52
owned 36 25584 25585 25586 25587 26099 25075 24563 24562 24561 24560 24559 24558 24557 24556 25068 25580 25581 25582 26094 26095 26607 26608 26609 26610 27121 27120 27119 27118 26606 26605 26093 26092 25069 24045 25070 24046 23534 23535 23536 23537 25071 24047 24048 24049 24050 26098 25074 26097 25073 25583 26096 25072
bot 37 39 lpeu6a40 1655789225 219137 34
owned 37 219137 219138 219139 219140 219652 218628 218116 218115 218114 218113 218112 218624 217600 217088 217089 217090 217601 217602 217603 219651 220163 220162 220161 220160 220672 219648 220673 220674 218627 219650 218626 219136 219649 218625
bot 38 40 m01qyq41 -1925929108 103482 52
owned 38 103482 103483 103484 103485 103997 102973 102461 102460 102459 102458 102457 102456 102455 102454 102966 103478 103479 103480 103992 103993 104505 104506 104507 104508 105019 105018 105017 105016 104504 104503 103991 103990 102967 101943 102968 101944 101432 101433 101434 101435 102969 101945 101946 101947 101948 103996 102972 103995 102971 103481 103994 102970
bot 39 41 qp5j7mcl 1825462711 193299 52
owned 39 193299 193300 193301 193302 193814 192790 192278 192277 192276 192275 192274 192273 192272 192271 192783 193295 193296 193297 193809 193810 194322 194323 194324 194325 194836 194835 194834 194833 194321 194320 193808 193807 192784 191760 192785 191761 191249 191250 191251 191252 192786 191762 191763 191764 191765 193813 192789 193812 192788 193298 193811 192787
bot 40 42 daoks386 1879256123 194425 52
owned 40 194425 194426 194427 194428 194940 193916 193404 193403 193402 193401 193400 193399 193398 193397 193909 194421 194422 194423 194935 194936 195448 195449 195450 195451 195962 195961 195960 195959 195447 195446 194934 194933 193910 192886 193911 192887 192375 192376 192377 192378 193912 192888 192889 192890 192891 194939 193915 194938 193914 194424 194937 193913
bot 41 43 1adrc0if 1860141724 39033 52
owned 41 39033 39034 39035 39036 39548 38524 38012 38011 38010 38009 38008 38007 38006 38005 38517 39029 39030 39031 39543 39544 40056 40057 40058 40059 40570 40569 40568 40567 40055 40054 39542 39541 38518 37494 38519 37495 36983 36984 36985 36986 38520 37496 37497 37498 37499 39547 38523 39546 38522 39032 39545 38521
bot 42 44 z2sjy7tl 1824294623 49712 52
owned 42 49712 49713 49714 49715 50227 49203 48691 48690 48689 48688 48687 48686 48685 48684 49196 49708 49709 49710 50222 50223 50735 50736 50737 50738 51249 51248 51247 51246 50734 50733 50221 50220 49197 48173 49198 48174 47662 47663 47664 47665 49199 48175 48176 48177 48178 50226 49202 50225 49201 49711 50224 49200
bot 43 45 2a2pcqq2 1550573320 69613 52
owned 43 69613 69614 69615 69616 70128 69104 68592 68591 68590 68589 68588 68587 68586 68585 69097 69609 69610 69611 70123 70124 70636 70637 70638 70639 71150 71149 71148 71147 70635 70634 70122 70121 69098 68074 69099 68075 67563 67564 67565 67566 69100 68076 68077 68078 68079 70127 69103 70126 69102 69612 70125 69101
bot 44 46 965x3zic 1651901379 240126 42
owned 44 240126 240127 240639 241151 241150 241149 241148 241147 240635 240634 240122 239610 239611 239612 239613 239101 239102 239103 238591 238079 238078 238077 238076 238588 238587 238590 238589 240124 239100 239099 239098 240123 241660 240636 241661 240637 241662 241663 239615 240125 240638 239614
bot 45 47 yytwuuvv 643310337 167653 52
owned 45 167653 167654 167655 167656 168168 167144 166632 166631 166630 166629 166628 166627 166626 166625 167137 167649 167650 167651 168163 168164 168676 168677 168678 168679 169190 169189 169188 169187 168675 168674 168162 168161 167138 166114 167139 166115 165603 165604 165605 165606 167140 166116 166117 166118 166119 168167 167143 168166 167142 167652 168165 167141
bot 46 48 0bq4zvkx -1953292478 150286 52
owned 46 150286 150287 150288 150289 150801 149777 149265 149264 149263 149262 149261 149260 149259 149258 149770 150282 150283 150284 150796 150797 151309 151310 151311 151312 151823 151822 151821 151820 151308 151307 150795 150794 149771 148747 149772 148748 148236 148237 148238 148239 149773 148749 148750 148751 148752 150800 149776 150799 149775 150285 150798 149774
bot 47 49 fqo7elia -1958284618 184418 52
owned 47 184418 184419 184420 184421 184933 183909 183397 183396 183395 183394 183393 183392 183391 183390 183902 184414 184415 184416 184928 184929 185441 185442 185443 185444 185955 185954 185953 185952 185440 185439 184927 184926 183903 182879 183904 182880 182368 182369 182370 182371 183905 182881 182882 182883 182884 184932 183908 184931 183907 184417 184930 183906
bot 48 50 xb2eodru 1511238585 221398 52
owned 48 221398 221399 221400 221401 221913 220889 220377 220376 220375 220374 220373 220372 220371 220370 220882 221394 221395 221396 221908 221909 222421 222422 222423 222424 222935 222934 222933 222932 222420 222419 221907 221906 220883 219859 220884 219860 219348 219349 219350 219351 220885 219861 219862 219863 219864 221912 220888 221911 220887 221397 221910 220886
bot 49 51 dn2a1fmz 1672109513 93814 52
owned 49 93814 93815 93816 93817 94329 93305 92793 92792 92791 92790 92789 92788 92787 92786 93298 93810 93811 93812 94324 94325 94837 94838 94839 94840 95351 95350 95349 95348 94836 94835 94323 94322 93299 92275 93300 92276 91764 91765 91766 91767 93301 92277 92278 92279 92280 94328 93304 94327 93303 93813 94326 93302
bot 50 52 c657fqi1 1526829564 233990 52
owned 50 233990 233991 233992 233993 234505 233481 232969 232968 232967 232966 232965 232964 232963 232962 233474 233986 233987 233988 234500 234501 235013 235014 235015 235016 235527 235526 235525 235524 235012 235011 234499 234498 233475 232451 233476 232452 231940 231941 231942 231943 233477 232453 232454 232455 232456 234504 233480 234503 233479 233989 234502 233478
bot 51 53 3oa0wbik 1465915324 254930 52
owned 51 254930 254931 254932 254933 255445 254421 253909 253908 253907 253906 253905 253904 253903 253902 254414 254926 254927 254928 255440 255441 255953 255954 255955 255956 256467 256466 256465 256464 255952 255951 255439 255438 254415 253391 254416 253392 252880 252881 252882 252883 254417 253393 253394 253395 253396 255444 254420 255443 254419 254929 255442 254418
bot 52 54 bbor86ta 1160631798 143358 42
owned 52 143358 143359 143871 144383 144382 144381 144380 144379 143867 143866 143354 142842 142843 142844 142845 142333 142334 142335 141823 141311 141310 141309 141308 141820 141819 141822 141821 143356 142332 142331 142330 143355 144892 143868 144893 143869 144894 144895 142847 143357 143870 142846
bot 53 55 ke481hq3 1735541677 244816 52
owned 53 244816 244817 244818 244819 245331 244307 243795 243794 243793 243792 243791 243790 243789 243788 244300 244812 244813 244814 245326 245327 245839 245840 245841 245842 246353 246352 246351 246350 245838 245837 245325 245324 244301 243277 244302 243278 242766 242767 242768 242769 244303 243279 243280 243281 243282 245330 244306 245329 244305 244815 245328 244304
bot 54 56 1p7me35b 2016093044 116758 52
owned 54 116758 116759 116760 116761 117273 116249 115737 115736 115735 115734 115733 115732 115731 115730 116242 116754 116755 116756 117268 117269 117781 117782 117783 117784 118295 118294 118293 118292 117780 117779 117267 117266 116243 115219 116244 115220 114708 114709 114710 114711 116245 115221 115222 115223 115224 117272 116248 117271 116247 116757 117270 116246
bot 55 57 ros1fefm 336921379 94031 52
owned 55 94031 94032 94033 94034 94546 93522 93010 93009 93008 93007 93006 93005 93004 93003 93515 94027 94028 94029 94541 94542 95054 95055 95056 95057 95568 95567 95566 95565 95053 95052 94540 94539 93516 92492 93517 92493 91981 91982 91983 91984 93518 92494 92495 92496 92497 94545 93521 94544 93520 94030 94543 93519
bot 56 58 bbj4439d 1361159728 66067 52
owned 56 66067 66068 66069 66070 66582 65558 65046 65045 65044 65043 65042 65041 65040 65039 65551 66063 66064 66065 66577 66578 67090 67091 67092 67093 67604 67603 67602 67601 67089 67088 66576 66575 65552 64528 65553 64529 64017 64018 64019 64020 65554 64530 64531 64532 64533 66581 65557 66580 65556 66066 66579 65555
bot 57 59 50euwmgf 756661700 56490 52
owned 57 56490 56491 56492 56493 57005 55981 55469 55468 55467 55466 55465 55464 55463 55462 55974 56486 56487 56488 57000 57001 57513 57514 57515 57516 58027 58026 58025 58024 57512 57511 56999 56998 55975 54951 55976 54952 54440 54441 54442 54443 55977 54953 54954 54955 54956 57004 55980 57003 55979 56489 57002 55978
bot 58 60 6ifrrqwg 1573288274 178458 52
owned 58 178458 178459 178460 178461 178973 177949 177437 177436 177435 177434 177433 177432 177431 177430 177942 178454 178455 178456 178968 178969 179481 179482 179483 179484 179995 179994 179993 179992 179480 179479 178967 178966 177943 176919 177944 176920 176408 176409 176410 176411 177945 176921 176922 176923 176924 178972 177948 178971 177947 178457 178970 177946
bot 59 61 t3qojvzx 1884704811 152071 52
owned 59 152071 152072 152073 152074 152586 151562 151050 151049 151048 151047 151046 151045 151044 151043 151555 152067 152068 152069 152581 152582 153094 153095 153096 153097 153608 153607 153606 153605 153093 153092 152580 152579 151556 150532 151557 150533 150021 150022 150023 150024 151558 150534 150535 150536 150537 152585 151561 152584 151560 152070 152583 151559
bot 60 62 e39s2b1x 535357285 45413 52
owned 60 45413 45414 45415 45416 45928 44904 44392 44391 44390 44389 44388 44387 44386 44385 44897 45409 45410 45411 45923 45924 46436 46437 46438 46439 46950 46949 46948 46947 46435 46434 45922 45921 44898 43874 44899 43875 43363 43364 43365 43366 44900 43876 43877 43878 43879 45927 44903 45926 44902 45412 45925 44901
bot 61 63 8elalp3o 1664787462 250805 52
owned 61 250805 250806 250807 250808 251320 250296 249784 249783 249782 249781 249780 249779 249778 249777 250289 250801 250802 250803 251315 251316 251828 251829 251830 251831 252342 252341 252340 252339 251827 251826 251314 251313 250290 249266 250291 249267 248755 248756 248757 248758 250292 249268 249269 249270 249271 251319 250295 251318 250294 250804 251317 250293
bot 62 64 drzdgt29 351372376 217988 52
owned 62 217988 217989 217990 217991 218503 217479 216967 216966 216965 216964 216963 216962 216961 216960 217472 217984 217985 217986 218498 218499 219011 219012 219013 219014 219525 219524 219523 219522 219010 219009 218497 218496 217473 216449 217474 216450 215938 215939 215940 215941 217475 216451 216452 216453 216454 218502 217478 218501 217477 217987 218500 217476
bot 63 65 a5l13l40 409032466 253610 52
owned 63 253610 253611 253612 253613 254125 253101 252589 252588 252587 252586 252585 252584 252583 252582 253094 253606 253607 253608 254120 254121 254633 254634 254635 254636 255147 255146 255145 255144 254632 254631 254119 254118 253095 252071 253096 252072 251560 251561 251562 251563 253097 252073 252074 252075 252076 254124 253100 254123 253099 253609 254122 253098
bot 64 66 15jsgukl 2082714056 106695 52
owned 64 106695 106696 106697 106698 107210 106186 105674 105673 105672 105671 105670 105669 105668 105667 106179 106691 106692 106693 107205 107206 107718 107719 107720 107721 108232 108231 108230 108229 107717 107716 107204 107203 106180 105156 106181 105157 104645 104646 104647 104648 106182 105158 105159 105160 105161 107209 106185 107208 106184 106694 107207 106183
bot 65 67 457rtifd 2131565011 5484 52
owned 65 5484 5485 5486 5487 5999 4975 4463 4462 4461 4460 4459 4458 4457 4456 4968 5480 5481 5482 5994 5995 6507 6508 6509 6510 7021 7020 7019 7018 6506 6505 5993 5992 4969 3945 4970 3946 3434 3435 3436 3437 4971 3947 3948 3949 3950 5998 4974 5997 4973 5483 5996 4972
bot 66 68 nvln8mx2 1241068427 28910 52
owned 66 28910 28911 28912 28913 29425 28401 27889 27888 27887 27886 27885 27884 27883 27882 28394 28906 28907 28908 29420 29421 29933 29934 29935 29936 30447 30446 30445 30444 29932 29931 29419 29418 28395 27371 28396 27372 26860 26861 26862 26863 28397 27373 27374 27375 27376 29424 28400 29423 28399 28909 29422 28398
bot 67 69 xdf4q9ey 434759834 12707 52
owned 67 12707 12708 12709 12710 13222 12198 11686 11685 11684 11683 11682 11681 11680 11679 12191 12703 12704 12705 13217 13218 13730 13731 13732 13733 14244 14243 14242 14241 13729 13728 13216 13215 12192 11168 12193 11169 10657 10658 10659 10660 12194 11170 11171 11172 11173 13221 12197 13220 12196 12706 13219 12195
bot 68 70 aehphxxq 441688655 78923 52
owned 68 78923 78924 78925 78926 79438 78414 77902 77901 77900 77899 77898 77897 77896 77895 78407 78919 78920 78921 79433 79434 79946 79947 79948 79949 80460 80459 80458 80457 79945 79944 79432 79431 78408 77384 78409 77385 76873 76874 76875 76876 78410 77386 77387 77388 77389 79437 78413 79436 78412 78922 79435 78411
bot 69 71 r69884b7 1040467408 11793 52
owned 69 11793 11794 11795 11796 12308 11284 10772 10771 10770 10769 10768 10767 10766 10765 11277 11789 11790 11791 12303 12304 12816 12817 12818 12819 13330 13329 13328 13327 12815 12814 12302 12301 11278 10254 11279 10255 9743 9744 9745 9746 11280 10256 10257 10258 10259 12307 11283 12306 11282 11792 12305 11281
bot 70 72 1fi956n2 1628450074 74382 52
owned 70 74382 74383 74384 74385 74897 73873 73361 73360 73359 73358 73357 73356 73355 73354 73866 74378 74379 74380 74892 74893 75405 75406 75407 75408 75919 75918 75917 75916 75404 75403 74891 74890 73867 72843 73868 72844 72332 72333 72334 72335 73869 72845 72846 72847 72848 74896 73872 74895 73871 74381 74894 73870
bot 71 73 x0s75hnx 1902416189 27486 52
owned 71 27486 27487 27488 27489 28001 26977 26465 26464 26463 26462 26461 26460 26459 26458 26970 27482 27483 27484 27996 27997 28509 28510 28511 28512 29023 29022 29021 29020 28508 28507 27995 27994 26971 25947 26972 25948 25436 25437 25438 25439 26973 25949 25950 25951 25952 28000 26976 27999 26975 27485 27998 26974
bot 72 74 jjcxe8w7 1929622268 65083 52
owned 72 65083 65084 65085 65086 65598 64574 64062 64061 64060 64059 64058 64057 64056 64055 64567 65079 65080 65081 65593 65594 66106 66107 66108 66109 66620 66619 66618 66617 66105 66104 65592 65591 64568 63544 64569 63545 63033 63034 63035 63036 64570 63546 63547 63548 63549 65597 64573 65596 64572 65082 65595 64571
bot 73 75 pa9du0an 680719808 61406 52
owned 73 61406 61407 61408 61409 61921 60897 60385 60384 60383 60382 60381 60380 60379 60378 60890 61402 61403 61404 61916 61917 62429 62430 62431 62432 62943 62942 62941 62940 62428 62427 61915 61914 60891 59867 60892 59868 59356 59357 59358 59359 60893 59869 59870 59871 59872 61920 60896 61919 60895 61405 61918 60894
bot 74 76 wr1iodtv 1058650254 242719 52
owned 74 242719 242720 242721 242722 243234 242210 241698 241697 241696 241695 241694 241693 241692 241691 242203 242715 242716 242717 243229 243230 243742 243743 243744 243745 244256 244255 244254 244253 243741 243740 243228 243227 242204 241180 242205 241181 240669 240670 240671 240672 242206 241182 241183 241184 241185 243233 242209 243232 242208 242718 243231 242207
bot 75 77 q4t061qn 1864834683 44559 52
owned 75 44559 44560 44561 44562 45074 44050 43538 43537 43536 43535 43534 43533 43532 43531 44043 44555 44556 44557 45069 45070 45582 45583 45584 45585 46096 46095 46094 46093 45581 45580 45068 45067 44044 43020 44045 43021 42509 42510 42511 42512 44046 43022 43023 43024 43025 45073 44049 45072 44048 44558 45071 44047
bot 76 78 5walu3qw 1224512371 66662 52
owned 76 66662 66663 66664 66665 67177 66153 65641 65640 65639 65638 65637 65636 65635 65634 66146 66658 66659 66660 67172 67173 67685 67686 67687 67688 68199 68198 68197 68196 67684 67683 67171 67170 66147 65123 66148 65124 64612 64613 64614 64615 66149 65125 65126 65127 65128 67176 66152 67175 66151 66661 67174 66150
bot 77 79 9qsdvg22 1376203870 52605 52
owned 77 52605 52606 52607 52608 53120 52096 51584 51583 51582 51581 51580 51579 51578 51577 52089 52601 52602 52603 53115 53116 53628 53629 53630 53631 54142 54141 54140 54139 53627 53626 53114 53113 52090 51066 52091 51067 50555 50556 50557 50558 52092 51068 51069 51070 51071 53119 52095 53118 52094 52604 53117 52093
bot 78 80 kxhibxlj 517397506 254282 52
owned 78 254282 254283 254284 254285 254797 253773 253261 253260 253259 253258 253257 253256 253255 253254 253766 254278 254279 254280 254792 254793 255305 255306 255307 255308 255819 255818 255817 255816 255304 255303 254791 254790 253767 252743 253768 252744 252232 252233 252234 252235 253769 252745 252746 252747 252748 254796 253772 254795 253771 254281 254794 253770
bot 79 81 3lvh3hh1 992169179 231701 52
owned 79 231701 231702 231703 231704 232216 231192 230680 230679 230678 230677 230676 230675 230674 230673 231185 231697 231698 231699 232211 232212 232724 232725 232726 232727 233238 233237 233236 233235 232723 232722 232210 232209 231186 230162 231187 230163 229651 229652 229653 229654 231188 230164 230165 230166 230167 232215 231191 232214 231190 231700 232213 231189
bot 80 82 hhxd8zhc -1981148453 113444 52
owned 80 113444 113445 113446 113447 113959 112935 112423 112422 112421 112420 112419 112418 112417 112416 112928 113440 113441 113442 113954 113955 114467 114468 114469 114470 114981 114980 114979 114978 114466 114465 113953 113952 112929 111905 112930 111906 111394 111395 111396 111397 112931 111907 111908 111909 111910 113958 112934 113957 112933 113443 113956 112932
bot 81 83 68hvehkn 1095836954 77229 52
owned 81 77229 77230 77231 77232 77744 76720 76208 76207 76206 76205 76204 76203 76202 76201 76713 77225 77226 77227 77739 77740 78252 78253 78254 78255 78766 78765 78764 78763 78251 78250 77738 77737 76714 75690 76715 75691 75179 75180 75181 75182 76716 75692 75693 75694 75695 77743 76719 77742 76718 77228 77741 76717
bot 82 84 0ysk38le 1385300227 146490 52
owned 82 146490 146491 146492 146493 147005 145981 145469 145468 145467 145466 145465 145464 145463 145462 145974 146486 146487 146488 147000 147001 147513 147514 147515 147516 148027 148026 148025 148024 147512 147511 146999 146998 145975 144951 145976 144952 144440 144441 144442 144443 145977 144953 144954 144955 144956 147004 145980 147003 145979 146489 147002 145978
bot 83 85 p9mtmjen 317818958 41026 52
owned 83 41026 41027 41028 41029 41541 40517 40005 40004 40003 40002 40001 40000 39999 39998 40510 41022 41023 41024 41536 41537 42049 42050 42051 42052 42563 42562 42561 42560 42048 42047 41535 41534 40511 39487 40512 39488 38976 38977 38978 38979 40513 39489 39490 39491 39492 41540 40516 41539 40515 41025 41538 40514
bot 84 86 vtv2qiiq 1725920906 54779 52
owned 84 54779 54780 54781 54782 55294 54270 53758 53757 53756 53755 53754 53753 53752 53751 54263 54775 54776 54777 55289 55290 55802 55803 55804 55805 56316 56315 56314 56313 55801 55800 55288 55287 54264 53240 54265 53241 52729 52730 52731 52732 54266 53242 53243 53244 53245 55293 54269 55292 54268 54778 55291 54267
bot 85 87 npcd7vse -2091559336 107119 52
owned 85 107119 107120 107121 107122 107634 106610 106098 106097 106096 106095 106094 106093 106092 106091 106603 107115 107116 107117 107629 107630 108142 108143 108144 108145 108656 108655 108654 108653 108141 108140 107628 107627 106604 105580 106605 105581 105069 105070 105071 105072 106606 105582 105583 105584 105585 107633 106609 107632 106608 107118 107631 106607
bot 86 88 fyrg30wr 975447236 195100 52
owned 86 195100 195101 195102 195103 195615 194591 194079 194078 194077 194076 194075 194074 194073 194072 194584 195096 195097 195098 195610 195611 196123 196124 196125 196126 196637 196636 196635 196634 196122 196121 195609 195608 194585 193561 194586 193562 193050 193051 193052 193053 194587 193563 193564 193565 193566 195614 194590 195613 194589 195099 195612 194588
bot 87 89 qg4cg39i -1947660605 155543 52
owned 87 155543 155544 155545 155546 156058 155034 154522 154521 154520 154519 154518 154517 154516 154515 155027 155539 155540 155541 156053 156054 156566 156567 156568 156569 157080 157079 157078 157077 156565 156564 156052 156051 155028 154004 155029 154005 153493 153494 153495 153496 155030 154006 154007 154008 154009 156057 155033 156056 155032 155542 156055 155031
bot 88 90 kqu8z0ef 2107383972 58768 52
owned 88 58768 58769 58770 58771 59283 58259 57747 57746 57745 57744 57743 57742 57741 57740 58252 58764 58765 58766 59278 59279 59791 59792 59793 59794 60305 60304 60303 60302 59790 59789 59277 59276 58253 57229 58254 57230 56718 56719 56720 56721 58255 57231 57232 57233 57234 59282 58258 59281 58257 58767 59280 58256
bot 89 91 bdv4tpd7 1205846675 201014 52
owned 89 201014 201015 201016 201017 201529 200505 199993 199992 199991 199990 199989 199988 199987 199986 200498 201010 201011 201012 201524 201525 202037 202038 202039 202040 202551 202550 202549 202548 202036 202035 201523 201522 200499 199475 200500 199476 198964 198965 198966 198967 200501 199477 199478 199479 199480 201528 200504 201527 200503 201013 201526 200502
bot 90 92 ok13k4z3 -1966524316 1575 48
owned 90 1575 1576 1577 1578 2090 1066 554 553 552 551 550 549 548 547 1059 1571 1572 1573 2085 2086 2598 2599 2600 2601 3112 3111 3110 3109 2597 2596 2084 2083 1060 36 1061 37 1062 38 39 40 41 2089 1065 2088 1064 1574 2087 1063
bot 91 93 hkwcx197 767457194 252798 52
owned 91 252798 252799 252800 252801 253313 252289 251777 251776 251775 251774 251773 251772 251771 251770 252282 252794 252795 252796 253308 253309 253821 253822 253823 253824 254335 254334 254333 254332 253820 253819 253307 253306 252283 251259 252284 251260 250748 250749 250750 250751 252285 251261 251262 251263 251264 253312 252288 253311 252287 252797 253310 252286
bot 92 94 ko4t02h4 1395110162 119039 52
owned 92 119039 119040 119041 119042 119554 118530 118018 118017 118016 118015 118014 118013 118012 118011 118523 119035 119036 119037 119549 119550 120062 120063 120064 120065 120576 120575 120574 120573 120061 120060 119548 119547 118524 117500 118525 117501 116989 116990 116991 116992 118526 117502 117503 117504 117505 119553 118529 119552 118528 119038 119551 118527
bot 93 95 a769y4e5 647486920 79825 52
owned 93 79825 79826 79827 79828 80340 79316 78804 78803 78802 78801 78800 78799 78798 78797 79309 79821 79822 79823 80335 80336 80848 80849 80850 80851 81362 81361 81360 81359 80847 80846 80334 80333 79310 78286 79311 78287 77775 77776 77777 77778 79312 78288 78289 78290 78291 80339 79315 80338 79314 79824 80337 79313
bot 94 96 po0wxlw1 1380537968 94591 52
owned 94 94591 94592 94593 94594 95106 94082 93570 93569 93568 93567 93566 93565 93564 93563 94075 94587 94588 94589 95101 95102 95614 95615 95616 95617 96128 96127 96126 96125 95613 95612 95100 95099 94076 93052 94077 93053 92541 92542 92543 92544 94078 93054 93055 93056 93057 95105 94081 95104 94080 94590 95103 94079
bot 95 97 o8264l3e 401241613 230817 52
owned 95 230817 230818 230819 230820 231332 230308 229796 229795 229794 229793 229792 229791 229790 229789 230301 230813 230814 230815 231327 231328 231840 231841 231842 231843 232354 232353 232352 232351 231839 231838 231326 231325 230302 229278 230303 229279 228767 228768 228769 228770 230304 229280 229281 229282 229283 231331 230307 231330 230306 230816 231329 230305
bot 96 98 9rke6fm3 2033692109 200809 52
owned 96 200809 200810 200811 200812 201324 200300 199788 199787 199786 199785 199784 199783 199782 199781 200293 200805 200806 200807 201319 201320 201832 201833 201834 201835 202346 202345 202344 202343 201831 201830 201318 201317 200294 199270 200295 199271 198759 198760 198761 198762 200296 199272 199273 199274 199275 201323 200299 201322 200298 200808 201321 200297
bot 97 99 gyjc9x52 -2039293411 226242 52
owned 97 226242 226243 226244 226245 226757 225733 225221 225220 225219 225218 225217 225216 225215 225214 225726 226238 226239 226240 226752 226753 227265 227266 227267 227268 227779 227778 227777 227776 227264 227263 226751 226750 225727 224703 225728 224704 224192 224193 224194 224195 225729 224705 224706 224707 224708 226756 225732 226755 225731 226241 226754 225730
bot 98 100 x793lc6c -2137545535 77853 52
owned 98 77853 77854 77855 77856 78368 77344 76832 76831 76830 76829 76828 76827 76826 76825 77337 77849 77850 77851 78363 78364 78876 78877 78878 78879 79390 79389 79388 79387 78875 78874 78362 78361 77338 76314 77339 76315 75803 75804 75805 75806 77340 76316 76317 76318 76319 78367 77343 78366 77342 77852 78365 77341
bot 99 101 93k3li8n 1910969017 208154 52
owned 99 208154 208155 208156 208157 208669 207645 207133 207132 207131 207130 207129 207128 207127 207126 207638 208150 208151 208152 208664 208665 209177 209178 209179 209180 209691 209690 209689 209688 209176 209175 208663 208662 207639 206615 207640 206616 206104 206105 206106 206107 207641 206617 206618 206619 206620 208668 207644 208667 207643 208153 208666 207642
bot 100 102 a1hte6qb 1102783938 23560 52
owned 100 23560 23561 23562 23563 24075 23051 22539 22538 22537 22536 22535 22534 22533 22532 23044 23556 23557 23558 24070 24071 24583 24584 24585 24586 25097 25096 25095 25094 24582 24581 24069 24068 23045 22021 23046 22022 21510 21511 21512 21513 23047 22023 22024 22025 22026 24074 23050 24073 23049 23559 24072 23048
bot 101 103 jklgnd18 799847851 5446 52
owned 101 5446 5447 5448 5449 5961 4937 4425 4424 4423 4422 4421 4420 4419 4418 4930 5442 5443 5444 5956 5957 6469 6470 6471 6472 6983 6982 6981 6980 6468 6467 5955 5954 4931 3907 4932 3908 3396 3397 3398 3399 4933 3909 3910 3911 3912 5960 4936 5959 4935 5445 5958 4934
bot 102 104 vfadfhgj 1821435404 238700 52
owned 102 238700 238701 238702 238703 239215 238191 237679 237678 237677 237676 237675 237674 237673 237672 238184 238696 238697 238698 239210 239211 239723 239724 239725 239726 240237 240236 240235 240234 239722 239721 239209 239208 238185 237161 238186 237162 236650 236651 236652 236653 238187 237163 237164 237165 237166 239214 238190 239213 238189 238699 239212 238188
bot 103 105 cwni1kcb -2002787684 1533 38
owned 103 1533 1534 1535 2047 2559 2558 2557 2556 2555 2554 2042 2041 1529 1017 1018 1019 1020 508 509 510 511 1531 507 506 505 1530 3067 2043 3068 2044 3069 3070 1023 2046 1022 1532 2045 1021
bot 104 106 8z4z0zds 1540574821 169574 52
owned 104 169574 169575 169576 169577 170089 169065 168553 168552 168551 168550 168549 168548 168547 168546 169058 169570 169571 169572 170084 170085 170597 170598 170599 170600 171111 171110 171109 171108 170596 170595 170083 170082 169059 168035 169060 168036 167524 167525 167526 167527 169061 168037 168038 168039 168040 170088 169064 170087 169063 169573 170086 169062
bot 105 107 cdzck1ki 1635199286 127906 52
owned 105 127906 127907 127908 127909 128421 127397 126885 126884 126883 126882 126881 126880 126879 126878 127390 127902 127903 127904 128416 128417 128929 128930 128931 128932 129443 129442 129441 129440 128928 128927 128415 128414 127391 126367 127392 126368 125856 125857 125858 125859 127393 126369 126370 126371 126372 128420 127396 128419 127395 127905 128418 127394
bot 106 108 zbaa3l3a 2041986227 187797 52
owned 106 187797 187798 187799 187800 188312 187288 186776 186775 186774 186773 186772 186771 186770 186769 187281 187793 187794 187795 188307 188308 188820 188821 188822 188823 189334 189333 189332 189331 188819 188818 188306 188305 187282 186258 187283 186259 185747 185748 185749 185750 187284 186260 186261 186262 186263 188311 187287 188310 187286 187796 188309 187285
bot 107 109 xm369xbs 2073971836 203111 52
owned 107 203111 203112 203113 203114 203626 202602 202090 202089 202088 202087 202086 202085 202084 202083 202595 203107 203108 203109 203621 203622 204134 204135 204136 204137 204648 204647 204646 204645 204133 204132 203620 203619 202596 201572 202597 201573 201061 201062 201063 201064 202598 201574 201575 201576 201577 203625 202601 203624 202600 203110 203623 202599
bot 108 110 e4dqhzo1 2029469172 131056 52
owned 108 131056 131057 131058 131059 131571 130547 130035 130034 130033 130032 130031 130030 130029 130028 130540 131052 131053 131054 131566 131567 132079 132080 132081 132082 132593 132592 132591 132590 132078 132077 131565 131564 130541 129517 130542 129518 129006 129007 129008 129009 130543 129519 129520 129521 129522 131570 130546 131569 130545 131055 131568 130544
bot 109 111 fepimk2i 351613969 49361 52
owned 109 49361 49362 49363 49364 49876 48852 48340 48339 48338 48337 48336 48335 48334 48333 48845 49357 49358 49359 49871 49872 50384 50385 50386 50387 50898 50897 50896 50895 50383 50382 49870 49869 48846 47822 48847 47823 47311 47312 47313 47314 48848 47824 47825 47826 47827 49875 48851 49874 48850 49360 49873 48849
bot 110 112 o2es7ebc 531691876 221016 52
owned 110 221016 221017 221018 221019 221531 220507 219995 219994 219993 219992 219991 219990 219989 219988 220500 221012 221013 221014 221526 221527 222039 222040 222041 222042 222553 222552 222551 222550 222038 222037 221525 221524 220501 219477 220502 219478 218966 218967 218968 218969 220503 219479 219480 219481 219482 221530 220506 221529 220505 221015 221528 220504
bot 111 113 l4opv4e9 1658586271 92135 52
owned 111 92135 92136 92137 92138 92650 91626 91114 91113 91112 91111 91110 91109 91108 91107 91619 92131 92132 92133 92645 92646 93158 93159 93160 93161 93672 93671 93670 93669 93157 93156 92644 92643 91620 90596 91621 90597 90085 90086 90087 90088 91622 90598 90599 90600 90601 92649 91625 92648 91624 92134 92647 91623
bot 112 114 4b3f45hy 1454480369 21250 52
owned 112 21250 21251 21252 21253 21765 20741 20229 20228 20227 20226 20225 20224 20223 20222 20734 21246 21247 21248 21760 21761 22273 22274 22275 22276 22787 22786 22785 22784 22272 22271 21759 21758 20735 19711 20736 19712 19200 19201 19202 19203 20737 19713 19714 19715 19716 21764 20740 21763 20739 21249 21762 20738
bot 113 115 r3pvfglh 2069697088 34750 52
owned 113 34750 34751 34752 34753 35265 34241 33729 33728 33727 33726 33725 33724 33723 33722 34234 34746 34747 34748 35260 35261 35773 35774 35775 35776 36287 36286 36285 36284 35772 35771 35259 35258 34235 33211 34236 33212 32700 32701 32702 32703 34237 33213 33214 33215 33216 35264 34240 35263 34239 34749 35262 34238
bot 114 116 fnl5ocw8 859755902 24879 52
owned 114 24879 24880 24881 24882 25394 24370 23858 23857 23856 23855 23854 23853 23852 23851 24363 24875 24876 24877 25389 25390 25902 25903 25904 25905 26416 26415 26414 26413 25901 25900 25388 25387 24364 23340 24365 23341 22829 22830 22831 22832 24366 23342 23343 23344 23345 25393 24369 25392 24368 24878 25391 24367
bot 115 117 7391zjkf 1287430659 109485 52
owned 115 109485 109486 109487 109488 110000 108976 108464 108463 108462 108461 108460 108459 108458 108457 108969 109481 109482 109483 109995 109996 110508 110509 110510 110511 111022 111021 111020 111019 110507 110506 109994 109993 108970 107946 108971 107947 107435 107436 107437 107438 108972 107948 107949 107950 107951 109999 108975 109998 108974 109484 109997 108973
bot 116 118 ow5basj8 251269497 84645 52
owned 116 84645 84646 84647 84648 85160 84136 83624 83623 83622 83621 83620 83619 83618 83617 84129 84641 84642 84643 85155 85156 85668 85669 85670 85671 86182 86181 86180 86179 85667 85666 85154 85153 84130 83106 84131 83107 82595 82596 82597 82598 84132 83108 83109 83110 83111 85159 84135 85158 84134 84644 85157 84133
bot 117 119 olinuy4r 579061672 139456 52
owned 117 139456 139457 139458 139459 139971 138947 138435 138434 138433 138432 138431 138430 138429 138428 138940 139452 139453 139454 139966 139967 140479 140480 140481 140482 140993 140992 140991 140990 140478 140477 139965 139964 138941 137917 138942 137918 137406 137407 137408 137409 138943 137919 137920 137921 137922 139970 138946 139969 138945 139455 139968 138944
bot 118 120 2e2jcypv -1993908003 8859 52
owned 118 8859 8860 8861 8862 9374 8350 7838 7837 7836 7835 7834 7833 7832 7831 8343 8855 8856 8857 9369 9370 9882 9883 9884 9885 10396 10395 10394 10393 9881 9880 9368 9367 8344 7320 8345 7321 6809 6810 6811 6812 8346 7322 7323 7324 7325 9373 8349 9372 8348 8858 9371 8347
bot 119 121 nx0it9ss 1186690332 121741 52
owned 119 121741 121742 121743 121744 122256 121232 120720 120719 120718 120717 120716 120715 120714 120713 121225 121737 121738 121739 122251 122252 122764 122765 122766 122767 123278 123277 123276 123275 122763 122762 122250 122249 121226 120202 121227 120203 119691 119692 119693 119694 121228 120204 120205 120206 120207 122255 121231 122254 121230 121740 122253 121229
bot 120 122 tt57j91k 1968342095 13279 52
owned 120 13279 13280 13281 13282 13794 12770 12258 12257 12256 12255 12254 12253 12252 12251 12763 13275 13276 13277 13789 13790 14302 14303 14304 14305 14816 14815 14814 14813 14301 14300 13788 13787 12764 11740 12765 11741 11229 11230 11231 11232 12766 11742 11743 11744 11745 13793 12769 13792 12768 13278 13791 12767
bot 121 123 87aoci2n 1254425141 18063 52
owned 121 18063 18064 18065 18066 18578 17554 17042 17041 17040 17039 17038 17037 17036 17035 17547 18059 18060 18061 18573 18574 19086 19087 19088 19089 19600 19599 19598 19597 19085 19084 18572 18571 17548 16524 17549 16525 16013 16014 16015 16016 17550 16526 16527 16528 16529 18577 17553 18576 17552 18062 18575 17551
bot 122 124 wk147shp 1355991785 177726 52
owned 122 177726 177727 177728 177729 178241 177217 176705 176704 176703 176702 176701 176700 176699 176698 177210 177722 177723 177724 178236 178237 178749 178750 178751 178752 179263 179262 179261 179260 178748 178747 178235 178234 177211 176187 177212 176188 175676 175677 175678 175679 177213 176189 176190 176191 176192 178240 177216 178239 177215 177725 178238 177214
bot 123 125 q8jb2dnz 879696417 174444 52
owned 123 174444 174445 174446 174447 174959 173935 173423 173422 173421 173420 173419 173418 173417 173416 173928 174440 174441 174442 174954 174955 175467 175468 175469 175470 175981 175980 175979 175978 175466 175465 174953 174952 173929 172905 173930 172906 172394 172395 172396 172397 173931 172907 172908 172909 172910 174958 173934 174957 173933 174443 174956 173932
bot 124 126 4yzxt2gp 465535386 31396 52
owned 124 31396 31397 31398 31399 31911 30887 30375 30374 30373 30372 30371 30370 30369 30368 30880 31392 31393 31394 31906 31907 32419 32420 32421 32422 32933 32932 32931 32930 32418 32417 31905 31904 30881 29857 30882 29858 29346 29347 29348 29349 30883 29859 29860 29861 29862 31910 30886 31909 30885 31395 31908 30884
bot 125 127 755xej7w 1728585790 257058 52
owned 125 257058 257059 257060 257061 257573 256549 256037 256036 256035 256034 256033 256032 256031 256030 256542 257054 257055 257056 257568 257569 258081 258082 258083 258084 258595 258594 258593 258592 258080 258079 257567 257566 256543 255519 256544 255520 255008 255009 255010 255011 256545 255521 255522 255523 255524 257572 256548 257571 256547 257057 257570 256546
bot 126 128 hjhprwfn 984070701 19637 52
owned 126 19637 19638 19639 19640 20152 19128 18616 18615 18614 18613 18612 18611 18610 18609 19121 19633 19634 19635 20147 20148 20660 20661 20662 20663 21174 21173 21172 21171 20659 20658 20146 20145 19122 18098 19123 18099 17587 17588 17589 17590 19124 18100 18101 18102 18103 20151 19127 20150 19126 19636 20149 19125
bot 127 129 n66i0csf 983881029 2272 52
owned 127 2272 2273 2274 2275 2787 1763 1251 1250 1249 1248 1247 1246 1245 1244 1756 2268 2269 2270 2782 2783 3295 3296 3297 3298 3809 3808 3807 3806 3294 3293 2781 2780 1757 733 1758 734 222 223 224 225 1759 735 736 737 738 2786 1762 2785 1761 2271 2784 1760
bot 128 130 am3stnxi 1295629627 240007 52
owned 128 240007 240008 240009 240010 240522 239498 238986 238985 238984 238983 238982 238981 238980 238979 239491 240003 240004 240005 240517 240518 241030 241031 241032 241033 241544 241543 241542 241541 241029 241028 240516 240515 239492 238468 239493 238469 237957 237958 237959 237960 239494 238470 238471 238472 238473 240521 239497 240520 239496 240006 240519 239495
bot 129 131 pmeqlcvs 1644107559 217332 52
owned 129 217332 217333 217334 217335 217847 216823 216311 216310 216309 216308 216307 216306 216305 216304 216816 217328 217329 217330 217842 217843 218355 218356 218357 218358 218869 218868 218867 218866 218354 218353 217841 217840 216817 215793 216818 215794 215282 215283 215284 215285 216819 215795 215796 215797 215798 217846 216822 217845 216821 217331 217844 216820
bot 130 132 xl8vnvj2 1983802758 138198 52
owned 130 138198 138199 138200 138201 138713 137689 137177 137176 137175 137174 137173 137172 137171 137170 137682 138194 138195 138196 138708 138709 139221 139222 139223 139224 139735 139734 139733 139732 139220 139219 138707 138706 137683 136659 137684 136660 136148 136149 136150 136151 137685 136661 136662 136663 136664 138712 137688 138711 137687 138197 138710 137686
bot 131 133 0f3l9cg5 575005501 190096 52
owned 131 190096 190097 190098 190099 190611 189587 189075 189074 189073 189072 189071 189070 189069 189068 189580 190092 190093 190094 190606 190607 191119 191120 191121 191122 191633 191632 191631 191630 191118 191117 190605 190604 189581 188557 189582 188558 188046 188047 188048 188049 189583 188559 188560 188561 188562 190610 189586 190609 189585 190095 190608 189584
bot 132 134 siocmotr 754194894 202136 52
owned 132 202136 202137 202138 202139 202651 201627 201115 201114 201113 201112 201111 201110 201109 201108 201620 202132 202133 202134 202646 202647 203159 203160 203161 203162 203673 203672 203671 203670 203158 203157 202645 202644 201621 200597 201622 200598 200086 200087 200088 200089 201623 200599 200600 200601 200602 202650 201626 202649 201625 202135 202648 201624
bot 133 135 uf75fjkr 515106218 116200 52
owned 133 116200 116201 116202 116203 116715 115691 115179 115178 115177 115176 115175 115174 115173 115172 115684 116196 116197 116198 116710 116711 117223 117224 117225 117226 117737 117736 117735 117734 117222 117221 116709 116708 115685 114661 115686 114662 114150 114151 114152 114153 115687 114663 114664 114665 114666 116714 115690 116713 115689 116199 116712 115688
bot 134 136 3nuksgyo 1205368543 30260 52
owned 134 30260 30261 30262 30263 30775 29751 29239 29238 29237 29236 29235 29234 29233 29232 29744 30256 30257 30258 30770 30771 31283 31284 31285 31286 31797 31796 31795 31794 31282 31281 30769 30768 29745 28721 29746 28722 28210 28211 28212 28213 29747 28723 28724 28725 28726 30774 29750 30773 29749 30259 30772 29748
bot 135 137 isfwwr01 552169627 214051 52
owned 135 214051 214052 214053 214054 214566 213542 213030 213029 213028 213027 213026 213025 213024 213023 213535 214047 214048 214049 214561 214562 215074 215075 215076 215077 215588 215587 215586 215585 215073 215072 214560 214559 213536 212512 213537 212513 212001 212002 212003 212004 213538 212514 212515 212516 212517 214565 213541 214564 213540 214050 214563 213539
bot 136 138 auuv9uim 1696267609 138622 52
owned 136 138622 138623 138624 138625 139137 138113 137601 137600 137599 137598 137597 137596 137595 137594 138106 138618 138619 138620 139132 139133 139645 139646 139647 139648 140159 140158 140157 140156 139644 139643 139131 139130 138107 137083 138108 137084 136572 136573 136574 136575 138109 137085 137086 137087 137088 139136 138112 139135 138111 138621 139134 138110
bot 137 139 mdro7fya 1606413849 103937 34
owned 137 103937 103938 103939 103940 104452 103428 102916 102915 102914 102913 102912 103424 102400 101888 101889 101890 102401 102402 102403 104451 104963 104962 104961 104960 105472 104448 105473 105474 103427 104450 103426 103936 104449 103425
bot 138 140 8qfmz7a7 1176881937 15953 52
owned 138 15953 15954 15955 15956 16468 15444 14932 14931 14930 14929 14928 14927 14926 14925 15437 15949 15950 15951 16463 16464 16976 16977 16978 16979 17490 17489 17488 17487 16975 16974 16462 16461 15438 14414 15439 14415 13903 13904 13905 13906 15440 14416 14417 14418 14419 16467 15443 16466 15442 15952 16465 15441
bot 139 141 m8j6zoax -2013427167 184770 52
owned 139 184770 184771 184772 184773 185285 184261 183749 183748 183747 183746 183745 183744 183743 183742 184254 184766 184767 184768 185280 185281 185793 185794 185795 185796 186307 186306 186305 186304 185792 185791 185279 185278 184255 183231 184256 183232 182720 182721 182722 182723 184257 183233 183234 183235 183236 185284 184260 185283 184259 184769 185282 184258
bot 140 142 7236xcde 232703150 102897 52
owned 140 102897 102898 102899 102900 103412 102388 101876 101875 101874 101873 101872 101871 101870 101869 102381 102893 102894 102895 103407 103408 103920 103921 103922 103923 104434 104433 104432 104431 103919 103918 103406 103405 102382 101358 102383 101359 100847 100848 100849 100850 102384 101360 101361 101362 101363 103411 102387 103410 102386 102896 103409 102385
bot 141 143 n4vtdnwp 1052857899 194254 52
owned 141 194254 194255 194256 194257 194769 193745 193233 193232 193231 193230 193229 193228 193227 193226 193738 194250 194251 194252 194764 194765 195277 195278 195279 195280 195791 195790 195789 195788 195276 195275 194763 194762 193739 192715 193740 192716 192204 192205 192206 192207 193741 192717 192718 192719 192720 194768 193744 194767 193743 194253 194766 193742
bot 142 144 yggevgbl 619188651 224839 52
owned 142 224839 224840 224841 224842 225354 224330 223818 223817 223816 223815 223814 223813 223812 223811 224323 224835 224836 224837 225349 225350 225862 225863 225864 225865 226376 226375 226374 226373 225861 225860 225348 225347 224324 223300 224325 223301 222789 222790 222791 222792 224326 223302 223303 223304 223305 225353 224329 225352 224328 224838 225351 224327
bot 143 145 beijdl2w 1770559541 126779 52
owned 143 126779 126780 126781 126782 127294 126270 125758 125757 125756 125755 125754 125753 125752 125751 126263 126775 126776 126777 127289 127290 127802 127803 127804 127805 128316 128315 128314 128313 127801 127800 127288 127287 126264 125240 126265 125241 124729 124730 124731 124732 126266 125242 125243 125244 125245 127293 126269 127292 126268 126778 127291 126267
bot 144 146 d2oo7mhj 1623230014 40258 52
owned 144 40258 40259 40260 40261 40773 39749 39237 39236 39235 39234 39233 39232 39231 39230 39742 40254 40255 40256 40768 40769 41281 41282 41283 41284 41795 41794 41793 41792 41280 41279 40767 40766 39743 38719 39744 38720 38208 38209 38210 38211 39745 38721 38722 38723 38724 40772 39748 40771 39747 40257 40770 39746
bot 145 147 wrheiirw 2112064519 153936 52
owned 145 153936 153937 153938 153939 154451 153427 152915 152914 152913 152912 152911 152910 152909 152908 153420 153932 153933 153934 154446 154447 154959 154960 154961 154962 155473 155472 155471 155470 154958 154957 154445 154444 153421 152397 153422 152398 151886 151887 151888 151889 153423 152399 152400 152401 152402 154450 153426 154449 153425 153935 154448 153424
bot 146 148 d03y3hz5 811907394 60853 52
owned 146 60853 60854 60855 60856 61368 60344 59832 59831 59830 59829 59828 59827 59826 59825 60337 60849 60850 60851 61363 61364 61876 61877 61878 61879 62390 62389 62388 62387 61875 61874 61362 61361 60338 59314 60339 59315 58803 58804 58805 58806 60340 59316 59317 59318 59319 61367 60343 61366 60342 60852 61365 60341
bot 147 149 5xaek3av 343771744 213662 52
owned 147 213662 213663 213664 213665 214177 213153 212641 212640 212639 212638 212637 212636 212635 212634 213146 213658 213659 213660 214172 214173 214685 214686 214687 214688 215199 215198 215197 215196 214684 214683 214171 214170 213147 212123 213148 212124 211612 211613 211614 211615 213149 212125 212126 212127 212128 214176 213152 214175 213151 213661 214174 213150
bot 148 150 gz34o9hq 1756820811 243840 52
owned 148 243840 243841 243842 243843 244355 243331 242819 242818 242817 242816 242815 242814 242813 242812 243324 243836 243837 243838 244350 244351 244863 244864 244865 244866 245377 245376 245375 245374 244862 244861 244349 244348 243325 242301 243326 242302 241790 241791 241792 241793 243327 242303 242304 242305 242306 244354 243330 244353 243329 243839 244352 243328
bot 149 151 37xw489f 714130640 201464 52
owned 149 201464 201465 201466 201467 201979 200955 200443 200442 200441 200440 200439 200438 200437 200436 200948 201460 201461 201462 201974 201975 202487 202488 202489 202490 203001 203000 202999 202998 202486 202485 201973 201972 200949 199925 200950 199926 199414 199415 199416 199417 200951 199927 199928 199929 199930 201978 200954 201977 200953 201463 201976 200952
bot 150 152 k3srrvn9 1301902254 140208 52
owned 150 140208 140209 140210 140211 140723 139699 139187 139186 139185 139184 139183 139182 139181 139180 139692 140204 140205 140206 140718 140719 141231 141232 141233 141234 141745 141744 141743 141742 141230 141229 140717 140716 139693 138669 139694 138670 138158 138159 138160 138161 139695 138671 138672 138673 138674 140722 139698 140721 139697 140207 140720 139696
bot 151 153 5isbkj04 258819646 155754 52
owned 151 155754 155755 155756 155757 156269 155245 154733 154732 154731 154730 154729 154728 154727 154726 155238 155750 155751 155752 156264 156265 156777 156778 156779 156780 157291 157290 157289 157288 156776 156775 156263 156262 155239 154215 155240 154216 153704 153705 153706 153707 155241 154217 154218 154219 154220 156268 155244 156267 155243 155753 156266 155242
bot 152 154 r73y2vzl 264824291 241624 52
owned 152 241624 241625 241626 241627 242139 241115 240603 240602 240601 240600 240599 240598 240597 240596 241108 241620 241621 241622 242134 242135 242647 242648 242649 242650 243161 243160 243159 243158 242646 242645 242133 242132 241109 240085 241110 240086 239574 239575 239576 239577 241111 240087 240088 240089 240090 242138 241114 242137 241113 241623 242136 241112
bot 153 155 36x3kyhk 1662731317 176592 52
owned 153 176592 176593 176594 176595 177107 176083 175571 175570 175569 175568 175567 175566 175565 175564 176076 176588 176589 176590 177102 177103 177615 177616 177617 177618 178129 178128 178127 178126 177614 177613 177101 177100 176077 175053 176078 175054 174542 174543 174544 174545 176079 175055 175056 175057 175058 177106 176082 177105 176081 176591 177104 176080
bot 154 156 01ob2tlo 1786744221 164610 52
owned 154 164610 164611 164612 164613 165125 164101 163589 163588 163587 163586 163585 163584 163583 163582 164094 164606 164607 164608 165120 165121 165633 165634 165635 165636 166147 166146 166145 166144 165632 165631 165119 165118 164095 163071 164096 163072 162560 162561 162562 162563 164097 163073 163074 163075 163076 165124 164100 165123 164099 164609 165122 164098
bot 155 157 cb13fbp5 1249598146 182578 52
owned 155 182578 182579 182580 182581 183093 182069 181557 181556 181555 181554 181553 181552 181551 181550 182062 182574 182575 182576 183088 183089 183601 183602 183603 183604 184115 184114 184113 184112 183600 183599 183087 183086 182063 181039 182064 181040 180528 180529 180530 180531 182065 181041 181042 181043 181044 183092 182068 183091 182067 182577 183090 182066
bot 156 158 vmmrq63s 899362917 42771 52
owned 156 42771 42772 42773 42774 43286 42262 41750 41749 41748 41747 41746 41745 41744 41743 42255 42767 42768 42769 43281 43282 43794 43795 43796 43797 44308 44307 44306 44305 43793 43792 43280 43279 42256 41232 42257 41233 40721 40722 40723 40724 42258 41234 41235 41236 41237 43285 42261 43284 42260 42770 43283 42259
bot 157 159 nkjckjq8 -2033092416 138369 52
owned 157 138369 138370 138371 138372 138884 137860 137348 137347 137346 137345 137344 137343 137342 137341 137853 138365 138366 138367 138879 138880 139392 139393 139394 139395 139906 139905 139904 139903 139391 139390 138878 138877 137854 136830 137855 136831 136319 136320 136321 136322 137856 136832 136833 136834 136835 138883 137859 138882 137858 138368 138881 137857
bot 158 160 wcggivof -2120004876 119384 52
owned 158 119384 119385 119386 119387 119899 118875 118363 118362 118361 118360 118359 118358 118357 118356 118868 119380 119381 119382 119894 119895 120407 120408 120409 120410 120921 120920 120919 120918 120406 120405 119893 119892 118869 117845 118870 117846 117334 117335 117336 117337 118871 117847 117848 117849 117850 119898 118874 119897 118873 119383 119896 118872
bot 159 161 1w1ciciy 988641666 120023 52
owned 159 120023 120024 120025 120026 120538 119514 119002 119001 119000 118999 118998 118997 118996 118995 119507 120019 120020 120021 120533 120534 121046 121047 121048 121049 121560 121559 121558 121557 121045 121044 120532 120531 119508 118484 119509 118485 117973 117974 117975 117976 119510 118486 118487 118488 118489 120537 119513 120536 119512 120022 120535 119511
bot 160 162 2a0v7iem 1603609301 237620 52
owned 160 237620 237621 237622 237623 238135 237111 236599 236598 236597 236596 236595 236594 236593 236592 237104 237616 237617 237618 238130 238131 238643 238644 238645 238646 239157 239156 239155 239154 238642 238641 238129 238128 237105 236081 237106 236082 235570 235571 235572 235573 237107 236083 236084 236085 236086 238134 237110 238133 237109 237619 238132 237108
bot 161 163 jcz64pkr 1490381084 208061 52
owned 161 208061 208062 208063 208064 208576 207552 207040 207039 207038 207037 207036 207035 207034 207033 207545 208057 208058 208059 208571 208572 209084 209085 209086 209087 209598 209597 209596 209595 209083 209082 208570 208569 207546 206522 207547 206523 206011 206012 206013 206014 207548 206524 206525 206526 206527 208575 207551 208574 207550 208060 208573 207549
bot 162 164 v0ljq6tk -2113715216 51650 52
owned 162 51650 51651 51652 51653 52165 51141 50629 50628 50627 50626 50625 50624 50623 50622 51134 51646 51647 51648 52160 52161 52673 52674 52675 52676 53187 53186 53185 53184 52672 52671 52159 52158 51135 50111 51136 50112 49600 49601 49602 49603 51137 50113 50114 50115 50116 52164 51140 52163 51139 51649 52162 51138
bot 163 165 adg8798c 1411060963 138250 52
owned 163 138250 138251 138252 138253 138765 137741 137229 137228 137227 137226 137225 137224 137223 137222 137734 138246 138247 138248 138760 138761 139273 139274 139275 139276 139787 139786 139785 139784 139272 139271 138759 138758 137735 136711 137736 136712 136200 136201 136202 136203 137737 136713 136714 136715 136716 138764 137740 138763 137739 138249 138762 137738
bot 164 166 5ghp3e6u -1957476071 73595 52
owned 164 73595 73596 73597 73598 74110 73086 72574 72573 72572 72571 72570 72569 72568 72567 73079 73591 73592 73593 74105 74106 74618 74619 74620 74621 75132 75131 75130 75129 74617 74616 74104 74103 73080 72056 73081 72057 71545 71546 71547 71548 73082 72058 72059 72060 72061 74109 73085 74108 73084 73594 74107 73083
bot 165 167 h5bdt6q4 959985296 162290 52
owned 165 162290 162291 162292 162293 162805 161781 161269 161268 161267 161266 161265 161264 161263 161262 161774 162286 162287 162288 162800 162801 163313 163314 163315 163316 163827 163826 163825 163824 163312 163311 162799 162798 161775 160751 161776 160752 160240 160241 160242 160243 161777 160753 160754 160755 160756 162804 161780 162803 161779 162289 162802 161778
bot 166 168 5oce5zsz 760830796 164038 52
owned 166 164038 164039 164040 164041 164553 163529 163017 163016 163015 163014 163013 163012 163011 163010 163522 164034 164035 164036 164548 164549 165061 165062 165063 165064 165575 165574 165573 165572 165060 165059 164547 164546 163523 162499 163524 162500 161988 161989 161990 161991 163525 162501 162502 162503 162504 164552 163528 164551 163527 164037 164550 163526
bot 167 169 xka3bnm9 -2087114015 166547 52
owned 167 166547 166548 166549 166550 167062 166038 165526 165525 165524 165523 165522 165521 165520 165519 166031 166543 166544 166545 167057 167058 167570 167571 167572 167573 168084 168083 168082 168081 167569 167568 167056 167055 166032 165008 166033 165009 164497 164498 164499 164500 166034 165010 165011 165012 165013 167061 166037 167060 166036 166546 167059 166035
bot 168 170 3w1tydq6 1781810637 19914 52
owned 168 19914 19915 19916 19917 20429 19405 18893 18892 18891 18890 18889 18888 18887 18886 19398 19910 19911 19912 20424 20425 20937 20938 20939 20940 21451 21450 21449 21448 20936 20935 20423 20422 19399 18375 19400 18376 17864 17865 17866 17867 19401 18377 18378 18379 18380 20428 19404 20427 19403 19913 20426 19402
bot 169 171 upd1qyae 1501438200 13585 52
owned 169 13585 13586 13587 13588 14100 13076 12564 12563 12562 12561 12560 12559 12558 12557 13069 13581 13582 13583 14095 14096 14608 14609 14610 14611 15122 15121 15120 15119 14607 14606 14094 14093 13070 12046 13071 12047 11535 11536 11537 11538 13072 12048 12049 12050 12051 14099 13075 14098 13074 13584 14097 13073
bot 170 172 v4u31rox 2020264938 1495 42
owned 170 1495 1496 1497 1498 2010 986 474 473 472 471 470 469 468 467 979 1491 1492 1493 2005 2006 2518 2519 2520 2521 3032 3031 3030 3029 2517 2516 2004 2003 980 981 982 2009 985 2008 984 1494 2007 983
bot 171 173 q9vm95if 2121071836 237302 52
owned 171 237302 237303 237304 237305 237817 236793 236281 236280 236279 236278 236277 236276 236275 236274 236786 237298 237299 237300 237812 237813 238325 238326 238327 238328 238839 238838 238837 238836 238324 238323 237811 237810 236787 235763 236788 235764 235252 235253 235254 235255 236789 235765 235766 235767 235768 237816 236792 237815 236791 237301 237814 236790
bot 172 174 0yu8n2tu 1397211125 131851 52
owned 172 131851 131852 131853 131854 132366 131342 130830 130829 130828 130827 130826 130825 130824 130823 131335 131847 131848 131849 132361 132362 132874 132875 132876 132877 133388 133387 133386 133385 132873 132872 132360 132359 131336 130312 131337 130313 129801 129802 129803 129804 131338 130314 130315 130316 130317 132365 131341 132364 131340 131850 132363 131339
bot 173 175 sc2ctn85 -2022032452 193495 52
owned 173 193495 193496 193497 193498 194010 192986 192474 192473 192472 192471 192470 192469 192468 192467 192979 193491 193492 193493 194005 194006 194518 194519 194520 194521 195032 195031 195030 195029 194517 194516 194004 194003 192980 191956 192981 191957 191445 191446 191447 191448 192982 191958 191959 191960 191961 194009 192985 194008 192984 193494 194007 192983
bot 174 176 z0gmspsi 801244755 87089 52
owned 174 87089 87090 87091 87092 87604 86580 86068 86067 86066 86065 86064 86063 86062 86061 86573 87085 87086 87087 87599 87600 88112 88113 88114 88115 88626 88625 88624 88623 88111 88110 87598 87597 86574 85550 86575 85551 85039 85040 85041 85042 86576 85552 85553 85554 85555 87603 86579 87602 86578 87088 87601 86577
bot 175 177 z7avk2un -2108559470 216367 52
owned 175 216367 216368 216369 216370 216882 215858 215346 215345 215344 215343 215342 215341 215340 215339 215851 216363 216364 216365 216877 216878 217390 217391 217392 217393 217904 217903 217902 217901 217389 217388 216876 216875 215852 214828 215853 214829 214317 214318 214319 214320 215854 214830 214831 214832 214833 216881 215857 216880 215856 216366 216879 215855
bot 176 178 8efmeybn 1503896376 8493 52
owned 176 8493 8494 8495 8496 9008 7984 7472 7471 7470 7469 7468 7467 7466 7465 7977 8489 8490 8491 9003 9004 9516 9517 9518 9519 10030 10029 10028 10027 9515 9514 9002 9001 7978 6954 7979 6955 6443 6444 6445 6446 7980 6956 6957 6958 6959 9007 7983 9006 7982 8492 9005 7981
bot 177 179 bifxmou2 952921820 208868 52
owned 177 208868 208869 208870 208871 209383 208359 207847 207846 207845 207844 207843 207842 207841 207840 208352 208864 208865 208866 209378 209379 209891 209892 209893 209894 210405 210404 210403 210402 209890 209889 209377 209376 208353 207329 208354 207330 206818 206819 206820 206821 208355 207331 207332 207333 207334 209382 208358 209381 208357 208867 209380 208356
bot 178 180 plh6en5t -2053928810 257599 52
owned 178 257599 257600 257601 257602 258114 257090 256578 256577 256576 256575 256574 256573 256572 256571 257083 257595 257596 257597 258109 258110 258622 258623 258624 258625 259136 259135 259134 259133 258621 258620 258108 258107 257084 256060 257085 256061 255549 255550 255551 255552 257086 256062 256063 256064 256065 258113 257089 258112 257088 257598 258111 257087
bot 179 181 ay3m2wg5 1393210047 156741 52
owned 179 156741 156742 156743 156744 157256 156232 155720 155719 155718 155717 155716 155715 155714 155713 156225 156737 156738 156739 157251 157252 157764 157765 157766 157767 158278 158277 158276 158275 157763 157762 157250 157249 156226 155202 156227 155203 154691 154692 154693 154694 156228 155204 155205 155206 155207 157255 156231 157254 156230 156740 157253 156229
bot 180 182 1zmogxmk 892305898 109644 52
owned 180 109644 109645 109646 109647 110159 109135 108623 108622 108621 108620 108619 108618 108617 108616 109128 109640 109641 109642 110154 110155 110667 110668 110669 110670 111181 111180 111179 111178 110666 110665 110153 110152 109129 108105 109130 108106 107594 107595 107596 107597 109131 108107 108108 108109 108110 110158 109134 110157 109133 109643 110156 109132
bot 181 183 55yraoi7 1468371801 87741 52
owned 181 87741 87742 87743 87744 88256 87232 86720 86719 86718 86717 86716 86715 86714 86713 87225 87737 87738 87739 88251 88252 88764 88765 88766 88767 89278 89277 89276 89275 88763 88762 88250 88249 87226 86202 87227 86203 85691 85692 85693 85694 87228 86204 86205 86206 86207 88255 87231 88254 87230 87740 88253 87229
bot 182 184 1sc05h43 1585605541 102022 52
owned 182 102022 102023 102024 102025 102537 101513 101001 101000 100999 100998 100997 100996 100995 100994 101506 102018 102019 102020 102532 102533 103045 103046 103047 103048 103559 103558 103557 103556 103044 103043 102531 102530 101507 100483 101508 100484 99972 99973 99974 99975 101509 100485 100486 100487 100488 102536 101512 102535 101511 102021 102534 101510
bot 183 185 37ibwik8 1160917256 204292 52
owned 183 204292 204293 204294 204295 204807 203783 203271 203270 203269 203268 203267 203266 203265 203264 203776 204288 204289 204290 204802 204803 205315 205316 205317 205318 205829 205828 205827 205826 205314 205313 204801 204800 203777 202753 203778 202754 202242 202243 202244 202245 203779 202755 202756 202757 202758 204806 203782 204805 203781 204291 204804 203780
bot 184 186 uec16uxz 298442371 127014 52
owned 184 127014 127015 127016 127017 127529 126505 125993 125992 125991 125990 125989 125988 125987 125986 126498 127010 127011 127012 127524 127525 128037 128038 128039 128040 128551 128550 128549 128548 128036 128035 127523 127522 126499 125475 126500 125476 124964 124965 124966 124967 126501 125477 125478 125479 125480 127528 126504 127527 126503 127013 127526 126502
bot 185 187 9fd5ewrs 716216499 77123 52
owned 185 77123 77124 77125 77126 77638 76614 76102 76101 76100 76099 76098 76097 76096 76095 76607 77119 77120 77121 77633 77634 78146 78147 78148 78149 78660 78659 78658 78657 78145 78144 77632 77631 76608 75584 76609 75585 75073 75074 75075 75076 76610 75586 75587 75588 75589 77637 76613 77636 76612 77122 77635 76611
bot 186 188 pe2p79c6 1616832572 82419 52
owned 186 82419 82420 82421 82422 82934 81910 81398 81397 81396 81395 81394 81393 81392 81391 81903 82415 82416 82417 82929 82930 83442 83443 83444 83445 83956 83955 83954 83953 83441 83440 82928 82927 81904 80880 81905 80881 80369 80370 80371 80372 81906 80882 80883 80884 80885 82933 81909 82932 81908 82418 82931 81907
bot 187 189 h1r85byk 647047218 217004 52
owned 187 217004 217005 217006 217007 217519 216495 215983 215982 215981 215980 215979 215978 215977 215976 216488 217000 217001 217002 217514 217515 218027 218028 218029 218030 218541 218540 218539 218538 218026 218025 217513 217512 216489 215465 216490 215466 214954 214955 214956 214957 216491 215467 215468 215469 215470 217518 216494 217517 216493 217003 217516 216492
bot 188 190 exulggll 2009242778 110980 52
owned 188 110980 110981 110982 110983 111495 110471 109959 109958 109957 109956 109955 109954 109953 109952 110464 110976 110977 110978 111490 111491 112003 112004 112005 112006 112517 112516 112515 112514 112002 112001 111489 111488 110465 109441 110466 109442 108930 108931 108932 108933 110467 109443 109444 109445 109446 111494 110470 111493 110469 110979 111492 110468
bot 189 191 zouqcp7v 1283425505 179922 52
owned 189 179922 179923 179924 179925 180437 179413 178901 178900 178899 178898 178897 178896 178895 178894 179406 179918 179919 179920 180432 180433 180945 180946 180947 180948 181459 181458 181457 181456 180944 180943 180431 180430 179407 178383 179408 178384 177872 177873 177874 177875 179409 178385 178386 178387 178388 180436 179412 180435 179411 179921 180434 179410
bot 190 192 k39sgybe 1779655355 19053 52
owned 190 19053 19054 19055 19056 19568 18544 18032 18031 18030 18029 18028 18027 18026 18025 18537 19049 19050 19051 19563 19564 20076 20077 20078 20079 20590 20589 20588 20587 20075 20074 19562 19561 18538 17514 18539 17515 17003 17004 17005 17006 18540 17516 17517 17518 17519 19567 18543 19566 18542 19052 19565 18541
bot 191 193 orxhfzvz 2032568751 103677 52
owned 191 103677 103678 103679 103680 104192 103168 102656 102655 102654 102653 102652 102651 102650 102649 103161 103673 103674 103675 104187 104188 104700 104701 104702 104703 105214 105213 105212 105211 104699 104698 104186 104185 103162 102138 103163 102139 101627 101628 101629 101630 103164 102140 102141 102142 102143 104191 103167 104190 103166 103676 104189 103165
bot 192 194 uz8ynaez 593238994 118095 52
owned 192 118095 118096 118097 118098 118610 117586 117074 117073 117072 117071 117070 117069 117068 117067 117579 118091 118092 118093 118605 118606 119118 119119 119120 119121 119632 119631 119630 119629 119117 119116 118604 118603 117580 116556 117581 116557 116045 116046 116047 116048 117582 116558 116559 116560 116561 118609 117585 118608 117584 118094 118607 117583
bot 193 195 ubigewsr -2141021696 154152 52
owned 193 154152 154153 154154 154155 154667 153643 153131 153130 153129 153128 153127 153126 153125 153124 153636 154148 154149 154150 154662 154663 155175 155176 155177 155178 155689 155688 155687 155686 155174 155173 154661 154660 153637 152613 153638 152614 152102 152103 152104 152105 153639 152615 152616 152617 152618 154666 153642 154665 153641 154151 154664 153640
bot 194 196 w0ozvjdh 337579528 1160 42
owned 194 1160 1161 1162 1163 1675 651 139 138 137 136 135 134 133 132 644 1156 1157 1158 1670 1671 2183 2184 2185 2186 2697 2696 2695 2694 2182 2181 1669 1668 645 646 647 1674 650 1673 649 1159 1672 648
bot 195 197 f7yj98q8 2008342748 58619 52
owned 195 58619 58620 58621 58622 59134 58110 57598 57597 57596 57595 57594 57593 57592 57591 58103 58615 58616 58617 59129 59130 59642 59643 59644 59645 60156 60155 60154 60153 59641 59640 59128 59127 58104 57080 58105 57081 56569 56570 56571 56572 58106 57082 57083 57084 57085 59133 58109 59132 58108 58618 59131 58107
bot 196 198 2xzw4gp3 546471435 142071 52
owned 196 142071 142072 142073 142074 142586 141562 141050 141049 141048 141047 141046 141045 141044 141043 141555 142067 142068 142069 142581 142582 143094 143095 143096 143097 143608 143607 143606 143605 143093 143092 142580 142579 141556 140532 141557 140533 140021 140022 140023 140024 141558 140534 140535 140536 140537 142585 141561 142584 141560 142070 142583 141559
bot 197 199 9rkdgj28 2034230367 259875 52
owned 197 259875 259876 259877 259878 260390 259366 258854 258853 258852 258851 258850 258849 258848 258847 259359 259871 259872 259873 260385 260386 260898 260899 260900 260901 261412 261411 261410 261409 260897 260896 260384 260383 259360 258336 259361 258337 257825 257826 257827 257828 259362 258338 258339 258340 258341 260389 259365 260388 259364 259874 260387 259363
bot 198 200 aw987uy7 1696208469 87129 52
owned 198 87129 87130 87131 87132 87644 86620 86108 86107 86106 86105 86104 86103 86102 86101 86613 87125 87126 87127 87639 87640 88152 88153 88154 88155 88666 88665 88664 88663 88151 88150 87638 87637 86614 85590 86615 85591 85079 85080 85081 85082 86616 85592 85593 85594 85595 87643 86619 87642 86618 87128 87641 86617
bot 199 201 gr243zlh 1525078068 249322 52
owned 199 249322 249323 249324 249325 249837 248813 248301 248300 248299 248298 248297 248296 248295 248294 248806 249318 249319 249320 249832 249833 250345 250346 250347 250348 250859 250858 250857 250856 250344 250343 249831 249830 248807 247783 248808 247784 247272 247273 247274 247275 248809 247785 247786 247787 247788 249836 248812 249835 248811 249321 249834 248810
bot 200 202 zowu9kf4 1343123255 152549 52
owned 200 152549 152550 152551 152552 153064 152040 151528 151527 151526 151525 151524 151523 151522 151521 152033 152545 152546 152547 153059 153060 153572 153573 153574 153575 154086 154085 154084 154083 153571 153570 153058 153057 152034 151010 152035 151011 150499 150500 150501 150502 152036 151012 151013 151014 151015 153063 152039 153062 152038 152548 153061 152037
bot 201 203 2dtf8q4x 1304023651 135747 52
owned 201 135747 135748 135749 135750 136262 135238 134726 134725 134724 134723 134722 134721 134720 134719 135231 135743 135744 135745 136257 136258 136770 136771 136772 136773 137284 137283 137282 137281 136769 136768 136256 136255 135232 134208 135233 134209 133697 133698 133699 133700 135234 134210 134211 134212 134213 136261 135237 136260 135236 135746 136259 135235
bot 202 204 y9oft8w2 1767905134 12021 52
owned 202 12021 12022 12023 12024 12536 11512 11000 10999 10998 10997 10996 10995 10994 10993 11505 12017 12018 12019 12531 12532 13044 13045 13046 13047 13558 13557 13556 13555 13043 13042 12530 12529 11506 10482 11507 10483 9971 9972 9973 9974 11508 10484 10485 10486 10487 12535 11511 12534 11510 12020 12533 11509
bot 203 205 ed7kjxq3 386177703 21031 52
owned 203 21031 21032 21033 21034 21546 20522 20010 20009 20008 20007 20006 20005 20004 20003 20515 21027 21028 21029 21541 21542 22054 22055 22056 22057 22568 22567 22566 22565 22053 22052 21540 21539 20516 19492 20517 19493 18981 18982 18983 18984 20518 19494 19495 19496 19497 21545 20521 21544 20520 21030 21543 20519
bot 204 206 nxt1ptsi 1154794981 178823 52
owned 204 178823 178824 178825 178826 179338 178314 177802 177801 177800 177799 177798 177797 177796 177795 178307 178819 178820 178821 179333 179334 179846 179847 179848 179849 180360 180359 180358 180357 179845 179844 179332 179331 178308 177284 178309 177285 176773 176774 176775 176776 178310 177286 177287 177288 177289 179337 178313 179336 178312 178822 179335 178311
bot 205 207 p825v2fd 1789039945 48281 52
owned 205 48281 48282 48283 48284 48796 47772 47260 47259 47258 47257 47256 47255 47254 47253 47765 48277 48278 48279 48791 48792 49304 49305 49306 49307 49818 49817 49816 49815 49303 49302 48790 48789 47766 46742 47767 46743 46231 46232 46233 46234 47768 46744 46745 46746 46747 48795 47771 48794 47770 48280 48793 47769
bot 206 208 wyarb4qo 383163841 42672 52
owned 206 42672 42673 42674 42675 43187 42163 41651 41650 41649 41648 41647 41646 41645 41644 42156 42668 42669 42670 43182 43183 43695 43696 43697 43698 44209 44208 44207 44206 43694 43693 43181 43180 42157 41133 42158 41134 40622 40623 40624 40625 42159 41135 41136 41137 41138 43186 42162 43185 42161 42671 43184 42160
bot 207 209 qfs7b4z4 1471954815 178674 52
owned 207 178674 178675 178676 178677 179189 178165 177653 177652 177651 177650 177649 177648 177647 177646 178158 178670 178671 178672 179184 179185 179697 179698 179699 179700 180211 180210 180209 180208 179696 179695 179183 179182 178159 177135 178160 177136 176624 176625 176626 176627 178161 177137 177138 177139 177140 179188 178164 179187 178163 178673 179186 178162
bot 208 210 ms13gmzm 1647820133 254465 34
owned 208 254465 254466 254467 254468 254980 253956 253444 253443 253442 253441 253440 253952 252928 252416 252417 252418 252929 252930 252931 254979 255491 255490 255489 255488 256000 254976 256001 256002 253955 254978 253954 254464 254977 253953
bot 209 211 ym8zggo3 322620766 121781 52
owned 209 121781 121782 121783 121784 122296 121272 120760 120759 120758 120757 120756 120755 120754 120753 121265 121777 121778 121779 122291 122292 122804 122805 122806 122807 123318 123317 123316 123315 122803 122802 122290 122289 121266 120242 121267 120243 119731 119732 119733 119734 121268 120244 120245 120246 120247 122295 121271 122294 121270 121780 122293 121269
bot 210 212 8jahbnpg 1498584608 258195 52
owned 210 258195 258196 258197 258198 258710 257686 257174 257173 257172 257171 257170 257169 257168 257167 257679 258191 258192 258193 258705 258706 259218 259219 259220 259221 259732 259731 259730 259729 259217 259216 258704 258703 257680 256656 257681 256657 256145 256146 256147 256148 257682 256658 256659 256660 256661 258709 257685 258708 257684 258194 258707 257683
bot 211 213 b0djjiez 1834536396 127840 52
owned 211 127840 127841 127842 127843 128355 127331 126819 126818 126817 126816 126815 126814 126813 126812 127324 127836 127837 127838 128350 128351 128863 128864 128865 128866 129377 129376 129375 129374 128862 128861 128349 128348 127325 126301 127326 126302 125790 125791 125792 125793 127327 126303 126304 126305 126306 128354 127330 128353 127329 127839 128352 127328
bot 212 214 s9xysw8i 1381855552 13522 52
owned 212 13522 13523 13524 13525 14037 13013 12501 12500 12499 12498 12497 12496 12495 12494 13006 13518 13519 13520 14032 14033 14545 14546 14547 14548 15059 15058 15057 15056 14544 14543 14031 14030 13007 11983 13008 11984 11472 11473 11474 11475 13009 11985 11986 11987 11988 14036 13012 14035 13011 13521 14034 13010
bot 213 215 t3s2qgvc 1885822309 4187 52
owned 213 4187 4188 4189 4190 4702 3678 3166 3165 3164 3163 3162 3161 3160 3159 3671 4183 4184 4185 4697 4698 5210 5211 5212 5213 5724 5723 5722 5721 5209 5208 4696 4695 3672 2648 3673 2649 2137 2138 2139 2140 3674 2650 2651 2652 2653 4701 3677 4700 3676 4186 4699 3675
bot 214 216 aquue8ni -1995066298 32215 52
owned 214 32215 32216 32217 32218 32730 31706 31194 31193 31192 31191 31190 31189 31188 31187 31699 32211 32212 32213 32725 32726 33238 33239 33240 33241 33752 33751 33750 33749 33237 33236 32724 32723 31700 30676 31701 30677 30165 30166 30167 30168 31702 30678 30679 30680 30681 32729 31705 32728 31704 32214 32727 31703
bot 215 217 u3k8ktyr 1336475575 177057 52
owned 215 177057 177058 177059 177060 177572 176548 176036 176035 176034 176033 176032 176031 176030 176029 176541 177053 177054 177055 177567 177568 178080 178081 178082 178083 178594 178593 178592 178591 178079 178078 177566 177565 176542 175518 176543 175519 175007 175008 175009 175010 176544 175520 175521 175522 175523 177571 176547 177570 176546 177056 177569 176545
bot 216 218 i7egn3zz 1648658159 216017 52
owned 216 216017 216018 216019 216020 216532 215508 214996 214995 214994 214993 214992 214991 214990 214989 215501 216013 216014 216015 216527 216528 217040 217041 217042 217043 217554 217553 217552 217551 217039 217038 216526 216525 215502 214478 215503 214479 213967 213968 213969 213970 215504 214480 214481 214482 214483 216531 215507 216530 215506 216016 216529 215505
bot 217 219 o3vgfhge 1896212089 257890 52
owned 217 257890 257891 257892 257893 258405 257381 256869 256868 256867 256866 256865 256864 256863 256862 257374 257886 257887 257888 258400 258401 258913 258914 258915 258916 259427 259426 259425 259424 258912 258911 258399 258398 257375 256351 257376 256352 255840 255841 255842 255843 257377 256353 256354 256355 256356 258404 257380 258403 257379 257889 258402 257378
bot 218 220 m4aem5hx 1751287233 3843 52
owned 218 3843 3844 3845 3846 4358 3334 2822 2821 2820 2819 2818 2817 2816 2815 3327 3839 3840 3841 4353 4354 4866 4867 4868 4869 5380 5379 5378 5377 4865 4864 4352 4351 3328 2304 3329 2305 1793 1794 1795 1796 3330 2306 2307 2308 2309 4357 3333 4356 3332 3842 4355 3331
bot 219 221 p6i95qgo 1590454142 119983 52
owned 219 119983 119984 119985 119986 120498 119474 118962 118961 118960 118959 118958 118957 118956 118955 119467 119979 119980 119981 120493 120494 121006 121007 121008 121009 121520 121519 121518 121517 121005 121004 120492 120491 119468 118444 119469 118445 117933 117934 117935 117936 119470 118446 118447 118448 118449 120497 119473 120496 119472 119982 120495 119471
bot 220 222 gvho8qeo 669428651 119807 34
owned 220 119807 119806 119805 119804 119803 120315 119291 118779 118780 118781 118782 118783 118271 117759 117758 117757 118270 118269 118268 120316 120828 120829 120830 120831 121343 121342 121341 119292 120317 119293 120318 119294 120319 119295
bot 221 223 9iatvpoi -1929396069 210659 52
owned 221 210659 210660 210661 210662 211174 210150 209638 209637 209636 209635 209634 209633 209632 209631 210143 210655 210656 210657 211169 211170 211682 211683 211684 211685 212196 212195 212194 212193 211681 211680 211168 211167 210144 209120 210145 209121 208609 208610 208611 208612 210146 209122 209123 209124 209125 211173 210149 211172 210148 210658 211171 210147
bot 222 224 zd9jsqbj 2059397859 226347 52
owned 222 226347 226348 226349 226350 226862 225838 225326 225325 225324 225323 225322 225321 225320 225319 225831 226343 226344 226345 226857 226858 227370 227371 227372 227373 227884 227883 227882 227881 227369 227368 226856 226855 225832 224808 225833 224809 224297 224298 224299 224300 225834 224810 224811 224812 224813 226861 225837 226860 225836 226346 226859 225835
bot 223 225 zw1dwnig 2130295049 33988 52
owned 223 33988 33989 33990 33991 34503 33479 32967 32966 32965 32964 32963 32962 32961 32960 33472 33984 33985 33986 34498 34499 35011 35012 35013 35014 35525 35524 35523 35522 35010 35009 34497 34496 33473 32449 33474 32450 31938 31939 31940 31941 33475 32451 32452 32453 32454 34502 33478 34501 33477 33987 34500 33476
bot 224 226 be5xt98q 295200808 89614 52
owned 224 89614 89615 89616 89617 90129 89105 88593 88592 88591 88590 88589 88588 88587 88586 89098 89610 89611 89612 90124 90125 90637 90638 90639 90640 91151 91150 91149 91148 90636 90635 90123 90122 89099 88075 89100 88076 87564 87565 87566 87567 89101 88077 88078 88079 88080 90128 89104 90127 89103 89613 90126 89102
bot 225 227 522b0ju8 1051917806 78456 52
owned 225 78456 78457 78458 78459 78971 77947 77435 77434 77433 77432 77431 77430 77429 77428 77940 78452 78453 78454 78966 78967 79479 79480 79481 79482 79993 79992 79991 79990 79478 79477 78965 78964 77941 76917 77942 76918 76406 76407 76408 76409 77943 76919 76920 76921 76922 78970 77946 78969 77945 78455 78968 77944
bot 226 228 ibxwtyy7 1581729417 37752 52
owned 226 37752 37753 37754 37755 38267 37243 36731 36730 36729 36728 36727 36726 36725 36724 37236 37748 37749 37750 38262 38263 38775 38776 38777 38778 39289 39288 39287 39286 38774 38773 38261 38260 37237 36213 37238 36214 35702 35703 35704 35705 37239 36215 36216 36217 36218 38266 37242 38265 37241 37751 38264 37240
bot 227 229 zjhashkb 754389657 218749 52
owned 227 218749 218750 218751 218752 219264 218240 217728 217727 217726 217725 217724 217723 217722 217721 218233 218745 218746 218747 219259 219260 219772 219773 219774 219775 220286 220285 220284 220283 219771 219770 219258 219257 218234 217210 218235 217211 216699 216700 216701 216702 218236 217212 217213 217214 217215 219263 218239 219262 218238 218748 219261 218237
bot 228 230 89ttdia6 1515667583 44790 52
owned 228 44790 44791 44792 44793 45305 44281 43769 43768 43767 43766 43765 43764 43763 43762 44274 44786 44787 44788 45300 45301 45813 45814 45815 45816 46327 46326 46325 46324 45812 45811 45299 45298 44275 43251 44276 43252 42740 42741 42742 42743 44277 43253 43254 43255 43256 45304 44280 45303 44279 44789 45302 44278
bot 229 231 6o2o0nvl 1109887534 128656 52
owned 229 128656 128657 128658 128659 129171 128147 127635 127634 127633 127632 127631 127630 127629 127628 128140 128652 128653 128654 129166 129167 129679 129680 129681 129682 130193 130192 130191 130190 129678 129677 129165 129164 128141 127117 128142 127118 126606 126607 126608 126609 128143 127119 127120 127121 127122 129170 128146 129169 128145 128655 129168 128144
bot 230 232 xldl70se 1508905245 133569 52
owned 230 133569 133570 133571 133572 134084 133060 132548 132547 132546 132545 132544 132543 132542 132541 133053 133565 133566 133567 134079 134080 134592 134593 134594 134595 135106 135105 135104 135103 134591 134590 134078 134077 133054 132030 133055 132031 131519 131520 131521 131522 133056 132032 132033 132034 132035 134083 133059 134082 133058 133568 134081 133057
bot 231 233 qrwgzvzz 1194261553 29090 52
owned 231 29090 29091 29092 29093 29605 28581 28069 28068 28067 28066 28065 28064 28063 28062 28574 29086 29087 29088 29600 29601 30113 30114 30115 30116 30627 30626 30625 30624 30112 30111 29599 29598 28575 27551 28576 27552 27040 27041 27042 27043 28577 27553 27554 27555 27556 29604 28580 29603 28579 29089 29602 28578
bot 232 234 h711p697 635026801 157037 52
owned 232 157037 157038 157039 157040 157552 156528 156016 156015 156014 156013 156012 156011 156010 156009 156521 157033 157034 157035 157547 157548 158060 158061 158062 158063 158574 158573 158572 158571 158059 158058 157546 157545 156522 155498 156523 155499 154987 154988 154989 154990 156524 155500 155501 155502 155503 157551 156527 157550 156526 157036 157549 156525
bot 233 235 g4ulqqm0 1702459915 1025 27
owned 233 1025 1026 1027 1028 1540 516 4 3 2 1 0 512 1539 2051 2050 2049 2048 2560 1536 2561 2562 515 1538 514 1024 1537 513
bot 234 236 v18jrx10 1959076822 13652 52
owned 234 13652 13653 13654 13655 14167 13143 12631 12630 12629 12628 12627 12626 12625 12624 13136 13648 13649 13650 14162 14163 14675 14676 14677 14678 15189 15188 15187 15186 14674 14673 14161 14160 13137 12113 13138 12114 11602 11603 11604 11605 13139 12115 12116 12117 12118 14166 13142 14165 13141 13651 14164 13140
bot 235 237 8sd3i7p8 933279620 189256 52
owned 235 189256 189257 189258 189259 189771 188747 188235 188234 188233 188232 188231 188230 188229 188228 188740 189252 189253 189254 189766 189767 190279 190280 190281 190282 190793 190792 190791 190790 190278 190277 189765 189764 188741 187717 188742 187718 187206 187207 187208 187209 188743 187719 187720 187721 187722 189770 188746 189769 188745 189255 189768 188744
bot 236 238 l5o27mtm -2040527415 6585 52
owned 236 6585 6586 6587 6588 7100 6076 5564 5563 5562 5561 5560 5559 5558 5557 6069 6581 6582 6583 7095 7096 7608 7609 7610 7611 8122 8121 8120 8119 7607 7606 7094 7093 6070 5046 6071 5047 4535 4536 4537 4538 6072 5048 5049 5050 5051 7099 6075 7098 6074 6584 7097 6073
bot 237 239 b6f6r0t2 1867439652 261893 34
owned 237 261893 261894 261895 261896 261384 260872 260871 260870 260869 260868 260867 260866 260865 261377 261889 261890 261891 261378 260354 261379 260355 259843 259844 259845 259846 261380 260356 260357 260358 260359 261383 261382 261892 261381
bot 238 240 7j5a3pfw 1958254263 261056 48
owned 238 261056 261057 261058 261059 261571 260547 260035 260034 260033 260032 260031 260030 260029 260028 260540 261052 261053 261054 261566 261567 262079 262080 262081 262082 262078 262077 261565 261564 260541 259517 260542 259518 259006 259007 259008 259009 260543 259519 259520 259521 259522 261570 260546 261569 260545 261055 261568 260544
bot 239 241 m5sg1z4l 348334567 39826 52
owned 239 39826 39827 39828 39829 40341 39317 38805 38804 38803 38802 38801 38800 38799 38798 39310 39822 39823 39824 40336 40337 40849 40850 40851 40852 41363 41362 41361 41360 40848 40847 40335 40334 39311 38287 39312 38288 37776 37777 37778 37779 39313 38289 38290 38291 38292 40340 39316 40339 39315 39825 40338 39314
bot 240 242 ehpglvfz 1269450044 83825 52
owned 240 83825 83826 83827 83828 84340 83316 82804 82803 82802 82801 82800 82799 82798 82797 83309 83821 83822 83823 84335 84336 84848 84849 84850 84851 85362 85361 85360 85359 84847 84846 84334 84333 83310 82286 83311 82287 81775 81776 81777 81778 83312 82288 82289 82290 82291 84339 83315 84338 83314 83824 84337 83313
bot 241 243 wu3zthbo 947178302 101544 52
owned 241 101544 101545 101546 101547 102059 101035 100523 100522 100521 100520 100519 100518 100517 100516 101028 101540 101541 101542 102054 102055 102567 102568 102569 102570 103081 103080 103079 103078 102566 102565 102053 102052 101029 100005 101030 100006 99494 99495 99496 99497 101031 100007 100008 100009 100010 102058 101034 102057 101033 101543 102056 101032
bot 242 244 yeh875u5 1617155050 128000 26
owned 242 128000 128001 128002 128003 128515 127491 126979 126978 126977 126976 126464 125952 125953 126465 126466 128514 129026 129025 129024 129536 129537 127490 128513 127489 128512 127488
bot 243 245 8nuwzyn1 1340793310 259806 52
owned 243 259806 259807 259808 259809 260321 259297 258785 258784 258783 258782 258781 258780 258779 258778 259290 259802 259803 259804 260316 260317 260829 260830 260831 260832 261343 261342 261341 261340 260828 260827 260315 260314 259291 258267 259292 258268 257756 257757 257758 257759 259293 258269 258270 258271 258272 260320 259296 260319 259295 259805 260318 259294
bot 244 246 t0zwn9eb 959178531 141088 52
owned 244 141088 141089 141090 141091 141603 140579 140067 140066 140065 140064 140063 140062 140061 140060 140572 141084 141085 141086 141598 141599 142111 142112 142113 142114 142625 142624 142623 142622 142110 142109 141597 141596 140573 139549 140574 139550 139038 139039 139040 139041 140575 139551 139552 139553 139554 141602 140578 141601 140577 141087 141600 140576
bot 245 247 8zjwwdck 1655577600 164865 34
owned 245 164865 164866 164867 164868 165380 164356 163844 163843 163842 163841 163840 164352 163328 162816 162817 162818 163329 163330 163331 165379 165891 165890 165889 165888 166400 165376 166401 166402 164355 165378 164354 164864 165377 164353
bot 246 248 jwrhd5ij 1879101561 1939 48
owned 246 1939 1940 1941 1942 2454 1430 918 917 916 915 914 913 912 911 1423 1935 1936 1937 2449 2450 2962 2963 2964 2965 3476 3475 3474 3473 2961 2960 2448 2447 1424 400 1425 401 1426 402 403 404 405 2453 1429 2452 1428 1938 2451 1427
bot 247 249 jyb8rp14 1589264510 139602 52
owned 247 139602 139603 139604 139605 140117 139093 138581 138580 138579 138578 138577 138576 138575 138574 139086 139598 139599 139600 140112 140113 140625 140626 140627 140628 141139 141138 141137 141136 140624 140623 140111 140110 139087 138063 139088 138064 137552 137553 137554 137555 139089 138065 138066 138067 138068 140116 139092 140115 139091 139601 140114 139090
bot 248 250 wl7sxu3v 236594675 257729 52
owned 248 257729 257730 257731 257732 258244 257220 256708 256707 256706 256705 256704 256703 256702 256701 257213 257725 257726 257727 258239 258240 258752 258753 258754 258755 259266 259265 259264 259263 258751 258750 258238 258237 257214 256190 257215 256191 255679 255680 255681 255682 257216 256192 256193 256194 256195 258243 257219 258242 257218 257728 258241 257217
bot 249 251 y0r0fu1j 1129846919 186210 52
owned 249 186210 186211 186212 186213 186725 185701 185189 185188 185187 185186 185185 185184 185183 185182 185694 186206 186207 186208 186720 186721 187233 187234 187235 187236 187747 187746 187745 187744 187232 187231 186719 186718 185695 184671 185696 184672 184160 184161 184162 184163 185697 184673 184674 184675 184676 186724 185700 186723 185699 186209 186722 185698
bot 250 252 kneohbbr 882688749 223913 52
owned 250 223913 223914 223915 223916 224428 223404 222892 222891 222890 222889 222888 222887 222886 222885 223397 223909 223910 223911 224423 224424 224936 224937 224938 224939 225450 225449 225448 225447 224935 224934 224422 224421 223398 222374 223399 222375 221863 221864 221865 221866 223400 222376 222377 222378 222379 224427 223403 224426 223402 223912 224425 223401
bot 251 253 qc8m814x 1480004544 161562 52
owned 251 161562 161563 161564 161565 162077 161053 160541 160540 160539 160538 160537 160536 160535 160534 161046 161558 161559 161560 162072 162073 162585 162586 162587 162588 163099 163098 163097 163096 162584 162583 162071 162070 161047 160023 161048 160024 159512 159513 159514 159515 161049 160025 160026 160027 160028 162076 161052 162075 161051 161561 162074 161050
bot 252 254 ix3jngmf 1224131180 64714 52
owned 252 64714 64715 64716 64717 65229 64205 63693 63692 63691 63690 63689 63688 63687 63686 64198 64710 64711 64712 65224 65225 65737 65738 65739 65740 66251 66250 66249 66248 65736 65735 65223 65222 64199 63175 64200 63176 62664 62665 62666 62667 64201 63177 63178 63179 63180 65228 64204 65227 64203 64713 65226 64202
bot 253 255 9mzpcgft -1962888896 213070 52
owned 253 213070 213071 213072 213073 213585 212561 212049 212048 212047 212046 212045 212044 212043 212042 212554 213066 213067 213068 213580 213581 214093 214094 214095 214096 214607 214606 214605 214604 214092 214091 213579 213578 212555 211531 212556 211532 211020 211021 211022 211023 212557 211533 211534 211535 211536 213584 212560 213583 212559 213069 213582 212558
bot 254 256 l5z5w588 1934897762 39422 42
owned 254 39422 39423 39935 40447 40446 40445 40444 40443 39931 39930 39418 38906 38907 38908 38909 38397 38398 38399 37887 37375 37374 37373 37372 37884 37883 37886 37885 39420 38396 38395 38394 39419 40956 39932 40957 39933 40958 40959 38911 39421 39934 38910
bot 255 257 pt0jqntf 1250199287 68037 52
owned 255 68037 68038 68039 68040 68552 67528 67016 67015 67014 67013 67012 67011 67010 67009 67521 68033 68034 68035 68547 68548 69060 69061 69062 69063 69574 69573 69572 69571 69059 69058 68546 68545 67522 66498 67523 66499 65987 65988 65989 65990 67524 66500 66501 66502 66503 68551 67527 68550 67526 68036 68549 67525
bot 256 258 2e8alk85 2137343212 164825 52
owned 256 164825 164826 164827 164828 165340 164316 163804 163803 163802 163801 163800 163799 163798 163797 164309 164821 164822 164823 165335 165336 165848 165849 165850 165851 166362 166361 166360 166359 165847 165846 165334 165333 164310 163286 164311 163287 162775 162776 162777 162778 164312 163288 163289 163290 163291 165339 164315 165338 164314 164824 165337 164313
bot 257 259 hwe3kfal -2027389305 245102 52
owned 257 245102 245103 245104 245105 245617 244593 244081 244080 244079 244078 244077 244076 244075 244074 244586 245098 245099 245100 245612 245613 246125 246126 246127 246128 246639 246638 246637 246636 246124 246123 245611 245610 244587 243563 244588 243564 243052 243053 243054 243055 244589 243565 243566 243567 243568 245616 244592 245615 244591 245101 245614 244590
bot 258 260 47li627l 1118737045 31518 52
owned 258 31518 31519 31520 31521 32033 31009 30497 30496 30495 30494 30493 30492 30491 30490 31002 31514 31515 31516 32028 32029 32541 32542 32543 32544 33055 33054 33053 33052 32540 32539 32027 32026 31003 29979 31004 29980 29468 29469 29470 29471 31005 29981 29982 29983 29984 32032 31008 32031 31007 31517 32030 31006
bot 259 261 3asdumaj -2042581532 68769 52
owned 259 68769 68770 68771 68772 69284 68260 67748 67747 67746 67745 67744 67743 67742 67741 68253 68765 68766 68767 69279 69280 69792 69793 69794 69795 70306 70305 70304 70303 69791 69790 69278 69277 68254 67230 68255 67231 66719 66720 66721 66722 68256 67232 67233 67234 67235 69283 68259 69282 68258 68768 69281 68257
bot 260 262 l75txeu7 2077042187 6772 52
owned 260 6772 6773 6774 6775 7287 6263 5751 5750 5749 5748 5747 5746 5745 5744 6256 6768 6769 6770 7282 7283 7795 7796 7797 7798 8309 8308 8307 8306 7794 7793 7281 7280 6257 5233 6258 5234 4722 4723 4724 4725 6259 5235 5236 5237 5238 7286 6262 7285 6261 6771 7284 6260
bot 261 263 tbcz7mf1 255526794 94791 52
owned 261 94791 94792 94793 94794 95306 94282 93770 93769 93768 93767 93766 93765 93764 93763 94275 94787 94788 94789 95301 95302 95814 95815 95816 95817 96328 96327 96326 96325 95813 95812 95300 95299 94276 93252 94277 93253 92741 92742 92743 92744 94278 93254 93255 93256 93257 95305 94281 95304 94280 94790 95303 94279
bot 262 264 o1ilw638 692382587 128200 52
owned 262 128200 128201 128202 128203 128715 127691 127179 127178 127177 127176 127175 127174 127173 127172 127684 128196 128197 128198 128710 128711 129223 129224 129225 129226 129737 129736 129735 129734 129222 129221 128709 128708 127685 126661 127686 126662 126150 126151 126152 126153 127687 126663 126664 126665 126666 128714 127690 128713 127689 128199 128712 127688
bot 263 265 la4ytzgl 1260745833 172864 52
owned 263 172864 172865 172866 172867 173379 172355 171843 171842 171841 171840 171839 171838 171837 171836 172348 172860 172861 172862 173374 173375 173887 173888 173889 173890 174401 174400 174399 174398 173886 173885 173373 173372 172349 171325 172350 171326 170814 170815 170816 170817 172351 171327 171328 171329 171330 173378 172354 173377 172353 172863 173376 172352
bot 264 266 in2bq49j 1545211963 260596 52
owned 264 260596 260597 260598 260599 261111 260087 259575 259574 259573 259572 259571 259570 259569 259568 260080 260592 260593 260594 261106 261107 261619 261620 261621 261622 262133 262132 262131 262130 261618 261617 261105 261104 260081 259057 260082 259058 258546 258547 258548 258549 260083 259059 259060 259061 259062 261110 260086 261109 260085 260595 261108 260084
bot 265 267 5irnw7ij 276056243 218896 52
owned 265 218896 218897 218898 218899 219411 218387 217875 217874 217873 217872 217871 217870 217869 217868 218380 218892 218893 218894 219406 219407 219919 219920 219921 219922 220433 220432 220431 220430 219918 219917 219405 219404 218381 217357 218382 217358 216846 216847 216848 216849 218383 217359 217360 217361 217362 219410 218386 219409 218385 218895 219408 218384
bot 266 268 noxeflvy 1919430651 127726 52
owned 266 127726 127727 127728 127729 128241 127217 126705 126704 126703 126702 126701 126700 126699 126698 127210 127722 127723 127724 128236 128237 128749 128750 128751 128752 129263 129262 129261 129260 128748 128747 128235 128234 127211 126187 127212 126188 125676 125677 125678 125679 127213 126189 126190 126191 126192 128240 127216 128239 127215 127725 128238 127214
bot 267 269 8gn7568f 1284878845 209221 52
owned 267 209221 209222 209223 209224 209736 208712 208200 208199 208198 208197 208196 208195 208194 208193 208705 209217 209218 209219 209731 209732 210244 210245 210246 210247 210758 210757 210756 210755 210243 210242 209730 209729 208706 207682 208707 207683 207171 207172 207173 207174 208708 207684 207685 207686 207687 209735 208711 209734 208710 209220 209733 208709
bot 268 270 5c1omdu5 1575113319 261751 34
owned 268 261751 261752 261753 261754 261242 260730 260729 260728 260727 260726 260725 260724 260723 261235 261747 261748 261749 261236 260212 261237 260213 259701 259702 259703 259704 261238 260214 260215 260216 260217 261241 261240 261750 261239
bot 269 271 yc2b3pvx 604443755 58368 26
owned 269 58368 58369 58370 58371 58883 57859 57347 57346 57345 57344 56832 56320 56321 56833 56834 58882 59394 59393 59392 59904 59905 57858 58881 57857 58880 57856
bot 270 272 lml55dcl 564423046 114304 52
owned 270 114304 114305 114306 114307 114819 113795 113283 113282 113281 113280 113279 113278 113277 113276 113788 114300 114301 114302 114814 114815 115327 115328 115329 115330 115841 115840 115839 115838 115326 115325 114813 114812 113789 112765 113790 112766 112254 112255 112256 112257 113791 112767 112768 112769 112770 114818 113794 114817 113793 114303 114816 113792
bot 271 273 1o5etbis 1064436554 146885 52
owned 271 146885 146886 146887 146888 147400 146376 145864 145863 145862 145861 145860 145859 145858 145857 146369 146881 146882 146883 147395 147396 147908 147909 147910 147911 148422 148421 148420 148419 147907 147906 147394 147393 146370 145346 146371 145347 144835 144836 144837 144838 146372 145348 145349 145350 145351 147399 146375 147398 146374 146884 147397 146373
bot 272 274 bulnhjw5 1566032591 201879 52
owned 272 201879 201880 201881 201882 202394 201370 200858 200857 200856 200855 200854 200853 200852 200851 201363 201875 201876 201877 202389 202390 202902 202903 202904 202905 203416 203415 203414 203413 202901 202900 202388 202387 201364 200340 201365 200341 199829 199830 199831 199832 201366 200342 200343 200344 200345 202393 201369 202392 201368 201878 202391 201367
bot 273 275 c6y4cfry 863565244 212988 52
owned 273 212988 212989 212990 212991 213503 212479 211967 211966 211965 211964 211963 211962 211961 211960 212472 212984 212985 212986 213498 213499 214011 214012 214013 214014 214525 214524 214523 214522 214010 214009 213497 213496 212473 211449 212474 211450 210938 210939 210940 210941 212475 211451 211452 211453 211454 213502 212478 213501 212477 212987 213500 212476
bot 274 276 kbpw8sak 2119546823 226916 52
owned 274 226916 226917 226918 226919 227431 226407 225895 225894 225893 225892 225891 225890 225889 225888 226400 226912 226913 226914 227426 227427 227939 227940 227941 227942 228453 228452 228451 228450 227938 227937 227425 227424 226401 225377 226402 225378 224866 224867 224868 224869 226403 225379 225380 225381 225382 227430 226406 227429 226405 226915 227428 226404
bot 275 277 65e8qmsr -2139027305 183995 52
owned 275 183995 183996 183997 183998 184510 183486 182974 182973 182972 182971 182970 182969 182968 182967 183479 183991 183992 183993 184505 184506 185018 185019 185020 185021 185532 185531 185530 185529 185017 185016 184504 184503 183480 182456 183481 182457 181945 181946 181947 181948 183482 182458 182459 182460 182461 184509 183485 184508 183484 183994 184507 183483
bot 276 278 furhe0mp 1722812567 141858 52
owned 276 141858 141859 141860 141861 142373 141349 140837 140836 140835 140834 140833 140832 140831 140830 141342 141854 141855 141856 142368 142369 142881 142882 142883 142884 143395 143394 143393 143392 142880 142879 142367 142366 141343 140319 141344 140320 139808 139809 139810 139811 141345 140321 140322 140323 140324 142372 141348 142371 141347 141857 142370 141346
bot 277 279 92npvjrt 1165988245 235959 52
owned 277 235959 235960 235961 235962 236474 235450 234938 234937 234936 234935 234934 234933 234932 234931 235443 235955 235956 235957 236469 236470 236982 236983 236984 236985 237496 237495 237494 237493 236981 236980 236468 236467 235444 234420 235445 234421 233909 233910 233911 233912 235446 234422 234423 234424 234425 236473 235449 236472 235448 235958 236471 235447
bot 278 280 c56xdfdl -1969221818 89743 52
owned 278 89743 89744 89745 89746 90258 89234 88722 88721 88720 88719 88718 88717 88716 88715 89227 89739 89740 89741 90253 90254 90766 90767 90768 90769 91280 91279 91278 91277 90765 90764 90252 90251 89228 88204 89229 88205 87693 87694 87695 87696 89230 88206 88207 88208 88209 90257 89233 90256 89232 89742 90255 89231
bot 279 281 jul4zb4e 561489496 76800 26
owned 279 76800 76801 76802 76803 77315 76291 75779 75778 75777 75776 75264 74752 74753 75265 75266 77314 77826 77825 77824 78336 78337 76290 77313 76289 77312 76288
bot 280 282 mpuzdlvw 997570901 98401 52
owned 280 98401 98402 98403 98404 98916 97892 97380 97379 97378 97377 97376 97375 97374 97373 97885 98397 98398 98399 98911 98912 99424 99425 99426 99427 99938 99937 99936 99935 99423 99422 98910 98909 97886 96862 97887 96863 96351 96352 96353 96354 97888 96864 96865 96866 96867 98915 97891 98914 97890 98400 98913 97889
bot 281 283 plrlx715 -2131230421 12668 52
owned 281 12668 12669 12670 12671 13183 12159 11647 11646 11645 11644 11643 11642 11641 11640 12152 12664 12665 12666 13178 13179 13691 13692 13693 13694 14205 14204 14203 14202 13690 13689 13177 13176 12153 11129 12154 11130 10618 10619 10620 10621 12155 11131 11132 11133 11134 13182 12158 13181 12157 12667 13180 12156
bot 282 284 yl9vsjpk 986070082 62831 52
owned 282 62831 62832 62833 62834 63346 62322 61810 61809 61808 61807 61806 61805 61804 61803 62315 62827 62828 62829 63341 63342 63854 63855 63856 63857 64368 64367 64366 64365 63853 63852 63340 63339 62316 61292 62317 61293 60781 60782 60783 60784 62318 61294 61295 61296 61297 63345 62321 63344 62320 62830 63343 62319
bot 283 285 mkfgkn7r 408244129 183850 52
owned 283 183850 183851 183852 183853 184365 183341 182829 182828 182827 182826 182825 182824 182823 182822 183334 183846 183847 183848 184360 184361 184873 184874 184875 184876 185387 185386 185385 185384 184872 184871 184359 184358 183335 182311 183336 182312 181800 181801 181802 181803 183337 182313 182314 182315 182316 184364 183340 184363 183339 183849 184362 183338
bot 284 286 v5nlafkw 1980026422 87972 52
owned 284 87972 87973 87974 87975 88487 87463 86951 86950 86949 86948 86947 86946 86945 86944 87456 87968 87969 87970 88482 88483 88995 88996 88997 88998 89509 89508 89507 89506 88994 88993 88481 88480 87457 86433 87458 86434 85922 85923 85924 85925 87459 86435 86436 86437 86438 88486 87462 88485 87461 87971 88484 87460
bot 285 287 2p3gb961 1102687968 -1 0
bot 286 288 uc4jshlt 1527277285 226679 52
owned 286 226679 226680 226681 226682 227194 226170 225658 225657 225656 225655 225654 225653 225652 225651 226163 226675 226676 226677 227189 227190 227702 227703 227704 227705 228216 228215 228214 228213 227701 227700 227188 227187 226164 225140 226165 225141 224629 224630 224631 224632 226166 225142 225143 225144 225145 227193 226169 227192 226168 226678 227191 226167
bot 287 289 6xdips73 1935311914 174754 52
owned 287 174754 174755 174756 174757 175269 174245 173733 173732 173731 173730 173729 173728 173727 173726 174238 174750 174751 174752 175264 175265 175777 175778 175779 175780 176291 176290 176289 176288 175776 175775 175263 175262 174239 173215 174240 173216 172704 172705 172706 172707 174241 173217 173218 173219 173220 175268 174244 175267 174243 174753 175266 174242
bot 288 290 fqxqj0bu 2093449639 47208 52
owned 288 47208 47209 47210 47211 47723 46699 46187 46186 46185 46184 46183 46182 46181 46180 46692 47204 47205 47206 47718 47719 48231 48232 48233 48234 48745 48744 48743 48742 48230 48229 47717 47716 46693 45669 46694 45670 45158 45159 45160 45161 46695 45671 45672 45673 45674 47722 46698 47721 46697 47207 47720 46696
bot 289 291 yen0iwte 1451215319 683 34
owned 289 683 684 685 686 1198 174 1197 1709 1708 1707 1706 1705 1704 1192 1191 679 167 168 169 170 681 680 2217 1193 2218 1194 2219 2220 173 1196 172 682 1195 171
bot 290 292 77ucsgzt -1988775040 -1 0
bot 291 293 4c1d18ro 626168222 -1 0
bot 292 294 bz5je7hx 1739532339 165208 52
owned 292 165208 165209 165210 165211 165723 164699 164187 164186 164185 164184 164183 164182 164181 164180 164692 165204 165205 165206 165718 165719 166231 166232 166233 166234 166745 166744 166743 166742 166230 166229 165717 165716 164693 163669 164694 163670 163158 163159 163160 163161 164695 163671 163672 163673 163674 165722 164698 165721 164697 165207 165720 164696
bot 293 295 fn7ax8sx -1958728051 114223 52
owned 293 114223 114224 114225 114226 114738 113714 113202 113201 113200 113199 113198 113197 113196 113195 113707 114219 114220 114221 114733 114734 115246 115247 115248 115249 115760 115759 115758 115757 115245 115244 114732 114731 113708 112684 113709 112685 112173 112174 112175 112176 113710 112686 112687 112688 112689 114737 113713 114736 113712 114222 114735 113711
bot 294 296 owdtos2u 1613878371 165938 52
owned 294 165938 165939 165940 165941 166453 165429 164917 164916 164915 164914 164913 164912 164911 164910 165422 165934 165935 165936 166448 166449 166961 166962 166963 166964 167475 167474 167473 167472 166960 166959 166447 166446 165423 164399 165424 164400 163888 163889 163890 163891 165425 164401 164402 164403 164404 166452 165428 166451 165427 165937 166450 165426
bot 295 297 f33f3rln 1470202053 101334 52
owned 295 101334 101335 101336 101337 101849 100825 100313 100312 100311 100310 100309 100308 100307 100306 100818 101330 101331 101332 101844 101845 102357 102358 102359 102360 102871 102870 102869 102868 102356 102355 101843 101842 100819 99795 100820 99796 99284 99285 99286 99287 100821 99797 99798 99799 99800 101848 100824 101847 100823 101333 101846 100822
bot 296 298 shy7v4eo 333923945 109375 52
owned 296 109375 109376 109377 109378 109890 108866 108354 108353 108352 108351 108350 108349 108348 108347 108859 109371 109372 109373 109885 109886 110398 110399 110400 110401 110912 110911 110910 110909 110397 110396 109884 109883 108860 107836 108861 107837 107325 107326 107327 107328 108862 107838 107839 107840 107841 109889 108865 109888 108864 109374 109887 108863
bot 297 299 qi05x4jp 728788965 32792 52
owned 297 32792 32793 32794 32795 33307 32283 31771 31770 31769 31768 31767 31766 31765 31764 32276 32788 32789 32790 33302 33303 33815 33816 33817 33818 34329 34328 34327 34326 33814 33813 33301 33300 32277 31253 32278 31254 30742 30743 30744 30745 32279 31255 31256 31257 31258 33306 32282 33305 32281 32791 33304 32280
bot 298 300 rtwhvg9g 417899862 -1 0
bot 299 301 xebmdu02 1260056271 65953 52
owned 299 65953 65954 65955 65956 66468 65444 64932 64931 64930 64929 64928 64927 64926 64925 65437 65949 65950 65951 66463 66464 66976 66977 66978 66979 67490 67489 67488 67487 66975 66974 66462 66461 65438 64414 65439 64415 63903 63904 63905 63906 65440 64416 64417 64418 64419 66467 65443 66466 65442 65952 66465 65441
bot 300 302 minv0qzi 1572112624 -1 0
bot 301 303 s3tsi6x9 231384593 -1 0
bot 302 304 k4ol3ovv 536339554 -1 0
bot 303 305 my4alddo 1935066024 -1 0
bot 304 306 j2kjyzt1 573024905 227562 52
owned 304 227562 227563 227564 227565 228077 227053 226541 226540 226539 226538 226537 226536 226535 226534 227046 227558 227559 227560 228072 228073 228585 228586 228587 228588 229099 229098 229097 229096 228584 228583 228071 228070 227047 226023 227048 226024 225512 225513 225514 225515 227049 226025 226026 226027 226028 228076 227052 228075 227051 227561 228074 227050
bot 305 307 x5ff4utp 1716176702 283 26
owned 305 283 284 285 286 798 797 1309 1308 1307 1306 1305 1304 792 791 279 280 281 1817 793 1818 794 1819 1820 796 282 795
bot 306 308 lokk2xdf -1934366033 -1 0
bot 307 309 sylg30cf 1985369573 168851 52
owned 307 168851 168852 168853 168854 169366 168342 167830 167829 167828 167827 167826 167825 167824 167823 168335 168847 168848 168849 169361 169362 169874 169875 169876 169877 170388 170387 170386 170385 169873 169872 169360 169359 168336 167312 168337 167313 166801 166802 166803 166804 168338 167314 167315 167316 167317 169365 168341 169364 168340 168850 169363 168339
bot 308 310 sahbcu7b 2042478409 124378 52
owned 308 124378 124379 124380 124381 124893 123869 123357 123356 123355 123354 123353 123352 123351 123350 123862 124374 124375 124376 124888 124889 125401 125402 125403 125404 125915 125914 125913 125912 125400 125399 124887 124886 123863 122839 123864 122840 122328 122329 122330 122331 123865 122841 122842 122843 122844 124892 123868 124891 123867 124377 124890 123866
bot 309 311 zuvsbbzm -1951051985 -1 0
bot 310 312 n4n57mjy 764300918 -1 0
bot 311 313 8s3w15kq 854902363 -1 0
bot 312 314 a6z0gp5d 1697973799 -1 0
bot 313 315 momzwuew 564874533 -1 0
bot 314 316 swknlr19 256525071 -1 0
bot 315 317 68tli42a 1430218968 56864 52
owned 315 56864 56865 56866 56867 57379 56355 55843 55842 55841 55840 55839 55838 55837 55836 56348 56860 56861 56862 57374 57375 57887 57888 57889 57890 58401 58400 58399 58398 57886 57885 57373 57372 56349 55325 56350 55326 54814 54815 54816 54817 56351 55327 55328 55329 55330 57378 56354 57377 56353 56863 57376 56352
bot 316 318 43wn7pvq -2111648082 -1 0
bot 317 319 ssod81st 1038582099 -1 0
bot 318 320 9fudx3o3 260867775 -1 0
bot 319 321 cm4ig7bz 505236139 -1 0
bot 320 322 ajwm3pcu 572424594 -1 0
bot 321 323 wcn2fdks -1968654214 -1 0
bot 322 324 0a4r00hz 683703363 -1 0
bot 323 325 548y287t 1721499265 -1 0
bot 324 326 rkqmpoqo 852974710 -1 0
bot 325 327 nrv83khf 259845800 -1 0
bot 326 328 00wyr0st 1151356229 -1 0
bot 327 329 dhvz0u2j 732311231 -1 0
bot 328 330 87uy1srx 674084857 -1 0
bot 329 331 26wgkglj 1355285106 -1 0
bot 330 332 s4otxlhb 977164344 -1 0
bot 331 333 65ikynwk 1994084410 -1 0
bot 332 334 goxpy54y 2126119939 -1 0
bot 333 335 etvrjl78 1230027446 -1 0
bot 334 336 y58lji80 -2145784821 -1 0
bot 335 337 13dy28ag 715856935 187902 42
owned 335 187902 187903 188415 188927 188926 188925 188924 188923 188411 188410 187898 187386 187387 187388 187389 186877 186878 186879 186367 185855 185854 185853 185852 186364 186363 186366 186365 187900 186876 186875 186874 187899 189436 188412 189437 188413 189438 189439 187391 187901 188414 187390
bot 336 338 0dg1h5h5 914428748 168746 52
owned 336 168746 168747 168748 168749 169261 168237 167725 167724 167723 167722 167721 167720 167719 167718 168230 168742 168743 168744 169256 169257 169769 169770 169771 169772 170283 170282 170281 170280 169768 169767 169255 169254 168231 167207 168232 167208 166696 166697 166698 166699 168233 167209 167210 167211 167212 169260 168236 169259 168235 168745 169258 168234
bot 337 339 e9ncqhcw -1999150320 -1 0
bot 338 340 uhxjrdbv 1124873273 -1 0
bot 339 341 gv359a4k -2054642316 -1 0
bot 340 342 p4ehczm2 700767873 -1 0
bot 341 343 p2xbynef 1936718818 36353 34
owned 341 36353 36354 36355 36356 36868 35844 35332 35331 35330 35329 35328 35840 34816 34304 34305 34306 34817 34818 34819 36867 37379 37378 37377 37376 37888 36864 37889 37890 35843 36866 35842 36352 36865 35841
bot 342 344 co561w2j -2034742929 -1 0
bot 343 345 wz0zkd1s 890788124 -1 0
bot 344 346 m7jnfagf 1623514252 -1 0
bot 345 347 rq439wc6 365026933 -1 0
bot 346 348 lkklizjr 1633332011 -1 0
bot 347 349 2uyam605 1485169917 -1 0
bot 348 350 er3wo1bg 623509388 -1 0
bot 349 351 ezt35u0l 316983220 -1 0
bot 350 352 593d2qcb 1741431729 -1 0
bot 351 353 y51cphtm 1940646435 -1 0
bot 352 354 g94go6fd 467100538 -1 0
bot 353 355 9ksqwgqt 358186663 -1 0
bot 354 356 ykirk4lg 503358949 -1 0
bot 355 357 jurxvo26 327021942 -1 0
bot 356 358 to8bcohn 1951234907 -1 0
bot 357 359 ensatih4 -1933594292 -1 0
bot 358 360 nbbu08hb 2091389435 227981 52
owned 358 227981 227982 227983 227984 228496 227472 226960 226959 226958 226957 226956 226955 226954 226953 227465 227977 227978 227979 228491 228492 229004 229005 229006 229007 229518 229517 229516 229515 229003 229002 228490 228489 227466 226442 227467 226443 225931 225932 225933 225934 227468 226444 226445 226446 226447 228495 227471 228494 227470 227980 228493 227469
bot 359 361 rxlhv8ic 1088499750 -1 0
bot 360 362 aiowrq52 979483480 -1 0
bot 361 363 bo94our7 631930647 16894 42
owned 361 16894 16895 17407 17919 17918 17917 17916 17915 17403 17402 16890 16378 16379 16380 16381 15869 15870 15871 15359 14847 14846 14845 14844 15356 15355 15358 15357 16892 15868 15867 15866 16891 18428 17404 18429 17405 18430 18431 16383 16893 17406 16382
bot 362 364 jxqkb7y6 2000760554 -1 0
bot 363 365 ikezntfk 2015951718 -1 0
bot 364 366 j4e63dwu 2126127918 -1 0
bot 365 367 t0b9mavx 1703527259 -1 0
bot 366 368 bu0hz5bz 1452611938 -1 0
bot 367 369 368l6a1p 1297490021 -1 0
bot 368 370 6cr9h8xa 833789937 -1 0
bot 369 371 8y4zfq0g 654669581 -1 0
bot 370 372 tz0sezi7 1830872408 -1 0
bot 371 373 dazr70tn -2096114292 -1 0
bot 372 374 tx1pjsyg 1161571582 -1 0
bot 373 375 ndjtlp8r 360050114 -1 0
bot 374 376 bsklet6g 1369852118 -1 0
bot 375 377 hsozrzu4 1376829607 -1 0
bot 376 378 otmybkm3 1233228612 -1 0
bot 377 379 yfm1nyqy 591266464 -1 0
bot 378 380 kr6ytu3l 1777848072 -1 0
bot 379 381 3pagyfng -1957793541 -1 0
bot 380 382 w1mobjvk 928394557 -1 0
bot 381 383 xm7i5x3m 1912476288 190976 26
owned 381 190976 190977 190978 190979 191491 190467 189955 189954 189953 189952 189440 188928 188929 189441 189442 191490 192002 192001 192000 192512 192513 190466 191489 190465 191488 190464
bot 382 384 8u02tf2g 1219018602 -1 0
bot 383 385 lp6sri88 1740038908 -1 0
bot 384 386 sb1tap3p 1371937666 -1 0
bot 385 387 mv01333k 463202082 -1 0
bot 386 388 g9mp2ife 1617787215 -1 0
bot 387 389 jtq0seut 1309745130 -1 0
bot 388 390 525mh9ql 1149585125 -1 0
bot 389 391 fvbpmsvz -2135026292 -1 0
bot 390 392 xwn3ivem 345390557 -1 0
bot 391 393 fqbyj4jd 2025551274 -1 0
bot 392 394 xfiw8ywg -1939072783 -1 0
bot 393 395 iw3dqxmq 2117070266 -1 0
bot 394 396 yc0ao6et 660894387 147297 52
owned 394 147297 147298 147299 147300 147812 146788 146276 146275 146274 146273 146272 146271 146270 146269 146781 147293 147294 147295 147807 147808 148320 148321 148322 148323 148834 148833 148832 148831 148319 148318 147806 147805 146782 145758 146783 145759 145247 145248 145249 145250 146784 145760 145761 145762 145763 147811 146787 147810 146786 147296 147809 146785
bot 395 397 ixj6ihi7 748783564 -1 0
bot 396 398 9l5wwvr3 970244207 -1 0
bot 397 399 2w6i33lv 1347683494 -1 0
bot 398 400 sba949vb 2051192204 -1 0
bot 399 401 ijcmefns 1058902645 -1 0
bot 400 402 isnsszoo 777399290 -1 0
bot 401 403 9z76va23 1432917080 -1 0
bot 402 404 h1wbhdhm 830501593 245914 52
owned 402 245914 245915 245916 245917 246429 245405 244893 244892 244891 244890 244889 244888 244887 244886 245398 245910 245911 245912 246424 246425 246937 246938 246939 246940 247451 247450 247449 247448 246936 246935 246423 246422 245399 244375 245400 244376 243864 243865 243866 243867 245401 244377 244378 244379 244380 246428 245404 246427 245403 245913 246426 245402
bot 403 405 tewvulrm 1252676706 -1 0
bot 404 406 wp3bxzsu 1111756920 -1 0
bot 405 407 d0g6avrv 1062798904 -1 0
bot 406 408 hsyivnsn 1106130326 -1 0
bot 407 409 ox9ept1k 1256506455 -1 0
bot 408 410 ny87grni 329820532 -1 0
bot 409 411 k2th9538 -2123192920 -1 0
bot 410 412 ysltjm94 1905506244 -1 0
bot 411 413 u5klj2eh 932943728 -1 0
bot 412 414 k7ka2ci1 -2001454359 -1 0
bot 413 415 qtul4azs 1826927332 -1 0
bot 414 416 ll69i57o -1984626499 -1 0
bot 415 417 9vuokjnw 1585849123 -1 0
bot 416 418 ggb3bab1 1323032453 -1 0
bot 417 419 drdo3t90 972603891 -1 0
bot 418 420 xieaxa2f 590485614 -1 0
bot 419 421 kqp7ewus -2042957177 -1 0
bot 420 422 3kitma91 -2055917419 -1 0
bot 421 423 m7y3u0aw 1998863385 -1 0
bot 422 424 epuw8vpi 510564544 -1 0
bot 423 425 nzx54fm6 1695238112 -1 0
bot 424 426 fsk2kd7w 748724631 -1 0
bot 425 427 p8jddnkm 1306250518 -1 0
bot 426 428 wvgzie3u 1875191892 -1 0
bot 427 429 mwh2z96c -2030578588 -1 0
bot 428 430 l4ku27pt 1546664767 -1 0
bot 429 431 jpvsmxxx 359931286 -1 0
bot 430 432 s4xo3abv 1228142782 -1 0
bot 431 433 zte7u069 914820622 -1 0
bot 432 434 azlpbpke 1576831913 -1 0
bot 433 435 0pmbiw8o 1809282750 -1 0
bot 434 436 rygf4mvr 347903721 -1 0
bot 435 437 mg9pgnw7 573403340 -1 0
bot 436 438 8olnebf1 1961674981 -1 0
bot 437 439 rzlsw9x1 1143180206 -1 0
bot 438 440 o0jhfyxc 1555391079 -1 0
bot 439 441 vki91ouc 1491134259 -1 0
bot 440 442 0onssx3n 966406792 -1 0
bot 441 443 ymrho9y4 1966682579 -1 0
bot 442 444 4jjh2h8g 1367947243 -1 0
bot 443 445 af8k17d8 934703474 -1 0
bot 444 446 qt2a41r9 986164378 -1 0
bot 445 447 dmqr8rk9 740056882 -1 0
bot 446 448 gdvex2np 1375276236 -1 0
bot 447 449 z6dhj6lz 1740470430 -1 0
bot 448 450 ztlqrwwc 1168769812 -1 0
bot 449 451 qk845cyd 1718860403 -1 0
bot 450 452 g5ubwqld -2134424457 -1 0
bot 451 453 voc18itg -1968564465 -1 0
bot 452 454 3noal342 1024097718 -1 0
bot 453 455 r8slsgxy 1850106064 -1 0
bot 454 456 kwh9u6xu 1448727209 -1 0
bot 455 457 8k335xf9 1018869389 -1 0
bot 456 458 r8oeocye 1971210312 -1 0
bot 457 459 aux9eznz 1727136058 -1 0
bot 458 460 tl8i4sqm 1152690240 -1 0
bot 459 461 5tvnmw0x 1457310797 -1 0
bot 460 462 iaxyjwg2 -2021203755 -1 0
bot 461 463 vsouyzqb 1989752153 -1 0
bot 462 464 qo2yiqyt 867418476 -1 0
bot 463 465 4b0bsp77 1542129959 -1 0
bot 464 466 zt5za47g 844577314 -1 0
bot 465 467 ialnkrtf 1920080439 -1 0
bot 466 468 euhp0q2h 746902101 -1 0
bot 467 469 hxtuit3a 1096026234 -1 0
bot 468 470 cfqynmub 349093211 -1 0
bot 469 471 kp4qpq36 508411518 -1 0
bot 470 472 m4sv56ts 1221929626 -1 0
bot 471 473 90lwnghk 1106536998 -1 0
bot 472 474 6s4qrb66 425992942 -1 0
bot 473 475 zm2durya 1873766734 -1 0
bot 474 476 r78jt2dp 312851525 -1 0
bot 475 477 2l6px65c 262883716 -1 0
bot 476 478 8m9tfbvi 1714330309 -1 0
bot 477 479 9mt34ypn 2102586138 -1 0
bot 478 480 7q708nxs 417940264 -1 0
bot 479 481 vaum2ag5 1384647716 -1 0
bot 480 482 lhw012op 732008155 -1 0
bot 481 483 ov7icohk 1018938204 -1 0
bot 482 484 wdgpft73 1670765284 -1 0
bot 483 485 77xjevxo -1951658934 -1 0
bot 484 486 oqm2d2ls 780145184 -1 0
bot 485 487 s4bnz7gf 599452877 -1 0
bot 486 488 qareow7n 1600203458 -1 0
bot 487 489 0qjiaqhk 2124328977 -1 0
