# ofcuda_prng initial-state v1 (port spawn/initial state; engine-bit-exact)
# source reference /opt/data/workspaces/skg/ofcuda_matrix/out/matrix/refs/pangaea_a488_nat0.spawn.txt
map pangaea
seed parity
game_id QqkIuyke
game_hash 223241348
agents 488
nations 0
human_agents 1
width 1000
height 1000
min_dist 30
player 1 H nd8079oo -1 0 0
player 2 B 7kmb47oc 107254 1 52
player 3 B su965kfe 334545 1 52
player 4 B 4918e5rs 767276 1 52
player 5 B 0grah7qg 298498 1 52
player 6 B 79lbhuod 271614 1 52
player 7 B 0eay8wsu 705481 1 52
player 8 B l4g4juu8 944611 1 52
player 9 B gsw4n5km 89583 1 52
player 10 B ooz4f963 896690 1 52
player 11 B g49bog52 331181 1 52
player 12 B vl3arc4y 468222 1 52
player 13 B 26spmsu2 876730 1 52
player 14 B 666fmd2f 281683 1 52
player 15 B vybu8oes 224588 1 52
player 16 B tlx2iciq 365649 1 52
player 17 B 8i7cuo9t 384665 1 52
player 18 B ay8xa67r 622435 1 52
player 19 B fha1xhrw 384416 1 52
player 20 B 0n5m7v7w 65538 1 52
player 21 B g1kcotxi 846621 1 52
player 22 B onu80sk7 208173 1 52
player 23 B mt378h9n 149561 1 52
player 24 B bo2xv2tw 448425 1 52
player 25 B 4j0jwl8e 238626 1 52
player 26 B 2q1yboxl 142348 1 52
player 27 B uf1afynu 493240 1 52
player 28 B hnp5jsyu 84630 1 52
player 29 B 3ks2xdvj 656155 1 52
player 30 B 6udu18l9 180833 1 52
player 31 B u9qkgxb0 62653 1 52
player 32 B gxzvzcy1 212652 1 52
player 33 B soumc8lx 889613 1 52
player 34 B pbtdxhy8 330605 1 52
player 35 B 7qca320q 687641 1 52
player 36 B qu4dw13r 176481 1 52
player 37 B uf42rmom 320475 1 52
player 38 B 5pzo5nyp 551600 1 52
player 39 B lpeu6a40 818645 1 52
player 40 B m01qyq41 272210 1 52
player 41 B qp5j7mcl 737537 1 52
player 42 B daoks386 589464 1 52
player 43 B 1adrc0if 258584 1 52
player 44 B z2sjy7tl 600444 1 52
player 45 B 2a2pcqq2 483131 1 52
player 46 B 965x3zic 224285 1 52
player 47 B yytwuuvv 639448 1 52
player 48 B 0bq4zvkx 573527 1 52
player 49 B fqo7elia 642405 1 52
player 50 B xb2eodru 845418 1 52
player 51 B dn2a1fmz 431286 1 52
player 52 B c657fqi1 572154 1 52
player 53 B 3oa0wbik 286266 1 52
player 54 B bbor86ta 602314 1 52
player 55 B ke481hq3 763642 1 52
player 56 B 1p7me35b 672445 1 52
player 57 B ros1fefm 113363 1 52
player 58 B bbj4439d 747387 1 52
player 59 B 50euwmgf 213568 1 52
player 60 B 6ifrrqwg 348286 1 52
player 61 B t3qojvzx 122609 1 52
player 62 B e39s2b1x 172698 1 52
player 63 B 8elalp3o 608388 1 52
player 64 B drzdgt29 830758 1 52
player 65 B a5l13l40 600642 1 52
player 66 B 15jsgukl 407389 1 52
player 67 B 457rtifd 236182 1 52
player 68 B nvln8mx2 526183 1 52
player 69 B xdf4q9ey 879703 1 52
player 70 B aehphxxq 763313 1 52
player 71 B r69884b7 146677 1 52
player 72 B 1fi956n2 525258 1 52
player 73 B x0s75hnx 100653 1 52
player 74 B jjcxe8w7 68478 1 52
player 75 B pa9du0an 745344 1 52
player 76 B wr1iodtv 125223 1 52
player 77 B q4t061qn 196795 1 52
player 78 B 5walu3qw 692242 1 52
player 79 B 9qsdvg22 106555 1 52
player 80 B kxhibxlj 703545 1 52
player 81 B 3lvh3hh1 882541 1 52
player 82 B hhxd8zhc 607165 1 52
player 83 B 68hvehkn 292548 1 52
player 84 B 0ysk38le 449355 1 52
player 85 B p9mtmjen 781486 1 52
player 86 B vtv2qiiq 318389 1 52
player 87 B npcd7vse 132704 1 52
player 88 B fyrg30wr 577247 1 52
player 89 B qg4cg39i 324340 1 52
player 90 B kqu8z0ef 677475 1 52
player 91 B bdv4tpd7 767606 1 52
player 92 B ok13k4z3 515283 1 52
player 93 B hkwcx197 479192 1 52
player 94 B ko4t02h4 454498 1 52
player 95 B a769y4e5 230525 1 52
player 96 B po0wxlw1 595119 1 52
player 97 B o8264l3e 807590 1 52
player 98 B 9rke6fm3 246233 1 52
player 99 B gyjc9x52 799335 1 52
player 100 B x793lc6c 230410 1 52
player 101 B 93k3li8n 175515 1 52
player 102 B a1hte6qb 276450 1 52
player 103 B jklgnd18 282168 1 52
player 104 B vfadfhgj 506443 1 52
player 105 B cwni1kcb 787621 1 52
player 106 B 8z4z0zds 647199 1 52
player 107 B cdzck1ki 119479 1 52
player 108 B zbaa3l3a 442210 1 52
player 109 B xm369xbs 773702 1 52
player 110 B e4dqhzo1 392195 1 52
player 111 B fepimk2i 737598 1 52
player 112 B o2es7ebc 467383 1 52
player 113 B l4opv4e9 700441 1 52
player 114 B 4b3f45hy 249319 1 52
player 115 B r3pvfglh 488301 1 52
player 116 B fnl5ocw8 652613 1 52
player 117 B 7391zjkf 920520 1 52
player 118 B ow5basj8 189555 1 52
player 119 B olinuy4r 532375 1 52
player 120 B 2e2jcypv 346566 1 52
player 121 B nx0it9ss 505365 1 52
player 122 B tt57j91k 245567 1 52
player 123 B 87aoci2n 167647 1 52
player 124 B wk147shp 410509 1 52
player 125 B q8jb2dnz 757452 1 52
player 126 B 4yzxt2gp 120321 1 52
player 127 B 755xej7w 799275 1 52
player 128 B hjhprwfn 74354 1 52
player 129 B n66i0csf 715253 1 52
player 130 B am3stnxi 834384 1 52
player 131 B pmeqlcvs 829477 1 52
player 132 B xl8vnvj2 855514 1 52
player 133 B 0f3l9cg5 65308 1 52
player 134 B siocmotr 853707 1 52
player 135 B uf75fjkr 572404 1 52
player 136 B 3nuksgyo 616189 1 52
player 137 B isfwwr01 720659 1 52
player 138 B auuv9uim 671229 1 52
player 139 B mdro7fya 572610 1 52
player 140 B 8qfmz7a7 819542 1 52
player 141 B m8j6zoax 809704 1 52
player 142 B 7236xcde 303610 1 52
player 143 B n4vtdnwp 724302 1 52
player 144 B yggevgbl 54617 1 52
player 145 B beijdl2w 415234 1 52
player 146 B d2oo7mhj 561329 1 52
player 147 B wrheiirw 383368 1 52
player 148 B d03y3hz5 765248 1 52
player 149 B 5xaek3av 162609 1 52
player 150 B gz34o9hq 187397 1 52
player 151 B 37xw489f 117575 1 52
player 152 B k3srrvn9 600485 1 52
player 153 B 5isbkj04 839552 1 52
player 154 B r73y2vzl 606570 1 52
player 155 B 36x3kyhk 793415 1 52
player 156 B 01ob2tlo 628505 1 52
player 157 B cb13fbp5 697597 1 52
player 158 B vmmrq63s 763420 1 52
player 159 B nkjckjq8 444154 1 52
player 160 B wcggivof 925493 1 52
player 161 B 1w1ciciy 795562 1 52
player 162 B 2a0v7iem 537432 1 52
player 163 B jcz64pkr 794369 1 52
player 164 B v0ljq6tk 914641 1 52
player 165 B adg8798c 220492 1 52
player 166 B 5ghp3e6u 871496 1 52
player 167 B h5bdt6q4 830716 1 52
player 168 B 5oce5zsz 677517 1 52
player 169 B xka3bnm9 625322 1 52
player 170 B 3w1tydq6 326631 1 52
player 171 B upd1qyae 918429 1 52
player 172 B v4u31rox 91428 1 52
player 173 B q9vm95if 904482 1 52
player 174 B 0yu8n2tu 261276 1 52
player 175 B sc2ctn85 483575 1 52
player 176 B z0gmspsi 223445 1 52
player 177 B z7avk2un 494425 1 52
player 178 B 8efmeybn 417360 1 52
player 179 B bifxmou2 552633 1 52
player 180 B plh6en5t 105287 1 52
player 181 B ay3m2wg5 524541 1 52
player 182 B 1zmogxmk 517594 1 52
player 183 B 55yraoi7 98519 1 52
player 184 B 1sc05h43 387239 1 52
player 185 B 37ibwik8 887411 1 52
player 186 B uec16uxz 114447 1 52
player 187 B 9fd5ewrs 838281 1 52
player 188 B pe2p79c6 209223 1 52
player 189 B h1r85byk 187659 1 52
player 190 B exulggll 224201 1 52
player 191 B zouqcp7v 255465 1 52
player 192 B k39sgybe 817735 1 52
player 193 B orxhfzvz 605211 1 52
player 194 B uz8ynaez 338448 1 52
player 195 B ubigewsr 939541 1 52
player 196 B w0ozvjdh 857392 1 52
player 197 B f7yj98q8 563483 1 52
player 198 B 2xzw4gp3 262505 1 52
player 199 B 9rkdgj28 553296 1 52
player 200 B aw987uy7 150306 1 52
player 201 B gr243zlh 527408 1 52
player 202 B zowu9kf4 478480 1 52
player 203 B 2dtf8q4x 390161 1 52
player 204 B y9oft8w2 136534 1 52
player 205 B ed7kjxq3 711396 1 52
player 206 B nxt1ptsi 760502 1 52
player 207 B p825v2fd 185233 1 52
player 208 B wyarb4qo 404322 1 52
player 209 B qfs7b4z4 612255 1 52
player 210 B ms13gmzm 651366 1 52
player 211 B ym8zggo3 367523 1 52
player 212 B 8jahbnpg 505499 1 52
player 213 B b0djjiez 539350 1 52
player 214 B s9xysw8i 708284 1 52
player 215 B t3s2qgvc 383299 1 52
player 216 B aquue8ni 418189 1 52
player 217 B u3k8ktyr 759551 1 52
player 218 B i7egn3zz 741672 1 52
player 219 B o3vgfhge 93324 1 52
player 220 B m4aem5hx 127423 1 52
player 221 B p6i95qgo 709325 1 52
player 222 B gvho8qeo 77387 1 52
player 223 B 9iatvpoi 364388 1 52
player 224 B zd9jsqbj 111396 1 52
player 225 B zw1dwnig 316159 1 52
player 226 B be5xt98q 475405 1 52
player 227 B 522b0ju8 18556 1 52
player 228 B ibxwtyy7 222243 1 52
player 229 B zjhashkb 472343 1 52
player 230 B 89ttdia6 520229 1 52
player 231 B 6o2o0nvl 877588 1 52
player 232 B xldl70se 722355 1 52
player 233 B qrwgzvzz 94233 1 52
player 234 B h711p697 199457 1 52
player 235 B g4ulqqm0 258671 1 52
player 236 B v18jrx10 314295 1 52
player 237 B 8sd3i7p8 800506 1 52
player 238 B l5o27mtm 670285 1 52
player 239 B b6f6r0t2 335665 1 52
player 240 B 7j5a3pfw 818292 1 52
player 241 B m5sg1z4l 454253 1 52
player 242 B ehpglvfz 655426 1 52
player 243 B wu3zthbo 377624 1 52
player 244 B yeh875u5 774527 1 52
player 245 B 8nuwzyn1 169362 1 52
player 246 B t0zwn9eb 656528 1 52
player 247 B 8zjwwdck 636238 1 52
player 248 B jwrhd5ij 837354 1 52
player 249 B jyb8rp14 182429 1 52
player 250 B wl7sxu3v 868319 1 52
player 251 B y0r0fu1j 529322 1 52
player 252 B kneohbbr 582551 1 52
player 253 B qc8m814x 162333 1 52
player 254 B ix3jngmf 532133 1 52
player 255 B 9mzpcgft 532457 1 52
player 256 B l5z5w588 788761 1 52
player 257 B pt0jqntf 670671 1 52
player 258 B 2e8alk85 872368 1 52
player 259 B hwe3kfal 450178 1 52
player 260 B 47li627l 296664 1 52
player 261 B 3asdumaj 827444 1 52
player 262 B l75txeu7 274525 1 52
player 263 B tbcz7mf1 790730 1 52
player 264 B o1ilw638 672323 1 52
player 265 B la4ytzgl 502562 1 52
player 266 B in2bq49j 644265 1 52
player 267 B 5irnw7ij 344354 1 52
player 268 B noxeflvy 566446 1 52
player 269 B 8gn7568f 346242 1 52
player 270 B 5c1omdu5 86495 1 52
player 271 B yc2b3pvx 897456 1 52
player 272 B lml55dcl 830319 1 52
player 273 B 1o5etbis 593513 1 52
player 274 B bulnhjw5 720620 1 52
player 275 B c6y4cfry 128747 1 52
player 276 B kbpw8sak 621593 1 52
player 277 B 65e8qmsr 450311 1 52
player 278 B furhe0mp 656650 1 52
player 279 B 92npvjrt 472164 1 52
player 280 B c56xdfdl 153388 1 52
player 281 B jul4zb4e 318510 1 52
player 282 B mpuzdlvw 890663 1 52
player 283 B plrlx715 283479 1 52
player 284 B yl9vsjpk 547507 1 52
player 285 B mkfgkn7r 50422 1 52
player 286 B v5nlafkw 621468 1 52
player 287 B 2p3gb961 869436 1 52
player 288 B uc4jshlt 949584 1 52
player 289 B 6xdips73 247487 1 52
player 290 B fqxqj0bu 568191 1 52
player 291 B yen0iwte 639338 1 52
player 292 B 77ucsgzt 305643 1 52
player 293 B 4c1d18ro 734638 1 52
player 294 B bz5je7hx 225132 1 52
player 295 B fn7ax8sx 148447 1 52
player 296 B owdtos2u 397283 1 52
player 297 B f33f3rln 360313 1 52
player 298 B shy7v4eo 350409 1 52
player 299 B qi05x4jp 137467 1 52
player 300 B rtwhvg9g 250424 1 52
player 301 B xebmdu02 239345 1 52
player 302 B minv0qzi 915588 1 52
player 303 B s3tsi6x9 560576 1 52
player 304 B k4ol3ovv 141787 1 52
player 305 B my4alddo 695359 1 52
player 306 B j2kjyzt1 400132 1 52
player 307 B x5ff4utp 735441 1 52
player 308 B lokk2xdf 111198 1 52
player 309 B sylg30cf 160421 1 52
player 310 B sahbcu7b 367451 1 52
player 311 B zuvsbbzm 663385 1 52
player 312 B n4n57mjy 469597 1 52
player 313 B 8s3w15kq 201617 1 52
player 314 B a6z0gp5d 643490 1 52
player 315 B momzwuew 62504 1 52
player 316 B swknlr19 802470 1 52
player 317 B 68tli42a 804672 1 52
player 318 B 43wn7pvq 187592 1 52
player 319 B ssod81st 124515 1 52
player 320 B 9fudx3o3 544241 1 52
player 321 B cm4ig7bz 118665 1 52
player 322 B ajwm3pcu 289577 1 52
player 323 B wcn2fdks 868633 1 52
player 324 B 0a4r00hz 583221 1 52
player 325 B 548y287t 36596 1 52
player 326 B rkqmpoqo 826407 1 52
player 327 B nrv83khf 296216 1 52
player 328 B 00wyr0st 740472 1 52
player 329 B dhvz0u2j 46564 1 52
player 330 B 87uy1srx 512156 1 52
player 331 B 26wgkglj 922388 1 52
player 332 B s4otxlhb 75561 1 52
player 333 B 65ikynwk 449553 1 52
player 334 B goxpy54y 70239 1 52
player 335 B etvrjl78 395468 1 52
player 336 B y58lji80 803436 1 52
player 337 B 13dy28ag 148629 1 52
player 338 B 0dg1h5h5 588339 1 52
player 339 B e9ncqhcw 376485 1 52
player 340 B uhxjrdbv 622150 1 52
player 341 B gv359a4k 510337 1 52
player 342 B p4ehczm2 698209 1 52
player 343 B p2xbynef 35399 1 52
player 344 B co561w2j 375219 1 52
player 345 B wz0zkd1s 915551 1 52
player 346 B m7jnfagf 962528 1 52
player 347 B rq439wc6 209266 1 52
player 348 B lkklizjr 664347 1 52
player 349 B 2uyam605 733708 1 52
player 350 B er3wo1bg 911672 1 52
player 351 B ezt35u0l 593266 1 52
player 352 B 593d2qcb 257702 1 52
player 353 B y51cphtm 764364 1 52
player 354 B g94go6fd 731561 1 52
player 355 B 9ksqwgqt 839590 1 52
player 356 B ykirk4lg 364155 1 52
player 357 B jurxvo26 481277 1 52
player 358 B to8bcohn 688408 1 52
player 359 B ensatih4 517475 1 52
player 360 B nbbu08hb 235660 1 52
player 361 B rxlhv8ic 315570 1 52
player 362 B aiowrq52 672625 1 52
player 363 B bo94our7 205514 1 52
player 364 B jxqkb7y6 636576 1 52
player 365 B ikezntfk 123274 1 52
player 366 B j4e63dwu 376723 1 52
player 367 B t0b9mavx 947505 1 52
player 368 B bu0hz5bz 197708 1 52
player 369 B 368l6a1p 412419 1 52
player 370 B 6cr9h8xa 537567 1 52
player 371 B 8y4zfq0g 653309 1 52
player 372 B tz0sezi7 837501 1 52
player 373 B dazr70tn 861603 1 52
player 374 B tx1pjsyg 668593 1 52
player 375 B ndjtlp8r 376267 1 52
player 376 B bsklet6g 721229 1 52
player 377 B hsozrzu4 152487 1 52
player 378 B otmybkm3 278240 1 52
player 379 B yfm1nyqy 853467 1 52
player 380 B kr6ytu3l 84276 1 52
player 381 B 3pagyfng 762580 1 52
player 382 B w1mobjvk 357191 1 52
player 383 B xm7i5x3m 348683 1 52
player 384 B 8u02tf2g 585368 1 52
player 385 B lp6sri88 629288 1 52
player 386 B sb1tap3p 155819 1 52
player 387 B mv01333k 546391 1 52
player 388 B g9mp2ife 718586 1 52
player 389 B jtq0seut 588586 1 52
player 390 B 525mh9ql 631550 1 52
player 391 B fvbpmsvz 69593 1 52
player 392 B xwn3ivem 178257 1 52
player 393 B fqbyj4jd 778387 1 52
player 394 B xfiw8ywg 854743 1 52
player 395 B iw3dqxmq 849308 1 52
player 396 B yc0ao6et 437406 1 52
player 397 B ixj6ihi7 545274 1 52
player 398 B 9l5wwvr3 494174 1 52
player 399 B 2w6i33lv 321230 1 52
player 400 B sba949vb 30625 1 52
player 401 B ijcmefns 265184 1 52
player 402 B isnsszoo 731505 1 52
player 403 B 9z76va23 341215 1 52
player 404 B h1wbhdhm 284345 1 52
player 405 B tewvulrm 153740 1 52
player 406 B wp3bxzsu 440521 1 52
player 407 B d0g6avrv 304356 1 52
player 408 B hsyivnsn 172575 1 52
player 409 B ox9ept1k 671560 1 52
player 410 B ny87grni 262149 1 52
player 411 B k2th9538 162538 1 52
player 412 B ysltjm94 303253 1 52
player 413 B u5klj2eh 576282 1 52
player 414 B k7ka2ci1 382697 1 52
player 415 B qtul4azs 678262 1 52
player 416 B ll69i57o 741239 1 52
player 417 B 9vuokjnw 861348 1 52
player 418 B ggb3bab1 431340 1 52
player 419 B drdo3t90 608612 1 52
player 420 B xieaxa2f 683172 1 52
player 421 B kqp7ewus 324417 1 52
player 422 B 3kitma91 309191 1 52
player 423 B m7y3u0aw 862562 1 52
player 424 B epuw8vpi 855673 1 52
player 425 B nzx54fm6 258641 1 52
player 426 B fsk2kd7w 336306 1 52
player 427 B p8jddnkm 555211 1 52
player 428 B wvgzie3u 496389 1 52
player 429 B mwh2z96c 721422 1 52
player 430 B l4ku27pt 290397 1 52
player 431 B jpvsmxxx 221546 1 52
player 432 B s4xo3abv 414302 1 52
player 433 B zte7u069 609540 1 52
player 434 B azlpbpke 180735 1 52
player 435 B 0pmbiw8o 371344 1 52
player 436 B rygf4mvr 714524 1 52
player 437 B mg9pgnw7 260552 1 52
player 438 B 8olnebf1 557365 1 52
player 439 B rzlsw9x1 629376 1 52
player 440 B o0jhfyxc 15583 1 52
player 441 B vki91ouc 325274 1 52
player 442 B 0onssx3n 57459 1 52
player 443 B ymrho9y4 675201 1 52
player 444 B 4jjh2h8g 393527 1 52
player 445 B af8k17d8 558420 1 52
player 446 B qt2a41r9 438376 1 52
player 447 B dmqr8rk9 488457 1 52
player 448 B gdvex2np 145589 1 52
player 449 B z6dhj6lz 135376 1 52
player 450 B ztlqrwwc 789296 1 52
player 451 B qk845cyd 712683 1 52
player 452 B g5ubwqld 893504 1 52
player 453 B voc18itg 735406 1 52
player 454 B 3noal342 203683 1 52
player 455 B r8slsgxy 719457 1 52
player 456 B kwh9u6xu 84678 1 52
player 457 B 8k335xf9 40484 1 52
player 458 B r8oeocye 508198 1 52
player 459 B aux9eznz 435133 1 52
player 460 B tl8i4sqm 583175 1 52
player 461 B 5tvnmw0x 190289 1 52
player 462 B iaxyjwg2 738269 1 52
player 463 B vsouyzqb 278294 1 52
player 464 B qo2yiqyt 634127 1 52
player 465 B 4b0bsp77 772670 1 52
player 466 B zt5za47g 806397 1 52
player 467 B ialnkrtf 343483 1 52
player 468 B euhp0q2h 396435 1 52
player 469 B hxtuit3a 518517 1 52
player 470 B cfqynmub 237113 1 52
player 471 B kp4qpq36 838660 1 52
player 472 B m4sv56ts 618351 1 52
player 473 B 90lwnghk 894573 1 52
player 474 B 6s4qrb66 365606 1 52
player 475 B zm2durya 635167 1 52
player 476 B r78jt2dp 376179 1 52
player 477 B 2l6px65c 592416 1 52
player 478 B 8m9tfbvi 57341 1 52
player 479 B 9mt34ypn 498530 1 52
player 480 B 7q708nxs 508126 1 52
player 481 B vaum2ag5 309533 1 52
player 482 B lhw012op 237692 1 52
player 483 B ov7icohk 342516 1 52
player 484 B wdgpft73 84463 1 52
player 485 B 77xjevxo 890380 1 52
player 486 B oqm2d2ls 696506 1 52
player 487 B s4bnz7gf 241260 1 52
player 488 B qareow7n 820571 1 52
player 489 B 0qjiaqhk 778442 1 52
bot 0 2 7kmb47oc 979863364 107254 52
owned 0 107254 107255 107256 107257 108257 106257 105257 105256 105255 105254 105253 105252 105251 105250 106250 107250 107251 107252 108252 108253 109253 109254 109255 109256 110255 110254 110253 110252 109252 109251 108251 108250 106251 104251 106252 104252 103252 103253 103254 103255 106253 104253 104254 104255 104256 108256 106256 108255 106255 107253 108254 106254
bot 1 3 su965kfe 1225099288 334545 52
owned 1 334545 334546 334547 334548 335548 333548 332548 332547 332546 332545 332544 332543 332542 332541 333541 334541 334542 334543 335543 335544 336544 336545 336546 336547 337546 337545 337544 337543 336543 336542 335542 335541 333542 331542 333543 331543 330543 330544 330545 330546 333544 331544 331545 331546 331547 335547 333547 335546 333546 334544 335545 333545
bot 2 4 4918e5rs 1160776865 767276 52
owned 2 767276 767277 767278 767279 768279 766279 765279 765278 765277 765276 765275 765274 765273 765272 766272 767272 767273 767274 768274 768275 769275 769276 769277 769278 770277 770276 770275 770274 769274 769273 768273 768272 766273 764273 766274 764274 763274 763275 763276 763277 766275 764275 764276 764277 764278 768278 766278 768277 766277 767275 768276 766276
bot 3 5 0grah7qg -2107334215 298498 52
owned 3 298498 298499 298500 298501 299501 297501 296501 296500 296499 296498 296497 296496 296495 296494 297494 298494 298495 298496 299496 299497 300497 300498 300499 300500 301499 301498 301497 301496 300496 300495 299495 299494 297495 295495 297496 295496 294496 294497 294498 294499 297497 295497 295498 295499 295500 299500 297500 299499 297499 298497 299498 297498
bot 4 6 79lbhuod 919150858 271614 52
owned 4 271614 271615 271616 271617 272617 270617 269617 269616 269615 269614 269613 269612 269611 269610 270610 271610 271611 271612 272612 272613 273613 273614 273615 273616 274615 274614 274613 274612 273612 273611 272611 272610 270611 268611 270612 268612 267612 267613 267614 267615 270613 268613 268614 268615 268616 272616 270616 272615 270615 271613 272614 270614
bot 5 7 0eay8wsu 312910098 705481 52
owned 5 705481 705482 705483 705484 706484 704484 703484 703483 703482 703481 703480 703479 703478 703477 704477 705477 705478 705479 706479 706480 707480 707481 707482 707483 708482 708481 708480 708479 707479 707478 706478 706477 704478 702478 704479 702479 701479 701480 701481 701482 704480 702480 702481 702482 702483 706483 704483 706482 704482 705480 706481 704481
bot 6 8 l4g4juu8 1373847271 944611 52
owned 6 944611 944612 944613 944614 945614 943614 942614 942613 942612 942611 942610 942609 942608 942607 943607 944607 944608 944609 945609 945610 946610 946611 946612 946613 947612 947611 947610 947609 946609 946608 945608 945607 943608 941608 943609 941609 940609 940610 940611 940612 943610 941610 941611 941612 941613 945613 943613 945612 943612 944610 945611 943611
bot 7 9 gsw4n5km 1786011062 89583 52
owned 7 89583 89584 89585 89586 90586 88586 87586 87585 87584 87583 87582 87581 87580 87579 88579 89579 89580 89581 90581 90582 91582 91583 91584 91585 92584 92583 92582 92581 91581 91580 90580 90579 88580 86580 88581 86581 85581 85582 85583 85584 88582 86582 86583 86584 86585 90585 88585 90584 88584 89582 90583 88583
bot 8 10 ooz4f963 1067254298 896690 52
owned 8 896690 896691 896692 896693 897693 895693 894693 894692 894691 894690 894689 894688 894687 894686 895686 896686 896687 896688 897688 897689 898689 898690 898691 898692 899691 899690 899689 899688 898688 898687 897687 897686 895687 893687 895688 893688 892688 892689 892690 892691 895689 893689 893690 893691 893692 897692 895692 897691 895691 896689 897690 895690
bot 9 11 g49bog52 471077977 331181 52
owned 9 331181 331182 331183 331184 332184 330184 329184 329183 329182 329181 329180 329179 329178 329177 330177 331177 331178 331179 332179 332180 333180 333181 333182 333183 334182 334181 334180 334179 333179 333178 332178 332177 330178 328178 330179 328179 327179 327180 327181 327182 330180 328180 328181 328182 328183 332183 330183 332182 330182 331180 332181 330181
bot 10 12 vl3arc4y 2110741002 468222 52
owned 10 468222 468223 468224 468225 469225 467225 466225 466224 466223 466222 466221 466220 466219 466218 467218 468218 468219 468220 469220 469221 470221 470222 470223 470224 471223 471222 471221 471220 470220 470219 469219 469218 467219 465219 467220 465220 464220 464221 464222 464223 467221 465221 465222 465223 465224 469224 467224 469223 467223 468221 469222 467222
bot 11 13 26spmsu2 1249151528 876730 52
owned 11 876730 876731 876732 876733 877733 875733 874733 874732 874731 874730 874729 874728 874727 874726 875726 876726 876727 876728 877728 877729 878729 878730 878731 878732 879731 879730 879729 879728 878728 878727 877727 877726 875727 873727 875728 873728 872728 872729 872730 872731 875729 873729 873730 873731 873732 877732 875732 877731 875731 876729 877730 875730
bot 12 14 666fmd2f -2125171585 281683 52
owned 12 281683 281684 281685 281686 282686 280686 279686 279685 279684 279683 279682 279681 279680 279679 280679 281679 281680 281681 282681 282682 283682 283683 283684 283685 284684 284683 284682 284681 283681 283680 282680 282679 280680 278680 280681 278681 277681 277682 277683 277684 280682 278682 278683 278684 278685 282685 280685 282684 280684 281682 282683 280683
bot 13 15 vybu8oes 2095769353 224588 52
owned 13 224588 224589 224590 224591 225591 223591 222591 222590 222589 222588 222587 222586 222585 222584 223584 224584 224585 224586 225586 225587 226587 226588 226589 226590 227589 227588 227587 227586 226586 226585 225585 225584 223585 221585 223586 221586 220586 220587 220588 220589 223587 221587 221588 221589 221590 225590 223590 225589 223589 224587 225588 223588
bot 14 16 tlx2iciq 1076827768 365649 52
owned 14 365649 365650 365651 365652 366652 364652 363652 363651 363650 363649 363648 363647 363646 363645 364645 365645 365646 365647 366647 366648 367648 367649 367650 367651 368650 368649 368648 368647 367647 367646 366646 366645 364646 362646 364647 362647 361647 361648 361649 361650 364648 362648 362649 362650 362651 366651 364651 366650 364650 365648 366649 364649
bot 15 17 8i7cuo9t 1041878418 384665 52
owned 15 384665 384666 384667 384668 385668 383668 382668 382667 382666 382665 382664 382663 382662 382661 383661 384661 384662 384663 385663 385664 386664 386665 386666 386667 387666 387665 387664 387663 386663 386662 385662 385661 383662 381662 383663 381663 380663 380664 380665 380666 383664 381664 381665 381666 381667 385667 383667 385666 383666 384664 385665 383665
bot 16 18 ay8xa67r 1238569276 622435 52
owned 16 622435 622436 622437 622438 623438 621438 620438 620437 620436 620435 620434 620433 620432 620431 621431 622431 622432 622433 623433 623434 624434 624435 624436 624437 625436 625435 625434 625433 624433 624432 623432 623431 621432 619432 621433 619433 618433 618434 618435 618436 621434 619434 619435 619436 619437 623437 621437 623436 621436 622434 623435 621435
bot 17 19 fha1xhrw -2086814691 384416 52
owned 17 384416 384417 384418 384419 385419 383419 382419 382418 382417 382416 382415 382414 382413 382412 383412 384412 384413 384414 385414 385415 386415 386416 386417 386418 387417 387416 387415 387414 386414 386413 385413 385412 383413 381413 383414 381414 380414 380415 380416 380417 383415 381415 381416 381417 381418 385418 383418 385417 383417 384415 385416 383416
bot 18 20 0n5m7v7w 2006771567 65538 52
owned 18 65538 65539 65540 65541 66541 64541 63541 63540 63539 63538 63537 63536 63535 63534 64534 65534 65535 65536 66536 66537 67537 67538 67539 67540 68539 68538 68537 68536 67536 67535 66535 66534 64535 62535 64536 62536 61536 61537 61538 61539 64537 62537 62538 62539 62540 66540 64540 66539 64539 65537 66538 64538
bot 19 21 g1kcotxi 1701193324 846621 52
owned 19 846621 846622 846623 846624 847624 845624 844624 844623 844622 844621 844620 844619 844618 844617 845617 846617 846618 846619 847619 847620 848620 848621 848622 848623 849622 849621 849620 849619 848619 848618 847618 847617 845618 843618 845619 843619 842619 842620 842621 842622 845620 843620 843621 843622 843623 847623 845623 847622 845622 846620 847621 845621
bot 20 22 onu80sk7 2095760979 208173 52
owned 20 208173 208174 208175 208176 209176 207176 206176 206175 206174 206173 206172 206171 206170 206169 207169 208169 208170 208171 209171 209172 210172 210173 210174 210175 211174 211173 211172 211171 210171 210170 209170 209169 207170 205170 207171 205171 204171 204172 204173 204174 207172 205172 205173 205174 205175 209175 207175 209174 207174 208172 209173 207173
bot 21 23 mt378h9n 2146580788 149561 52
owned 21 149561 149562 149563 149564 150564 148564 147564 147563 147562 147561 147560 147559 147558 147557 148557 149557 149558 149559 150559 150560 151560 151561 151562 151563 152562 152561 152560 152559 151559 151558 150558 150557 148558 146558 148559 146559 145559 145560 145561 145562 148560 146560 146561 146562 146563 150563 148563 150562 148562 149560 150561 148561
bot 22 24 bo2xv2tw 494470294 448425 52
owned 22 448425 448426 448427 448428 449428 447428 446428 446427 446426 446425 446424 446423 446422 446421 447421 448421 448422 448423 449423 449424 450424 450425 450426 450427 451426 451425 451424 451423 450423 450422 449422 449421 447422 445422 447423 445423 444423 444424 444425 444426 447424 445424 445425 445426 445427 449427 447427 449426 447426 448424 449425 447425
bot 23 25 4j0jwl8e 1716918454 238626 52
owned 23 238626 238627 238628 238629 239629 237629 236629 236628 236627 236626 236625 236624 236623 236622 237622 238622 238623 238624 239624 239625 240625 240626 240627 240628 241627 241626 241625 241624 240624 240623 239623 239622 237623 235623 237624 235624 234624 234625 234626 234627 237625 235625 235626 235627 235628 239628 237628 239627 237627 238625 239626 237626
bot 24 26 2q1yboxl 255765212 142348 52
owned 24 142348 142349 142350 142351 143351 141351 140351 140350 140349 140348 140347 140346 140345 140344 141344 142344 142345 142346 143346 143347 144347 144348 144349 144350 145349 145348 145347 145346 144346 144345 143345 143344 141345 139345 141346 139346 138346 138347 138348 138349 141347 139347 139348 139349 139350 143350 141350 143349 141349 142347 143348 141348
bot 25 27 uf1afynu 646231689 493240 52
owned 25 493240 493241 493242 493243 494243 492243 491243 491242 491241 491240 491239 491238 491237 491236 492236 493236 493237 493238 494238 494239 495239 495240 495241 495242 496241 496240 496239 496238 495238 495237 494237 494236 492237 490237 492238 490238 489238 489239 489240 489241 492239 490239 490240 490241 490242 494242 492242 494241 492241 493239 494240 492240
bot 26 28 hnp5jsyu 1554719380 84630 52
owned 26 84630 84631 84632 84633 85633 83633 82633 82632 82631 82630 82629 82628 82627 82626 83626 84626 84627 84628 85628 85629 86629 86630 86631 86632 87631 87630 87629 87628 86628 86627 85627 85626 83627 81627 83628 81628 80628 80629 80630 80631 83629 81629 81630 81631 81632 85632 83632 85631 83631 84629 85630 83630
bot 27 29 3ks2xdvj 2013378221 656155 52
owned 27 656155 656156 656157 656158 657158 655158 654158 654157 654156 654155 654154 654153 654152 654151 655151 656151 656152 656153 657153 657154 658154 658155 658156 658157 659156 659155 659154 659153 658153 658152 657152 657151 655152 653152 655153 653153 652153 652154 652155 652156 655154 653154 653155 653156 653157 657157 655157 657156 655156 656154 657155 655155
bot 28 30 6udu18l9 1164531456 180833 52
owned 28 180833 180834 180835 180836 181836 179836 178836 178835 178834 178833 178832 178831 178830 178829 179829 180829 180830 180831 181831 181832 182832 182833 182834 182835 183834 183833 183832 183831 182831 182830 181830 181829 179830 177830 179831 177831 176831 176832 176833 176834 179832 177832 177833 177834 177835 181835 179835 181834 179834 180832 181833 179833
bot 29 31 u9qkgxb0 358820289 62653 52
owned 29 62653 62654 62655 62656 63656 61656 60656 60655 60654 60653 60652 60651 60650 60649 61649 62649 62650 62651 63651 63652 64652 64653 64654 64655 65654 65653 65652 65651 64651 64650 63650 63649 61650 59650 61651 59651 58651 58652 58653 58654 61652 59652 59653 59654 59655 63655 61655 63654 61654 62652 63653 61653
bot 30 32 gxzvzcy1 2075804082 212652 52
owned 30 212652 212653 212654 212655 213655 211655 210655 210654 210653 210652 210651 210650 210649 210648 211648 212648 212649 212650 213650 213651 214651 214652 214653 214654 215653 215652 215651 215650 214650 214649 213649 213648 211649 209649 211650 209650 208650 208651 208652 208653 211651 209651 209652 209653 209654 213654 211654 213653 211653 212651 213652 211652
bot 31 33 soumc8lx 1964908793 889613 52
owned 31 889613 889614 889615 889616 890616 888616 887616 887615 887614 887613 887612 887611 887610 887609 888609 889609 889610 889611 890611 890612 891612 891613 891614 891615 892614 892613 892612 892611 891611 891610 890610 890609 888610 886610 888611 886611 885611 885612 885613 885614 888612 886612 886613 886614 886615 890615 888615 890614 888614 889612 890613 888613
bot 32 34 pbtdxhy8 -1952436939 330605 52
owned 32 330605 330606 330607 330608 331608 329608 328608 328607 328606 328605 328604 328603 328602 328601 329601 330601 330602 330603 331603 331604 332604 332605 332606 332607 333606 333605 333604 333603 332603 332602 331602 331601 329602 327602 329603 327603 326603 326604 326605 326606 329604 327604 327605 327606 327607 331607 329607 331606 329606 330604 331605 329605
bot 33 35 7qca320q 1722666588 687641 52
owned 33 687641 687642 687643 687644 688644 686644 685644 685643 685642 685641 685640 685639 685638 685637 686637 687637 687638 687639 688639 688640 689640 689641 689642 689643 690642 690641 690640 690639 689639 689638 688638 688637 686638 684638 686639 684639 683639 683640 683641 683642 686640 684640 684641 684642 684643 688643 686643 688642 686642 687640 688641 686641
bot 34 36 qu4dw13r 1935691025 176481 52
owned 34 176481 176482 176483 176484 177484 175484 174484 174483 174482 174481 174480 174479 174478 174477 175477 176477 176478 176479 177479 177480 178480 178481 178482 178483 179482 179481 179480 179479 178479 178478 177478 177477 175478 173478 175479 173479 172479 172480 172481 172482 175480 173480 173481 173482 173483 177483 175483 177482 175482 176480 177481 175481
bot 35 37 uf42rmom 603403740 320475 52
owned 35 320475 320476 320477 320478 321478 319478 318478 318477 318476 318475 318474 318473 318472 318471 319471 320471 320472 320473 321473 321474 322474 322475 322476 322477 323476 323475 323474 323473 322473 322472 321472 321471 319472 317472 319473 317473 316473 316474 316475 316476 319474 317474 317475 317476 317477 321477 319477 321476 319476 320474 321475 319475
bot 36 38 5pzo5nyp -1978938492 551600 52
owned 36 551600 551601 551602 551603 552603 550603 549603 549602 549601 549600 549599 549598 549597 549596 550596 551596 551597 551598 552598 552599 553599 553600 553601 553602 554601 554600 554599 554598 553598 553597 552597 552596 550597 548597 550598 548598 547598 547599 547600 547601 550599 548599 548600 548601 548602 552602 550602 552601 550601 551599 552600 550600
bot 37 39 lpeu6a40 1655789225 818645 52
owned 37 818645 818646 818647 818648 819648 817648 816648 816647 816646 816645 816644 816643 816642 816641 817641 818641 818642 818643 819643 819644 820644 820645 820646 820647 821646 821645 821644 821643 820643 820642 819642 819641 817642 815642 817643 815643 814643 814644 814645 814646 817644 815644 815645 815646 815647 819647 817647 819646 817646 818644 819645 817645
bot 38 40 m01qyq41 -1925929108 272210 52
owned 38 272210 272211 272212 272213 273213 271213 270213 270212 270211 270210 270209 270208 270207 270206 271206 272206 272207 272208 273208 273209 274209 274210 274211 274212 275211 275210 275209 275208 274208 274207 273207 273206 271207 269207 271208 269208 268208 268209 268210 268211 271209 269209 269210 269211 269212 273212 271212 273211 271211 272209 273210 271210
bot 39 41 qp5j7mcl 1825462711 737537 52
owned 39 737537 737538 737539 737540 738540 736540 735540 735539 735538 735537 735536 735535 735534 735533 736533 737533 737534 737535 738535 738536 739536 739537 739538 739539 740538 740537 740536 740535 739535 739534 738534 738533 736534 734534 736535 734535 733535 733536 733537 733538 736536 734536 734537 734538 734539 738539 736539 738538 736538 737536 738537 736537
bot 40 42 daoks386 1879256123 589464 52
owned 40 589464 589465 589466 589467 590467 588467 587467 587466 587465 587464 587463 587462 587461 587460 588460 589460 589461 589462 590462 590463 591463 591464 591465 591466 592465 592464 592463 592462 591462 591461 590461 590460 588461 586461 588462 586462 585462 585463 585464 585465 588463 586463 586464 586465 586466 590466 588466 590465 588465 589463 590464 588464
bot 41 43 1adrc0if 1860141724 258584 52
owned 41 258584 258585 258586 258587 259587 257587 256587 256586 256585 256584 256583 256582 256581 256580 257580 258580 258581 258582 259582 259583 260583 260584 260585 260586 261585 261584 261583 261582 260582 260581 259581 259580 257581 255581 257582 255582 254582 254583 254584 254585 257583 255583 255584 255585 255586 259586 257586 259585 257585 258583 259584 257584
bot 42 44 z2sjy7tl 1824294623 600444 52
owned 42 600444 600445 600446 600447 601447 599447 598447 598446 598445 598444 598443 598442 598441 598440 599440 600440 600441 600442 601442 601443 602443 602444 602445 602446 603445 603444 603443 603442 602442 602441 601441 601440 599441 597441 599442 597442 596442 596443 596444 596445 599443 597443 597444 597445 597446 601446 599446 601445 599445 600443 601444 599444
bot 43 45 2a2pcqq2 1550573320 483131 52
owned 43 483131 483132 483133 483134 484134 482134 481134 481133 481132 481131 481130 481129 481128 481127 482127 483127 483128 483129 484129 484130 485130 485131 485132 485133 486132 486131 486130 486129 485129 485128 484128 484127 482128 480128 482129 480129 479129 479130 479131 479132 482130 480130 480131 480132 480133 484133 482133 484132 482132 483130 484131 482131
bot 44 46 965x3zic 1651901379 224285 52
owned 44 224285 224286 224287 224288 225288 223288 222288 222287 222286 222285 222284 222283 222282 222281 223281 224281 224282 224283 225283 225284 226284 226285 226286 226287 227286 227285 227284 227283 226283 226282 225282 225281 223282 221282 223283 221283 220283 220284 220285 220286 223284 221284 221285 221286 221287 225287 223287 225286 223286 224284 225285 223285
bot 45 47 yytwuuvv 643310337 639448 52
owned 45 639448 639449 639450 639451 640451 638451 637451 637450 637449 637448 637447 637446 637445 637444 638444 639444 639445 639446 640446 640447 641447 641448 641449 641450 642449 642448 642447 642446 641446 641445 640445 640444 638445 636445 638446 636446 635446 635447 635448 635449 638447 636447 636448 636449 636450 640450 638450 640449 638449 639447 640448 638448
bot 46 48 0bq4zvkx -1953292478 573527 52
owned 46 573527 573528 573529 573530 574530 572530 571530 571529 571528 571527 571526 571525 571524 571523 572523 573523 573524 573525 574525 574526 575526 575527 575528 575529 576528 576527 576526 576525 575525 575524 574524 574523 572524 570524 572525 570525 569525 569526 569527 569528 572526 570526 570527 570528 570529 574529 572529 574528 572528 573526 574527 572527
bot 47 49 fqo7elia -1958284618 642405 52
owned 47 642405 642406 642407 642408 643408 641408 640408 640407 640406 640405 640404 640403 640402 640401 641401 642401 642402 642403 643403 643404 644404 644405 644406 644407 645406 645405 645404 645403 644403 644402 643402 643401 641402 639402 641403 639403 638403 638404 638405 638406 641404 639404 639405 639406 639407 643407 641407 643406 641406 642404 643405 641405
bot 48 50 xb2eodru 1511238585 845418 52
owned 48 845418 845419 845420 845421 846421 844421 843421 843420 843419 843418 843417 843416 843415 843414 844414 845414 845415 845416 846416 846417 847417 847418 847419 847420 848419 848418 848417 848416 847416 847415 846415 846414 844415 842415 844416 842416 841416 841417 841418 841419 844417 842417 842418 842419 842420 846420 844420 846419 844419 845417 846418 844418
bot 49 51 dn2a1fmz 1672109513 431286 52
owned 49 431286 431287 431288 431289 432289 430289 429289 429288 429287 429286 429285 429284 429283 429282 430282 431282 431283 431284 432284 432285 433285 433286 433287 433288 434287 434286 434285 434284 433284 433283 432283 432282 430283 428283 430284 428284 427284 427285 427286 427287 430285 428285 428286 428287 428288 432288 430288 432287 430287 431285 432286 430286
bot 50 52 c657fqi1 1526829564 572154 52
owned 50 572154 572155 572156 572157 573157 571157 570157 570156 570155 570154 570153 570152 570151 570150 571150 572150 572151 572152 573152 573153 574153 574154 574155 574156 575155 575154 575153 575152 574152 574151 573151 573150 571151 569151 571152 569152 568152 568153 568154 568155 571153 569153 569154 569155 569156 573156 571156 573155 571155 572153 573154 571154
bot 51 53 3oa0wbik 1465915324 286266 52
owned 51 286266 286267 286268 286269 287269 285269 284269 284268 284267 284266 284265 284264 284263 284262 285262 286262 286263 286264 287264 287265 288265 288266 288267 288268 289267 289266 289265 289264 288264 288263 287263 287262 285263 283263 285264 283264 282264 282265 282266 282267 285265 283265 283266 283267 283268 287268 285268 287267 285267 286265 287266 285266
bot 52 54 bbor86ta 1160631798 602314 52
owned 52 602314 602315 602316 602317 603317 601317 600317 600316 600315 600314 600313 600312 600311 600310 601310 602310 602311 602312 603312 603313 604313 604314 604315 604316 605315 605314 605313 605312 604312 604311 603311 603310 601311 599311 601312 599312 598312 598313 598314 598315 601313 599313 599314 599315 599316 603316 601316 603315 601315 602313 603314 601314
bot 53 55 ke481hq3 1735541677 763642 52
owned 53 763642 763643 763644 763645 764645 762645 761645 761644 761643 761642 761641 761640 761639 761638 762638 763638 763639 763640 764640 764641 765641 765642 765643 765644 766643 766642 766641 766640 765640 765639 764639 764638 762639 760639 762640 760640 759640 759641 759642 759643 762641 760641 760642 760643 760644 764644 762644 764643 762643 763641 764642 762642
bot 54 56 1p7me35b 2016093044 672445 52
owned 54 672445 672446 672447 672448 673448 671448 670448 670447 670446 670445 670444 670443 670442 670441 671441 672441 672442 672443 673443 673444 674444 674445 674446 674447 675446 675445 675444 675443 674443 674442 673442 673441 671442 669442 671443 669443 668443 668444 668445 668446 671444 669444 669445 669446 669447 673447 671447 673446 671446 672444 673445 671445
bot 55 57 ros1fefm 336921379 113363 52
owned 55 113363 113364 113365 113366 114366 112366 111366 111365 111364 111363 111362 111361 111360 111359 112359 113359 113360 113361 114361 114362 115362 115363 115364 115365 116364 116363 116362 116361 115361 115360 114360 114359 112360 110360 112361 110361 109361 109362 109363 109364 112362 110362 110363 110364 110365 114365 112365 114364 112364 113362 114363 112363
bot 56 58 bbj4439d 1361159728 747387 52
owned 56 747387 747388 747389 747390 748390 746390 745390 745389 745388 745387 745386 745385 745384 745383 746383 747383 747384 747385 748385 748386 749386 749387 749388 749389 750388 750387 750386 750385 749385 749384 748384 748383 746384 744384 746385 744385 743385 743386 743387 743388 746386 744386 744387 744388 744389 748389 746389 748388 746388 747386 748387 746387
bot 57 59 50euwmgf 756661700 213568 52
owned 57 213568 213569 213570 213571 214571 212571 211571 211570 211569 211568 211567 211566 211565 211564 212564 213564 213565 213566 214566 214567 215567 215568 215569 215570 216569 216568 216567 216566 215566 215565 214565 214564 212565 210565 212566 210566 209566 209567 209568 209569 212567 210567 210568 210569 210570 214570 212570 214569 212569 213567 214568 212568
bot 58 60 6ifrrqwg 1573288274 348286 52
owned 58 348286 348287 348288 348289 349289 347289 346289 346288 346287 346286 346285 346284 346283 346282 347282 348282 348283 348284 349284 349285 350285 350286 350287 350288 351287 351286 351285 351284 350284 350283 349283 349282 347283 345283 347284 345284 344284 344285 344286 344287 347285 345285 345286 345287 345288 349288 347288 349287 347287 348285 349286 347286
bot 59 61 t3qojvzx 1884704811 122609 52
owned 59 122609 122610 122611 122612 123612 121612 120612 120611 120610 120609 120608 120607 120606 120605 121605 122605 122606 122607 123607 123608 124608 124609 124610 124611 125610 125609 125608 125607 124607 124606 123606 123605 121606 119606 121607 119607 118607 118608 118609 118610 121608 119608 119609 119610 119611 123611 121611 123610 121610 122608 123609 121609
bot 60 62 e39s2b1x 535357285 172698 52
owned 60 172698 172699 172700 172701 173701 171701 170701 170700 170699 170698 170697 170696 170695 170694 171694 172694 172695 172696 173696 173697 174697 174698 174699 174700 175699 175698 175697 175696 174696 174695 173695 173694 171695 169695 171696 169696 168696 168697 168698 168699 171697 169697 169698 169699 169700 173700 171700 173699 171699 172697 173698 171698
bot 61 63 8elalp3o 1664787462 608388 52
owned 61 608388 608389 608390 608391 609391 607391 606391 606390 606389 606388 606387 606386 606385 606384 607384 608384 608385 608386 609386 609387 610387 610388 610389 610390 611389 611388 611387 611386 610386 610385 609385 609384 607385 605385 607386 605386 604386 604387 604388 604389 607387 605387 605388 605389 605390 609390 607390 609389 607389 608387 609388 607388
bot 62 64 drzdgt29 351372376 830758 52
owned 62 830758 830759 830760 830761 831761 829761 828761 828760 828759 828758 828757 828756 828755 828754 829754 830754 830755 830756 831756 831757 832757 832758 832759 832760 833759 833758 833757 833756 832756 832755 831755 831754 829755 827755 829756 827756 826756 826757 826758 826759 829757 827757 827758 827759 827760 831760 829760 831759 829759 830757 831758 829758
bot 63 65 a5l13l40 409032466 600642 52
owned 63 600642 600643 600644 600645 601645 599645 598645 598644 598643 598642 598641 598640 598639 598638 599638 600638 600639 600640 601640 601641 602641 602642 602643 602644 603643 603642 603641 603640 602640 602639 601639 601638 599639 597639 599640 597640 596640 596641 596642 596643 599641 597641 597642 597643 597644 601644 599644 601643 599643 600641 601642 599642
bot 64 66 15jsgukl 2082714056 407389 52
owned 64 407389 407390 407391 407392 408392 406392 405392 405391 405390 405389 405388 405387 405386 405385 406385 407385 407386 407387 408387 408388 409388 409389 409390 409391 410390 410389 410388 410387 409387 409386 408386 408385 406386 404386 406387 404387 403387 403388 403389 403390 406388 404388 404389 404390 404391 408391 406391 408390 406390 407388 408389 406389
bot 65 67 457rtifd 2131565011 236182 52
owned 65 236182 236183 236184 236185 237185 235185 234185 234184 234183 234182 234181 234180 234179 234178 235178 236178 236179 236180 237180 237181 238181 238182 238183 238184 239183 239182 239181 239180 238180 238179 237179 237178 235179 233179 235180 233180 232180 232181 232182 232183 235181 233181 233182 233183 233184 237184 235184 237183 235183 236181 237182 235182
bot 66 68 nvln8mx2 1241068427 526183 52
owned 66 526183 526184 526185 526186 527186 525186 524186 524185 524184 524183 524182 524181 524180 524179 525179 526179 526180 526181 527181 527182 528182 528183 528184 528185 529184 529183 529182 529181 528181 528180 527180 527179 525180 523180 525181 523181 522181 522182 522183 522184 525182 523182 523183 523184 523185 527185 525185 527184 525184 526182 527183 525183
bot 67 69 xdf4q9ey 434759834 879703 52
owned 67 879703 879704 879705 879706 880706 878706 877706 877705 877704 877703 877702 877701 877700 877699 878699 879699 879700 879701 880701 880702 881702 881703 881704 881705 882704 882703 882702 882701 881701 881700 880700 880699 878700 876700 878701 876701 875701 875702 875703 875704 878702 876702 876703 876704 876705 880705 878705 880704 878704 879702 880703 878703
bot 68 70 aehphxxq 441688655 763313 52
owned 68 763313 763314 763315 763316 764316 762316 761316 761315 761314 761313 761312 761311 761310 761309 762309 763309 763310 763311 764311 764312 765312 765313 765314 765315 766314 766313 766312 766311 765311 765310 764310 764309 762310 760310 762311 760311 759311 759312 759313 759314 762312 760312 760313 760314 760315 764315 762315 764314 762314 763312 764313 762313
bot 69 71 r69884b7 1040467408 146677 52
owned 69 146677 146678 146679 146680 147680 145680 144680 144679 144678 144677 144676 144675 144674 144673 145673 146673 146674 146675 147675 147676 148676 148677 148678 148679 149678 149677 149676 149675 148675 148674 147674 147673 145674 143674 145675 143675 142675 142676 142677 142678 145676 143676 143677 143678 143679 147679 145679 147678 145678 146676 147677 145677
bot 70 72 1fi956n2 1628450074 525258 52
owned 70 525258 525259 525260 525261 526261 524261 523261 523260 523259 523258 523257 523256 523255 523254 524254 525254 525255 525256 526256 526257 527257 527258 527259 527260 528259 528258 528257 528256 527256 527255 526255 526254 524255 522255 524256 522256 521256 521257 521258 521259 524257 522257 522258 522259 522260 526260 524260 526259 524259 525257 526258 524258
bot 71 73 x0s75hnx 1902416189 100653 52
owned 71 100653 100654 100655 100656 101656 99656 98656 98655 98654 98653 98652 98651 98650 98649 99649 100649 100650 100651 101651 101652 102652 102653 102654 102655 103654 103653 103652 103651 102651 102650 101650 101649 99650 97650 99651 97651 96651 96652 96653 96654 99652 97652 97653 97654 97655 101655 99655 101654 99654 100652 101653 99653
bot 72 74 jjcxe8w7 1929622268 68478 52
owned 72 68478 68479 68480 68481 69481 67481 66481 66480 66479 66478 66477 66476 66475 66474 67474 68474 68475 68476 69476 69477 70477 70478 70479 70480 71479 71478 71477 71476 70476 70475 69475 69474 67475 65475 67476 65476 64476 64477 64478 64479 67477 65477 65478 65479 65480 69480 67480 69479 67479 68477 69478 67478
bot 73 75 pa9du0an 680719808 745344 52
owned 73 745344 745345 745346 745347 746347 744347 743347 743346 743345 743344 743343 743342 743341 743340 744340 745340 745341 745342 746342 746343 747343 747344 747345 747346 748345 748344 748343 748342 747342 747341 746341 746340 744341 742341 744342 742342 741342 741343 741344 741345 744343 742343 742344 742345 742346 746346 744346 746345 744345 745343 746344 744344
bot 74 76 wr1iodtv 1058650254 125223 52
owned 74 125223 125224 125225 125226 126226 124226 123226 123225 123224 123223 123222 123221 123220 123219 124219 125219 125220 125221 126221 126222 127222 127223 127224 127225 128224 128223 128222 128221 127221 127220 126220 126219 124220 122220 124221 122221 121221 121222 121223 121224 124222 122222 122223 122224 122225 126225 124225 126224 124224 125222 126223 124223
bot 75 77 q4t061qn 1864834683 196795 52
owned 75 196795 196796 196797 196798 197798 195798 194798 194797 194796 194795 194794 194793 194792 194791 195791 196791 196792 196793 197793 197794 198794 198795 198796 198797 199796 199795 199794 199793 198793 198792 197792 197791 195792 193792 195793 193793 192793 192794 192795 192796 195794 193794 193795 193796 193797 197797 195797 197796 195796 196794 197795 195795
bot 76 78 5walu3qw 1224512371 692242 52
owned 76 692242 692243 692244 692245 693245 691245 690245 690244 690243 690242 690241 690240 690239 690238 691238 692238 692239 692240 693240 693241 694241 694242 694243 694244 695243 695242 695241 695240 694240 694239 693239 693238 691239 689239 691240 689240 688240 688241 688242 688243 691241 689241 689242 689243 689244 693244 691244 693243 691243 692241 693242 691242
bot 77 79 9qsdvg22 1376203870 106555 52
owned 77 106555 106556 106557 106558 107558 105558 104558 104557 104556 104555 104554 104553 104552 104551 105551 106551 106552 106553 107553 107554 108554 108555 108556 108557 109556 109555 109554 109553 108553 108552 107552 107551 105552 103552 105553 103553 102553 102554 102555 102556 105554 103554 103555 103556 103557 107557 105557 107556 105556 106554 107555 105555
bot 78 80 kxhibxlj 517397506 703545 52
owned 78 703545 703546 703547 703548 704548 702548 701548 701547 701546 701545 701544 701543 701542 701541 702541 703541 703542 703543 704543 704544 705544 705545 705546 705547 706546 706545 706544 706543 705543 705542 704542 704541 702542 700542 702543 700543 699543 699544 699545 699546 702544 700544 700545 700546 700547 704547 702547 704546 702546 703544 704545 702545
bot 79 81 3lvh3hh1 992169179 882541 52
owned 79 882541 882542 882543 882544 883544 881544 880544 880543 880542 880541 880540 880539 880538 880537 881537 882537 882538 882539 883539 883540 884540 884541 884542 884543 885542 885541 885540 885539 884539 884538 883538 883537 881538 879538 881539 879539 878539 878540 878541 878542 881540 879540 879541 879542 879543 883543 881543 883542 881542 882540 883541 881541
bot 80 82 hhxd8zhc -1981148453 607165 52
owned 80 607165 607166 607167 607168 608168 606168 605168 605167 605166 605165 605164 605163 605162 605161 606161 607161 607162 607163 608163 608164 609164 609165 609166 609167 610166 610165 610164 610163 609163 609162 608162 608161 606162 604162 606163 604163 603163 603164 603165 603166 606164 604164 604165 604166 604167 608167 606167 608166 606166 607164 608165 606165
bot 81 83 68hvehkn 1095836954 292548 52
owned 81 292548 292549 292550 292551 293551 291551 290551 290550 290549 290548 290547 290546 290545 290544 291544 292544 292545 292546 293546 293547 294547 294548 294549 294550 295549 295548 295547 295546 294546 294545 293545 293544 291545 289545 291546 289546 288546 288547 288548 288549 291547 289547 289548 289549 289550 293550 291550 293549 291549 292547 293548 291548
bot 82 84 0ysk38le 1385300227 449355 52
owned 82 449355 449356 449357 449358 450358 448358 447358 447357 447356 447355 447354 447353 447352 447351 448351 449351 449352 449353 450353 450354 451354 451355 451356 451357 452356 452355 452354 452353 451353 451352 450352 450351 448352 446352 448353 446353 445353 445354 445355 445356 448354 446354 446355 446356 446357 450357 448357 450356 448356 449354 450355 448355
bot 83 85 p9mtmjen 317818958 781486 52
owned 83 781486 781487 781488 781489 782489 780489 779489 779488 779487 779486 779485 779484 779483 779482 780482 781482 781483 781484 782484 782485 783485 783486 783487 783488 784487 784486 784485 784484 783484 783483 782483 782482 780483 778483 780484 778484 777484 777485 777486 777487 780485 778485 778486 778487 778488 782488 780488 782487 780487 781485 782486 780486
bot 84 86 vtv2qiiq 1725920906 318389 52
owned 84 318389 318390 318391 318392 319392 317392 316392 316391 316390 316389 316388 316387 316386 316385 317385 318385 318386 318387 319387 319388 320388 320389 320390 320391 321390 321389 321388 321387 320387 320386 319386 319385 317386 315386 317387 315387 314387 314388 314389 314390 317388 315388 315389 315390 315391 319391 317391 319390 317390 318388 319389 317389
bot 85 87 npcd7vse -2091559336 132704 52
owned 85 132704 132705 132706 132707 133707 131707 130707 130706 130705 130704 130703 130702 130701 130700 131700 132700 132701 132702 133702 133703 134703 134704 134705 134706 135705 135704 135703 135702 134702 134701 133701 133700 131701 129701 131702 129702 128702 128703 128704 128705 131703 129703 129704 129705 129706 133706 131706 133705 131705 132703 133704 131704
bot 86 88 fyrg30wr 975447236 577247 52
owned 86 577247 577248 577249 577250 578250 576250 575250 575249 575248 575247 575246 575245 575244 575243 576243 577243 577244 577245 578245 578246 579246 579247 579248 579249 580248 580247 580246 580245 579245 579244 578244 578243 576244 574244 576245 574245 573245 573246 573247 573248 576246 574246 574247 574248 574249 578249 576249 578248 576248 577246 578247 576247
bot 87 89 qg4cg39i -1947660605 324340 52
owned 87 324340 324341 324342 324343 325343 323343 322343 322342 322341 322340 322339 322338 322337 322336 323336 324336 324337 324338 325338 325339 326339 326340 326341 326342 327341 327340 327339 327338 326338 326337 325337 325336 323337 321337 323338 321338 320338 320339 320340 320341 323339 321339 321340 321341 321342 325342 323342 325341 323341 324339 325340 323340
bot 88 90 kqu8z0ef 2107383972 677475 52
owned 88 677475 677476 677477 677478 678478 676478 675478 675477 675476 675475 675474 675473 675472 675471 676471 677471 677472 677473 678473 678474 679474 679475 679476 679477 680476 680475 680474 680473 679473 679472 678472 678471 676472 674472 676473 674473 673473 673474 673475 673476 676474 674474 674475 674476 674477 678477 676477 678476 676476 677474 678475 676475
bot 89 91 bdv4tpd7 1205846675 767606 52
owned 89 767606 767607 767608 767609 768609 766609 765609 765608 765607 765606 765605 765604 765603 765602 766602 767602 767603 767604 768604 768605 769605 769606 769607 769608 770607 770606 770605 770604 769604 769603 768603 768602 766603 764603 766604 764604 763604 763605 763606 763607 766605 764605 764606 764607 764608 768608 766608 768607 766607 767605 768606 766606
bot 90 92 ok13k4z3 -1966524316 515283 52
owned 90 515283 515284 515285 515286 516286 514286 513286 513285 513284 513283 513282 513281 513280 513279 514279 515279 515280 515281 516281 516282 517282 517283 517284 517285 518284 518283 518282 518281 517281 517280 516280 516279 514280 512280 514281 512281 511281 511282 511283 511284 514282 512282 512283 512284 512285 516285 514285 516284 514284 515282 516283 514283
bot 91 93 hkwcx197 767457194 479192 52
owned 91 479192 479193 479194 479195 480195 478195 477195 477194 477193 477192 477191 477190 477189 477188 478188 479188 479189 479190 480190 480191 481191 481192 481193 481194 482193 482192 482191 482190 481190 481189 480189 480188 478189 476189 478190 476190 475190 475191 475192 475193 478191 476191 476192 476193 476194 480194 478194 480193 478193 479191 480192 478192
bot 92 94 ko4t02h4 1395110162 454498 52
owned 92 454498 454499 454500 454501 455501 453501 452501 452500 452499 452498 452497 452496 452495 452494 453494 454494 454495 454496 455496 455497 456497 456498 456499 456500 457499 457498 457497 457496 456496 456495 455495 455494 453495 451495 453496 451496 450496 450497 450498 450499 453497 451497 451498 451499 451500 455500 453500 455499 453499 454497 455498 453498
bot 93 95 a769y4e5 647486920 230525 52
owned 93 230525 230526 230527 230528 231528 229528 228528 228527 228526 228525 228524 228523 228522 228521 229521 230521 230522 230523 231523 231524 232524 232525 232526 232527 233526 233525 233524 233523 232523 232522 231522 231521 229522 227522 229523 227523 226523 226524 226525 226526 229524 227524 227525 227526 227527 231527 229527 231526 229526 230524 231525 229525
bot 94 96 po0wxlw1 1380537968 595119 52
owned 94 595119 595120 595121 595122 596122 594122 593122 593121 593120 593119 593118 593117 593116 593115 594115 595115 595116 595117 596117 596118 597118 597119 597120 597121 598120 598119 598118 598117 597117 597116 596116 596115 594116 592116 594117 592117 591117 591118 591119 591120 594118 592118 592119 592120 592121 596121 594121 596120 594120 595118 596119 594119
bot 95 97 o8264l3e 401241613 807590 52
owned 95 807590 807591 807592 807593 808593 806593 805593 805592 805591 805590 805589 805588 805587 805586 806586 807586 807587 807588 808588 808589 809589 809590 809591 809592 810591 810590 810589 810588 809588 809587 808587 808586 806587 804587 806588 804588 803588 803589 803590 803591 806589 804589 804590 804591 804592 808592 806592 808591 806591 807589 808590 806590
bot 96 98 9rke6fm3 2033692109 246233 52
owned 96 246233 246234 246235 246236 247236 245236 244236 244235 244234 244233 244232 244231 244230 244229 245229 246229 246230 246231 247231 247232 248232 248233 248234 248235 249234 249233 249232 249231 248231 248230 247230 247229 245230 243230 245231 243231 242231 242232 242233 242234 245232 243232 243233 243234 243235 247235 245235 247234 245234 246232 247233 245233
bot 97 99 gyjc9x52 -2039293411 799335 52
owned 97 799335 799336 799337 799338 800338 798338 797338 797337 797336 797335 797334 797333 797332 797331 798331 799331 799332 799333 800333 800334 801334 801335 801336 801337 802336 802335 802334 802333 801333 801332 800332 800331 798332 796332 798333 796333 795333 795334 795335 795336 798334 796334 796335 796336 796337 800337 798337 800336 798336 799334 800335 798335
bot 98 100 x793lc6c -2137545535 230410 52
owned 98 230410 230411 230412 230413 231413 229413 228413 228412 228411 228410 228409 228408 228407 228406 229406 230406 230407 230408 231408 231409 232409 232410 232411 232412 233411 233410 233409 233408 232408 232407 231407 231406 229407 227407 229408 227408 226408 226409 226410 226411 229409 227409 227410 227411 227412 231412 229412 231411 229411 230409 231410 229410
bot 99 101 93k3li8n 1910969017 175515 52
owned 99 175515 175516 175517 175518 176518 174518 173518 173517 173516 173515 173514 173513 173512 173511 174511 175511 175512 175513 176513 176514 177514 177515 177516 177517 178516 178515 178514 178513 177513 177512 176512 176511 174512 172512 174513 172513 171513 171514 171515 171516 174514 172514 172515 172516 172517 176517 174517 176516 174516 175514 176515 174515
bot 100 102 a1hte6qb 1102783938 276450 52
owned 100 276450 276451 276452 276453 277453 275453 274453 274452 274451 274450 274449 274448 274447 274446 275446 276446 276447 276448 277448 277449 278449 278450 278451 278452 279451 279450 279449 279448 278448 278447 277447 277446 275447 273447 275448 273448 272448 272449 272450 272451 275449 273449 273450 273451 273452 277452 275452 277451 275451 276449 277450 275450
bot 101 103 jklgnd18 799847851 282168 52
owned 101 282168 282169 282170 282171 283171 281171 280171 280170 280169 280168 280167 280166 280165 280164 281164 282164 282165 282166 283166 283167 284167 284168 284169 284170 285169 285168 285167 285166 284166 284165 283165 283164 281165 279165 281166 279166 278166 278167 278168 278169 281167 279167 279168 279169 279170 283170 281170 283169 281169 282167 283168 281168
bot 102 104 vfadfhgj 1821435404 506443 52
owned 102 506443 506444 506445 506446 507446 505446 504446 504445 504444 504443 504442 504441 504440 504439 505439 506439 506440 506441 507441 507442 508442 508443 508444 508445 509444 509443 509442 509441 508441 508440 507440 507439 505440 503440 505441 503441 502441 502442 502443 502444 505442 503442 503443 503444 503445 507445 505445 507444 505444 506442 507443 505443
bot 103 105 cwni1kcb -2002787684 787621 52
owned 103 787621 787622 787623 787624 788624 786624 785624 785623 785622 785621 785620 785619 785618 785617 786617 787617 787618 787619 788619 788620 789620 789621 789622 789623 790622 790621 790620 790619 789619 789618 788618 788617 786618 784618 786619 784619 783619 783620 783621 783622 786620 784620 784621 784622 784623 788623 786623 788622 786622 787620 788621 786621
bot 104 106 8z4z0zds 1540574821 647199 52
owned 104 647199 647200 647201 647202 648202 646202 645202 645201 645200 645199 645198 645197 645196 645195 646195 647195 647196 647197 648197 648198 649198 649199 649200 649201 650200 650199 650198 650197 649197 649196 648196 648195 646196 644196 646197 644197 643197 643198 643199 643200 646198 644198 644199 644200 644201 648201 646201 648200 646200 647198 648199 646199
bot 105 107 cdzck1ki 1635199286 119479 52
owned 105 119479 119480 119481 119482 120482 118482 117482 117481 117480 117479 117478 117477 117476 117475 118475 119475 119476 119477 120477 120478 121478 121479 121480 121481 122480 122479 122478 122477 121477 121476 120476 120475 118476 116476 118477 116477 115477 115478 115479 115480 118478 116478 116479 116480 116481 120481 118481 120480 118480 119478 120479 118479
bot 106 108 zbaa3l3a 2041986227 442210 52
owned 106 442210 442211 442212 442213 443213 441213 440213 440212 440211 440210 440209 440208 440207 440206 441206 442206 442207 442208 443208 443209 444209 444210 444211 444212 445211 445210 445209 445208 444208 444207 443207 443206 441207 439207 441208 439208 438208 438209 438210 438211 441209 439209 439210 439211 439212 443212 441212 443211 441211 442209 443210 441210
bot 107 109 xm369xbs 2073971836 773702 52
owned 107 773702 773703 773704 773705 774705 772705 771705 771704 771703 771702 771701 771700 771699 771698 772698 773698 773699 773700 774700 774701 775701 775702 775703 775704 776703 776702 776701 776700 775700 775699 774699 774698 772699 770699 772700 770700 769700 769701 769702 769703 772701 770701 770702 770703 770704 774704 772704 774703 772703 773701 774702 772702
bot 108 110 e4dqhzo1 2029469172 392195 52
owned 108 392195 392196 392197 392198 393198 391198 390198 390197 390196 390195 390194 390193 390192 390191 391191 392191 392192 392193 393193 393194 394194 394195 394196 394197 395196 395195 395194 395193 394193 394192 393192 393191 391192 389192 391193 389193 388193 388194 388195 388196 391194 389194 389195 389196 389197 393197 391197 393196 391196 392194 393195 391195
bot 109 111 fepimk2i 351613969 737598 52
owned 109 737598 737599 737600 737601 738601 736601 735601 735600 735599 735598 735597 735596 735595 735594 736594 737594 737595 737596 738596 738597 739597 739598 739599 739600 740599 740598 740597 740596 739596 739595 738595 738594 736595 734595 736596 734596 733596 733597 733598 733599 736597 734597 734598 734599 734600 738600 736600 738599 736599 737597 738598 736598
bot 110 112 o2es7ebc 531691876 467383 52
owned 110 467383 467384 467385 467386 468386 466386 465386 465385 465384 465383 465382 465381 465380 465379 466379 467379 467380 467381 468381 468382 469382 469383 469384 469385 470384 470383 470382 470381 469381 469380 468380 468379 466380 464380 466381 464381 463381 463382 463383 463384 466382 464382 464383 464384 464385 468385 466385 468384 466384 467382 468383 466383
bot 111 113 l4opv4e9 1658586271 700441 52
owned 111 700441 700442 700443 700444 701444 699444 698444 698443 698442 698441 698440 698439 698438 698437 699437 700437 700438 700439 701439 701440 702440 702441 702442 702443 703442 703441 703440 703439 702439 702438 701438 701437 699438 697438 699439 697439 696439 696440 696441 696442 699440 697440 697441 697442 697443 701443 699443 701442 699442 700440 701441 699441
bot 112 114 4b3f45hy 1454480369 249319 52
owned 112 249319 249320 249321 249322 250322 248322 247322 247321 247320 247319 247318 247317 247316 247315 248315 249315 249316 249317 250317 250318 251318 251319 251320 251321 252320 252319 252318 252317 251317 251316 250316 250315 248316 246316 248317 246317 245317 245318 245319 245320 248318 246318 246319 246320 246321 250321 248321 250320 248320 249318 250319 248319
bot 113 115 r3pvfglh 2069697088 488301 52
owned 113 488301 488302 488303 488304 489304 487304 486304 486303 486302 486301 486300 486299 486298 486297 487297 488297 488298 488299 489299 489300 490300 490301 490302 490303 491302 491301 491300 491299 490299 490298 489298 489297 487298 485298 487299 485299 484299 484300 484301 484302 487300 485300 485301 485302 485303 489303 487303 489302 487302 488300 489301 487301
bot 114 116 fnl5ocw8 859755902 652613 52
owned 114 652613 652614 652615 652616 653616 651616 650616 650615 650614 650613 650612 650611 650610 650609 651609 652609 652610 652611 653611 653612 654612 654613 654614 654615 655614 655613 655612 655611 654611 654610 653610 653609 651610 649610 651611 649611 648611 648612 648613 648614 651612 649612 649613 649614 649615 653615 651615 653614 651614 652612 653613 651613
bot 115 117 7391zjkf 1287430659 920520 52
owned 115 920520 920521 920522 920523 921523 919523 918523 918522 918521 918520 918519 918518 918517 918516 919516 920516 920517 920518 921518 921519 922519 922520 922521 922522 923521 923520 923519 923518 922518 922517 921517 921516 919517 917517 919518 917518 916518 916519 916520 916521 919519 917519 917520 917521 917522 921522 919522 921521 919521 920519 921520 919520
bot 116 118 ow5basj8 251269497 189555 52
owned 116 189555 189556 189557 189558 190558 188558 187558 187557 187556 187555 187554 187553 187552 187551 188551 189551 189552 189553 190553 190554 191554 191555 191556 191557 192556 192555 192554 192553 191553 191552 190552 190551 188552 186552 188553 186553 185553 185554 185555 185556 188554 186554 186555 186556 186557 190557 188557 190556 188556 189554 190555 188555
bot 117 119 olinuy4r 579061672 532375 52
owned 117 532375 532376 532377 532378 533378 531378 530378 530377 530376 530375 530374 530373 530372 530371 531371 532371 532372 532373 533373 533374 534374 534375 534376 534377 535376 535375 535374 535373 534373 534372 533372 533371 531372 529372 531373 529373 528373 528374 528375 528376 531374 529374 529375 529376 529377 533377 531377 533376 531376 532374 533375 531375
bot 118 120 2e2jcypv -1993908003 346566 52
owned 118 346566 346567 346568 346569 347569 345569 344569 344568 344567 344566 344565 344564 344563 344562 345562 346562 346563 346564 347564 347565 348565 348566 348567 348568 349567 349566 349565 349564 348564 348563 347563 347562 345563 343563 345564 343564 342564 342565 342566 342567 345565 343565 343566 343567 343568 347568 345568 347567 345567 346565 347566 345566
bot 119 121 nx0it9ss 1186690332 505365 52
owned 119 505365 505366 505367 505368 506368 504368 503368 503367 503366 503365 503364 503363 503362 503361 504361 505361 505362 505363 506363 506364 507364 507365 507366 507367 508366 508365 508364 508363 507363 507362 506362 506361 504362 502362 504363 502363 501363 501364 501365 501366 504364 502364 502365 502366 502367 506367 504367 506366 504366 505364 506365 504365
bot 120 122 tt57j91k 1968342095 245567 52
owned 120 245567 245568 245569 245570 246570 244570 243570 243569 243568 243567 243566 243565 243564 243563 244563 245563 245564 245565 246565 246566 247566 247567 247568 247569 248568 248567 248566 248565 247565 247564 246564 246563 244564 242564 244565 242565 241565 241566 241567 241568 244566 242566 242567 242568 242569 246569 244569 246568 244568 245566 246567 244567
bot 121 123 87aoci2n 1254425141 167647 52
owned 121 167647 167648 167649 167650 168650 166650 165650 165649 165648 165647 165646 165645 165644 165643 166643 167643 167644 167645 168645 168646 169646 169647 169648 169649 170648 170647 170646 170645 169645 169644 168644 168643 166644 164644 166645 164645 163645 163646 163647 163648 166646 164646 164647 164648 164649 168649 166649 168648 166648 167646 168647 166647
bot 122 124 wk147shp 1355991785 410509 52
owned 122 410509 410510 410511 410512 411512 409512 408512 408511 408510 408509 408508 408507 408506 408505 409505 410505 410506 410507 411507 411508 412508 412509 412510 412511 413510 413509 413508 413507 412507 412506 411506 411505 409506 407506 409507 407507 406507 406508 406509 406510 409508 407508 407509 407510 407511 411511 409511 411510 409510 410508 411509 409509
bot 123 125 q8jb2dnz 879696417 757452 52
owned 123 757452 757453 757454 757455 758455 756455 755455 755454 755453 755452 755451 755450 755449 755448 756448 757448 757449 757450 758450 758451 759451 759452 759453 759454 760453 760452 760451 760450 759450 759449 758449 758448 756449 754449 756450 754450 753450 753451 753452 753453 756451 754451 754452 754453 754454 758454 756454 758453 756453 757451 758452 756452
bot 124 126 4yzxt2gp 465535386 120321 52
owned 124 120321 120322 120323 120324 121324 119324 118324 118323 118322 118321 118320 118319 118318 118317 119317 120317 120318 120319 121319 121320 122320 122321 122322 122323 123322 123321 123320 123319 122319 122318 121318 121317 119318 117318 119319 117319 116319 116320 116321 116322 119320 117320 117321 117322 117323 121323 119323 121322 119322 120320 121321 119321
bot 125 127 755xej7w 1728585790 799275 52
owned 125 799275 799276 799277 799278 800278 798278 797278 797277 797276 797275 797274 797273 797272 797271 798271 799271 799272 799273 800273 800274 801274 801275 801276 801277 802276 802275 802274 802273 801273 801272 800272 800271 798272 796272 798273 796273 795273 795274 795275 795276 798274 796274 796275 796276 796277 800277 798277 800276 798276 799274 800275 798275
bot 126 128 hjhprwfn 984070701 74354 52
owned 126 74354 74355 74356 74357 75357 73357 72357 72356 72355 72354 72353 72352 72351 72350 73350 74350 74351 74352 75352 75353 76353 76354 76355 76356 77355 77354 77353 77352 76352 76351 75351 75350 73351 71351 73352 71352 70352 70353 70354 70355 73353 71353 71354 71355 71356 75356 73356 75355 73355 74353 75354 73354
bot 127 129 n66i0csf 983881029 715253 52
owned 127 715253 715254 715255 715256 716256 714256 713256 713255 713254 713253 713252 713251 713250 713249 714249 715249 715250 715251 716251 716252 717252 717253 717254 717255 718254 718253 718252 718251 717251 717250 716250 716249 714250 712250 714251 712251 711251 711252 711253 711254 714252 712252 712253 712254 712255 716255 714255 716254 714254 715252 716253 714253
bot 128 130 am3stnxi 1295629627 834384 52
owned 128 834384 834385 834386 834387 835387 833387 832387 832386 832385 832384 832383 832382 832381 832380 833380 834380 834381 834382 835382 835383 836383 836384 836385 836386 837385 837384 837383 837382 836382 836381 835381 835380 833381 831381 833382 831382 830382 830383 830384 830385 833383 831383 831384 831385 831386 835386 833386 835385 833385 834383 835384 833384
bot 129 131 pmeqlcvs 1644107559 829477 52
owned 129 829477 829478 829479 829480 830480 828480 827480 827479 827478 827477 827476 827475 827474 827473 828473 829473 829474 829475 830475 830476 831476 831477 831478 831479 832478 832477 832476 832475 831475 831474 830474 830473 828474 826474 828475 826475 825475 825476 825477 825478 828476 826476 826477 826478 826479 830479 828479 830478 828478 829476 830477 828477
bot 130 132 xl8vnvj2 1983802758 855514 52
owned 130 855514 855515 855516 855517 856517 854517 853517 853516 853515 853514 853513 853512 853511 853510 854510 855510 855511 855512 856512 856513 857513 857514 857515 857516 858515 858514 858513 858512 857512 857511 856511 856510 854511 852511 854512 852512 851512 851513 851514 851515 854513 852513 852514 852515 852516 856516 854516 856515 854515 855513 856514 854514
bot 131 133 0f3l9cg5 575005501 65308 52
owned 131 65308 65309 65310 65311 66311 64311 63311 63310 63309 63308 63307 63306 63305 63304 64304 65304 65305 65306 66306 66307 67307 67308 67309 67310 68309 68308 68307 68306 67306 67305 66305 66304 64305 62305 64306 62306 61306 61307 61308 61309 64307 62307 62308 62309 62310 66310 64310 66309 64309 65307 66308 64308
bot 132 134 siocmotr 754194894 853707 52
owned 132 853707 853708 853709 853710 854710 852710 851710 851709 851708 851707 851706 851705 851704 851703 852703 853703 853704 853705 854705 854706 855706 855707 855708 855709 856708 856707 856706 856705 855705 855704 854704 854703 852704 850704 852705 850705 849705 849706 849707 849708 852706 850706 850707 850708 850709 854709 852709 854708 852708 853706 854707 852707
bot 133 135 uf75fjkr 515106218 572404 52
owned 133 572404 572405 572406 572407 573407 571407 570407 570406 570405 570404 570403 570402 570401 570400 571400 572400 572401 572402 573402 573403 574403 574404 574405 574406 575405 575404 575403 575402 574402 574401 573401 573400 571401 569401 571402 569402 568402 568403 568404 568405 571403 569403 569404 569405 569406 573406 571406 573405 571405 572403 573404 571404
bot 134 136 3nuksgyo 1205368543 616189 52
owned 134 616189 616190 616191 616192 617192 615192 614192 614191 614190 614189 614188 614187 614186 614185 615185 616185 616186 616187 617187 617188 618188 618189 618190 618191 619190 619189 619188 619187 618187 618186 617186 617185 615186 613186 615187 613187 612187 612188 612189 612190 615188 613188 613189 613190 613191 617191 615191 617190 615190 616188 617189 615189
bot 135 137 isfwwr01 552169627 720659 52
owned 135 720659 720660 720661 720662 721662 719662 718662 718661 718660 718659 718658 718657 718656 718655 719655 720655 720656 720657 721657 721658 722658 722659 722660 722661 723660 723659 723658 723657 722657 722656 721656 721655 719656 717656 719657 717657 716657 716658 716659 716660 719658 717658 717659 717660 717661 721661 719661 721660 719660 720658 721659 719659
bot 136 138 auuv9uim 1696267609 671229 52
owned 136 671229 671230 671231 671232 672232 670232 669232 669231 669230 669229 669228 669227 669226 669225 670225 671225 671226 671227 672227 672228 673228 673229 673230 673231 674230 674229 674228 674227 673227 673226 672226 672225 670226 668226 670227 668227 667227 667228 667229 667230 670228 668228 668229 668230 668231 672231 670231 672230 670230 671228 672229 670229
bot 137 139 mdro7fya 1606413849 572610 52
owned 137 572610 572611 572612 572613 573613 571613 570613 570612 570611 570610 570609 570608 570607 570606 571606 572606 572607 572608 573608 573609 574609 574610 574611 574612 575611 575610 575609 575608 574608 574607 573607 573606 571607 569607 571608 569608 568608 568609 568610 568611 571609 569609 569610 569611 569612 573612 571612 573611 571611 572609 573610 571610
bot 138 140 8qfmz7a7 1176881937 819542 52
owned 138 819542 819543 819544 819545 820545 818545 817545 817544 817543 817542 817541 817540 817539 817538 818538 819538 819539 819540 820540 820541 821541 821542 821543 821544 822543 822542 822541 822540 821540 821539 820539 820538 818539 816539 818540 816540 815540 815541 815542 815543 818541 816541 816542 816543 816544 820544 818544 820543 818543 819541 820542 818542
bot 139 141 m8j6zoax -2013427167 809704 52
owned 139 809704 809705 809706 809707 810707 808707 807707 807706 807705 807704 807703 807702 807701 807700 808700 809700 809701 809702 810702 810703 811703 811704 811705 811706 812705 812704 812703 812702 811702 811701 810701 810700 808701 806701 808702 806702 805702 805703 805704 805705 808703 806703 806704 806705 806706 810706 808706 810705 808705 809703 810704 808704
bot 140 142 7236xcde 232703150 303610 52
owned 140 303610 303611 303612 303613 304613 302613 301613 301612 301611 301610 301609 301608 301607 301606 302606 303606 303607 303608 304608 304609 305609 305610 305611 305612 306611 306610 306609 306608 305608 305607 304607 304606 302607 300607 302608 300608 299608 299609 299610 299611 302609 300609 300610 300611 300612 304612 302612 304611 302611 303609 304610 302610
bot 141 143 n4vtdnwp 1052857899 724302 52
owned 141 724302 724303 724304 724305 725305 723305 722305 722304 722303 722302 722301 722300 722299 722298 723298 724298 724299 724300 725300 725301 726301 726302 726303 726304 727303 727302 727301 727300 726300 726299 725299 725298 723299 721299 723300 721300 720300 720301 720302 720303 723301 721301 721302 721303 721304 725304 723304 725303 723303 724301 725302 723302
bot 142 144 yggevgbl 619188651 54617 52
owned 142 54617 54618 54619 54620 55620 53620 52620 52619 52618 52617 52616 52615 52614 52613 53613 54613 54614 54615 55615 55616 56616 56617 56618 56619 57618 57617 57616 57615 56615 56614 55614 55613 53614 51614 53615 51615 50615 50616 50617 50618 53616 51616 51617 51618 51619 55619 53619 55618 53618 54616 55617 53617
bot 143 145 beijdl2w 1770559541 415234 52
owned 143 415234 415235 415236 415237 416237 414237 413237 413236 413235 413234 413233 413232 413231 413230 414230 415230 415231 415232 416232 416233 417233 417234 417235 417236 418235 418234 418233 418232 417232 417231 416231 416230 414231 412231 414232 412232 411232 411233 411234 411235 414233 412233 412234 412235 412236 416236 414236 416235 414235 415233 416234 414234
bot 144 146 d2oo7mhj 1623230014 561329 52
owned 144 561329 561330 561331 561332 562332 560332 559332 559331 559330 559329 559328 559327 559326 559325 560325 561325 561326 561327 562327 562328 563328 563329 563330 563331 564330 564329 564328 564327 563327 563326 562326 562325 560326 558326 560327 558327 557327 557328 557329 557330 560328 558328 558329 558330 558331 562331 560331 562330 560330 561328 562329 560329
bot 145 147 wrheiirw 2112064519 383368 52
owned 145 383368 383369 383370 383371 384371 382371 381371 381370 381369 381368 381367 381366 381365 381364 382364 383364 383365 383366 384366 384367 385367 385368 385369 385370 386369 386368 386367 386366 385366 385365 384365 384364 382365 380365 382366 380366 379366 379367 379368 379369 382367 380367 380368 380369 380370 384370 382370 384369 382369 383367 384368 382368
bot 146 148 d03y3hz5 811907394 765248 52
owned 146 765248 765249 765250 765251 766251 764251 763251 763250 763249 763248 763247 763246 763245 763244 764244 765244 765245 765246 766246 766247 767247 767248 767249 767250 768249 768248 768247 768246 767246 767245 766245 766244 764245 762245 764246 762246 761246 761247 761248 761249 764247 762247 762248 762249 762250 766250 764250 766249 764249 765247 766248 764248
bot 147 149 5xaek3av 343771744 162609 52
owned 147 162609 162610 162611 162612 163612 161612 160612 160611 160610 160609 160608 160607 160606 160605 161605 162605 162606 162607 163607 163608 164608 164609 164610 164611 165610 165609 165608 165607 164607 164606 163606 163605 161606 159606 161607 159607 158607 158608 158609 158610 161608 159608 159609 159610 159611 163611 161611 163610 161610 162608 163609 161609
bot 148 150 gz34o9hq 1756820811 187397 52
owned 148 187397 187398 187399 187400 188400 186400 185400 185399 185398 185397 185396 185395 185394 185393 186393 187393 187394 187395 188395 188396 189396 189397 189398 189399 190398 190397 190396 190395 189395 189394 188394 188393 186394 184394 186395 184395 183395 183396 183397 183398 186396 184396 184397 184398 184399 188399 186399 188398 186398 187396 188397 186397
bot 149 151 37xw489f 714130640 117575 52
owned 149 117575 117576 117577 117578 118578 116578 115578 115577 115576 115575 115574 115573 115572 115571 116571 117571 117572 117573 118573 118574 119574 119575 119576 119577 120576 120575 120574 120573 119573 119572 118572 118571 116572 114572 116573 114573 113573 113574 113575 113576 116574 114574 114575 114576 114577 118577 116577 118576 116576 117574 118575 116575
bot 150 152 k3srrvn9 1301902254 600485 52
owned 150 600485 600486 600487 600488 601488 599488 598488 598487 598486 598485 598484 598483 598482 598481 599481 600481 600482 600483 601483 601484 602484 602485 602486 602487 603486 603485 603484 603483 602483 602482 601482 601481 599482 597482 599483 597483 596483 596484 596485 596486 599484 597484 597485 597486 597487 601487 599487 601486 599486 600484 601485 599485
bot 151 153 5isbkj04 258819646 839552 52
owned 151 839552 839553 839554 839555 840555 838555 837555 837554 837553 837552 837551 837550 837549 837548 838548 839548 839549 839550 840550 840551 841551 841552 841553 841554 842553 842552 842551 842550 841550 841549 840549 840548 838549 836549 838550 836550 835550 835551 835552 835553 838551 836551 836552 836553 836554 840554 838554 840553 838553 839551 840552 838552
bot 152 154 r73y2vzl 264824291 606570 52
owned 152 606570 606571 606572 606573 607573 605573 604573 604572 604571 604570 604569 604568 604567 604566 605566 606566 606567 606568 607568 607569 608569 608570 608571 608572 609571 609570 609569 609568 608568 608567 607567 607566 605567 603567 605568 603568 602568 602569 602570 602571 605569 603569 603570 603571 603572 607572 605572 607571 605571 606569 607570 605570
bot 153 155 36x3kyhk 1662731317 793415 52
owned 153 793415 793416 793417 793418 794418 792418 791418 791417 791416 791415 791414 791413 791412 791411 792411 793411 793412 793413 794413 794414 795414 795415 795416 795417 796416 796415 796414 796413 795413 795412 794412 794411 792412 790412 792413 790413 789413 789414 789415 789416 792414 790414 790415 790416 790417 794417 792417 794416 792416 793414 794415 792415
bot 154 156 01ob2tlo 1786744221 628505 52
owned 154 628505 628506 628507 628508 629508 627508 626508 626507 626506 626505 626504 626503 626502 626501 627501 628501 628502 628503 629503 629504 630504 630505 630506 630507 631506 631505 631504 631503 630503 630502 629502 629501 627502 625502 627503 625503 624503 624504 624505 624506 627504 625504 625505 625506 625507 629507 627507 629506 627506 628504 629505 627505
bot 155 157 cb13fbp5 1249598146 697597 52
owned 155 697597 697598 697599 697600 698600 696600 695600 695599 695598 695597 695596 695595 695594 695593 696593 697593 697594 697595 698595 698596 699596 699597 699598 699599 700598 700597 700596 700595 699595 699594 698594 698593 696594 694594 696595 694595 693595 693596 693597 693598 696596 694596 694597 694598 694599 698599 696599 698598 696598 697596 698597 696597
bot 156 158 vmmrq63s 899362917 763420 52
owned 156 763420 763421 763422 763423 764423 762423 761423 761422 761421 761420 761419 761418 761417 761416 762416 763416 763417 763418 764418 764419 765419 765420 765421 765422 766421 766420 766419 766418 765418 765417 764417 764416 762417 760417 762418 760418 759418 759419 759420 759421 762419 760419 760420 760421 760422 764422 762422 764421 762421 763419 764420 762420
bot 157 159 nkjckjq8 -2033092416 444154 52
owned 157 444154 444155 444156 444157 445157 443157 442157 442156 442155 442154 442153 442152 442151 442150 443150 444150 444151 444152 445152 445153 446153 446154 446155 446156 447155 447154 447153 447152 446152 446151 445151 445150 443151 441151 443152 441152 440152 440153 440154 440155 443153 441153 441154 441155 441156 445156 443156 445155 443155 444153 445154 443154
bot 158 160 wcggivof -2120004876 925493 52
owned 158 925493 925494 925495 925496 926496 924496 923496 923495 923494 923493 923492 923491 923490 923489 924489 925489 925490 925491 926491 926492 927492 927493 927494 927495 928494 928493 928492 928491 927491 927490 926490 926489 924490 922490 924491 922491 921491 921492 921493 921494 924492 922492 922493 922494 922495 926495 924495 926494 924494 925492 926493 924493
bot 159 161 1w1ciciy 988641666 795562 52
owned 159 795562 795563 795564 795565 796565 794565 793565 793564 793563 793562 793561 793560 793559 793558 794558 795558 795559 795560 796560 796561 797561 797562 797563 797564 798563 798562 798561 798560 797560 797559 796559 796558 794559 792559 794560 792560 791560 791561 791562 791563 794561 792561 792562 792563 792564 796564 794564 796563 794563 795561 796562 794562
bot 160 162 2a0v7iem 1603609301 537432 52
owned 160 537432 537433 537434 537435 538435 536435 535435 535434 535433 535432 535431 535430 535429 535428 536428 537428 537429 537430 538430 538431 539431 539432 539433 539434 540433 540432 540431 540430 539430 539429 538429 538428 536429 534429 536430 534430 533430 533431 533432 533433 536431 534431 534432 534433 534434 538434 536434 538433 536433 537431 538432 536432
bot 161 163 jcz64pkr 1490381084 794369 52
owned 161 794369 794370 794371 794372 795372 793372 792372 792371 792370 792369 792368 792367 792366 792365 793365 794365 794366 794367 795367 795368 796368 796369 796370 796371 797370 797369 797368 797367 796367 796366 795366 795365 793366 791366 793367 791367 790367 790368 790369 790370 793368 791368 791369 791370 791371 795371 793371 795370 793370 794368 795369 793369
bot 162 164 v0ljq6tk -2113715216 914641 52
owned 162 914641 914642 914643 914644 915644 913644 912644 912643 912642 912641 912640 912639 912638 912637 913637 914637 914638 914639 915639 915640 916640 916641 916642 916643 917642 917641 917640 917639 916639 916638 915638 915637 913638 911638 913639 911639 910639 910640 910641 910642 913640 911640 911641 911642 911643 915643 913643 915642 913642 914640 915641 913641
bot 163 165 adg8798c 1411060963 220492 52
owned 163 220492 220493 220494 220495 221495 219495 218495 218494 218493 218492 218491 218490 218489 218488 219488 220488 220489 220490 221490 221491 222491 222492 222493 222494 223493 223492 223491 223490 222490 222489 221489 221488 219489 217489 219490 217490 216490 216491 216492 216493 219491 217491 217492 217493 217494 221494 219494 221493 219493 220491 221492 219492
bot 164 166 5ghp3e6u -1957476071 871496 52
owned 164 871496 871497 871498 871499 872499 870499 869499 869498 869497 869496 869495 869494 869493 869492 870492 871492 871493 871494 872494 872495 873495 873496 873497 873498 874497 874496 874495 874494 873494 873493 872493 872492 870493 868493 870494 868494 867494 867495 867496 867497 870495 868495 868496 868497 868498 872498 870498 872497 870497 871495 872496 870496
bot 165 167 h5bdt6q4 959985296 830716 52
owned 165 830716 830717 830718 830719 831719 829719 828719 828718 828717 828716 828715 828714 828713 828712 829712 830712 830713 830714 831714 831715 832715 832716 832717 832718 833717 833716 833715 833714 832714 832713 831713 831712 829713 827713 829714 827714 826714 826715 826716 826717 829715 827715 827716 827717 827718 831718 829718 831717 829717 830715 831716 829716
bot 166 168 5oce5zsz 760830796 677517 52
owned 166 677517 677518 677519 677520 678520 676520 675520 675519 675518 675517 675516 675515 675514 675513 676513 677513 677514 677515 678515 678516 679516 679517 679518 679519 680518 680517 680516 680515 679515 679514 678514 678513 676514 674514 676515 674515 673515 673516 673517 673518 676516 674516 674517 674518 674519 678519 676519 678518 676518 677516 678517 676517
bot 167 169 xka3bnm9 -2087114015 625322 52
owned 167 625322 625323 625324 625325 626325 624325 623325 623324 623323 623322 623321 623320 623319 623318 624318 625318 625319 625320 626320 626321 627321 627322 627323 627324 628323 628322 628321 628320 627320 627319 626319 626318 624319 622319 624320 622320 621320 621321 621322 621323 624321 622321 622322 622323 622324 626324 624324 626323 624323 625321 626322 624322
bot 168 170 3w1tydq6 1781810637 326631 52
owned 168 326631 326632 326633 326634 327634 325634 324634 324633 324632 324631 324630 324629 324628 324627 325627 326627 326628 326629 327629 327630 328630 328631 328632 328633 329632 329631 329630 329629 328629 328628 327628 327627 325628 323628 325629 323629 322629 322630 322631 322632 325630 323630 323631 323632 323633 327633 325633 327632 325632 326630 327631 325631
bot 169 171 upd1qyae 1501438200 918429 52
owned 169 918429 918430 918431 918432 919432 917432 916432 916431 916430 916429 916428 916427 916426 916425 917425 918425 918426 918427 919427 919428 920428 920429 920430 920431 921430 921429 921428 921427 920427 920426 919426 919425 917426 915426 917427 915427 914427 914428 914429 914430 917428 915428 915429 915430 915431 919431 917431 919430 917430 918428 919429 917429
bot 170 172 v4u31rox 2020264938 91428 52
owned 170 91428 91429 91430 91431 92431 90431 89431 89430 89429 89428 89427 89426 89425 89424 90424 91424 91425 91426 92426 92427 93427 93428 93429 93430 94429 94428 94427 94426 93426 93425 92425 92424 90425 88425 90426 88426 87426 87427 87428 87429 90427 88427 88428 88429 88430 92430 90430 92429 90429 91427 92428 90428
bot 171 173 q9vm95if 2121071836 904482 52
owned 171 904482 904483 904484 904485 905485 903485 902485 902484 902483 902482 902481 902480 902479 902478 903478 904478 904479 904480 905480 905481 906481 906482 906483 906484 907483 907482 907481 907480 906480 906479 905479 905478 903479 901479 903480 901480 900480 900481 900482 900483 903481 901481 901482 901483 901484 905484 903484 905483 903483 904481 905482 903482
bot 172 174 0yu8n2tu 1397211125 261276 52
owned 172 261276 261277 261278 261279 262279 260279 259279 259278 259277 259276 259275 259274 259273 259272 260272 261272 261273 261274 262274 262275 263275 263276 263277 263278 264277 264276 264275 264274 263274 263273 262273 262272 260273 258273 260274 258274 257274 257275 257276 257277 260275 258275 258276 258277 258278 262278 260278 262277 260277 261275 262276 260276
bot 173 175 sc2ctn85 -2022032452 483575 52
owned 173 483575 483576 483577 483578 484578 482578 481578 481577 481576 481575 481574 481573 481572 481571 482571 483571 483572 483573 484573 484574 485574 485575 485576 485577 486576 486575 486574 486573 485573 485572 484572 484571 482572 480572 482573 480573 479573 479574 479575 479576 482574 480574 480575 480576 480577 484577 482577 484576 482576 483574 484575 482575
bot 174 176 z0gmspsi 801244755 223445 52
owned 174 223445 223446 223447 223448 224448 222448 221448 221447 221446 221445 221444 221443 221442 221441 222441 223441 223442 223443 224443 224444 225444 225445 225446 225447 226446 226445 226444 226443 225443 225442 224442 224441 222442 220442 222443 220443 219443 219444 219445 219446 222444 220444 220445 220446 220447 224447 222447 224446 222446 223444 224445 222445
bot 175 177 z7avk2un -2108559470 494425 52
owned 175 494425 494426 494427 494428 495428 493428 492428 492427 492426 492425 492424 492423 492422 492421 493421 494421 494422 494423 495423 495424 496424 496425 496426 496427 497426 497425 497424 497423 496423 496422 495422 495421 493422 491422 493423 491423 490423 490424 490425 490426 493424 491424 491425 491426 491427 495427 493427 495426 493426 494424 495425 493425
bot 176 178 8efmeybn 1503896376 417360 52
owned 176 417360 417361 417362 417363 418363 416363 415363 415362 415361 415360 415359 415358 415357 415356 416356 417356 417357 417358 418358 418359 419359 419360 419361 419362 420361 420360 420359 420358 419358 419357 418357 418356 416357 414357 416358 414358 413358 413359 413360 413361 416359 414359 414360 414361 414362 418362 416362 418361 416361 417359 418360 416360
bot 177 179 bifxmou2 952921820 552633 52
owned 177 552633 552634 552635 552636 553636 551636 550636 550635 550634 550633 550632 550631 550630 550629 551629 552629 552630 552631 553631 553632 554632 554633 554634 554635 555634 555633 555632 555631 554631 554630 553630 553629 551630 549630 551631 549631 548631 548632 548633 548634 551632 549632 549633 549634 549635 553635 551635 553634 551634 552632 553633 551633
bot 178 180 plh6en5t -2053928810 105287 52
owned 178 105287 105288 105289 105290 106290 104290 103290 103289 103288 103287 103286 103285 103284 103283 104283 105283 105284 105285 106285 106286 107286 107287 107288 107289 108288 108287 108286 108285 107285 107284 106284 106283 104284 102284 104285 102285 101285 101286 101287 101288 104286 102286 102287 102288 102289 106289 104289 106288 104288 105286 106287 104287
bot 179 181 ay3m2wg5 1393210047 524541 52
owned 179 524541 524542 524543 524544 525544 523544 522544 522543 522542 522541 522540 522539 522538 522537 523537 524537 524538 524539 525539 525540 526540 526541 526542 526543 527542 527541 527540 527539 526539 526538 525538 525537 523538 521538 523539 521539 520539 520540 520541 520542 523540 521540 521541 521542 521543 525543 523543 525542 523542 524540 525541 523541
bot 180 182 1zmogxmk 892305898 517594 52
owned 180 517594 517595 517596 517597 518597 516597 515597 515596 515595 515594 515593 515592 515591 515590 516590 517590 517591 517592 518592 518593 519593 519594 519595 519596 520595 520594 520593 520592 519592 519591 518591 518590 516591 514591 516592 514592 513592 513593 513594 513595 516593 514593 514594 514595 514596 518596 516596 518595 516595 517593 518594 516594
bot 181 183 55yraoi7 1468371801 98519 52
owned 181 98519 98520 98521 98522 99522 97522 96522 96521 96520 96519 96518 96517 96516 96515 97515 98515 98516 98517 99517 99518 100518 100519 100520 100521 101520 101519 101518 101517 100517 100516 99516 99515 97516 95516 97517 95517 94517 94518 94519 94520 97518 95518 95519 95520 95521 99521 97521 99520 97520 98518 99519 97519
bot 182 184 1sc05h43 1585605541 387239 52
owned 182 387239 387240 387241 387242 388242 386242 385242 385241 385240 385239 385238 385237 385236 385235 386235 387235 387236 387237 388237 388238 389238 389239 389240 389241 390240 390239 390238 390237 389237 389236 388236 388235 386236 384236 386237 384237 383237 383238 383239 383240 386238 384238 384239 384240 384241 388241 386241 388240 386240 387238 388239 386239
bot 183 185 37ibwik8 1160917256 887411 52
owned 183 887411 887412 887413 887414 888414 886414 885414 885413 885412 885411 885410 885409 885408 885407 886407 887407 887408 887409 888409 888410 889410 889411 889412 889413 890412 890411 890410 890409 889409 889408 888408 888407 886408 884408 886409 884409 883409 883410 883411 883412 886410 884410 884411 884412 884413 888413 886413 888412 886412 887410 888411 886411
bot 184 186 uec16uxz 298442371 114447 52
owned 184 114447 114448 114449 114450 115450 113450 112450 112449 112448 112447 112446 112445 112444 112443 113443 114443 114444 114445 115445 115446 116446 116447 116448 116449 117448 117447 117446 117445 116445 116444 115444 115443 113444 111444 113445 111445 110445 110446 110447 110448 113446 111446 111447 111448 111449 115449 113449 115448 113448 114446 115447 113447
bot 185 187 9fd5ewrs 716216499 838281 52
owned 185 838281 838282 838283 838284 839284 837284 836284 836283 836282 836281 836280 836279 836278 836277 837277 838277 838278 838279 839279 839280 840280 840281 840282 840283 841282 841281 841280 841279 840279 840278 839278 839277 837278 835278 837279 835279 834279 834280 834281 834282 837280 835280 835281 835282 835283 839283 837283 839282 837282 838280 839281 837281
bot 186 188 pe2p79c6 1616832572 209223 52
owned 186 209223 209224 209225 209226 210226 208226 207226 207225 207224 207223 207222 207221 207220 207219 208219 209219 209220 209221 210221 210222 211222 211223 211224 211225 212224 212223 212222 212221 211221 211220 210220 210219 208220 206220 208221 206221 205221 205222 205223 205224 208222 206222 206223 206224 206225 210225 208225 210224 208224 209222 210223 208223
bot 187 189 h1r85byk 647047218 187659 52
owned 187 187659 187660 187661 187662 188662 186662 185662 185661 185660 185659 185658 185657 185656 185655 186655 187655 187656 187657 188657 188658 189658 189659 189660 189661 190660 190659 190658 190657 189657 189656 188656 188655 186656 184656 186657 184657 183657 183658 183659 183660 186658 184658 184659 184660 184661 188661 186661 188660 186660 187658 188659 186659
bot 188 190 exulggll 2009242778 224201 52
owned 188 224201 224202 224203 224204 225204 223204 222204 222203 222202 222201 222200 222199 222198 222197 223197 224197 224198 224199 225199 225200 226200 226201 226202 226203 227202 227201 227200 227199 226199 226198 225198 225197 223198 221198 223199 221199 220199 220200 220201 220202 223200 221200 221201 221202 221203 225203 223203 225202 223202 224200 225201 223201
bot 189 191 zouqcp7v 1283425505 255465 52
owned 189 255465 255466 255467 255468 256468 254468 253468 253467 253466 253465 253464 253463 253462 253461 254461 255461 255462 255463 256463 256464 257464 257465 257466 257467 258466 258465 258464 258463 257463 257462 256462 256461 254462 252462 254463 252463 251463 251464 251465 251466 254464 252464 252465 252466 252467 256467 254467 256466 254466 255464 256465 254465
bot 190 192 k39sgybe 1779655355 817735 52
owned 190 817735 817736 817737 817738 818738 816738 815738 815737 815736 815735 815734 815733 815732 815731 816731 817731 817732 817733 818733 818734 819734 819735 819736 819737 820736 820735 820734 820733 819733 819732 818732 818731 816732 814732 816733 814733 813733 813734 813735 813736 816734 814734 814735 814736 814737 818737 816737 818736 816736 817734 818735 816735
bot 191 193 orxhfzvz 2032568751 605211 52
owned 191 605211 605212 605213 605214 606214 604214 603214 603213 603212 603211 603210 603209 603208 603207 604207 605207 605208 605209 606209 606210 607210 607211 607212 607213 608212 608211 608210 608209 607209 607208 606208 606207 604208 602208 604209 602209 601209 601210 601211 601212 604210 602210 602211 602212 602213 606213 604213 606212 604212 605210 606211 604211
bot 192 194 uz8ynaez 593238994 338448 52
owned 192 338448 338449 338450 338451 339451 337451 336451 336450 336449 336448 336447 336446 336445 336444 337444 338444 338445 338446 339446 339447 340447 340448 340449 340450 341449 341448 341447 341446 340446 340445 339445 339444 337445 335445 337446 335446 334446 334447 334448 334449 337447 335447 335448 335449 335450 339450 337450 339449 337449 338447 339448 337448
bot 193 195 ubigewsr -2141021696 939541 52
owned 193 939541 939542 939543 939544 940544 938544 937544 937543 937542 937541 937540 937539 937538 937537 938537 939537 939538 939539 940539 940540 941540 941541 941542 941543 942542 942541 942540 942539 941539 941538 940538 940537 938538 936538 938539 936539 935539 935540 935541 935542 938540 936540 936541 936542 936543 940543 938543 940542 938542 939540 940541 938541
bot 194 196 w0ozvjdh 337579528 857392 52
owned 194 857392 857393 857394 857395 858395 856395 855395 855394 855393 855392 855391 855390 855389 855388 856388 857388 857389 857390 858390 858391 859391 859392 859393 859394 860393 860392 860391 860390 859390 859389 858389 858388 856389 854389 856390 854390 853390 853391 853392 853393 856391 854391 854392 854393 854394 858394 856394 858393 856393 857391 858392 856392
bot 195 197 f7yj98q8 2008342748 563483 52
owned 195 563483 563484 563485 563486 564486 562486 561486 561485 561484 561483 561482 561481 561480 561479 562479 563479 563480 563481 564481 564482 565482 565483 565484 565485 566484 566483 566482 566481 565481 565480 564480 564479 562480 560480 562481 560481 559481 559482 559483 559484 562482 560482 560483 560484 560485 564485 562485 564484 562484 563482 564483 562483
bot 196 198 2xzw4gp3 546471435 262505 52
owned 196 262505 262506 262507 262508 263508 261508 260508 260507 260506 260505 260504 260503 260502 260501 261501 262501 262502 262503 263503 263504 264504 264505 264506 264507 265506 265505 265504 265503 264503 264502 263502 263501 261502 259502 261503 259503 258503 258504 258505 258506 261504 259504 259505 259506 259507 263507 261507 263506 261506 262504 263505 261505
bot 197 199 9rkdgj28 2034230367 553296 52
owned 197 553296 553297 553298 553299 554299 552299 551299 551298 551297 551296 551295 551294 551293 551292 552292 553292 553293 553294 554294 554295 555295 555296 555297 555298 556297 556296 556295 556294 555294 555293 554293 554292 552293 550293 552294 550294 549294 549295 549296 549297 552295 550295 550296 550297 550298 554298 552298 554297 552297 553295 554296 552296
bot 198 200 aw987uy7 1696208469 150306 52
owned 198 150306 150307 150308 150309 151309 149309 148309 148308 148307 148306 148305 148304 148303 148302 149302 150302 150303 150304 151304 151305 152305 152306 152307 152308 153307 153306 153305 153304 152304 152303 151303 151302 149303 147303 149304 147304 146304 146305 146306 146307 149305 147305 147306 147307 147308 151308 149308 151307 149307 150305 151306 149306
bot 199 201 gr243zlh 1525078068 527408 52
owned 199 527408 527409 527410 527411 528411 526411 525411 525410 525409 525408 525407 525406 525405 525404 526404 527404 527405 527406 528406 528407 529407 529408 529409 529410 530409 530408 530407 530406 529406 529405 528405 528404 526405 524405 526406 524406 523406 523407 523408 523409 526407 524407 524408 524409 524410 528410 526410 528409 526409 527407 528408 526408
bot 200 202 zowu9kf4 1343123255 478480 52
owned 200 478480 478481 478482 478483 479483 477483 476483 476482 476481 476480 476479 476478 476477 476476 477476 478476 478477 478478 479478 479479 480479 480480 480481 480482 481481 481480 481479 481478 480478 480477 479477 479476 477477 475477 477478 475478 474478 474479 474480 474481 477479 475479 475480 475481 475482 479482 477482 479481 477481 478479 479480 477480
bot 201 203 2dtf8q4x 1304023651 390161 52
owned 201 390161 390162 390163 390164 391164 389164 388164 388163 388162 388161 388160 388159 388158 388157 389157 390157 390158 390159 391159 391160 392160 392161 392162 392163 393162 393161 393160 393159 392159 392158 391158 391157 389158 387158 389159 387159 386159 386160 386161 386162 389160 387160 387161 387162 387163 391163 389163 391162 389162 390160 391161 389161
bot 202 204 y9oft8w2 1767905134 136534 52
owned 202 136534 136535 136536 136537 137537 135537 134537 134536 134535 134534 134533 134532 134531 134530 135530 136530 136531 136532 137532 137533 138533 138534 138535 138536 139535 139534 139533 139532 138532 138531 137531 137530 135531 133531 135532 133532 132532 132533 132534 132535 135533 133533 133534 133535 133536 137536 135536 137535 135535 136533 137534 135534
bot 203 205 ed7kjxq3 386177703 711396 52
owned 203 711396 711397 711398 711399 712399 710399 709399 709398 709397 709396 709395 709394 709393 709392 710392 711392 711393 711394 712394 712395 713395 713396 713397 713398 714397 714396 714395 714394 713394 713393 712393 712392 710393 708393 710394 708394 707394 707395 707396 707397 710395 708395 708396 708397 708398 712398 710398 712397 710397 711395 712396 710396
bot 204 206 nxt1ptsi 1154794981 760502 52
owned 204 760502 760503 760504 760505 761505 759505 758505 758504 758503 758502 758501 758500 758499 758498 759498 760498 760499 760500 761500 761501 762501 762502 762503 762504 763503 763502 763501 763500 762500 762499 761499 761498 759499 757499 759500 757500 756500 756501 756502 756503 759501 757501 757502 757503 757504 761504 759504 761503 759503 760501 761502 759502
bot 205 207 p825v2fd 1789039945 185233 52
owned 205 185233 185234 185235 185236 186236 184236 183236 183235 183234 183233 183232 183231 183230 183229 184229 185229 185230 185231 186231 186232 187232 187233 187234 187235 188234 188233 188232 188231 187231 187230 186230 186229 184230 182230 184231 182231 181231 181232 181233 181234 184232 182232 182233 182234 182235 186235 184235 186234 184234 185232 186233 184233
bot 206 208 wyarb4qo 383163841 404322 52
owned 206 404322 404323 404324 404325 405325 403325 402325 402324 402323 402322 402321 402320 402319 402318 403318 404318 404319 404320 405320 405321 406321 406322 406323 406324 407323 407322 407321 407320 406320 406319 405319 405318 403319 401319 403320 401320 400320 400321 400322 400323 403321 401321 401322 401323 401324 405324 403324 405323 403323 404321 405322 403322
bot 207 209 qfs7b4z4 1471954815 612255 52
owned 207 612255 612256 612257 612258 613258 611258 610258 610257 610256 610255 610254 610253 610252 610251 611251 612251 612252 612253 613253 613254 614254 614255 614256 614257 615256 615255 615254 615253 614253 614252 613252 613251 611252 609252 611253 609253 608253 608254 608255 608256 611254 609254 609255 609256 609257 613257 611257 613256 611256 612254 613255 611255
bot 208 210 ms13gmzm 1647820133 651366 52
owned 208 651366 651367 651368 651369 652369 650369 649369 649368 649367 649366 649365 649364 649363 649362 650362 651362 651363 651364 652364 652365 653365 653366 653367 653368 654367 654366 654365 654364 653364 653363 652363 652362 650363 648363 650364 648364 647364 647365 647366 647367 650365 648365 648366 648367 648368 652368 650368 652367 650367 651365 652366 650366
bot 209 211 ym8zggo3 322620766 367523 52
owned 209 367523 367524 367525 367526 368526 366526 365526 365525 365524 365523 365522 365521 365520 365519 366519 367519 367520 367521 368521 368522 369522 369523 369524 369525 370524 370523 370522 370521 369521 369520 368520 368519 366520 364520 366521 364521 363521 363522 363523 363524 366522 364522 364523 364524 364525 368525 366525 368524 366524 367522 368523 366523
bot 210 212 8jahbnpg 1498584608 505499 52
owned 210 505499 505500 505501 505502 506502 504502 503502 503501 503500 503499 503498 503497 503496 503495 504495 505495 505496 505497 506497 506498 507498 507499 507500 507501 508500 508499 508498 508497 507497 507496 506496 506495 504496 502496 504497 502497 501497 501498 501499 501500 504498 502498 502499 502500 502501 506501 504501 506500 504500 505498 506499 504499
bot 211 213 b0djjiez 1834536396 539350 52
owned 211 539350 539351 539352 539353 540353 538353 537353 537352 537351 537350 537349 537348 537347 537346 538346 539346 539347 539348 540348 540349 541349 541350 541351 541352 542351 542350 542349 542348 541348 541347 540347 540346 538347 536347 538348 536348 535348 535349 535350 535351 538349 536349 536350 536351 536352 540352 538352 540351 538351 539349 540350 538350
bot 212 214 s9xysw8i 1381855552 708284 52
owned 212 708284 708285 708286 708287 709287 707287 706287 706286 706285 706284 706283 706282 706281 706280 707280 708280 708281 708282 709282 709283 710283 710284 710285 710286 711285 711284 711283 711282 710282 710281 709281 709280 707281 705281 707282 705282 704282 704283 704284 704285 707283 705283 705284 705285 705286 709286 707286 709285 707285 708283 709284 707284
bot 213 215 t3s2qgvc 1885822309 383299 52
owned 213 383299 383300 383301 383302 384302 382302 381302 381301 381300 381299 381298 381297 381296 381295 382295 383295 383296 383297 384297 384298 385298 385299 385300 385301 386300 386299 386298 386297 385297 385296 384296 384295 382296 380296 382297 380297 379297 379298 379299 379300 382298 380298 380299 380300 380301 384301 382301 384300 382300 383298 384299 382299
bot 214 216 aquue8ni -1995066298 418189 52
owned 214 418189 418190 418191 418192 419192 417192 416192 416191 416190 416189 416188 416187 416186 416185 417185 418185 418186 418187 419187 419188 420188 420189 420190 420191 421190 421189 421188 421187 420187 420186 419186 419185 417186 415186 417187 415187 414187 414188 414189 414190 417188 415188 415189 415190 415191 419191 417191 419190 417190 418188 419189 417189
bot 215 217 u3k8ktyr 1336475575 759551 52
owned 215 759551 759552 759553 759554 760554 758554 757554 757553 757552 757551 757550 757549 757548 757547 758547 759547 759548 759549 760549 760550 761550 761551 761552 761553 762552 762551 762550 762549 761549 761548 760548 760547 758548 756548 758549 756549 755549 755550 755551 755552 758550 756550 756551 756552 756553 760553 758553 760552 758552 759550 760551 758551
bot 216 218 i7egn3zz 1648658159 741672 52
owned 216 741672 741673 741674 741675 742675 740675 739675 739674 739673 739672 739671 739670 739669 739668 740668 741668 741669 741670 742670 742671 743671 743672 743673 743674 744673 744672 744671 744670 743670 743669 742669 742668 740669 738669 740670 738670 737670 737671 737672 737673 740671 738671 738672 738673 738674 742674 740674 742673 740673 741671 742672 740672
bot 217 219 o3vgfhge 1896212089 93324 52
owned 217 93324 93325 93326 93327 94327 92327 91327 91326 91325 91324 91323 91322 91321 91320 92320 93320 93321 93322 94322 94323 95323 95324 95325 95326 96325 96324 96323 96322 95322 95321 94321 94320 92321 90321 92322 90322 89322 89323 89324 89325 92323 90323 90324 90325 90326 94326 92326 94325 92325 93323 94324 92324
bot 218 220 m4aem5hx 1751287233 127423 52
owned 218 127423 127424 127425 127426 128426 126426 125426 125425 125424 125423 125422 125421 125420 125419 126419 127419 127420 127421 128421 128422 129422 129423 129424 129425 130424 130423 130422 130421 129421 129420 128420 128419 126420 124420 126421 124421 123421 123422 123423 123424 126422 124422 124423 124424 124425 128425 126425 128424 126424 127422 128423 126423
bot 219 221 p6i95qgo 1590454142 709325 52
owned 219 709325 709326 709327 709328 710328 708328 707328 707327 707326 707325 707324 707323 707322 707321 708321 709321 709322 709323 710323 710324 711324 711325 711326 711327 712326 712325 712324 712323 711323 711322 710322 710321 708322 706322 708323 706323 705323 705324 705325 705326 708324 706324 706325 706326 706327 710327 708327 710326 708326 709324 710325 708325
bot 220 222 gvho8qeo 669428651 77387 52
owned 220 77387 77388 77389 77390 78390 76390 75390 75389 75388 75387 75386 75385 75384 75383 76383 77383 77384 77385 78385 78386 79386 79387 79388 79389 80388 80387 80386 80385 79385 79384 78384 78383 76384 74384 76385 74385 73385 73386 73387 73388 76386 74386 74387 74388 74389 78389 76389 78388 76388 77386 78387 76387
bot 221 223 9iatvpoi -1929396069 364388 52
owned 221 364388 364389 364390 364391 365391 363391 362391 362390 362389 362388 362387 362386 362385 362384 363384 364384 364385 364386 365386 365387 366387 366388 366389 366390 367389 367388 367387 367386 366386 366385 365385 365384 363385 361385 363386 361386 360386 360387 360388 360389 363387 361387 361388 361389 361390 365390 363390 365389 363389 364387 365388 363388
bot 222 224 zd9jsqbj 2059397859 111396 52
owned 222 111396 111397 111398 111399 112399 110399 109399 109398 109397 109396 109395 109394 109393 109392 110392 111392 111393 111394 112394 112395 113395 113396 113397 113398 114397 114396 114395 114394 113394 113393 112393 112392 110393 108393 110394 108394 107394 107395 107396 107397 110395 108395 108396 108397 108398 112398 110398 112397 110397 111395 112396 110396
bot 223 225 zw1dwnig 2130295049 316159 52
owned 223 316159 316160 316161 316162 317162 315162 314162 314161 314160 314159 314158 314157 314156 314155 315155 316155 316156 316157 317157 317158 318158 318159 318160 318161 319160 319159 319158 319157 318157 318156 317156 317155 315156 313156 315157 313157 312157 312158 312159 312160 315158 313158 313159 313160 313161 317161 315161 317160 315160 316158 317159 315159
bot 224 226 be5xt98q 295200808 475405 52
owned 224 475405 475406 475407 475408 476408 474408 473408 473407 473406 473405 473404 473403 473402 473401 474401 475401 475402 475403 476403 476404 477404 477405 477406 477407 478406 478405 478404 478403 477403 477402 476402 476401 474402 472402 474403 472403 471403 471404 471405 471406 474404 472404 472405 472406 472407 476407 474407 476406 474406 475404 476405 474405
bot 225 227 522b0ju8 1051917806 18556 52
owned 225 18556 18557 18558 18559 19559 17559 16559 16558 16557 16556 16555 16554 16553 16552 17552 18552 18553 18554 19554 19555 20555 20556 20557 20558 21557 21556 21555 21554 20554 20553 19553 19552 17553 15553 17554 15554 14554 14555 14556 14557 17555 15555 15556 15557 15558 19558 17558 19557 17557 18555 19556 17556
bot 226 228 ibxwtyy7 1581729417 222243 52
owned 226 222243 222244 222245 222246 223246 221246 220246 220245 220244 220243 220242 220241 220240 220239 221239 222239 222240 222241 223241 223242 224242 224243 224244 224245 225244 225243 225242 225241 224241 224240 223240 223239 221240 219240 221241 219241 218241 218242 218243 218244 221242 219242 219243 219244 219245 223245 221245 223244 221244 222242 223243 221243
bot 227 229 zjhashkb 754389657 472343 52
owned 227 472343 472344 472345 472346 473346 471346 470346 470345 470344 470343 470342 470341 470340 470339 471339 472339 472340 472341 473341 473342 474342 474343 474344 474345 475344 475343 475342 475341 474341 474340 473340 473339 471340 469340 471341 469341 468341 468342 468343 468344 471342 469342 469343 469344 469345 473345 471345 473344 471344 472342 473343 471343
bot 228 230 89ttdia6 1515667583 520229 52
owned 228 520229 520230 520231 520232 521232 519232 518232 518231 518230 518229 518228 518227 518226 518225 519225 520225 520226 520227 521227 521228 522228 522229 522230 522231 523230 523229 523228 523227 522227 522226 521226 521225 519226 517226 519227 517227 516227 516228 516229 516230 519228 517228 517229 517230 517231 521231 519231 521230 519230 520228 521229 519229
bot 229 231 6o2o0nvl 1109887534 877588 52
owned 229 877588 877589 877590 877591 878591 876591 875591 875590 875589 875588 875587 875586 875585 875584 876584 877584 877585 877586 878586 878587 879587 879588 879589 879590 880589 880588 880587 880586 879586 879585 878585 878584 876585 874585 876586 874586 873586 873587 873588 873589 876587 874587 874588 874589 874590 878590 876590 878589 876589 877587 878588 876588
bot 230 232 xldl70se 1508905245 722355 52
owned 230 722355 722356 722357 722358 723358 721358 720358 720357 720356 720355 720354 720353 720352 720351 721351 722351 722352 722353 723353 723354 724354 724355 724356 724357 725356 725355 725354 725353 724353 724352 723352 723351 721352 719352 721353 719353 718353 718354 718355 718356 721354 719354 719355 719356 719357 723357 721357 723356 721356 722354 723355 721355
bot 231 233 qrwgzvzz 1194261553 94233 52
owned 231 94233 94234 94235 94236 95236 93236 92236 92235 92234 92233 92232 92231 92230 92229 93229 94229 94230 94231 95231 95232 96232 96233 96234 96235 97234 97233 97232 97231 96231 96230 95230 95229 93230 91230 93231 91231 90231 90232 90233 90234 93232 91232 91233 91234 91235 95235 93235 95234 93234 94232 95233 93233
bot 232 234 h711p697 635026801 199457 52
owned 232 199457 199458 199459 199460 200460 198460 197460 197459 197458 197457 197456 197455 197454 197453 198453 199453 199454 199455 200455 200456 201456 201457 201458 201459 202458 202457 202456 202455 201455 201454 200454 200453 198454 196454 198455 196455 195455 195456 195457 195458 198456 196456 196457 196458 196459 200459 198459 200458 198458 199456 200457 198457
bot 233 235 g4ulqqm0 1702459915 258671 52
owned 233 258671 258672 258673 258674 259674 257674 256674 256673 256672 256671 256670 256669 256668 256667 257667 258667 258668 258669 259669 259670 260670 260671 260672 260673 261672 261671 261670 261669 260669 260668 259668 259667 257668 255668 257669 255669 254669 254670 254671 254672 257670 255670 255671 255672 255673 259673 257673 259672 257672 258670 259671 257671
bot 234 236 v18jrx10 1959076822 314295 52
owned 234 314295 314296 314297 314298 315298 313298 312298 312297 312296 312295 312294 312293 312292 312291 313291 314291 314292 314293 315293 315294 316294 316295 316296 316297 317296 317295 317294 317293 316293 316292 315292 315291 313292 311292 313293 311293 310293 310294 310295 310296 313294 311294 311295 311296 311297 315297 313297 315296 313296 314294 315295 313295
bot 235 237 8sd3i7p8 933279620 800506 52
owned 235 800506 800507 800508 800509 801509 799509 798509 798508 798507 798506 798505 798504 798503 798502 799502 800502 800503 800504 801504 801505 802505 802506 802507 802508 803507 803506 803505 803504 802504 802503 801503 801502 799503 797503 799504 797504 796504 796505 796506 796507 799505 797505 797506 797507 797508 801508 799508 801507 799507 800505 801506 799506
bot 236 238 l5o27mtm -2040527415 670285 52
owned 236 670285 670286 670287 670288 671288 669288 668288 668287 668286 668285 668284 668283 668282 668281 669281 670281 670282 670283 671283 671284 672284 672285 672286 672287 673286 673285 673284 673283 672283 672282 671282 671281 669282 667282 669283 667283 666283 666284 666285 666286 669284 667284 667285 667286 667287 671287 669287 671286 669286 670284 671285 669285
bot 237 239 b6f6r0t2 1867439652 335665 52
owned 237 335665 335666 335667 335668 336668 334668 333668 333667 333666 333665 333664 333663 333662 333661 334661 335661 335662 335663 336663 336664 337664 337665 337666 337667 338666 338665 338664 338663 337663 337662 336662 336661 334662 332662 334663 332663 331663 331664 331665 331666 334664 332664 332665 332666 332667 336667 334667 336666 334666 335664 336665 334665
bot 238 240 7j5a3pfw 1958254263 818292 52
owned 238 818292 818293 818294 818295 819295 817295 816295 816294 816293 816292 816291 816290 816289 816288 817288 818288 818289 818290 819290 819291 820291 820292 820293 820294 821293 821292 821291 821290 820290 820289 819289 819288 817289 815289 817290 815290 814290 814291 814292 814293 817291 815291 815292 815293 815294 819294 817294 819293 817293 818291 819292 817292
bot 239 241 m5sg1z4l 348334567 454253 52
owned 239 454253 454254 454255 454256 455256 453256 452256 452255 452254 452253 452252 452251 452250 452249 453249 454249 454250 454251 455251 455252 456252 456253 456254 456255 457254 457253 457252 457251 456251 456250 455250 455249 453250 451250 453251 451251 450251 450252 450253 450254 453252 451252 451253 451254 451255 455255 453255 455254 453254 454252 455253 453253
bot 240 242 ehpglvfz 1269450044 655426 52
owned 240 655426 655427 655428 655429 656429 654429 653429 653428 653427 653426 653425 653424 653423 653422 654422 655422 655423 655424 656424 656425 657425 657426 657427 657428 658427 658426 658425 658424 657424 657423 656423 656422 654423 652423 654424 652424 651424 651425 651426 651427 654425 652425 652426 652427 652428 656428 654428 656427 654427 655425 656426 654426
bot 241 243 wu3zthbo 947178302 377624 52
owned 241 377624 377625 377626 377627 378627 376627 375627 375626 375625 375624 375623 375622 375621 375620 376620 377620 377621 377622 378622 378623 379623 379624 379625 379626 380625 380624 380623 380622 379622 379621 378621 378620 376621 374621 376622 374622 373622 373623 373624 373625 376623 374623 374624 374625 374626 378626 376626 378625 376625 377623 378624 376624
bot 242 244 yeh875u5 1617155050 774527 52
owned 242 774527 774528 774529 774530 775530 773530 772530 772529 772528 772527 772526 772525 772524 772523 773523 774523 774524 774525 775525 775526 776526 776527 776528 776529 777528 777527 777526 777525 776525 776524 775524 775523 773524 771524 773525 771525 770525 770526 770527 770528 773526 771526 771527 771528 771529 775529 773529 775528 773528 774526 775527 773527
bot 243 245 8nuwzyn1 1340793310 169362 52
owned 243 169362 169363 169364 169365 170365 168365 167365 167364 167363 167362 167361 167360 167359 167358 168358 169358 169359 169360 170360 170361 171361 171362 171363 171364 172363 172362 172361 172360 171360 171359 170359 170358 168359 166359 168360 166360 165360 165361 165362 165363 168361 166361 166362 166363 166364 170364 168364 170363 168363 169361 170362 168362
bot 244 246 t0zwn9eb 959178531 656528 52
owned 244 656528 656529 656530 656531 657531 655531 654531 654530 654529 654528 654527 654526 654525 654524 655524 656524 656525 656526 657526 657527 658527 658528 658529 658530 659529 659528 659527 659526 658526 658525 657525 657524 655525 653525 655526 653526 652526 652527 652528 652529 655527 653527 653528 653529 653530 657530 655530 657529 655529 656527 657528 655528
bot 245 247 8zjwwdck 1655577600 636238 52
owned 245 636238 636239 636240 636241 637241 635241 634241 634240 634239 634238 634237 634236 634235 634234 635234 636234 636235 636236 637236 637237 638237 638238 638239 638240 639239 639238 639237 639236 638236 638235 637235 637234 635235 633235 635236 633236 632236 632237 632238 632239 635237 633237 633238 633239 633240 637240 635240 637239 635239 636237 637238 635238
bot 246 248 jwrhd5ij 1879101561 837354 52
owned 246 837354 837355 837356 837357 838357 836357 835357 835356 835355 835354 835353 835352 835351 835350 836350 837350 837351 837352 838352 838353 839353 839354 839355 839356 840355 840354 840353 840352 839352 839351 838351 838350 836351 834351 836352 834352 833352 833353 833354 833355 836353 834353 834354 834355 834356 838356 836356 838355 836355 837353 838354 836354
bot 247 249 jyb8rp14 1589264510 182429 52
owned 247 182429 182430 182431 182432 183432 181432 180432 180431 180430 180429 180428 180427 180426 180425 181425 182425 182426 182427 183427 183428 184428 184429 184430 184431 185430 185429 185428 185427 184427 184426 183426 183425 181426 179426 181427 179427 178427 178428 178429 178430 181428 179428 179429 179430 179431 183431 181431 183430 181430 182428 183429 181429
bot 248 250 wl7sxu3v 236594675 868319 52
owned 248 868319 868320 868321 868322 869322 867322 866322 866321 866320 866319 866318 866317 866316 866315 867315 868315 868316 868317 869317 869318 870318 870319 870320 870321 871320 871319 871318 871317 870317 870316 869316 869315 867316 865316 867317 865317 864317 864318 864319 864320 867318 865318 865319 865320 865321 869321 867321 869320 867320 868318 869319 867319
bot 249 251 y0r0fu1j 1129846919 529322 52
owned 249 529322 529323 529324 529325 530325 528325 527325 527324 527323 527322 527321 527320 527319 527318 528318 529318 529319 529320 530320 530321 531321 531322 531323 531324 532323 532322 532321 532320 531320 531319 530319 530318 528319 526319 528320 526320 525320 525321 525322 525323 528321 526321 526322 526323 526324 530324 528324 530323 528323 529321 530322 528322
bot 250 252 kneohbbr 882688749 582551 52
owned 250 582551 582552 582553 582554 583554 581554 580554 580553 580552 580551 580550 580549 580548 580547 581547 582547 582548 582549 583549 583550 584550 584551 584552 584553 585552 585551 585550 585549 584549 584548 583548 583547 581548 579548 581549 579549 578549 578550 578551 578552 581550 579550 579551 579552 579553 583553 581553 583552 581552 582550 583551 581551
bot 251 253 qc8m814x 1480004544 162333 52
owned 251 162333 162334 162335 162336 163336 161336 160336 160335 160334 160333 160332 160331 160330 160329 161329 162329 162330 162331 163331 163332 164332 164333 164334 164335 165334 165333 165332 165331 164331 164330 163330 163329 161330 159330 161331 159331 158331 158332 158333 158334 161332 159332 159333 159334 159335 163335 161335 163334 161334 162332 163333 161333
bot 252 254 ix3jngmf 1224131180 532133 52
owned 252 532133 532134 532135 532136 533136 531136 530136 530135 530134 530133 530132 530131 530130 530129 531129 532129 532130 532131 533131 533132 534132 534133 534134 534135 535134 535133 535132 535131 534131 534130 533130 533129 531130 529130 531131 529131 528131 528132 528133 528134 531132 529132 529133 529134 529135 533135 531135 533134 531134 532132 533133 531133
bot 253 255 9mzpcgft -1962888896 532457 52
owned 253 532457 532458 532459 532460 533460 531460 530460 530459 530458 530457 530456 530455 530454 530453 531453 532453 532454 532455 533455 533456 534456 534457 534458 534459 535458 535457 535456 535455 534455 534454 533454 533453 531454 529454 531455 529455 528455 528456 528457 528458 531456 529456 529457 529458 529459 533459 531459 533458 531458 532456 533457 531457
bot 254 256 l5z5w588 1934897762 788761 52
owned 254 788761 788762 788763 788764 789764 787764 786764 786763 786762 786761 786760 786759 786758 786757 787757 788757 788758 788759 789759 789760 790760 790761 790762 790763 791762 791761 791760 791759 790759 790758 789758 789757 787758 785758 787759 785759 784759 784760 784761 784762 787760 785760 785761 785762 785763 789763 787763 789762 787762 788760 789761 787761
bot 255 257 pt0jqntf 1250199287 670671 52
owned 255 670671 670672 670673 670674 671674 669674 668674 668673 668672 668671 668670 668669 668668 668667 669667 670667 670668 670669 671669 671670 672670 672671 672672 672673 673672 673671 673670 673669 672669 672668 671668 671667 669668 667668 669669 667669 666669 666670 666671 666672 669670 667670 667671 667672 667673 671673 669673 671672 669672 670670 671671 669671
bot 256 258 2e8alk85 2137343212 872368 52
owned 256 872368 872369 872370 872371 873371 871371 870371 870370 870369 870368 870367 870366 870365 870364 871364 872364 872365 872366 873366 873367 874367 874368 874369 874370 875369 875368 875367 875366 874366 874365 873365 873364 871365 869365 871366 869366 868366 868367 868368 868369 871367 869367 869368 869369 869370 873370 871370 873369 871369 872367 873368 871368
bot 257 259 hwe3kfal -2027389305 450178 52
owned 257 450178 450179 450180 450181 451181 449181 448181 448180 448179 448178 448177 448176 448175 448174 449174 450174 450175 450176 451176 451177 452177 452178 452179 452180 453179 453178 453177 453176 452176 452175 451175 451174 449175 447175 449176 447176 446176 446177 446178 446179 449177 447177 447178 447179 447180 451180 449180 451179 449179 450177 451178 449178
bot 258 260 47li627l 1118737045 296664 52
owned 258 296664 296665 296666 296667 297667 295667 294667 294666 294665 294664 294663 294662 294661 294660 295660 296660 296661 296662 297662 297663 298663 298664 298665 298666 299665 299664 299663 299662 298662 298661 297661 297660 295661 293661 295662 293662 292662 292663 292664 292665 295663 293663 293664 293665 293666 297666 295666 297665 295665 296663 297664 295664
bot 259 261 3asdumaj -2042581532 827444 52
owned 259 827444 827445 827446 827447 828447 826447 825447 825446 825445 825444 825443 825442 825441 825440 826440 827440 827441 827442 828442 828443 829443 829444 829445 829446 830445 830444 830443 830442 829442 829441 828441 828440 826441 824441 826442 824442 823442 823443 823444 823445 826443 824443 824444 824445 824446 828446 826446 828445 826445 827443 828444 826444
bot 260 262 l75txeu7 2077042187 274525 52
owned 260 274525 274526 274527 274528 275528 273528 272528 272527 272526 272525 272524 272523 272522 272521 273521 274521 274522 274523 275523 275524 276524 276525 276526 276527 277526 277525 277524 277523 276523 276522 275522 275521 273522 271522 273523 271523 270523 270524 270525 270526 273524 271524 271525 271526 271527 275527 273527 275526 273526 274524 275525 273525
bot 261 263 tbcz7mf1 255526794 790730 52
owned 261 790730 790731 790732 790733 791733 789733 788733 788732 788731 788730 788729 788728 788727 788726 789726 790726 790727 790728 791728 791729 792729 792730 792731 792732 793731 793730 793729 793728 792728 792727 791727 791726 789727 787727 789728 787728 786728 786729 786730 786731 789729 787729 787730 787731 787732 791732 789732 791731 789731 790729 791730 789730
bot 262 264 o1ilw638 692382587 672323 52
owned 262 672323 672324 672325 672326 673326 671326 670326 670325 670324 670323 670322 670321 670320 670319 671319 672319 672320 672321 673321 673322 674322 674323 674324 674325 675324 675323 675322 675321 674321 674320 673320 673319 671320 669320 671321 669321 668321 668322 668323 668324 671322 669322 669323 669324 669325 673325 671325 673324 671324 672322 673323 671323
bot 263 265 la4ytzgl 1260745833 502562 52
owned 263 502562 502563 502564 502565 503565 501565 500565 500564 500563 500562 500561 500560 500559 500558 501558 502558 502559 502560 503560 503561 504561 504562 504563 504564 505563 505562 505561 505560 504560 504559 503559 503558 501559 499559 501560 499560 498560 498561 498562 498563 501561 499561 499562 499563 499564 503564 501564 503563 501563 502561 503562 501562
bot 264 266 in2bq49j 1545211963 644265 52
owned 264 644265 644266 644267 644268 645268 643268 642268 642267 642266 642265 642264 642263 642262 642261 643261 644261 644262 644263 645263 645264 646264 646265 646266 646267 647266 647265 647264 647263 646263 646262 645262 645261 643262 641262 643263 641263 640263 640264 640265 640266 643264 641264 641265 641266 641267 645267 643267 645266 643266 644264 645265 643265
bot 265 267 5irnw7ij 276056243 344354 52
owned 265 344354 344355 344356 344357 345357 343357 342357 342356 342355 342354 342353 342352 342351 342350 343350 344350 344351 344352 345352 345353 346353 346354 346355 346356 347355 347354 347353 347352 346352 346351 345351 345350 343351 341351 343352 341352 340352 340353 340354 340355 343353 341353 341354 341355 341356 345356 343356 345355 343355 344353 345354 343354
bot 266 268 noxeflvy 1919430651 566446 52
owned 266 566446 566447 566448 566449 567449 565449 564449 564448 564447 564446 564445 564444 564443 564442 565442 566442 566443 566444 567444 567445 568445 568446 568447 568448 569447 569446 569445 569444 568444 568443 567443 567442 565443 563443 565444 563444 562444 562445 562446 562447 565445 563445 563446 563447 563448 567448 565448 567447 565447 566445 567446 565446
bot 267 269 8gn7568f 1284878845 346242 52
owned 267 346242 346243 346244 346245 347245 345245 344245 344244 344243 344242 344241 344240 344239 344238 345238 346238 346239 346240 347240 347241 348241 348242 348243 348244 349243 349242 349241 349240 348240 348239 347239 347238 345239 343239 345240 343240 342240 342241 342242 342243 345241 343241 343242 343243 343244 347244 345244 347243 345243 346241 347242 345242
bot 268 270 5c1omdu5 1575113319 86495 52
owned 268 86495 86496 86497 86498 87498 85498 84498 84497 84496 84495 84494 84493 84492 84491 85491 86491 86492 86493 87493 87494 88494 88495 88496 88497 89496 89495 89494 89493 88493 88492 87492 87491 85492 83492 85493 83493 82493 82494 82495 82496 85494 83494 83495 83496 83497 87497 85497 87496 85496 86494 87495 85495
bot 269 271 yc2b3pvx 604443755 897456 52
owned 269 897456 897457 897458 897459 898459 896459 895459 895458 895457 895456 895455 895454 895453 895452 896452 897452 897453 897454 898454 898455 899455 899456 899457 899458 900457 900456 900455 900454 899454 899453 898453 898452 896453 894453 896454 894454 893454 893455 893456 893457 896455 894455 894456 894457 894458 898458 896458 898457 896457 897455 898456 896456
bot 270 272 lml55dcl 564423046 830319 52
owned 270 830319 830320 830321 830322 831322 829322 828322 828321 828320 828319 828318 828317 828316 828315 829315 830315 830316 830317 831317 831318 832318 832319 832320 832321 833320 833319 833318 833317 832317 832316 831316 831315 829316 827316 829317 827317 826317 826318 826319 826320 829318 827318 827319 827320 827321 831321 829321 831320 829320 830318 831319 829319
bot 271 273 1o5etbis 1064436554 593513 52
owned 271 593513 593514 593515 593516 594516 592516 591516 591515 591514 591513 591512 591511 591510 591509 592509 593509 593510 593511 594511 594512 595512 595513 595514 595515 596514 596513 596512 596511 595511 595510 594510 594509 592510 590510 592511 590511 589511 589512 589513 589514 592512 590512 590513 590514 590515 594515 592515 594514 592514 593512 594513 592513
bot 272 274 bulnhjw5 1566032591 720620 52
owned 272 720620 720621 720622 720623 721623 719623 718623 718622 718621 718620 718619 718618 718617 718616 719616 720616 720617 720618 721618 721619 722619 722620 722621 722622 723621 723620 723619 723618 722618 722617 721617 721616 719617 717617 719618 717618 716618 716619 716620 716621 719619 717619 717620 717621 717622 721622 719622 721621 719621 720619 721620 719620
bot 273 275 c6y4cfry 863565244 128747 52
owned 273 128747 128748 128749 128750 129750 127750 126750 126749 126748 126747 126746 126745 126744 126743 127743 128743 128744 128745 129745 129746 130746 130747 130748 130749 131748 131747 131746 131745 130745 130744 129744 129743 127744 125744 127745 125745 124745 124746 124747 124748 127746 125746 125747 125748 125749 129749 127749 129748 127748 128746 129747 127747
bot 274 276 kbpw8sak 2119546823 621593 52
owned 274 621593 621594 621595 621596 622596 620596 619596 619595 619594 619593 619592 619591 619590 619589 620589 621589 621590 621591 622591 622592 623592 623593 623594 623595 624594 624593 624592 624591 623591 623590 622590 622589 620590 618590 620591 618591 617591 617592 617593 617594 620592 618592 618593 618594 618595 622595 620595 622594 620594 621592 622593 620593
bot 275 277 65e8qmsr -2139027305 450311 52
owned 275 450311 450312 450313 450314 451314 449314 448314 448313 448312 448311 448310 448309 448308 448307 449307 450307 450308 450309 451309 451310 452310 452311 452312 452313 453312 453311 453310 453309 452309 452308 451308 451307 449308 447308 449309 447309 446309 446310 446311 446312 449310 447310 447311 447312 447313 451313 449313 451312 449312 450310 451311 449311
bot 276 278 furhe0mp 1722812567 656650 52
owned 276 656650 656651 656652 656653 657653 655653 654653 654652 654651 654650 654649 654648 654647 654646 655646 656646 656647 656648 657648 657649 658649 658650 658651 658652 659651 659650 659649 659648 658648 658647 657647 657646 655647 653647 655648 653648 652648 652649 652650 652651 655649 653649 653650 653651 653652 657652 655652 657651 655651 656649 657650 655650
bot 277 279 92npvjrt 1165988245 472164 52
owned 277 472164 472165 472166 472167 473167 471167 470167 470166 470165 470164 470163 470162 470161 470160 471160 472160 472161 472162 473162 473163 474163 474164 474165 474166 475165 475164 475163 475162 474162 474161 473161 473160 471161 469161 471162 469162 468162 468163 468164 468165 471163 469163 469164 469165 469166 473166 471166 473165 471165 472163 473164 471164
bot 278 280 c56xdfdl -1969221818 153388 52
owned 278 153388 153389 153390 153391 154391 152391 151391 151390 151389 151388 151387 151386 151385 151384 152384 153384 153385 153386 154386 154387 155387 155388 155389 155390 156389 156388 156387 156386 155386 155385 154385 154384 152385 150385 152386 150386 149386 149387 149388 149389 152387 150387 150388 150389 150390 154390 152390 154389 152389 153387 154388 152388
bot 279 281 jul4zb4e 561489496 318510 52
owned 279 318510 318511 318512 318513 319513 317513 316513 316512 316511 316510 316509 316508 316507 316506 317506 318506 318507 318508 319508 319509 320509 320510 320511 320512 321511 321510 321509 321508 320508 320507 319507 319506 317507 315507 317508 315508 314508 314509 314510 314511 317509 315509 315510 315511 315512 319512 317512 319511 317511 318509 319510 317510
bot 280 282 mpuzdlvw 997570901 890663 52
owned 280 890663 890664 890665 890666 891666 889666 888666 888665 888664 888663 888662 888661 888660 888659 889659 890659 890660 890661 891661 891662 892662 892663 892664 892665 893664 893663 893662 893661 892661 892660 891660 891659 889660 887660 889661 887661 886661 886662 886663 886664 889662 887662 887663 887664 887665 891665 889665 891664 889664 890662 891663 889663
bot 281 283 plrlx715 -2131230421 283479 52
owned 281 283479 283480 283481 283482 284482 282482 281482 281481 281480 281479 281478 281477 281476 281475 282475 283475 283476 283477 284477 284478 285478 285479 285480 285481 286480 286479 286478 286477 285477 285476 284476 284475 282476 280476 282477 280477 279477 279478 279479 279480 282478 280478 280479 280480 280481 284481 282481 284480 282480 283478 284479 282479
bot 282 284 yl9vsjpk 986070082 547507 52
owned 282 547507 547508 547509 547510 548510 546510 545510 545509 545508 545507 545506 545505 545504 545503 546503 547503 547504 547505 548505 548506 549506 549507 549508 549509 550508 550507 550506 550505 549505 549504 548504 548503 546504 544504 546505 544505 543505 543506 543507 543508 546506 544506 544507 544508 544509 548509 546509 548508 546508 547506 548507 546507
bot 283 285 mkfgkn7r 408244129 50422 52
owned 283 50422 50423 50424 50425 51425 49425 48425 48424 48423 48422 48421 48420 48419 48418 49418 50418 50419 50420 51420 51421 52421 52422 52423 52424 53423 53422 53421 53420 52420 52419 51419 51418 49419 47419 49420 47420 46420 46421 46422 46423 49421 47421 47422 47423 47424 51424 49424 51423 49423 50421 51422 49422
bot 284 286 v5nlafkw 1980026422 621468 52
owned 284 621468 621469 621470 621471 622471 620471 619471 619470 619469 619468 619467 619466 619465 619464 620464 621464 621465 621466 622466 622467 623467 623468 623469 623470 624469 624468 624467 624466 623466 623465 622465 622464 620465 618465 620466 618466 617466 617467 617468 617469 620467 618467 618468 618469 618470 622470 620470 622469 620469 621467 622468 620468
bot 285 287 2p3gb961 1102687968 869436 52
owned 285 869436 869437 869438 869439 870439 868439 867439 867438 867437 867436 867435 867434 867433 867432 868432 869432 869433 869434 870434 870435 871435 871436 871437 871438 872437 872436 872435 872434 871434 871433 870433 870432 868433 866433 868434 866434 865434 865435 865436 865437 868435 866435 866436 866437 866438 870438 868438 870437 868437 869435 870436 868436
bot 286 288 uc4jshlt 1527277285 949584 52
owned 286 949584 949585 949586 949587 950587 948587 947587 947586 947585 947584 947583 947582 947581 947580 948580 949580 949581 949582 950582 950583 951583 951584 951585 951586 952585 952584 952583 952582 951582 951581 950581 950580 948581 946581 948582 946582 945582 945583 945584 945585 948583 946583 946584 946585 946586 950586 948586 950585 948585 949583 950584 948584
bot 287 289 6xdips73 1935311914 247487 52
owned 287 247487 247488 247489 247490 248490 246490 245490 245489 245488 245487 245486 245485 245484 245483 246483 247483 247484 247485 248485 248486 249486 249487 249488 249489 250488 250487 250486 250485 249485 249484 248484 248483 246484 244484 246485 244485 243485 243486 243487 243488 246486 244486 244487 244488 244489 248489 246489 248488 246488 247486 248487 246487
bot 288 290 fqxqj0bu 2093449639 568191 52
owned 288 568191 568192 568193 568194 569194 567194 566194 566193 566192 566191 566190 566189 566188 566187 567187 568187 568188 568189 569189 569190 570190 570191 570192 570193 571192 571191 571190 571189 570189 570188 569188 569187 567188 565188 567189 565189 564189 564190 564191 564192 567190 565190 565191 565192 565193 569193 567193 569192 567192 568190 569191 567191
bot 289 291 yen0iwte 1451215319 639338 52
owned 289 639338 639339 639340 639341 640341 638341 637341 637340 637339 637338 637337 637336 637335 637334 638334 639334 639335 639336 640336 640337 641337 641338 641339 641340 642339 642338 642337 642336 641336 641335 640335 640334 638335 636335 638336 636336 635336 635337 635338 635339 638337 636337 636338 636339 636340 640340 638340 640339 638339 639337 640338 638338
bot 290 292 77ucsgzt -1988775040 305643 52
owned 290 305643 305644 305645 305646 306646 304646 303646 303645 303644 303643 303642 303641 303640 303639 304639 305639 305640 305641 306641 306642 307642 307643 307644 307645 308644 308643 308642 308641 307641 307640 306640 306639 304640 302640 304641 302641 301641 301642 301643 301644 304642 302642 302643 302644 302645 306645 304645 306644 304644 305642 306643 304643
bot 291 293 4c1d18ro 626168222 734638 52
owned 291 734638 734639 734640 734641 735641 733641 732641 732640 732639 732638 732637 732636 732635 732634 733634 734634 734635 734636 735636 735637 736637 736638 736639 736640 737639 737638 737637 737636 736636 736635 735635 735634 733635 731635 733636 731636 730636 730637 730638 730639 733637 731637 731638 731639 731640 735640 733640 735639 733639 734637 735638 733638
bot 292 294 bz5je7hx 1739532339 225132 52
owned 292 225132 225133 225134 225135 226135 224135 223135 223134 223133 223132 223131 223130 223129 223128 224128 225128 225129 225130 226130 226131 227131 227132 227133 227134 228133 228132 228131 228130 227130 227129 226129 226128 224129 222129 224130 222130 221130 221131 221132 221133 224131 222131 222132 222133 222134 226134 224134 226133 224133 225131 226132 224132
bot 293 295 fn7ax8sx -1958728051 148447 52
owned 293 148447 148448 148449 148450 149450 147450 146450 146449 146448 146447 146446 146445 146444 146443 147443 148443 148444 148445 149445 149446 150446 150447 150448 150449 151448 151447 151446 151445 150445 150444 149444 149443 147444 145444 147445 145445 144445 144446 144447 144448 147446 145446 145447 145448 145449 149449 147449 149448 147448 148446 149447 147447
bot 294 296 owdtos2u 1613878371 397283 52
owned 294 397283 397284 397285 397286 398286 396286 395286 395285 395284 395283 395282 395281 395280 395279 396279 397279 397280 397281 398281 398282 399282 399283 399284 399285 400284 400283 400282 400281 399281 399280 398280 398279 396280 394280 396281 394281 393281 393282 393283 393284 396282 394282 394283 394284 394285 398285 396285 398284 396284 397282 398283 396283
bot 295 297 f33f3rln 1470202053 360313 52
owned 295 360313 360314 360315 360316 361316 359316 358316 358315 358314 358313 358312 358311 358310 358309 359309 360309 360310 360311 361311 361312 362312 362313 362314 362315 363314 363313 363312 363311 362311 362310 361310 361309 359310 357310 359311 357311 356311 356312 356313 356314 359312 357312 357313 357314 357315 361315 359315 361314 359314 360312 361313 359313
bot 296 298 shy7v4eo 333923945 350409 52
owned 296 350409 350410 350411 350412 351412 349412 348412 348411 348410 348409 348408 348407 348406 348405 349405 350405 350406 350407 351407 351408 352408 352409 352410 352411 353410 353409 353408 353407 352407 352406 351406 351405 349406 347406 349407 347407 346407 346408 346409 346410 349408 347408 347409 347410 347411 351411 349411 351410 349410 350408 351409 349409
bot 297 299 qi05x4jp 728788965 137467 52
owned 297 137467 137468 137469 137470 138470 136470 135470 135469 135468 135467 135466 135465 135464 135463 136463 137463 137464 137465 138465 138466 139466 139467 139468 139469 140468 140467 140466 140465 139465 139464 138464 138463 136464 134464 136465 134465 133465 133466 133467 133468 136466 134466 134467 134468 134469 138469 136469 138468 136468 137466 138467 136467
bot 298 300 rtwhvg9g 417899862 250424 52
owned 298 250424 250425 250426 250427 251427 249427 248427 248426 248425 248424 248423 248422 248421 248420 249420 250420 250421 250422 251422 251423 252423 252424 252425 252426 253425 253424 253423 253422 252422 252421 251421 251420 249421 247421 249422 247422 246422 246423 246424 246425 249423 247423 247424 247425 247426 251426 249426 251425 249425 250423 251424 249424
bot 299 301 xebmdu02 1260056271 239345 52
owned 299 239345 239346 239347 239348 240348 238348 237348 237347 237346 237345 237344 237343 237342 237341 238341 239341 239342 239343 240343 240344 241344 241345 241346 241347 242346 242345 242344 242343 241343 241342 240342 240341 238342 236342 238343 236343 235343 235344 235345 235346 238344 236344 236345 236346 236347 240347 238347 240346 238346 239344 240345 238345
bot 300 302 minv0qzi 1572112624 915588 52
owned 300 915588 915589 915590 915591 916591 914591 913591 913590 913589 913588 913587 913586 913585 913584 914584 915584 915585 915586 916586 916587 917587 917588 917589 917590 918589 918588 918587 918586 917586 917585 916585 916584 914585 912585 914586 912586 911586 911587 911588 911589 914587 912587 912588 912589 912590 916590 914590 916589 914589 915587 916588 914588
bot 301 303 s3tsi6x9 231384593 560576 52
owned 301 560576 560577 560578 560579 561579 559579 558579 558578 558577 558576 558575 558574 558573 558572 559572 560572 560573 560574 561574 561575 562575 562576 562577 562578 563577 563576 563575 563574 562574 562573 561573 561572 559573 557573 559574 557574 556574 556575 556576 556577 559575 557575 557576 557577 557578 561578 559578 561577 559577 560575 561576 559576
bot 302 304 k4ol3ovv 536339554 141787 52
owned 302 141787 141788 141789 141790 142790 140790 139790 139789 139788 139787 139786 139785 139784 139783 140783 141783 141784 141785 142785 142786 143786 143787 143788 143789 144788 144787 144786 144785 143785 143784 142784 142783 140784 138784 140785 138785 137785 137786 137787 137788 140786 138786 138787 138788 138789 142789 140789 142788 140788 141786 142787 140787
bot 303 305 my4alddo 1935066024 695359 52
owned 303 695359 695360 695361 695362 696362 694362 693362 693361 693360 693359 693358 693357 693356 693355 694355 695355 695356 695357 696357 696358 697358 697359 697360 697361 698360 698359 698358 698357 697357 697356 696356 696355 694356 692356 694357 692357 691357 691358 691359 691360 694358 692358 692359 692360 692361 696361 694361 696360 694360 695358 696359 694359
bot 304 306 j2kjyzt1 573024905 400132 52
owned 304 400132 400133 400134 400135 401135 399135 398135 398134 398133 398132 398131 398130 398129 398128 399128 400128 400129 400130 401130 401131 402131 402132 402133 402134 403133 403132 403131 403130 402130 402129 401129 401128 399129 397129 399130 397130 396130 396131 396132 396133 399131 397131 397132 397133 397134 401134 399134 401133 399133 400131 401132 399132
bot 305 307 x5ff4utp 1716176702 735441 52
owned 305 735441 735442 735443 735444 736444 734444 733444 733443 733442 733441 733440 733439 733438 733437 734437 735437 735438 735439 736439 736440 737440 737441 737442 737443 738442 738441 738440 738439 737439 737438 736438 736437 734438 732438 734439 732439 731439 731440 731441 731442 734440 732440 732441 732442 732443 736443 734443 736442 734442 735440 736441 734441
bot 306 308 lokk2xdf -1934366033 111198 52
owned 306 111198 111199 111200 111201 112201 110201 109201 109200 109199 109198 109197 109196 109195 109194 110194 111194 111195 111196 112196 112197 113197 113198 113199 113200 114199 114198 114197 114196 113196 113195 112195 112194 110195 108195 110196 108196 107196 107197 107198 107199 110197 108197 108198 108199 108200 112200 110200 112199 110199 111197 112198 110198
bot 307 309 sylg30cf 1985369573 160421 52
owned 307 160421 160422 160423 160424 161424 159424 158424 158423 158422 158421 158420 158419 158418 158417 159417 160417 160418 160419 161419 161420 162420 162421 162422 162423 163422 163421 163420 163419 162419 162418 161418 161417 159418 157418 159419 157419 156419 156420 156421 156422 159420 157420 157421 157422 157423 161423 159423 161422 159422 160420 161421 159421
bot 308 310 sahbcu7b 2042478409 367451 52
owned 308 367451 367452 367453 367454 368454 366454 365454 365453 365452 365451 365450 365449 365448 365447 366447 367447 367448 367449 368449 368450 369450 369451 369452 369453 370452 370451 370450 370449 369449 369448 368448 368447 366448 364448 366449 364449 363449 363450 363451 363452 366450 364450 364451 364452 364453 368453 366453 368452 366452 367450 368451 366451
bot 309 311 zuvsbbzm -1951051985 663385 52
owned 309 663385 663386 663387 663388 664388 662388 661388 661387 661386 661385 661384 661383 661382 661381 662381 663381 663382 663383 664383 664384 665384 665385 665386 665387 666386 666385 666384 666383 665383 665382 664382 664381 662382 660382 662383 660383 659383 659384 659385 659386 662384 660384 660385 660386 660387 664387 662387 664386 662386 663384 664385 662385
bot 310 312 n4n57mjy 764300918 469597 52
owned 310 469597 469598 469599 469600 470600 468600 467600 467599 467598 467597 467596 467595 467594 467593 468593 469593 469594 469595 470595 470596 471596 471597 471598 471599 472598 472597 472596 472595 471595 471594 470594 470593 468594 466594 468595 466595 465595 465596 465597 465598 468596 466596 466597 466598 466599 470599 468599 470598 468598 469596 470597 468597
bot 311 313 8s3w15kq 854902363 201617 52
owned 311 201617 201618 201619 201620 202620 200620 199620 199619 199618 199617 199616 199615 199614 199613 200613 201613 201614 201615 202615 202616 203616 203617 203618 203619 204618 204617 204616 204615 203615 203614 202614 202613 200614 198614 200615 198615 197615 197616 197617 197618 200616 198616 198617 198618 198619 202619 200619 202618 200618 201616 202617 200617
bot 312 314 a6z0gp5d 1697973799 643490 52
owned 312 643490 643491 643492 643493 644493 642493 641493 641492 641491 641490 641489 641488 641487 641486 642486 643486 643487 643488 644488 644489 645489 645490 645491 645492 646491 646490 646489 646488 645488 645487 644487 644486 642487 640487 642488 640488 639488 639489 639490 639491 642489 640489 640490 640491 640492 644492 642492 644491 642491 643489 644490 642490
bot 313 315 momzwuew 564874533 62504 52
owned 313 62504 62505 62506 62507 63507 61507 60507 60506 60505 60504 60503 60502 60501 60500 61500 62500 62501 62502 63502 63503 64503 64504 64505 64506 65505 65504 65503 65502 64502 64501 63501 63500 61501 59501 61502 59502 58502 58503 58504 58505 61503 59503 59504 59505 59506 63506 61506 63505 61505 62503 63504 61504
bot 314 316 swknlr19 256525071 802470 52
owned 314 802470 802471 802472 802473 803473 801473 800473 800472 800471 800470 800469 800468 800467 800466 801466 802466 802467 802468 803468 803469 804469 804470 804471 804472 805471 805470 805469 805468 804468 804467 803467 803466 801467 799467 801468 799468 798468 798469 798470 798471 801469 799469 799470 799471 799472 803472 801472 803471 801471 802469 803470 801470
bot 315 317 68tli42a 1430218968 804672 52
owned 315 804672 804673 804674 804675 805675 803675 802675 802674 802673 802672 802671 802670 802669 802668 803668 804668 804669 804670 805670 805671 806671 806672 806673 806674 807673 807672 807671 807670 806670 806669 805669 805668 803669 801669 803670 801670 800670 800671 800672 800673 803671 801671 801672 801673 801674 805674 803674 805673 803673 804671 805672 803672
bot 316 318 43wn7pvq -2111648082 187592 52
owned 316 187592 187593 187594 187595 188595 186595 185595 185594 185593 185592 185591 185590 185589 185588 186588 187588 187589 187590 188590 188591 189591 189592 189593 189594 190593 190592 190591 190590 189590 189589 188589 188588 186589 184589 186590 184590 183590 183591 183592 183593 186591 184591 184592 184593 184594 188594 186594 188593 186593 187591 188592 186592
bot 317 319 ssod81st 1038582099 124515 52
owned 317 124515 124516 124517 124518 125518 123518 122518 122517 122516 122515 122514 122513 122512 122511 123511 124511 124512 124513 125513 125514 126514 126515 126516 126517 127516 127515 127514 127513 126513 126512 125512 125511 123512 121512 123513 121513 120513 120514 120515 120516 123514 121514 121515 121516 121517 125517 123517 125516 123516 124514 125515 123515
bot 318 320 9fudx3o3 260867775 544241 52
owned 318 544241 544242 544243 544244 545244 543244 542244 542243 542242 542241 542240 542239 542238 542237 543237 544237 544238 544239 545239 545240 546240 546241 546242 546243 547242 547241 547240 547239 546239 546238 545238 545237 543238 541238 543239 541239 540239 540240 540241 540242 543240 541240 541241 541242 541243 545243 543243 545242 543242 544240 545241 543241
bot 319 321 cm4ig7bz 505236139 118665 52
owned 319 118665 118666 118667 118668 119668 117668 116668 116667 116666 116665 116664 116663 116662 116661 117661 118661 118662 118663 119663 119664 120664 120665 120666 120667 121666 121665 121664 121663 120663 120662 119662 119661 117662 115662 117663 115663 114663 114664 114665 114666 117664 115664 115665 115666 115667 119667 117667 119666 117666 118664 119665 117665
bot 320 322 ajwm3pcu 572424594 289577 52
owned 320 289577 289578 289579 289580 290580 288580 287580 287579 287578 287577 287576 287575 287574 287573 288573 289573 289574 289575 290575 290576 291576 291577 291578 291579 292578 292577 292576 292575 291575 291574 290574 290573 288574 286574 288575 286575 285575 285576 285577 285578 288576 286576 286577 286578 286579 290579 288579 290578 288578 289576 290577 288577
bot 321 323 wcn2fdks -1968654214 868633 52
owned 321 868633 868634 868635 868636 869636 867636 866636 866635 866634 866633 866632 866631 866630 866629 867629 868629 868630 868631 869631 869632 870632 870633 870634 870635 871634 871633 871632 871631 870631 870630 869630 869629 867630 865630 867631 865631 864631 864632 864633 864634 867632 865632 865633 865634 865635 869635 867635 869634 867634 868632 869633 867633
bot 322 324 0a4r00hz 683703363 583221 52
owned 322 583221 583222 583223 583224 584224 582224 581224 581223 581222 581221 581220 581219 581218 581217 582217 583217 583218 583219 584219 584220 585220 585221 585222 585223 586222 586221 586220 586219 585219 585218 584218 584217 582218 580218 582219 580219 579219 579220 579221 579222 582220 580220 580221 580222 580223 584223 582223 584222 582222 583220 584221 582221
bot 323 325 548y287t 1721499265 36596 52
owned 323 36596 36597 36598 36599 37599 35599 34599 34598 34597 34596 34595 34594 34593 34592 35592 36592 36593 36594 37594 37595 38595 38596 38597 38598 39597 39596 39595 39594 38594 38593 37593 37592 35593 33593 35594 33594 32594 32595 32596 32597 35595 33595 33596 33597 33598 37598 35598 37597 35597 36595 37596 35596
bot 324 326 rkqmpoqo 852974710 826407 52
owned 324 826407 826408 826409 826410 827410 825410 824410 824409 824408 824407 824406 824405 824404 824403 825403 826403 826404 826405 827405 827406 828406 828407 828408 828409 829408 829407 829406 829405 828405 828404 827404 827403 825404 823404 825405 823405 822405 822406 822407 822408 825406 823406 823407 823408 823409 827409 825409 827408 825408 826406 827407 825407
bot 325 327 nrv83khf 259845800 296216 52
owned 325 296216 296217 296218 296219 297219 295219 294219 294218 294217 294216 294215 294214 294213 294212 295212 296212 296213 296214 297214 297215 298215 298216 298217 298218 299217 299216 299215 299214 298214 298213 297213 297212 295213 293213 295214 293214 292214 292215 292216 292217 295215 293215 293216 293217 293218 297218 295218 297217 295217 296215 297216 295216
bot 326 328 00wyr0st 1151356229 740472 52
owned 326 740472 740473 740474 740475 741475 739475 738475 738474 738473 738472 738471 738470 738469 738468 739468 740468 740469 740470 741470 741471 742471 742472 742473 742474 743473 743472 743471 743470 742470 742469 741469 741468 739469 737469 739470 737470 736470 736471 736472 736473 739471 737471 737472 737473 737474 741474 739474 741473 739473 740471 741472 739472
bot 327 329 dhvz0u2j 732311231 46564 52
owned 327 46564 46565 46566 46567 47567 45567 44567 44566 44565 44564 44563 44562 44561 44560 45560 46560 46561 46562 47562 47563 48563 48564 48565 48566 49565 49564 49563 49562 48562 48561 47561 47560 45561 43561 45562 43562 42562 42563 42564 42565 45563 43563 43564 43565 43566 47566 45566 47565 45565 46563 47564 45564
bot 328 330 87uy1srx 674084857 512156 52
owned 328 512156 512157 512158 512159 513159 511159 510159 510158 510157 510156 510155 510154 510153 510152 511152 512152 512153 512154 513154 513155 514155 514156 514157 514158 515157 515156 515155 515154 514154 514153 513153 513152 511153 509153 511154 509154 508154 508155 508156 508157 511155 509155 509156 509157 509158 513158 511158 513157 511157 512155 513156 511156
bot 329 331 26wgkglj 1355285106 922388 52
owned 329 922388 922389 922390 922391 923391 921391 920391 920390 920389 920388 920387 920386 920385 920384 921384 922384 922385 922386 923386 923387 924387 924388 924389 924390 925389 925388 925387 925386 924386 924385 923385 923384 921385 919385 921386 919386 918386 918387 918388 918389 921387 919387 919388 919389 919390 923390 921390 923389 921389 922387 923388 921388
bot 330 332 s4otxlhb 977164344 75561 52
owned 330 75561 75562 75563 75564 76564 74564 73564 73563 73562 73561 73560 73559 73558 73557 74557 75557 75558 75559 76559 76560 77560 77561 77562 77563 78562 78561 78560 78559 77559 77558 76558 76557 74558 72558 74559 72559 71559 71560 71561 71562 74560 72560 72561 72562 72563 76563 74563 76562 74562 75560 76561 74561
bot 331 333 65ikynwk 1994084410 449553 52
owned 331 449553 449554 449555 449556 450556 448556 447556 447555 447554 447553 447552 447551 447550 447549 448549 449549 449550 449551 450551 450552 451552 451553 451554 451555 452554 452553 452552 452551 451551 451550 450550 450549 448550 446550 448551 446551 445551 445552 445553 445554 448552 446552 446553 446554 446555 450555 448555 450554 448554 449552 450553 448553
bot 332 334 goxpy54y 2126119939 70239 52
owned 332 70239 70240 70241 70242 71242 69242 68242 68241 68240 68239 68238 68237 68236 68235 69235 70235 70236 70237 71237 71238 72238 72239 72240 72241 73240 73239 73238 73237 72237 72236 71236 71235 69236 67236 69237 67237 66237 66238 66239 66240 69238 67238 67239 67240 67241 71241 69241 71240 69240 70238 71239 69239
bot 333 335 etvrjl78 1230027446 395468 52
owned 333 395468 395469 395470 395471 396471 394471 393471 393470 393469 393468 393467 393466 393465 393464 394464 395464 395465 395466 396466 396467 397467 397468 397469 397470 398469 398468 398467 398466 397466 397465 396465 396464 394465 392465 394466 392466 391466 391467 391468 391469 394467 392467 392468 392469 392470 396470 394470 396469 394469 395467 396468 394468
bot 334 336 y58lji80 -2145784821 803436 52
owned 334 803436 803437 803438 803439 804439 802439 801439 801438 801437 801436 801435 801434 801433 801432 802432 803432 803433 803434 804434 804435 805435 805436 805437 805438 806437 806436 806435 806434 805434 805433 804433 804432 802433 800433 802434 800434 799434 799435 799436 799437 802435 800435 800436 800437 800438 804438 802438 804437 802437 803435 804436 802436
bot 335 337 13dy28ag 715856935 148629 52
owned 335 148629 148630 148631 148632 149632 147632 146632 146631 146630 146629 146628 146627 146626 146625 147625 148625 148626 148627 149627 149628 150628 150629 150630 150631 151630 151629 151628 151627 150627 150626 149626 149625 147626 145626 147627 145627 144627 144628 144629 144630 147628 145628 145629 145630 145631 149631 147631 149630 147630 148628 149629 147629
bot 336 338 0dg1h5h5 914428748 588339 52
owned 336 588339 588340 588341 588342 589342 587342 586342 586341 586340 586339 586338 586337 586336 586335 587335 588335 588336 588337 589337 589338 590338 590339 590340 590341 591340 591339 591338 591337 590337 590336 589336 589335 587336 585336 587337 585337 584337 584338 584339 584340 587338 585338 585339 585340 585341 589341 587341 589340 587340 588338 589339 587339
bot 337 339 e9ncqhcw -1999150320 376485 52
owned 337 376485 376486 376487 376488 377488 375488 374488 374487 374486 374485 374484 374483 374482 374481 375481 376481 376482 376483 377483 377484 378484 378485 378486 378487 379486 379485 379484 379483 378483 378482 377482 377481 375482 373482 375483 373483 372483 372484 372485 372486 375484 373484 373485 373486 373487 377487 375487 377486 375486 376484 377485 375485
bot 338 340 uhxjrdbv 1124873273 622150 52
owned 338 622150 622151 622152 622153 623153 621153 620153 620152 620151 620150 620149 620148 620147 620146 621146 622146 622147 622148 623148 623149 624149 624150 624151 624152 625151 625150 625149 625148 624148 624147 623147 623146 621147 619147 621148 619148 618148 618149 618150 618151 621149 619149 619150 619151 619152 623152 621152 623151 621151 622149 623150 621150
bot 339 341 gv359a4k -2054642316 510337 52
owned 339 510337 510338 510339 510340 511340 509340 508340 508339 508338 508337 508336 508335 508334 508333 509333 510333 510334 510335 511335 511336 512336 512337 512338 512339 513338 513337 513336 513335 512335 512334 511334 511333 509334 507334 509335 507335 506335 506336 506337 506338 509336 507336 507337 507338 507339 511339 509339 511338 509338 510336 511337 509337
bot 340 342 p4ehczm2 700767873 698209 52
owned 340 698209 698210 698211 698212 699212 697212 696212 696211 696210 696209 696208 696207 696206 696205 697205 698205 698206 698207 699207 699208 700208 700209 700210 700211 701210 701209 701208 701207 700207 700206 699206 699205 697206 695206 697207 695207 694207 694208 694209 694210 697208 695208 695209 695210 695211 699211 697211 699210 697210 698208 699209 697209
bot 341 343 p2xbynef 1936718818 35399 52
owned 341 35399 35400 35401 35402 36402 34402 33402 33401 33400 33399 33398 33397 33396 33395 34395 35395 35396 35397 36397 36398 37398 37399 37400 37401 38400 38399 38398 38397 37397 37396 36396 36395 34396 32396 34397 32397 31397 31398 31399 31400 34398 32398 32399 32400 32401 36401 34401 36400 34400 35398 36399 34399
bot 342 344 co561w2j -2034742929 375219 52
owned 342 375219 375220 375221 375222 376222 374222 373222 373221 373220 373219 373218 373217 373216 373215 374215 375215 375216 375217 376217 376218 377218 377219 377220 377221 378220 378219 378218 378217 377217 377216 376216 376215 374216 372216 374217 372217 371217 371218 371219 371220 374218 372218 372219 372220 372221 376221 374221 376220 374220 375218 376219 374219
bot 343 345 wz0zkd1s 890788124 915551 52
owned 343 915551 915552 915553 915554 916554 914554 913554 913553 913552 913551 913550 913549 913548 913547 914547 915547 915548 915549 916549 916550 917550 917551 917552 917553 918552 918551 918550 918549 917549 917548 916548 916547 914548 912548 914549 912549 911549 911550 911551 911552 914550 912550 912551 912552 912553 916553 914553 916552 914552 915550 916551 914551
bot 344 346 m7jnfagf 1623514252 962528 52
owned 344 962528 962529 962530 962531 963531 961531 960531 960530 960529 960528 960527 960526 960525 960524 961524 962524 962525 962526 963526 963527 964527 964528 964529 964530 965529 965528 965527 965526 964526 964525 963525 963524 961525 959525 961526 959526 958526 958527 958528 958529 961527 959527 959528 959529 959530 963530 961530 963529 961529 962527 963528 961528
bot 345 347 rq439wc6 365026933 209266 52
owned 345 209266 209267 209268 209269 210269 208269 207269 207268 207267 207266 207265 207264 207263 207262 208262 209262 209263 209264 210264 210265 211265 211266 211267 211268 212267 212266 212265 212264 211264 211263 210263 210262 208263 206263 208264 206264 205264 205265 205266 205267 208265 206265 206266 206267 206268 210268 208268 210267 208267 209265 210266 208266
bot 346 348 lkklizjr 1633332011 664347 52
owned 346 664347 664348 664349 664350 665350 663350 662350 662349 662348 662347 662346 662345 662344 662343 663343 664343 664344 664345 665345 665346 666346 666347 666348 666349 667348 667347 667346 667345 666345 666344 665344 665343 663344 661344 663345 661345 660345 660346 660347 660348 663346 661346 661347 661348 661349 665349 663349 665348 663348 664346 665347 663347
bot 347 349 2uyam605 1485169917 733708 52
owned 347 733708 733709 733710 733711 734711 732711 731711 731710 731709 731708 731707 731706 731705 731704 732704 733704 733705 733706 734706 734707 735707 735708 735709 735710 736709 736708 736707 736706 735706 735705 734705 734704 732705 730705 732706 730706 729706 729707 729708 729709 732707 730707 730708 730709 730710 734710 732710 734709 732709 733707 734708 732708
bot 348 350 er3wo1bg 623509388 911672 52
owned 348 911672 911673 911674 911675 912675 910675 909675 909674 909673 909672 909671 909670 909669 909668 910668 911668 911669 911670 912670 912671 913671 913672 913673 913674 914673 914672 914671 914670 913670 913669 912669 912668 910669 908669 910670 908670 907670 907671 907672 907673 910671 908671 908672 908673 908674 912674 910674 912673 910673 911671 912672 910672
bot 349 351 ezt35u0l 316983220 593266 52
owned 349 593266 593267 593268 593269 594269 592269 591269 591268 591267 591266 591265 591264 591263 591262 592262 593262 593263 593264 594264 594265 595265 595266 595267 595268 596267 596266 596265 596264 595264 595263 594263 594262 592263 590263 592264 590264 589264 589265 589266 589267 592265 590265 590266 590267 590268 594268 592268 594267 592267 593265 594266 592266
bot 350 352 593d2qcb 1741431729 257702 52
owned 350 257702 257703 257704 257705 258705 256705 255705 255704 255703 255702 255701 255700 255699 255698 256698 257698 257699 257700 258700 258701 259701 259702 259703 259704 260703 260702 260701 260700 259700 259699 258699 258698 256699 254699 256700 254700 253700 253701 253702 253703 256701 254701 254702 254703 254704 258704 256704 258703 256703 257701 258702 256702
bot 351 353 y51cphtm 1940646435 764364 52
owned 351 764364 764365 764366 764367 765367 763367 762367 762366 762365 762364 762363 762362 762361 762360 763360 764360 764361 764362 765362 765363 766363 766364 766365 766366 767365 767364 767363 767362 766362 766361 765361 765360 763361 761361 763362 761362 760362 760363 760364 760365 763363 761363 761364 761365 761366 765366 763366 765365 763365 764363 765364 763364
bot 352 354 g94go6fd 467100538 731561 52
owned 352 731561 731562 731563 731564 732564 730564 729564 729563 729562 729561 729560 729559 729558 729557 730557 731557 731558 731559 732559 732560 733560 733561 733562 733563 734562 734561 734560 734559 733559 733558 732558 732557 730558 728558 730559 728559 727559 727560 727561 727562 730560 728560 728561 728562 728563 732563 730563 732562 730562 731560 732561 730561
bot 353 355 9ksqwgqt 358186663 839590 52
owned 353 839590 839591 839592 839593 840593 838593 837593 837592 837591 837590 837589 837588 837587 837586 838586 839586 839587 839588 840588 840589 841589 841590 841591 841592 842591 842590 842589 842588 841588 841587 840587 840586 838587 836587 838588 836588 835588 835589 835590 835591 838589 836589 836590 836591 836592 840592 838592 840591 838591 839589 840590 838590
bot 354 356 ykirk4lg 503358949 364155 52
owned 354 364155 364156 364157 364158 365158 363158 362158 362157 362156 362155 362154 362153 362152 362151 363151 364151 364152 364153 365153 365154 366154 366155 366156 366157 367156 367155 367154 367153 366153 366152 365152 365151 363152 361152 363153 361153 360153 360154 360155 360156 363154 361154 361155 361156 361157 365157 363157 365156 363156 364154 365155 363155
bot 355 357 jurxvo26 327021942 481277 52
owned 355 481277 481278 481279 481280 482280 480280 479280 479279 479278 479277 479276 479275 479274 479273 480273 481273 481274 481275 482275 482276 483276 483277 483278 483279 484278 484277 484276 484275 483275 483274 482274 482273 480274 478274 480275 478275 477275 477276 477277 477278 480276 478276 478277 478278 478279 482279 480279 482278 480278 481276 482277 480277
bot 356 358 to8bcohn 1951234907 688408 52
owned 356 688408 688409 688410 688411 689411 687411 686411 686410 686409 686408 686407 686406 686405 686404 687404 688404 688405 688406 689406 689407 690407 690408 690409 690410 691409 691408 691407 691406 690406 690405 689405 689404 687405 685405 687406 685406 684406 684407 684408 684409 687407 685407 685408 685409 685410 689410 687410 689409 687409 688407 689408 687408
bot 357 359 ensatih4 -1933594292 517475 52
owned 357 517475 517476 517477 517478 518478 516478 515478 515477 515476 515475 515474 515473 515472 515471 516471 517471 517472 517473 518473 518474 519474 519475 519476 519477 520476 520475 520474 520473 519473 519472 518472 518471 516472 514472 516473 514473 513473 513474 513475 513476 516474 514474 514475 514476 514477 518477 516477 518476 516476 517474 518475 516475
bot 358 360 nbbu08hb 2091389435 235660 52
owned 358 235660 235661 235662 235663 236663 234663 233663 233662 233661 233660 233659 233658 233657 233656 234656 235656 235657 235658 236658 236659 237659 237660 237661 237662 238661 238660 238659 238658 237658 237657 236657 236656 234657 232657 234658 232658 231658 231659 231660 231661 234659 232659 232660 232661 232662 236662 234662 236661 234661 235659 236660 234660
bot 359 361 rxlhv8ic 1088499750 315570 52
owned 359 315570 315571 315572 315573 316573 314573 313573 313572 313571 313570 313569 313568 313567 313566 314566 315566 315567 315568 316568 316569 317569 317570 317571 317572 318571 318570 318569 318568 317568 317567 316567 316566 314567 312567 314568 312568 311568 311569 311570 311571 314569 312569 312570 312571 312572 316572 314572 316571 314571 315569 316570 314570
bot 360 362 aiowrq52 979483480 672625 52
owned 360 672625 672626 672627 672628 673628 671628 670628 670627 670626 670625 670624 670623 670622 670621 671621 672621 672622 672623 673623 673624 674624 674625 674626 674627 675626 675625 675624 675623 674623 674622 673622 673621 671622 669622 671623 669623 668623 668624 668625 668626 671624 669624 669625 669626 669627 673627 671627 673626 671626 672624 673625 671625
bot 361 363 bo94our7 631930647 205514 52
owned 361 205514 205515 205516 205517 206517 204517 203517 203516 203515 203514 203513 203512 203511 203510 204510 205510 205511 205512 206512 206513 207513 207514 207515 207516 208515 208514 208513 208512 207512 207511 206511 206510 204511 202511 204512 202512 201512 201513 201514 201515 204513 202513 202514 202515 202516 206516 204516 206515 204515 205513 206514 204514
bot 362 364 jxqkb7y6 2000760554 636576 52
owned 362 636576 636577 636578 636579 637579 635579 634579 634578 634577 634576 634575 634574 634573 634572 635572 636572 636573 636574 637574 637575 638575 638576 638577 638578 639577 639576 639575 639574 638574 638573 637573 637572 635573 633573 635574 633574 632574 632575 632576 632577 635575 633575 633576 633577 633578 637578 635578 637577 635577 636575 637576 635576
bot 363 365 ikezntfk 2015951718 123274 52
owned 363 123274 123275 123276 123277 124277 122277 121277 121276 121275 121274 121273 121272 121271 121270 122270 123270 123271 123272 124272 124273 125273 125274 125275 125276 126275 126274 126273 126272 125272 125271 124271 124270 122271 120271 122272 120272 119272 119273 119274 119275 122273 120273 120274 120275 120276 124276 122276 124275 122275 123273 124274 122274
bot 364 366 j4e63dwu 2126127918 376723 52
owned 364 376723 376724 376725 376726 377726 375726 374726 374725 374724 374723 374722 374721 374720 374719 375719 376719 376720 376721 377721 377722 378722 378723 378724 378725 379724 379723 379722 379721 378721 378720 377720 377719 375720 373720 375721 373721 372721 372722 372723 372724 375722 373722 373723 373724 373725 377725 375725 377724 375724 376722 377723 375723
bot 365 367 t0b9mavx 1703527259 947505 52
owned 365 947505 947506 947507 947508 948508 946508 945508 945507 945506 945505 945504 945503 945502 945501 946501 947501 947502 947503 948503 948504 949504 949505 949506 949507 950506 950505 950504 950503 949503 949502 948502 948501 946502 944502 946503 944503 943503 943504 943505 943506 946504 944504 944505 944506 944507 948507 946507 948506 946506 947504 948505 946505
bot 366 368 bu0hz5bz 1452611938 197708 52
owned 366 197708 197709 197710 197711 198711 196711 195711 195710 195709 195708 195707 195706 195705 195704 196704 197704 197705 197706 198706 198707 199707 199708 199709 199710 200709 200708 200707 200706 199706 199705 198705 198704 196705 194705 196706 194706 193706 193707 193708 193709 196707 194707 194708 194709 194710 198710 196710 198709 196709 197707 198708 196708
bot 367 369 368l6a1p 1297490021 412419 52
owned 367 412419 412420 412421 412422 413422 411422 410422 410421 410420 410419 410418 410417 410416 410415 411415 412415 412416 412417 413417 413418 414418 414419 414420 414421 415420 415419 415418 415417 414417 414416 413416 413415 411416 409416 411417 409417 408417 408418 408419 408420 411418 409418 409419 409420 409421 413421 411421 413420 411420 412418 413419 411419
bot 368 370 6cr9h8xa 833789937 537567 52
owned 368 537567 537568 537569 537570 538570 536570 535570 535569 535568 535567 535566 535565 535564 535563 536563 537563 537564 537565 538565 538566 539566 539567 539568 539569 540568 540567 540566 540565 539565 539564 538564 538563 536564 534564 536565 534565 533565 533566 533567 533568 536566 534566 534567 534568 534569 538569 536569 538568 536568 537566 538567 536567
bot 369 371 8y4zfq0g 654669581 653309 52
owned 369 653309 653310 653311 653312 654312 652312 651312 651311 651310 651309 651308 651307 651306 651305 652305 653305 653306 653307 654307 654308 655308 655309 655310 655311 656310 656309 656308 656307 655307 655306 654306 654305 652306 650306 652307 650307 649307 649308 649309 649310 652308 650308 650309 650310 650311 654311 652311 654310 652310 653308 654309 652309
bot 370 372 tz0sezi7 1830872408 837501 52
owned 370 837501 837502 837503 837504 838504 836504 835504 835503 835502 835501 835500 835499 835498 835497 836497 837497 837498 837499 838499 838500 839500 839501 839502 839503 840502 840501 840500 840499 839499 839498 838498 838497 836498 834498 836499 834499 833499 833500 833501 833502 836500 834500 834501 834502 834503 838503 836503 838502 836502 837500 838501 836501
bot 371 373 dazr70tn -2096114292 861603 52
owned 371 861603 861604 861605 861606 862606 860606 859606 859605 859604 859603 859602 859601 859600 859599 860599 861599 861600 861601 862601 862602 863602 863603 863604 863605 864604 864603 864602 864601 863601 863600 862600 862599 860600 858600 860601 858601 857601 857602 857603 857604 860602 858602 858603 858604 858605 862605 860605 862604 860604 861602 862603 860603
bot 372 374 tx1pjsyg 1161571582 668593 52
owned 372 668593 668594 668595 668596 669596 667596 666596 666595 666594 666593 666592 666591 666590 666589 667589 668589 668590 668591 669591 669592 670592 670593 670594 670595 671594 671593 671592 671591 670591 670590 669590 669589 667590 665590 667591 665591 664591 664592 664593 664594 667592 665592 665593 665594 665595 669595 667595 669594 667594 668592 669593 667593
bot 373 375 ndjtlp8r 360050114 376267 52
owned 373 376267 376268 376269 376270 377270 375270 374270 374269 374268 374267 374266 374265 374264 374263 375263 376263 376264 376265 377265 377266 378266 378267 378268 378269 379268 379267 379266 379265 378265 378264 377264 377263 375264 373264 375265 373265 372265 372266 372267 372268 375266 373266 373267 373268 373269 377269 375269 377268 375268 376266 377267 375267
bot 374 376 bsklet6g 1369852118 721229 52
owned 374 721229 721230 721231 721232 722232 720232 719232 719231 719230 719229 719228 719227 719226 719225 720225 721225 721226 721227 722227 722228 723228 723229 723230 723231 724230 724229 724228 724227 723227 723226 722226 722225 720226 718226 720227 718227 717227 717228 717229 717230 720228 718228 718229 718230 718231 722231 720231 722230 720230 721228 722229 720229
bot 375 377 hsozrzu4 1376829607 152487 52
owned 375 152487 152488 152489 152490 153490 151490 150490 150489 150488 150487 150486 150485 150484 150483 151483 152483 152484 152485 153485 153486 154486 154487 154488 154489 155488 155487 155486 155485 154485 154484 153484 153483 151484 149484 151485 149485 148485 148486 148487 148488 151486 149486 149487 149488 149489 153489 151489 153488 151488 152486 153487 151487
bot 376 378 otmybkm3 1233228612 278240 52
owned 376 278240 278241 278242 278243 279243 277243 276243 276242 276241 276240 276239 276238 276237 276236 277236 278236 278237 278238 279238 279239 280239 280240 280241 280242 281241 281240 281239 281238 280238 280237 279237 279236 277237 275237 277238 275238 274238 274239 274240 274241 277239 275239 275240 275241 275242 279242 277242 279241 277241 278239 279240 277240
bot 377 379 yfm1nyqy 591266464 853467 52
owned 377 853467 853468 853469 853470 854470 852470 851470 851469 851468 851467 851466 851465 851464 851463 852463 853463 853464 853465 854465 854466 855466 855467 855468 855469 856468 856467 856466 856465 855465 855464 854464 854463 852464 850464 852465 850465 849465 849466 849467 849468 852466 850466 850467 850468 850469 854469 852469 854468 852468 853466 854467 852467
bot 378 380 kr6ytu3l 1777848072 84276 52
owned 378 84276 84277 84278 84279 85279 83279 82279 82278 82277 82276 82275 82274 82273 82272 83272 84272 84273 84274 85274 85275 86275 86276 86277 86278 87277 87276 87275 87274 86274 86273 85273 85272 83273 81273 83274 81274 80274 80275 80276 80277 83275 81275 81276 81277 81278 85278 83278 85277 83277 84275 85276 83276
bot 379 381 3pagyfng -1957793541 762580 52
owned 379 762580 762581 762582 762583 763583 761583 760583 760582 760581 760580 760579 760578 760577 760576 761576 762576 762577 762578 763578 763579 764579 764580 764581 764582 765581 765580 765579 765578 764578 764577 763577 763576 761577 759577 761578 759578 758578 758579 758580 758581 761579 759579 759580 759581 759582 763582 761582 763581 761581 762579 763580 761580
bot 380 382 w1mobjvk 928394557 357191 52
owned 380 357191 357192 357193 357194 358194 356194 355194 355193 355192 355191 355190 355189 355188 355187 356187 357187 357188 357189 358189 358190 359190 359191 359192 359193 360192 360191 360190 360189 359189 359188 358188 358187 356188 354188 356189 354189 353189 353190 353191 353192 356190 354190 354191 354192 354193 358193 356193 358192 356192 357190 358191 356191
bot 381 383 xm7i5x3m 1912476288 348683 52
owned 381 348683 348684 348685 348686 349686 347686 346686 346685 346684 346683 346682 346681 346680 346679 347679 348679 348680 348681 349681 349682 350682 350683 350684 350685 351684 351683 351682 351681 350681 350680 349680 349679 347680 345680 347681 345681 344681 344682 344683 344684 347682 345682 345683 345684 345685 349685 347685 349684 347684 348682 349683 347683
bot 382 384 8u02tf2g 1219018602 585368 52
owned 382 585368 585369 585370 585371 586371 584371 583371 583370 583369 583368 583367 583366 583365 583364 584364 585364 585365 585366 586366 586367 587367 587368 587369 587370 588369 588368 588367 588366 587366 587365 586365 586364 584365 582365 584366 582366 581366 581367 581368 581369 584367 582367 582368 582369 582370 586370 584370 586369 584369 585367 586368 584368
bot 383 385 lp6sri88 1740038908 629288 52
owned 383 629288 629289 629290 629291 630291 628291 627291 627290 627289 627288 627287 627286 627285 627284 628284 629284 629285 629286 630286 630287 631287 631288 631289 631290 632289 632288 632287 632286 631286 631285 630285 630284 628285 626285 628286 626286 625286 625287 625288 625289 628287 626287 626288 626289 626290 630290 628290 630289 628289 629287 630288 628288
bot 384 386 sb1tap3p 1371937666 155819 52
owned 384 155819 155820 155821 155822 156822 154822 153822 153821 153820 153819 153818 153817 153816 153815 154815 155815 155816 155817 156817 156818 157818 157819 157820 157821 158820 158819 158818 158817 157817 157816 156816 156815 154816 152816 154817 152817 151817 151818 151819 151820 154818 152818 152819 152820 152821 156821 154821 156820 154820 155818 156819 154819
bot 385 387 mv01333k 463202082 546391 52
owned 385 546391 546392 546393 546394 547394 545394 544394 544393 544392 544391 544390 544389 544388 544387 545387 546387 546388 546389 547389 547390 548390 548391 548392 548393 549392 549391 549390 549389 548389 548388 547388 547387 545388 543388 545389 543389 542389 542390 542391 542392 545390 543390 543391 543392 543393 547393 545393 547392 545392 546390 547391 545391
bot 386 388 g9mp2ife 1617787215 718586 52
owned 386 718586 718587 718588 718589 719589 717589 716589 716588 716587 716586 716585 716584 716583 716582 717582 718582 718583 718584 719584 719585 720585 720586 720587 720588 721587 721586 721585 721584 720584 720583 719583 719582 717583 715583 717584 715584 714584 714585 714586 714587 717585 715585 715586 715587 715588 719588 717588 719587 717587 718585 719586 717586
bot 387 389 jtq0seut 1309745130 588586 52
owned 387 588586 588587 588588 588589 589589 587589 586589 586588 586587 586586 586585 586584 586583 586582 587582 588582 588583 588584 589584 589585 590585 590586 590587 590588 591587 591586 591585 591584 590584 590583 589583 589582 587583 585583 587584 585584 584584 584585 584586 584587 587585 585585 585586 585587 585588 589588 587588 589587 587587 588585 589586 587586
bot 388 390 525mh9ql 1149585125 631550 52
owned 388 631550 631551 631552 631553 632553 630553 629553 629552 629551 629550 629549 629548 629547 629546 630546 631546 631547 631548 632548 632549 633549 633550 633551 633552 634551 634550 634549 634548 633548 633547 632547 632546 630547 628547 630548 628548 627548 627549 627550 627551 630549 628549 628550 628551 628552 632552 630552 632551 630551 631549 632550 630550
bot 389 391 fvbpmsvz -2135026292 69593 52
owned 389 69593 69594 69595 69596 70596 68596 67596 67595 67594 67593 67592 67591 67590 67589 68589 69589 69590 69591 70591 70592 71592 71593 71594 71595 72594 72593 72592 72591 71591 71590 70590 70589 68590 66590 68591 66591 65591 65592 65593 65594 68592 66592 66593 66594 66595 70595 68595 70594 68594 69592 70593 68593
bot 390 392 xwn3ivem 345390557 178257 52
owned 390 178257 178258 178259 178260 179260 177260 176260 176259 176258 176257 176256 176255 176254 176253 177253 178253 178254 178255 179255 179256 180256 180257 180258 180259 181258 181257 181256 181255 180255 180254 179254 179253 177254 175254 177255 175255 174255 174256 174257 174258 177256 175256 175257 175258 175259 179259 177259 179258 177258 178256 179257 177257
bot 391 393 fqbyj4jd 2025551274 778387 52
owned 391 778387 778388 778389 778390 779390 777390 776390 776389 776388 776387 776386 776385 776384 776383 777383 778383 778384 778385 779385 779386 780386 780387 780388 780389 781388 781387 781386 781385 780385 780384 779384 779383 777384 775384 777385 775385 774385 774386 774387 774388 777386 775386 775387 775388 775389 779389 777389 779388 777388 778386 779387 777387
bot 392 394 xfiw8ywg -1939072783 854743 52
owned 392 854743 854744 854745 854746 855746 853746 852746 852745 852744 852743 852742 852741 852740 852739 853739 854739 854740 854741 855741 855742 856742 856743 856744 856745 857744 857743 857742 857741 856741 856740 855740 855739 853740 851740 853741 851741 850741 850742 850743 850744 853742 851742 851743 851744 851745 855745 853745 855744 853744 854742 855743 853743
bot 393 395 iw3dqxmq 2117070266 849308 52
owned 393 849308 849309 849310 849311 850311 848311 847311 847310 847309 847308 847307 847306 847305 847304 848304 849304 849305 849306 850306 850307 851307 851308 851309 851310 852309 852308 852307 852306 851306 851305 850305 850304 848305 846305 848306 846306 845306 845307 845308 845309 848307 846307 846308 846309 846310 850310 848310 850309 848309 849307 850308 848308
bot 394 396 yc0ao6et 660894387 437406 52
owned 394 437406 437407 437408 437409 438409 436409 435409 435408 435407 435406 435405 435404 435403 435402 436402 437402 437403 437404 438404 438405 439405 439406 439407 439408 440407 440406 440405 440404 439404 439403 438403 438402 436403 434403 436404 434404 433404 433405 433406 433407 436405 434405 434406 434407 434408 438408 436408 438407 436407 437405 438406 436406
bot 395 397 ixj6ihi7 748783564 545274 52
owned 395 545274 545275 545276 545277 546277 544277 543277 543276 543275 543274 543273 543272 543271 543270 544270 545270 545271 545272 546272 546273 547273 547274 547275 547276 548275 548274 548273 548272 547272 547271 546271 546270 544271 542271 544272 542272 541272 541273 541274 541275 544273 542273 542274 542275 542276 546276 544276 546275 544275 545273 546274 544274
bot 396 398 9l5wwvr3 970244207 494174 52
owned 396 494174 494175 494176 494177 495177 493177 492177 492176 492175 492174 492173 492172 492171 492170 493170 494170 494171 494172 495172 495173 496173 496174 496175 496176 497175 497174 497173 497172 496172 496171 495171 495170 493171 491171 493172 491172 490172 490173 490174 490175 493173 491173 491174 491175 491176 495176 493176 495175 493175 494173 495174 493174
bot 397 399 2w6i33lv 1347683494 321230 52
owned 397 321230 321231 321232 321233 322233 320233 319233 319232 319231 319230 319229 319228 319227 319226 320226 321226 321227 321228 322228 322229 323229 323230 323231 323232 324231 324230 324229 324228 323228 323227 322227 322226 320227 318227 320228 318228 317228 317229 317230 317231 320229 318229 318230 318231 318232 322232 320232 322231 320231 321229 322230 320230
bot 398 400 sba949vb 2051192204 30625 52
owned 398 30625 30626 30627 30628 31628 29628 28628 28627 28626 28625 28624 28623 28622 28621 29621 30621 30622 30623 31623 31624 32624 32625 32626 32627 33626 33625 33624 33623 32623 32622 31622 31621 29622 27622 29623 27623 26623 26624 26625 26626 29624 27624 27625 27626 27627 31627 29627 31626 29626 30624 31625 29625
bot 399 401 ijcmefns 1058902645 265184 52
owned 399 265184 265185 265186 265187 266187 264187 263187 263186 263185 263184 263183 263182 263181 263180 264180 265180 265181 265182 266182 266183 267183 267184 267185 267186 268185 268184 268183 268182 267182 267181 266181 266180 264181 262181 264182 262182 261182 261183 261184 261185 264183 262183 262184 262185 262186 266186 264186 266185 264185 265183 266184 264184
bot 400 402 isnsszoo 777399290 731505 52
owned 400 731505 731506 731507 731508 732508 730508 729508 729507 729506 729505 729504 729503 729502 729501 730501 731501 731502 731503 732503 732504 733504 733505 733506 733507 734506 734505 734504 734503 733503 733502 732502 732501 730502 728502 730503 728503 727503 727504 727505 727506 730504 728504 728505 728506 728507 732507 730507 732506 730506 731504 732505 730505
bot 401 403 9z76va23 1432917080 341215 52
owned 401 341215 341216 341217 341218 342218 340218 339218 339217 339216 339215 339214 339213 339212 339211 340211 341211 341212 341213 342213 342214 343214 343215 343216 343217 344216 344215 344214 344213 343213 343212 342212 342211 340212 338212 340213 338213 337213 337214 337215 337216 340214 338214 338215 338216 338217 342217 340217 342216 340216 341214 342215 340215
bot 402 404 h1wbhdhm 830501593 284345 52
owned 402 284345 284346 284347 284348 285348 283348 282348 282347 282346 282345 282344 282343 282342 282341 283341 284341 284342 284343 285343 285344 286344 286345 286346 286347 287346 287345 287344 287343 286343 286342 285342 285341 283342 281342 283343 281343 280343 280344 280345 280346 283344 281344 281345 281346 281347 285347 283347 285346 283346 284344 285345 283345
bot 403 405 tewvulrm 1252676706 153740 52
owned 403 153740 153741 153742 153743 154743 152743 151743 151742 151741 151740 151739 151738 151737 151736 152736 153736 153737 153738 154738 154739 155739 155740 155741 155742 156741 156740 156739 156738 155738 155737 154737 154736 152737 150737 152738 150738 149738 149739 149740 149741 152739 150739 150740 150741 150742 154742 152742 154741 152741 153739 154740 152740
bot 404 406 wp3bxzsu 1111756920 440521 52
owned 404 440521 440522 440523 440524 441524 439524 438524 438523 438522 438521 438520 438519 438518 438517 439517 440517 440518 440519 441519 441520 442520 442521 442522 442523 443522 443521 443520 443519 442519 442518 441518 441517 439518 437518 439519 437519 436519 436520 436521 436522 439520 437520 437521 437522 437523 441523 439523 441522 439522 440520 441521 439521
bot 405 407 d0g6avrv 1062798904 304356 52
owned 405 304356 304357 304358 304359 305359 303359 302359 302358 302357 302356 302355 302354 302353 302352 303352 304352 304353 304354 305354 305355 306355 306356 306357 306358 307357 307356 307355 307354 306354 306353 305353 305352 303353 301353 303354 301354 300354 300355 300356 300357 303355 301355 301356 301357 301358 305358 303358 305357 303357 304355 305356 303356
bot 406 408 hsyivnsn 1106130326 172575 52
owned 406 172575 172576 172577 172578 173578 171578 170578 170577 170576 170575 170574 170573 170572 170571 171571 172571 172572 172573 173573 173574 174574 174575 174576 174577 175576 175575 175574 175573 174573 174572 173572 173571 171572 169572 171573 169573 168573 168574 168575 168576 171574 169574 169575 169576 169577 173577 171577 173576 171576 172574 173575 171575
bot 407 409 ox9ept1k 1256506455 671560 52
owned 407 671560 671561 671562 671563 672563 670563 669563 669562 669561 669560 669559 669558 669557 669556 670556 671556 671557 671558 672558 672559 673559 673560 673561 673562 674561 674560 674559 674558 673558 673557 672557 672556 670557 668557 670558 668558 667558 667559 667560 667561 670559 668559 668560 668561 668562 672562 670562 672561 670561 671559 672560 670560
bot 408 410 ny87grni 329820532 262149 52
owned 408 262149 262150 262151 262152 263152 261152 260152 260151 260150 260149 260148 260147 260146 260145 261145 262145 262146 262147 263147 263148 264148 264149 264150 264151 265150 265149 265148 265147 264147 264146 263146 263145 261146 259146 261147 259147 258147 258148 258149 258150 261148 259148 259149 259150 259151 263151 261151 263150 261150 262148 263149 261149
bot 409 411 k2th9538 -2123192920 162538 52
owned 409 162538 162539 162540 162541 163541 161541 160541 160540 160539 160538 160537 160536 160535 160534 161534 162534 162535 162536 163536 163537 164537 164538 164539 164540 165539 165538 165537 165536 164536 164535 163535 163534 161535 159535 161536 159536 158536 158537 158538 158539 161537 159537 159538 159539 159540 163540 161540 163539 161539 162537 163538 161538
bot 410 412 ysltjm94 1905506244 303253 52
owned 410 303253 303254 303255 303256 304256 302256 301256 301255 301254 301253 301252 301251 301250 301249 302249 303249 303250 303251 304251 304252 305252 305253 305254 305255 306254 306253 306252 306251 305251 305250 304250 304249 302250 300250 302251 300251 299251 299252 299253 299254 302252 300252 300253 300254 300255 304255 302255 304254 302254 303252 304253 302253
bot 411 413 u5klj2eh 932943728 576282 52
owned 411 576282 576283 576284 576285 577285 575285 574285 574284 574283 574282 574281 574280 574279 574278 575278 576278 576279 576280 577280 577281 578281 578282 578283 578284 579283 579282 579281 579280 578280 578279 577279 577278 575279 573279 575280 573280 572280 572281 572282 572283 575281 573281 573282 573283 573284 577284 575284 577283 575283 576281 577282 575282
bot 412 414 k7ka2ci1 -2001454359 382697 52
owned 412 382697 382698 382699 382700 383700 381700 380700 380699 380698 380697 380696 380695 380694 380693 381693 382693 382694 382695 383695 383696 384696 384697 384698 384699 385698 385697 385696 385695 384695 384694 383694 383693 381694 379694 381695 379695 378695 378696 378697 378698 381696 379696 379697 379698 379699 383699 381699 383698 381698 382696 383697 381697
bot 413 415 qtul4azs 1826927332 678262 52
owned 413 678262 678263 678264 678265 679265 677265 676265 676264 676263 676262 676261 676260 676259 676258 677258 678258 678259 678260 679260 679261 680261 680262 680263 680264 681263 681262 681261 681260 680260 680259 679259 679258 677259 675259 677260 675260 674260 674261 674262 674263 677261 675261 675262 675263 675264 679264 677264 679263 677263 678261 679262 677262
bot 414 416 ll69i57o -1984626499 741239 52
owned 414 741239 741240 741241 741242 742242 740242 739242 739241 739240 739239 739238 739237 739236 739235 740235 741235 741236 741237 742237 742238 743238 743239 743240 743241 744240 744239 744238 744237 743237 743236 742236 742235 740236 738236 740237 738237 737237 737238 737239 737240 740238 738238 738239 738240 738241 742241 740241 742240 740240 741238 742239 740239
bot 415 417 9vuokjnw 1585849123 861348 52
owned 415 861348 861349 861350 861351 862351 860351 859351 859350 859349 859348 859347 859346 859345 859344 860344 861344 861345 861346 862346 862347 863347 863348 863349 863350 864349 864348 864347 864346 863346 863345 862345 862344 860345 858345 860346 858346 857346 857347 857348 857349 860347 858347 858348 858349 858350 862350 860350 862349 860349 861347 862348 860348
bot 416 418 ggb3bab1 1323032453 431340 52
owned 416 431340 431341 431342 431343 432343 430343 429343 429342 429341 429340 429339 429338 429337 429336 430336 431336 431337 431338 432338 432339 433339 433340 433341 433342 434341 434340 434339 434338 433338 433337 432337 432336 430337 428337 430338 428338 427338 427339 427340 427341 430339 428339 428340 428341 428342 432342 430342 432341 430341 431339 432340 430340
bot 417 419 drdo3t90 972603891 608612 52
owned 417 608612 608613 608614 608615 609615 607615 606615 606614 606613 606612 606611 606610 606609 606608 607608 608608 608609 608610 609610 609611 610611 610612 610613 610614 611613 611612 611611 611610 610610 610609 609609 609608 607609 605609 607610 605610 604610 604611 604612 604613 607611 605611 605612 605613 605614 609614 607614 609613 607613 608611 609612 607612
bot 418 420 xieaxa2f 590485614 683172 52
owned 418 683172 683173 683174 683175 684175 682175 681175 681174 681173 681172 681171 681170 681169 681168 682168 683168 683169 683170 684170 684171 685171 685172 685173 685174 686173 686172 686171 686170 685170 685169 684169 684168 682169 680169 682170 680170 679170 679171 679172 679173 682171 680171 680172 680173 680174 684174 682174 684173 682173 683171 684172 682172
bot 419 421 kqp7ewus -2042957177 324417 52
owned 419 324417 324418 324419 324420 325420 323420 322420 322419 322418 322417 322416 322415 322414 322413 323413 324413 324414 324415 325415 325416 326416 326417 326418 326419 327418 327417 327416 327415 326415 326414 325414 325413 323414 321414 323415 321415 320415 320416 320417 320418 323416 321416 321417 321418 321419 325419 323419 325418 323418 324416 325417 323417
bot 420 422 3kitma91 -2055917419 309191 52
owned 420 309191 309192 309193 309194 310194 308194 307194 307193 307192 307191 307190 307189 307188 307187 308187 309187 309188 309189 310189 310190 311190 311191 311192 311193 312192 312191 312190 312189 311189 311188 310188 310187 308188 306188 308189 306189 305189 305190 305191 305192 308190 306190 306191 306192 306193 310193 308193 310192 308192 309190 310191 308191
bot 421 423 m7y3u0aw 1998863385 862562 52
owned 421 862562 862563 862564 862565 863565 861565 860565 860564 860563 860562 860561 860560 860559 860558 861558 862558 862559 862560 863560 863561 864561 864562 864563 864564 865563 865562 865561 865560 864560 864559 863559 863558 861559 859559 861560 859560 858560 858561 858562 858563 861561 859561 859562 859563 859564 863564 861564 863563 861563 862561 863562 861562
bot 422 424 epuw8vpi 510564544 855673 52
owned 422 855673 855674 855675 855676 856676 854676 853676 853675 853674 853673 853672 853671 853670 853669 854669 855669 855670 855671 856671 856672 857672 857673 857674 857675 858674 858673 858672 858671 857671 857670 856670 856669 854670 852670 854671 852671 851671 851672 851673 851674 854672 852672 852673 852674 852675 856675 854675 856674 854674 855672 856673 854673
bot 423 425 nzx54fm6 1695238112 258641 52
owned 423 258641 258642 258643 258644 259644 257644 256644 256643 256642 256641 256640 256639 256638 256637 257637 258637 258638 258639 259639 259640 260640 260641 260642 260643 261642 261641 261640 261639 260639 260638 259638 259637 257638 255638 257639 255639 254639 254640 254641 254642 257640 255640 255641 255642 255643 259643 257643 259642 257642 258640 259641 257641
bot 424 426 fsk2kd7w 748724631 336306 52
owned 424 336306 336307 336308 336309 337309 335309 334309 334308 334307 334306 334305 334304 334303 334302 335302 336302 336303 336304 337304 337305 338305 338306 338307 338308 339307 339306 339305 339304 338304 338303 337303 337302 335303 333303 335304 333304 332304 332305 332306 332307 335305 333305 333306 333307 333308 337308 335308 337307 335307 336305 337306 335306
bot 425 427 p8jddnkm 1306250518 555211 52
owned 425 555211 555212 555213 555214 556214 554214 553214 553213 553212 553211 553210 553209 553208 553207 554207 555207 555208 555209 556209 556210 557210 557211 557212 557213 558212 558211 558210 558209 557209 557208 556208 556207 554208 552208 554209 552209 551209 551210 551211 551212 554210 552210 552211 552212 552213 556213 554213 556212 554212 555210 556211 554211
bot 426 428 wvgzie3u 1875191892 496389 52
owned 426 496389 496390 496391 496392 497392 495392 494392 494391 494390 494389 494388 494387 494386 494385 495385 496385 496386 496387 497387 497388 498388 498389 498390 498391 499390 499389 499388 499387 498387 498386 497386 497385 495386 493386 495387 493387 492387 492388 492389 492390 495388 493388 493389 493390 493391 497391 495391 497390 495390 496388 497389 495389
bot 427 429 mwh2z96c -2030578588 721422 52
owned 427 721422 721423 721424 721425 722425 720425 719425 719424 719423 719422 719421 719420 719419 719418 720418 721418 721419 721420 722420 722421 723421 723422 723423 723424 724423 724422 724421 724420 723420 723419 722419 722418 720419 718419 720420 718420 717420 717421 717422 717423 720421 718421 718422 718423 718424 722424 720424 722423 720423 721421 722422 720422
bot 428 430 l4ku27pt 1546664767 290397 52
owned 428 290397 290398 290399 290400 291400 289400 288400 288399 288398 288397 288396 288395 288394 288393 289393 290393 290394 290395 291395 291396 292396 292397 292398 292399 293398 293397 293396 293395 292395 292394 291394 291393 289394 287394 289395 287395 286395 286396 286397 286398 289396 287396 287397 287398 287399 291399 289399 291398 289398 290396 291397 289397
bot 429 431 jpvsmxxx 359931286 221546 52
owned 429 221546 221547 221548 221549 222549 220549 219549 219548 219547 219546 219545 219544 219543 219542 220542 221542 221543 221544 222544 222545 223545 223546 223547 223548 224547 224546 224545 224544 223544 223543 222543 222542 220543 218543 220544 218544 217544 217545 217546 217547 220545 218545 218546 218547 218548 222548 220548 222547 220547 221545 222546 220546
bot 430 432 s4xo3abv 1228142782 414302 52
owned 430 414302 414303 414304 414305 415305 413305 412305 412304 412303 412302 412301 412300 412299 412298 413298 414298 414299 414300 415300 415301 416301 416302 416303 416304 417303 417302 417301 417300 416300 416299 415299 415298 413299 411299 413300 411300 410300 410301 410302 410303 413301 411301 411302 411303 411304 415304 413304 415303 413303 414301 415302 413302
bot 431 433 zte7u069 914820622 609540 52
owned 431 609540 609541 609542 609543 610543 608543 607543 607542 607541 607540 607539 607538 607537 607536 608536 609536 609537 609538 610538 610539 611539 611540 611541 611542 612541 612540 612539 612538 611538 611537 610537 610536 608537 606537 608538 606538 605538 605539 605540 605541 608539 606539 606540 606541 606542 610542 608542 610541 608541 609539 610540 608540
bot 432 434 azlpbpke 1576831913 180735 52
owned 432 180735 180736 180737 180738 181738 179738 178738 178737 178736 178735 178734 178733 178732 178731 179731 180731 180732 180733 181733 181734 182734 182735 182736 182737 183736 183735 183734 183733 182733 182732 181732 181731 179732 177732 179733 177733 176733 176734 176735 176736 179734 177734 177735 177736 177737 181737 179737 181736 179736 180734 181735 179735
bot 433 435 0pmbiw8o 1809282750 371344 52
owned 433 371344 371345 371346 371347 372347 370347 369347 369346 369345 369344 369343 369342 369341 369340 370340 371340 371341 371342 372342 372343 373343 373344 373345 373346 374345 374344 374343 374342 373342 373341 372341 372340 370341 368341 370342 368342 367342 367343 367344 367345 370343 368343 368344 368345 368346 372346 370346 372345 370345 371343 372344 370344
bot 434 436 rygf4mvr 347903721 714524 52
owned 434 714524 714525 714526 714527 715527 713527 712527 712526 712525 712524 712523 712522 712521 712520 713520 714520 714521 714522 715522 715523 716523 716524 716525 716526 717525 717524 717523 717522 716522 716521 715521 715520 713521 711521 713522 711522 710522 710523 710524 710525 713523 711523 711524 711525 711526 715526 713526 715525 713525 714523 715524 713524
bot 435 437 mg9pgnw7 573403340 260552 52
owned 435 260552 260553 260554 260555 261555 259555 258555 258554 258553 258552 258551 258550 258549 258548 259548 260548 260549 260550 261550 261551 262551 262552 262553 262554 263553 263552 263551 263550 262550 262549 261549 261548 259549 257549 259550 257550 256550 256551 256552 256553 259551 257551 257552 257553 257554 261554 259554 261553 259553 260551 261552 259552
bot 436 438 8olnebf1 1961674981 557365 52
owned 436 557365 557366 557367 557368 558368 556368 555368 555367 555366 555365 555364 555363 555362 555361 556361 557361 557362 557363 558363 558364 559364 559365 559366 559367 560366 560365 560364 560363 559363 559362 558362 558361 556362 554362 556363 554363 553363 553364 553365 553366 556364 554364 554365 554366 554367 558367 556367 558366 556366 557364 558365 556365
bot 437 439 rzlsw9x1 1143180206 629376 52
owned 437 629376 629377 629378 629379 630379 628379 627379 627378 627377 627376 627375 627374 627373 627372 628372 629372 629373 629374 630374 630375 631375 631376 631377 631378 632377 632376 632375 632374 631374 631373 630373 630372 628373 626373 628374 626374 625374 625375 625376 625377 628375 626375 626376 626377 626378 630378 628378 630377 628377 629375 630376 628376
bot 438 440 o0jhfyxc 1555391079 15583 52
owned 438 15583 15584 15585 15586 16586 14586 13586 13585 13584 13583 13582 13581 13580 13579 14579 15579 15580 15581 16581 16582 17582 17583 17584 17585 18584 18583 18582 18581 17581 17580 16580 16579 14580 12580 14581 12581 11581 11582 11583 11584 14582 12582 12583 12584 12585 16585 14585 16584 14584 15582 16583 14583
bot 439 441 vki91ouc 1491134259 325274 52
owned 439 325274 325275 325276 325277 326277 324277 323277 323276 323275 323274 323273 323272 323271 323270 324270 325270 325271 325272 326272 326273 327273 327274 327275 327276 328275 328274 328273 328272 327272 327271 326271 326270 324271 322271 324272 322272 321272 321273 321274 321275 324273 322273 322274 322275 322276 326276 324276 326275 324275 325273 326274 324274
bot 440 442 0onssx3n 966406792 57459 52
owned 440 57459 57460 57461 57462 58462 56462 55462 55461 55460 55459 55458 55457 55456 55455 56455 57455 57456 57457 58457 58458 59458 59459 59460 59461 60460 60459 60458 60457 59457 59456 58456 58455 56456 54456 56457 54457 53457 53458 53459 53460 56458 54458 54459 54460 54461 58461 56461 58460 56460 57458 58459 56459
bot 441 443 ymrho9y4 1966682579 675201 52
owned 441 675201 675202 675203 675204 676204 674204 673204 673203 673202 673201 673200 673199 673198 673197 674197 675197 675198 675199 676199 676200 677200 677201 677202 677203 678202 678201 678200 678199 677199 677198 676198 676197 674198 672198 674199 672199 671199 671200 671201 671202 674200 672200 672201 672202 672203 676203 674203 676202 674202 675200 676201 674201
bot 442 444 4jjh2h8g 1367947243 393527 52
owned 442 393527 393528 393529 393530 394530 392530 391530 391529 391528 391527 391526 391525 391524 391523 392523 393523 393524 393525 394525 394526 395526 395527 395528 395529 396528 396527 396526 396525 395525 395524 394524 394523 392524 390524 392525 390525 389525 389526 389527 389528 392526 390526 390527 390528 390529 394529 392529 394528 392528 393526 394527 392527
bot 443 445 af8k17d8 934703474 558420 52
owned 443 558420 558421 558422 558423 559423 557423 556423 556422 556421 556420 556419 556418 556417 556416 557416 558416 558417 558418 559418 559419 560419 560420 560421 560422 561421 561420 561419 561418 560418 560417 559417 559416 557417 555417 557418 555418 554418 554419 554420 554421 557419 555419 555420 555421 555422 559422 557422 559421 557421 558419 559420 557420
bot 444 446 qt2a41r9 986164378 438376 52
owned 444 438376 438377 438378 438379 439379 437379 436379 436378 436377 436376 436375 436374 436373 436372 437372 438372 438373 438374 439374 439375 440375 440376 440377 440378 441377 441376 441375 441374 440374 440373 439373 439372 437373 435373 437374 435374 434374 434375 434376 434377 437375 435375 435376 435377 435378 439378 437378 439377 437377 438375 439376 437376
bot 445 447 dmqr8rk9 740056882 488457 52
owned 445 488457 488458 488459 488460 489460 487460 486460 486459 486458 486457 486456 486455 486454 486453 487453 488453 488454 488455 489455 489456 490456 490457 490458 490459 491458 491457 491456 491455 490455 490454 489454 489453 487454 485454 487455 485455 484455 484456 484457 484458 487456 485456 485457 485458 485459 489459 487459 489458 487458 488456 489457 487457
bot 446 448 gdvex2np 1375276236 145589 52
owned 446 145589 145590 145591 145592 146592 144592 143592 143591 143590 143589 143588 143587 143586 143585 144585 145585 145586 145587 146587 146588 147588 147589 147590 147591 148590 148589 148588 148587 147587 147586 146586 146585 144586 142586 144587 142587 141587 141588 141589 141590 144588 142588 142589 142590 142591 146591 144591 146590 144590 145588 146589 144589
bot 447 449 z6dhj6lz 1740470430 135376 52
owned 447 135376 135377 135378 135379 136379 134379 133379 133378 133377 133376 133375 133374 133373 133372 134372 135372 135373 135374 136374 136375 137375 137376 137377 137378 138377 138376 138375 138374 137374 137373 136373 136372 134373 132373 134374 132374 131374 131375 131376 131377 134375 132375 132376 132377 132378 136378 134378 136377 134377 135375 136376 134376
bot 448 450 ztlqrwwc 1168769812 789296 52
owned 448 789296 789297 789298 789299 790299 788299 787299 787298 787297 787296 787295 787294 787293 787292 788292 789292 789293 789294 790294 790295 791295 791296 791297 791298 792297 792296 792295 792294 791294 791293 790293 790292 788293 786293 788294 786294 785294 785295 785296 785297 788295 786295 786296 786297 786298 790298 788298 790297 788297 789295 790296 788296
bot 449 451 qk845cyd 1718860403 712683 52
owned 449 712683 712684 712685 712686 713686 711686 710686 710685 710684 710683 710682 710681 710680 710679 711679 712679 712680 712681 713681 713682 714682 714683 714684 714685 715684 715683 715682 715681 714681 714680 713680 713679 711680 709680 711681 709681 708681 708682 708683 708684 711682 709682 709683 709684 709685 713685 711685 713684 711684 712682 713683 711683
bot 450 452 g5ubwqld -2134424457 893504 52
owned 450 893504 893505 893506 893507 894507 892507 891507 891506 891505 891504 891503 891502 891501 891500 892500 893500 893501 893502 894502 894503 895503 895504 895505 895506 896505 896504 896503 896502 895502 895501 894501 894500 892501 890501 892502 890502 889502 889503 889504 889505 892503 890503 890504 890505 890506 894506 892506 894505 892505 893503 894504 892504
bot 451 453 voc18itg -1968564465 735406 52
owned 451 735406 735407 735408 735409 736409 734409 733409 733408 733407 733406 733405 733404 733403 733402 734402 735402 735403 735404 736404 736405 737405 737406 737407 737408 738407 738406 738405 738404 737404 737403 736403 736402 734403 732403 734404 732404 731404 731405 731406 731407 734405 732405 732406 732407 732408 736408 734408 736407 734407 735405 736406 734406
bot 452 454 3noal342 1024097718 203683 52
owned 452 203683 203684 203685 203686 204686 202686 201686 201685 201684 201683 201682 201681 201680 201679 202679 203679 203680 203681 204681 204682 205682 205683 205684 205685 206684 206683 206682 206681 205681 205680 204680 204679 202680 200680 202681 200681 199681 199682 199683 199684 202682 200682 200683 200684 200685 204685 202685 204684 202684 203682 204683 202683
bot 453 455 r8slsgxy 1850106064 719457 52
owned 453 719457 719458 719459 719460 720460 718460 717460 717459 717458 717457 717456 717455 717454 717453 718453 719453 719454 719455 720455 720456 721456 721457 721458 721459 722458 722457 722456 722455 721455 721454 720454 720453 718454 716454 718455 716455 715455 715456 715457 715458 718456 716456 716457 716458 716459 720459 718459 720458 718458 719456 720457 718457
bot 454 456 kwh9u6xu 1448727209 84678 52
owned 454 84678 84679 84680 84681 85681 83681 82681 82680 82679 82678 82677 82676 82675 82674 83674 84674 84675 84676 85676 85677 86677 86678 86679 86680 87679 87678 87677 87676 86676 86675 85675 85674 83675 81675 83676 81676 80676 80677 80678 80679 83677 81677 81678 81679 81680 85680 83680 85679 83679 84677 85678 83678
bot 455 457 8k335xf9 1018869389 40484 52
owned 455 40484 40485 40486 40487 41487 39487 38487 38486 38485 38484 38483 38482 38481 38480 39480 40480 40481 40482 41482 41483 42483 42484 42485 42486 43485 43484 43483 43482 42482 42481 41481 41480 39481 37481 39482 37482 36482 36483 36484 36485 39483 37483 37484 37485 37486 41486 39486 41485 39485 40483 41484 39484
bot 456 458 r8oeocye 1971210312 508198 52
owned 456 508198 508199 508200 508201 509201 507201 506201 506200 506199 506198 506197 506196 506195 506194 507194 508194 508195 508196 509196 509197 510197 510198 510199 510200 511199 511198 511197 511196 510196 510195 509195 509194 507195 505195 507196 505196 504196 504197 504198 504199 507197 505197 505198 505199 505200 509200 507200 509199 507199 508197 509198 507198
bot 457 459 aux9eznz 1727136058 435133 52
owned 457 435133 435134 435135 435136 436136 434136 433136 433135 433134 433133 433132 433131 433130 433129 434129 435129 435130 435131 436131 436132 437132 437133 437134 437135 438134 438133 438132 438131 437131 437130 436130 436129 434130 432130 434131 432131 431131 431132 431133 431134 434132 432132 432133 432134 432135 436135 434135 436134 434134 435132 436133 434133
bot 458 460 tl8i4sqm 1152690240 583175 52
owned 458 583175 583176 583177 583178 584178 582178 581178 581177 581176 581175 581174 581173 581172 581171 582171 583171 583172 583173 584173 584174 585174 585175 585176 585177 586176 586175 586174 586173 585173 585172 584172 584171 582172 580172 582173 580173 579173 579174 579175 579176 582174 580174 580175 580176 580177 584177 582177 584176 582176 583174 584175 582175
bot 459 461 5tvnmw0x 1457310797 190289 52
owned 459 190289 190290 190291 190292 191292 189292 188292 188291 188290 188289 188288 188287 188286 188285 189285 190285 190286 190287 191287 191288 192288 192289 192290 192291 193290 193289 193288 193287 192287 192286 191286 191285 189286 187286 189287 187287 186287 186288 186289 186290 189288 187288 187289 187290 187291 191291 189291 191290 189290 190288 191289 189289
bot 460 462 iaxyjwg2 -2021203755 738269 52
owned 460 738269 738270 738271 738272 739272 737272 736272 736271 736270 736269 736268 736267 736266 736265 737265 738265 738266 738267 739267 739268 740268 740269 740270 740271 741270 741269 741268 741267 740267 740266 739266 739265 737266 735266 737267 735267 734267 734268 734269 734270 737268 735268 735269 735270 735271 739271 737271 739270 737270 738268 739269 737269
bot 461 463 vsouyzqb 1989752153 278294 52
owned 461 278294 278295 278296 278297 279297 277297 276297 276296 276295 276294 276293 276292 276291 276290 277290 278290 278291 278292 279292 279293 280293 280294 280295 280296 281295 281294 281293 281292 280292 280291 279291 279290 277291 275291 277292 275292 274292 274293 274294 274295 277293 275293 275294 275295 275296 279296 277296 279295 277295 278293 279294 277294
bot 462 464 qo2yiqyt 867418476 634127 52
owned 462 634127 634128 634129 634130 635130 633130 632130 632129 632128 632127 632126 632125 632124 632123 633123 634123 634124 634125 635125 635126 636126 636127 636128 636129 637128 637127 637126 637125 636125 636124 635124 635123 633124 631124 633125 631125 630125 630126 630127 630128 633126 631126 631127 631128 631129 635129 633129 635128 633128 634126 635127 633127
bot 463 465 4b0bsp77 1542129959 772670 52
owned 463 772670 772671 772672 772673 773673 771673 770673 770672 770671 770670 770669 770668 770667 770666 771666 772666 772667 772668 773668 773669 774669 774670 774671 774672 775671 775670 775669 775668 774668 774667 773667 773666 771667 769667 771668 769668 768668 768669 768670 768671 771669 769669 769670 769671 769672 773672 771672 773671 771671 772669 773670 771670
bot 464 466 zt5za47g 844577314 806397 52
owned 464 806397 806398 806399 806400 807400 805400 804400 804399 804398 804397 804396 804395 804394 804393 805393 806393 806394 806395 807395 807396 808396 808397 808398 808399 809398 809397 809396 809395 808395 808394 807394 807393 805394 803394 805395 803395 802395 802396 802397 802398 805396 803396 803397 803398 803399 807399 805399 807398 805398 806396 807397 805397
bot 465 467 ialnkrtf 1920080439 343483 52
owned 465 343483 343484 343485 343486 344486 342486 341486 341485 341484 341483 341482 341481 341480 341479 342479 343479 343480 343481 344481 344482 345482 345483 345484 345485 346484 346483 346482 346481 345481 345480 344480 344479 342480 340480 342481 340481 339481 339482 339483 339484 342482 340482 340483 340484 340485 344485 342485 344484 342484 343482 344483 342483
bot 466 468 euhp0q2h 746902101 396435 52
owned 466 396435 396436 396437 396438 397438 395438 394438 394437 394436 394435 394434 394433 394432 394431 395431 396431 396432 396433 397433 397434 398434 398435 398436 398437 399436 399435 399434 399433 398433 398432 397432 397431 395432 393432 395433 393433 392433 392434 392435 392436 395434 393434 393435 393436 393437 397437 395437 397436 395436 396434 397435 395435
bot 467 469 hxtuit3a 1096026234 518517 52
owned 467 518517 518518 518519 518520 519520 517520 516520 516519 516518 516517 516516 516515 516514 516513 517513 518513 518514 518515 519515 519516 520516 520517 520518 520519 521518 521517 521516 521515 520515 520514 519514 519513 517514 515514 517515 515515 514515 514516 514517 514518 517516 515516 515517 515518 515519 519519 517519 519518 517518 518516 519517 517517
bot 468 470 cfqynmub 349093211 237113 52
owned 468 237113 237114 237115 237116 238116 236116 235116 235115 235114 235113 235112 235111 235110 235109 236109 237109 237110 237111 238111 238112 239112 239113 239114 239115 240114 240113 240112 240111 239111 239110 238110 238109 236110 234110 236111 234111 233111 233112 233113 233114 236112 234112 234113 234114 234115 238115 236115 238114 236114 237112 238113 236113
bot 469 471 kp4qpq36 508411518 838660 52
owned 469 838660 838661 838662 838663 839663 837663 836663 836662 836661 836660 836659 836658 836657 836656 837656 838656 838657 838658 839658 839659 840659 840660 840661 840662 841661 841660 841659 841658 840658 840657 839657 839656 837657 835657 837658 835658 834658 834659 834660 834661 837659 835659 835660 835661 835662 839662 837662 839661 837661 838659 839660 837660
bot 470 472 m4sv56ts 1221929626 618351 52
owned 470 618351 618352 618353 618354 619354 617354 616354 616353 616352 616351 616350 616349 616348 616347 617347 618347 618348 618349 619349 619350 620350 620351 620352 620353 621352 621351 621350 621349 620349 620348 619348 619347 617348 615348 617349 615349 614349 614350 614351 614352 617350 615350 615351 615352 615353 619353 617353 619352 617352 618350 619351 617351
bot 471 473 90lwnghk 1106536998 894573 52
owned 471 894573 894574 894575 894576 895576 893576 892576 892575 892574 892573 892572 892571 892570 892569 893569 894569 894570 894571 895571 895572 896572 896573 896574 896575 897574 897573 897572 897571 896571 896570 895570 895569 893570 891570 893571 891571 890571 890572 890573 890574 893572 891572 891573 891574 891575 895575 893575 895574 893574 894572 895573 893573
bot 472 474 6s4qrb66 425992942 365606 52
owned 472 365606 365607 365608 365609 366609 364609 363609 363608 363607 363606 363605 363604 363603 363602 364602 365602 365603 365604 366604 366605 367605 367606 367607 367608 368607 368606 368605 368604 367604 367603 366603 366602 364603 362603 364604 362604 361604 361605 361606 361607 364605 362605 362606 362607 362608 366608 364608 366607 364607 365605 366606 364606
bot 473 475 zm2durya 1873766734 635167 52
owned 473 635167 635168 635169 635170 636170 634170 633170 633169 633168 633167 633166 633165 633164 633163 634163 635163 635164 635165 636165 636166 637166 637167 637168 637169 638168 638167 638166 638165 637165 637164 636164 636163 634164 632164 634165 632165 631165 631166 631167 631168 634166 632166 632167 632168 632169 636169 634169 636168 634168 635166 636167 634167
bot 474 476 r78jt2dp 312851525 376179 52
owned 474 376179 376180 376181 376182 377182 375182 374182 374181 374180 374179 374178 374177 374176 374175 375175 376175 376176 376177 377177 377178 378178 378179 378180 378181 379180 379179 379178 379177 378177 378176 377176 377175 375176 373176 375177 373177 372177 372178 372179 372180 375178 373178 373179 373180 373181 377181 375181 377180 375180 376178 377179 375179
bot 475 477 2l6px65c 262883716 592416 52
owned 475 592416 592417 592418 592419 593419 591419 590419 590418 590417 590416 590415 590414 590413 590412 591412 592412 592413 592414 593414 593415 594415 594416 594417 594418 595417 595416 595415 595414 594414 594413 593413 593412 591413 589413 591414 589414 588414 588415 588416 588417 591415 589415 589416 589417 589418 593418 591418 593417 591417 592415 593416 591416
bot 476 478 8m9tfbvi 1714330309 57341 52
owned 476 57341 57342 57343 57344 58344 56344 55344 55343 55342 55341 55340 55339 55338 55337 56337 57337 57338 57339 58339 58340 59340 59341 59342 59343 60342 60341 60340 60339 59339 59338 58338 58337 56338 54338 56339 54339 53339 53340 53341 53342 56340 54340 54341 54342 54343 58343 56343 58342 56342 57340 58341 56341
bot 477 479 9mt34ypn 2102586138 498530 52
owned 477 498530 498531 498532 498533 499533 497533 496533 496532 496531 496530 496529 496528 496527 496526 497526 498526 498527 498528 499528 499529 500529 500530 500531 500532 501531 501530 501529 501528 500528 500527 499527 499526 497527 495527 497528 495528 494528 494529 494530 494531 497529 495529 495530 495531 495532 499532 497532 499531 497531 498529 499530 497530
bot 478 480 7q708nxs 417940264 508126 52
owned 478 508126 508127 508128 508129 509129 507129 506129 506128 506127 506126 506125 506124 506123 506122 507122 508122 508123 508124 509124 509125 510125 510126 510127 510128 511127 511126 511125 511124 510124 510123 509123 509122 507123 505123 507124 505124 504124 504125 504126 504127 507125 505125 505126 505127 505128 509128 507128 509127 507127 508125 509126 507126
bot 479 481 vaum2ag5 1384647716 309533 52
owned 479 309533 309534 309535 309536 310536 308536 307536 307535 307534 307533 307532 307531 307530 307529 308529 309529 309530 309531 310531 310532 311532 311533 311534 311535 312534 312533 312532 312531 311531 311530 310530 310529 308530 306530 308531 306531 305531 305532 305533 305534 308532 306532 306533 306534 306535 310535 308535 310534 308534 309532 310533 308533
bot 480 482 lhw012op 732008155 237692 52
owned 480 237692 237693 237694 237695 238695 236695 235695 235694 235693 235692 235691 235690 235689 235688 236688 237688 237689 237690 238690 238691 239691 239692 239693 239694 240693 240692 240691 240690 239690 239689 238689 238688 236689 234689 236690 234690 233690 233691 233692 233693 236691 234691 234692 234693 234694 238694 236694 238693 236693 237691 238692 236692
bot 481 483 ov7icohk 1018938204 342516 52
owned 481 342516 342517 342518 342519 343519 341519 340519 340518 340517 340516 340515 340514 340513 340512 341512 342512 342513 342514 343514 343515 344515 344516 344517 344518 345517 345516 345515 345514 344514 344513 343513 343512 341513 339513 341514 339514 338514 338515 338516 338517 341515 339515 339516 339517 339518 343518 341518 343517 341517 342515 343516 341516
bot 482 484 wdgpft73 1670765284 84463 52
owned 482 84463 84464 84465 84466 85466 83466 82466 82465 82464 82463 82462 82461 82460 82459 83459 84459 84460 84461 85461 85462 86462 86463 86464 86465 87464 87463 87462 87461 86461 86460 85460 85459 83460 81460 83461 81461 80461 80462 80463 80464 83462 81462 81463 81464 81465 85465 83465 85464 83464 84462 85463 83463
bot 483 485 77xjevxo -1951658934 890380 52
owned 483 890380 890381 890382 890383 891383 889383 888383 888382 888381 888380 888379 888378 888377 888376 889376 890376 890377 890378 891378 891379 892379 892380 892381 892382 893381 893380 893379 893378 892378 892377 891377 891376 889377 887377 889378 887378 886378 886379 886380 886381 889379 887379 887380 887381 887382 891382 889382 891381 889381 890379 891380 889380
bot 484 486 oqm2d2ls 780145184 696506 52
owned 484 696506 696507 696508 696509 697509 695509 694509 694508 694507 694506 694505 694504 694503 694502 695502 696502 696503 696504 697504 697505 698505 698506 698507 698508 699507 699506 699505 699504 698504 698503 697503 697502 695503 693503 695504 693504 692504 692505 692506 692507 695505 693505 693506 693507 693508 697508 695508 697507 695507 696505 697506 695506
bot 485 487 s4bnz7gf 599452877 241260 52
owned 485 241260 241261 241262 241263 242263 240263 239263 239262 239261 239260 239259 239258 239257 239256 240256 241256 241257 241258 242258 242259 243259 243260 243261 243262 244261 244260 244259 244258 243258 243257 242257 242256 240257 238257 240258 238258 237258 237259 237260 237261 240259 238259 238260 238261 238262 242262 240262 242261 240261 241259 242260 240260
bot 486 488 qareow7n 1600203458 820571 52
owned 486 820571 820572 820573 820574 821574 819574 818574 818573 818572 818571 818570 818569 818568 818567 819567 820567 820568 820569 821569 821570 822570 822571 822572 822573 823572 823571 823570 823569 822569 822568 821568 821567 819568 817568 819569 817569 816569 816570 816571 816572 819570 817570 817571 817572 817573 821573 819573 821572 819572 820570 821571 819571
bot 487 489 0qjiaqhk 2124328977 778442 52
owned 487 778442 778443 778444 778445 779445 777445 776445 776444 776443 776442 776441 776440 776439 776438 777438 778438 778439 778440 779440 779441 780441 780442 780443 780444 781443 781442 781441 781440 780440 780439 779439 779438 777439 775439 777440 775440 774440 774441 774442 774443 777441 775441 775442 775443 775444 779444 777444 779443 777443 778441 779442 777442
