# ofcuda_prng initial-state v1 (port spawn/initial state; engine-bit-exact)
# source reference /opt/data/workspaces/skg/ofcuda_matrix/out/matrix/refs/passage_a488_nat0.spawn.txt
map passage
seed parity
game_id QqkIuyke
game_hash 223241348
agents 488
nations 0
human_agents 1
width 6000
height 400
min_dist 30
player 1 H nd8079oo -1 0 0
player 2 B 7kmb47oc 1148486 1 52
player 3 B su965kfe 1028778 1 52
player 4 B 4918e5rs 1050104 1 52
player 5 B 0grah7qg 1031402 1 52
player 6 B 79lbhuod 216357 1 52
player 7 B 0eay8wsu 1011646 1 52
player 8 B l4g4juu8 1034282 1 52
player 9 B gsw4n5km 935422 1 52
player 10 B ooz4f963 826521 1 52
player 11 B g49bog52 174494 1 52
player 12 B vl3arc4y 928063 1 52
player 13 B 26spmsu2 950882 1 52
player 14 B 666fmd2f 1532334 1 52
player 15 B vybu8oes 1899180 1 52
player 16 B tlx2iciq 879894 1 52
player 17 B 8i7cuo9t 384008 1 52
player 18 B ay8xa67r 1270632 1 52
player 19 B fha1xhrw 920499 1 52
player 20 B 0n5m7v7w 159230 1 52
player 21 B g1kcotxi 1733097 1 52
player 22 B onu80sk7 1829905 1 52
player 23 B mt378h9n 2162021 1 52
player 24 B bo2xv2tw 946805 1 52
player 25 B 4j0jwl8e 573760 1 52
player 26 B 2q1yboxl 656183 1 52
player 27 B uf1afynu 1183442 1 52
player 28 B hnp5jsyu 1455634 1 52
player 29 B 3ks2xdvj 1210336 1 52
player 30 B 6udu18l9 937465 1 52
player 31 B u9qkgxb0 1691529 1 52
player 32 B gxzvzcy1 1264311 1 52
player 33 B soumc8lx 2291926 1 52
player 34 B pbtdxhy8 795634 1 52
player 35 B 7qca320q 1647850 1 52
player 36 B qu4dw13r 574619 1 52
player 37 B uf42rmom 739623 1 52
player 38 B 5pzo5nyp 1323602 1 52
player 39 B lpeu6a40 1070413 1 52
player 40 B m01qyq41 240172 1 52
player 41 B qp5j7mcl 1767224 1 52
player 42 B daoks386 347808 1 52
player 43 B 1adrc0if 1659313 1 52
player 44 B z2sjy7tl 1945741 1 52
player 45 B 2a2pcqq2 2075872 1 52
player 46 B 965x3zic 535713 1 52
player 47 B yytwuuvv 1737280 1 52
player 48 B 0bq4zvkx 1377166 1 52
player 49 B fqo7elia 1113824 1 52
player 50 B xb2eodru 1943996 1 52
player 51 B dn2a1fmz 516981 1 52
player 52 B c657fqi1 1374925 1 52
player 53 B 3oa0wbik 685600 1 52
player 54 B bbor86ta 1447884 1 52
player 55 B ke481hq3 1833856 1 52
player 56 B 1p7me35b 1068261 1 52
player 57 B ros1fefm 498134 1 52
player 58 B bbj4439d 606232 1 52
player 59 B 50euwmgf 372727 1 52
player 60 B 6ifrrqwg 1515402 1 52
player 61 B t3qojvzx 725350 1 52
player 62 B e39s2b1x 1378679 1 52
player 63 B 8elalp3o 1820966 1 52
player 64 B drzdgt29 1061370 1 52
player 65 B a5l13l40 1106461 1 52
player 66 B 15jsgukl 980339 1 52
player 67 B 457rtifd 565097 1 52
player 68 B nvln8mx2 478 1 26
player 69 B xdf4q9ey 1421494 1 52
player 70 B aehphxxq 1831883 1 52
player 71 B r69884b7 427081 1 52
player 72 B 1fi956n2 685670 1 52
player 73 B x0s75hnx 570289 1 52
player 74 B jjcxe8w7 594698 1 52
player 75 B pa9du0an 494314 1 52
player 76 B wr1iodtv 1383242 1 52
player 77 B q4t061qn 963744 1 52
player 78 B 5walu3qw 967703 1 52
player 79 B 9qsdvg22 1130874 1 52
player 80 B kxhibxlj 2249777 1 52
player 81 B 3lvh3hh1 2121250 1 52
player 82 B hhxd8zhc 1820020 1 52
player 83 B 68hvehkn 699292 1 52
player 84 B 0ysk38le 514871 1 52
player 85 B p9mtmjen 372784 1 52
player 86 B vtv2qiiq 1074496 1 52
player 87 B npcd7vse 807811 1 52
player 88 B fyrg30wr 1381486 1 52
player 89 B qg4cg39i 776045 1 52
player 90 B kqu8z0ef 1622853 1 52
player 91 B bdv4tpd7 1479310 1 52
player 92 B ok13k4z3 2326978 1 52
player 93 B hkwcx197 448545 1 52
player 94 B ko4t02h4 1733475 1 52
player 95 B a769y4e5 820553 1 52
player 96 B po0wxlw1 868492 1 52
player 97 B o8264l3e 639804 1 52
player 98 B 9rke6fm3 585635 1 52
player 99 B gyjc9x52 1898884 1 52
player 100 B x793lc6c 708341 1 52
player 101 B 93k3li8n 1750989 1 52
player 102 B a1hte6qb 1282829 1 52
player 103 B jklgnd18 1449274 1 52
player 104 B vfadfhgj 705111 1 52
player 105 B cwni1kcb 1893726 1 52
player 106 B 8z4z0zds 1555196 1 52
player 107 B cdzck1ki 930666 1 52
player 108 B zbaa3l3a 752636 1 52
player 109 B xm369xbs 346342 1 52
player 110 B e4dqhzo1 787737 1 52
player 111 B fepimk2i 1455916 1 52
player 112 B o2es7ebc 1796832 1 52
player 113 B l4opv4e9 1158013 1 52
player 114 B 4b3f45hy 938668 1 52
player 115 B r3pvfglh 1249476 1 52
player 116 B fnl5ocw8 1625419 1 52
player 117 B 7391zjkf 1683407 1 52
player 118 B ow5basj8 1652823 1 52
player 119 B olinuy4r 1664763 1 52
player 120 B 2e2jcypv 831399 1 52
player 121 B nx0it9ss 1434516 1 52
player 122 B tt57j91k 1731360 1 52
player 123 B 87aoci2n 1641198 1 52
player 124 B wk147shp 1265370 1 52
player 125 B q8jb2dnz 531542 1 52
player 126 B 4yzxt2gp 277740 1 52
player 127 B 755xej7w 1371660 1 52
player 128 B hjhprwfn 1281723 1 52
player 129 B n66i0csf 1641945 1 52
player 130 B am3stnxi 776823 1 52
player 131 B pmeqlcvs 1988866 1 52
player 132 B xl8vnvj2 1107955 1 52
player 133 B 0f3l9cg5 593419 1 52
player 134 B siocmotr 2321982 1 52
player 135 B uf75fjkr 1370425 1 52
player 136 B 3nuksgyo 726801 1 52
player 137 B isfwwr01 227490 1 52
player 138 B auuv9uim 1470476 1 52
player 139 B mdro7fya 1060281 1 52
player 140 B 8qfmz7a7 2220641 1 52
player 141 B m8j6zoax 1849078 1 52
player 142 B 7236xcde 1229502 1 52
player 143 B n4vtdnwp 1735816 1 52
player 144 B yggevgbl 1957713 1 52
player 145 B beijdl2w 1161701 1 52
player 146 B d2oo7mhj 1604719 1 52
player 147 B wrheiirw 920209 1 52
player 148 B d03y3hz5 1538803 1 52
player 149 B 5xaek3av 628131 1 52
player 150 B gz34o9hq 1753911 1 52
player 151 B 37xw489f 1463432 1 52
player 152 B k3srrvn9 36375 1 52
player 153 B 5isbkj04 586339 1 52
player 154 B r73y2vzl 576741 1 52
player 155 B 36x3kyhk 680435 1 52
player 156 B 01ob2tlo 1077362 1 52
player 157 B cb13fbp5 2165904 1 52
player 158 B vmmrq63s 1417944 1 52
player 159 B nkjckjq8 1187925 1 52
player 160 B wcggivof 948563 1 52
player 161 B 1w1ciciy 88720 1 52
player 162 B 2a0v7iem 782192 1 52
player 163 B jcz64pkr 776474 1 52
player 164 B v0ljq6tk 795233 1 52
player 165 B adg8798c 536161 1 52
player 166 B 5ghp3e6u 6207 1 34
player 167 B h5bdt6q4 829685 1 52
player 168 B 5oce5zsz 292552 1 52
player 169 B xka3bnm9 914260 1 52
player 170 B 3w1tydq6 894126 1 52
player 171 B upd1qyae 738260 1 52
player 172 B v4u31rox 1695897 1 52
player 173 B q9vm95if 1478989 1 52
player 174 B 0yu8n2tu 1545222 1 52
player 175 B sc2ctn85 636037 1 52
player 176 B z0gmspsi 531290 1 52
player 177 B z7avk2un 546001 1 34
player 178 B 8efmeybn 1388397 1 52
player 179 B bifxmou2 798617 1 52
player 180 B plh6en5t 1132616 1 52
player 181 B ay3m2wg5 1434812 1 52
player 182 B 1zmogxmk 1181431 1 52
player 183 B 55yraoi7 806221 1 52
player 184 B 1sc05h43 925434 1 52
player 185 B 37ibwik8 358524 1 52
player 186 B uec16uxz 882239 1 52
player 187 B 9fd5ewrs 1128517 1 52
player 188 B pe2p79c6 960012 1 52
player 189 B h1r85byk 324315 1 52
player 190 B exulggll 1765861 1 52
player 191 B zouqcp7v 614790 1 52
player 192 B k39sgybe 1173926 1 52
player 193 B orxhfzvz 2045943 1 52
player 194 B uz8ynaez 1751060 1 52
player 195 B ubigewsr 1999858 1 52
player 196 B w0ozvjdh 561716 1 52
player 197 B f7yj98q8 288448 1 52
player 198 B 2xzw4gp3 2342248 1 52
player 199 B 9rkdgj28 529664 1 52
player 200 B aw987uy7 705181 1 52
player 201 B gr243zlh 994412 1 52
player 202 B zowu9kf4 1233650 1 52
player 203 B 2dtf8q4x 1796792 1 52
player 204 B y9oft8w2 327208 1 52
player 205 B ed7kjxq3 467552 1 52
player 206 B nxt1ptsi 1813012 1 52
player 207 B p825v2fd 198265 1 52
player 208 B wyarb4qo 1555530 1 52
player 209 B qfs7b4z4 1088810 1 52
player 210 B ms13gmzm 1676446 1 52
player 211 B ym8zggo3 885140 1 52
player 212 B 8jahbnpg 48347 1 52
player 213 B b0djjiez 1702706 1 52
player 214 B s9xysw8i 1617337 1 52
player 215 B t3s2qgvc 576778 1 52
player 216 B aquue8ni 2124679 1 52
player 217 B u3k8ktyr 1821308 1 52
player 218 B i7egn3zz 509482 1 52
player 219 B o3vgfhge 1351543 1 52
player 220 B m4aem5hx 1979003 1 52
player 221 B p6i95qgo 1699954 1 52
player 222 B gvho8qeo 1757376 1 52
player 223 B 9iatvpoi 359585 1 52
player 224 B zd9jsqbj 1831839 1 52
player 225 B zw1dwnig 1048505 1 52
player 226 B be5xt98q 822169 1 52
player 227 B 522b0ju8 1108558 1 52
player 228 B ibxwtyy7 760338 1 52
player 229 B zjhashkb 933325 1 52
player 230 B 89ttdia6 2144244 1 52
player 231 B 6o2o0nvl 1177690 1 52
player 232 B xldl70se 282041 1 52
player 233 B qrwgzvzz 424325 1 52
player 234 B h711p697 1159248 1 52
player 235 B g4ulqqm0 1182234 1 52
player 236 B v18jrx10 1101105 1 52
player 237 B 8sd3i7p8 1576289 1 52
player 238 B l5o27mtm 1975989 1 52
player 239 B b6f6r0t2 1654188 1 52
player 240 B 7j5a3pfw 2020930 1 52
player 241 B m5sg1z4l 2047023 1 52
player 242 B ehpglvfz 702660 1 52
player 243 B wu3zthbo 849698 1 52
player 244 B yeh875u5 782674 1 52
player 245 B 8nuwzyn1 449425 1 52
player 246 B t0zwn9eb 989498 1 52
player 247 B 8zjwwdck 724628 1 52
player 248 B jwrhd5ij 1075366 1 52
player 249 B jyb8rp14 1011879 1 52
player 250 B wl7sxu3v 918326 1 52
player 251 B y0r0fu1j 453180 1 52
player 252 B kneohbbr 789751 1 52
player 253 B qc8m814x 614373 1 52
player 254 B ix3jngmf 666157 1 52
player 255 B 9mzpcgft 735586 1 52
player 256 B l5z5w588 1419338 1 52
player 257 B pt0jqntf 2190729 1 52
player 258 B 2e8alk85 1511544 1 52
player 259 B hwe3kfal 1058840 1 52
player 260 B 47li627l 489350 1 52
player 261 B 3asdumaj 879830 1 52
player 262 B l75txeu7 632305 1 52
player 263 B tbcz7mf1 559741 1 52
player 264 B o1ilw638 394687 1 52
player 265 B la4ytzgl 767495 1 52
player 266 B in2bq49j 620755 1 52
player 267 B 5irnw7ij 824128 1 52
player 268 B noxeflvy 1603786 1 52
player 269 B 8gn7568f 908176 1 52
player 270 B 5c1omdu5 46641 1 52
player 271 B yc2b3pvx 823540 1 52
player 272 B lml55dcl 770276 1 52
player 273 B 1o5etbis 156106 1 52
player 274 B bulnhjw5 1896990 1 52
player 275 B c6y4cfry 1695160 1 52
player 276 B kbpw8sak 847653 1 52
player 277 B 65e8qmsr 1081870 1 52
player 278 B furhe0mp 893543 1 52
player 279 B 92npvjrt 399273 1 52
player 280 B c56xdfdl 1020151 1 52
player 281 B jul4zb4e 871772 1 52
player 282 B mpuzdlvw 1557758 1 52
player 283 B plrlx715 1610478 1 52
player 284 B yl9vsjpk 748397 1 52
player 285 B mkfgkn7r 850783 1 52
player 286 B v5nlafkw 1631901 1 52
player 287 B 2p3gb961 1641254 1 52
player 288 B uc4jshlt 1632962 1 52
player 289 B 6xdips73 424795 1 52
player 290 B fqxqj0bu 2201810 1 52
player 291 B yen0iwte 990284 1 52
player 292 B 77ucsgzt 1685960 1 52
player 293 B 4c1d18ro 436051 1 52
player 294 B bz5je7hx 709503 1 52
player 295 B fn7ax8sx 640045 1 52
player 296 B owdtos2u 1895052 1 52
player 297 B f33f3rln 1923807 1 52
player 298 B shy7v4eo 2242943 1 52
player 299 B qi05x4jp 1947029 1 52
player 300 B rtwhvg9g 991567 1 52
player 301 B xebmdu02 1507442 1 52
player 302 B minv0qzi 1259450 1 52
player 303 B s3tsi6x9 2162190 1 52
player 304 B k4ol3ovv 340726 1 52
player 305 B my4alddo 1047132 1 52
player 306 B j2kjyzt1 2021094 1 52
player 307 B x5ff4utp 866790 1 52
player 308 B lokk2xdf 2084792 1 52
player 309 B sylg30cf 1029287 1 52
player 310 B sahbcu7b 2057733 1 52
player 311 B zuvsbbzm 1746274 1 52
player 312 B n4n57mjy 1351245 1 52
player 313 B 8s3w15kq 1448451 1 52
player 314 B a6z0gp5d 1571294 1 52
player 315 B momzwuew 887049 1 52
player 316 B swknlr19 1922821 1 52
player 317 B 68tli42a 360418 1 52
player 318 B 43wn7pvq 2150856 1 52
player 319 B ssod81st 1052190 1 52
player 320 B 9fudx3o3 1902287 1 52
player 321 B cm4ig7bz 1670354 1 52
player 322 B ajwm3pcu 560286 1 52
player 323 B wcn2fdks 722001 1 52
player 324 B 0a4r00hz 162057 1 52
player 325 B 548y287t 240391 1 52
player 326 B rkqmpoqo 706564 1 52
player 327 B nrv83khf 1869999 1 52
player 328 B 00wyr0st 1179308 1 52
player 329 B dhvz0u2j 1942758 1 52
player 330 B 87uy1srx 671517 1 52
player 331 B 26wgkglj 789265 1 52
player 332 B s4otxlhb 1137760 1 52
player 333 B 65ikynwk 828591 1 52
player 334 B goxpy54y 1619994 1 52
player 335 B etvrjl78 757408 1 52
player 336 B y58lji80 436105 1 52
player 337 B 13dy28ag 475122 1 52
player 338 B 0dg1h5h5 810678 1 52
player 339 B e9ncqhcw 972630 1 52
player 340 B uhxjrdbv 633250 1 52
player 341 B gv359a4k 1479968 1 52
player 342 B p4ehczm2 558370 1 52
player 343 B p2xbynef 1184515 1 52
player 344 B co561w2j 2013224 1 52
player 345 B wz0zkd1s 1647093 1 52
player 346 B m7jnfagf 48162 1 52
player 347 B rq439wc6 576107 1 52
player 348 B lkklizjr 1216580 1 52
player 349 B 2uyam605 1178327 1 52
player 350 B er3wo1bg 1002206 1 52
player 351 B ezt35u0l 2373545 1 52
player 352 B 593d2qcb 921617 1 52
player 353 B y51cphtm 715056 1 52
player 354 B g94go6fd 316367 1 52
player 355 B 9ksqwgqt 170535 1 52
player 356 B ykirk4lg 1747993 1 52
player 357 B jurxvo26 863398 1 52
player 358 B to8bcohn 640998 1 52
player 359 B ensatih4 1369516 1 52
player 360 B nbbu08hb 905360 1 52
player 361 B rxlhv8ic 1088369 1 52
player 362 B aiowrq52 938384 1 52
player 363 B bo94our7 1515176 1 52
player 364 B jxqkb7y6 1198433 1 52
player 365 B ikezntfk 1653796 1 52
player 366 B j4e63dwu 531117 1 52
player 367 B t0b9mavx 1837141 1 52
player 368 B bu0hz5bz 878753 1 52
player 369 B 368l6a1p 288122 1 52
player 370 B 6cr9h8xa 1830211 1 52
player 371 B 8y4zfq0g 1567858 1 52
player 372 B tz0sezi7 998689 1 52
player 373 B dazr70tn 1348277 1 52
player 374 B tx1pjsyg 665448 1 52
player 375 B ndjtlp8r 1399910 1 52
player 376 B bsklet6g 1266782 1 52
player 377 B hsozrzu4 1497369 1 52
player 378 B otmybkm3 1339872 1 52
player 379 B yfm1nyqy 2243948 1 52
player 380 B kr6ytu3l 885044 1 52
player 381 B 3pagyfng 1778416 1 52
player 382 B w1mobjvk 1373967 1 52
player 383 B xm7i5x3m 1023250 1 52
player 384 B 8u02tf2g 1308896 1 52
player 385 B lp6sri88 1888943 1 52
player 386 B sb1tap3p 1224805 1 52
player 387 B mv01333k 1789788 1 52
player 388 B g9mp2ife 30280 1 52
player 389 B jtq0seut 675678 1 52
player 390 B 525mh9ql 96311 1 52
player 391 B fvbpmsvz 1017584 1 52
player 392 B xwn3ivem 1995323 1 52
player 393 B fqbyj4jd 609833 1 52
player 394 B xfiw8ywg 943494 1 52
player 395 B iw3dqxmq 1357790 1 52
player 396 B yc0ao6et 612815 1 52
player 397 B ixj6ihi7 1470910 1 52
player 398 B 9l5wwvr3 781456 1 52
player 399 B 2w6i33lv 886374 1 52
player 400 B sba949vb 1737766 1 52
player 401 B ijcmefns 1615484 1 52
player 402 B isnsszoo 585312 1 52
player 403 B 9z76va23 325667 1 52
player 404 B h1wbhdhm 1491147 1 52
player 405 B tewvulrm 2291753 1 52
player 406 B wp3bxzsu 1098796 1 52
player 407 B d0g6avrv 2306206 1 52
player 408 B hsyivnsn 880316 1 52
player 409 B ox9ept1k 2116916 1 52
player 410 B ny87grni 1823022 1 52
player 411 B k2th9538 2207714 1 52
player 412 B ysltjm94 2352566 1 52
player 413 B u5klj2eh 1657176 1 52
player 414 B k7ka2ci1 18027 1 48
player 415 B qtul4azs 789353 1 52
player 416 B ll69i57o 422099 1 52
player 417 B 9vuokjnw 530823 1 52
player 418 B ggb3bab1 372084 1 52
player 419 B drdo3t90 617574 1 52
player 420 B xieaxa2f 1549048 1 52
player 421 B kqp7ewus 776505 1 52
player 422 B 3kitma91 268048 1 52
player 423 B m7y3u0aw 756002 1 42
player 424 B epuw8vpi 1774236 1 52
player 425 B nzx54fm6 613574 1 52
player 426 B fsk2kd7w 1469943 1 52
player 427 B p8jddnkm 1743009 1 52
player 428 B wvgzie3u 1250846 1 52
player 429 B mwh2z96c 1162860 1 52
player 430 B l4ku27pt 1796485 1 52
player 431 B jpvsmxxx 1735474 1 52
player 432 B s4xo3abv 2231860 1 52
player 433 B zte7u069 1264517 1 52
player 434 B azlpbpke 137507 1 52
player 435 B 0pmbiw8o 1017689 1 52
player 436 B rygf4mvr 1458420 1 52
player 437 B mg9pgnw7 136620 1 52
player 438 B 8olnebf1 804404 1 52
player 439 B rzlsw9x1 1911881 1 52
player 440 B o0jhfyxc 766604 1 52
player 441 B vki91ouc 1535367 1 52
player 442 B 0onssx3n 358653 1 52
player 443 B ymrho9y4 411225 1 52
player 444 B 4jjh2h8g 989304 1 52
player 445 B af8k17d8 2077584 1 52
player 446 B qt2a41r9 2370780 1 52
player 447 B dmqr8rk9 430828 1 52
player 448 B gdvex2np 1329751 1 52
player 449 B z6dhj6lz 920421 1 52
player 450 B ztlqrwwc 282287 1 52
player 451 B qk845cyd 583044 1 52
player 452 B g5ubwqld 1370788 1 52
player 453 B voc18itg 442711 1 52
player 454 B 3noal342 1539120 1 52
player 455 B r8slsgxy 2370694 1 52
player 456 B kwh9u6xu 884088 1 52
player 457 B 8k335xf9 1334376 1 52
player 458 B r8oeocye 1214402 1 52
player 459 B aux9eznz 1815950 1 52
player 460 B tl8i4sqm 928540 1 52
player 461 B 5tvnmw0x 2128958 1 52
player 462 B iaxyjwg2 1082311 1 52
player 463 B vsouyzqb 1735121 1 52
player 464 B qo2yiqyt 540173 1 52
player 465 B 4b0bsp77 1129408 1 52
player 466 B zt5za47g 438059 1 52
player 467 B ialnkrtf 1549917 1 52
player 468 B euhp0q2h 1859857 1 52
player 469 B hxtuit3a 1084392 1 52
player 470 B cfqynmub 1697842 1 52
player 471 B kp4qpq36 372255 1 52
player 472 B m4sv56ts 1629738 1 52
player 473 B 90lwnghk 835986 1 52
player 474 B 6s4qrb66 1759158 1 52
player 475 B zm2durya 1383776 1 52
player 476 B r78jt2dp 1195502 1 52
player 477 B 2l6px65c 870090 1 52
player 478 B 8m9tfbvi 1871428 1 52
player 479 B 9mt34ypn 981783 1 52
player 480 B 7q708nxs 640520 1 52
player 481 B vaum2ag5 1663573 1 52
player 482 B lhw012op 1540691 1 52
player 483 B ov7icohk 1980188 1 52
player 484 B wdgpft73 2201017 1 52
player 485 B 77xjevxo 1456496 1 52
player 486 B oqm2d2ls 2119070 1 52
player 487 B s4bnz7gf 498339 1 52
player 488 B qareow7n 1081839 1 52
player 489 B 0qjiaqhk 934586 1 52
bot 0 2 7kmb47oc 979863364 1148486 52
owned 0 1148486 1148487 1148488 1148489 1154489 1142489 1136489 1136488 1136487 1136486 1136485 1136484 1136483 1136482 1142482 1148482 1148483 1148484 1154484 1154485 1160485 1160486 1160487 1160488 1166487 1166486 1166485 1166484 1160484 1160483 1154483 1154482 1142483 1130483 1142484 1130484 1124484 1124485 1124486 1124487 1142485 1130485 1130486 1130487 1130488 1154488 1142488 1154487 1142487 1148485 1154486 1142486
bot 1 3 su965kfe 1225099288 1028778 52
owned 1 1028778 1028779 1028780 1028781 1034781 1022781 1016781 1016780 1016779 1016778 1016777 1016776 1016775 1016774 1022774 1028774 1028775 1028776 1034776 1034777 1040777 1040778 1040779 1040780 1046779 1046778 1046777 1046776 1040776 1040775 1034775 1034774 1022775 1010775 1022776 1010776 1004776 1004777 1004778 1004779 1022777 1010777 1010778 1010779 1010780 1034780 1022780 1034779 1022779 1028777 1034778 1022778
bot 2 4 4918e5rs 1160776865 1050104 52
owned 2 1050104 1050105 1050106 1050107 1056107 1044107 1038107 1038106 1038105 1038104 1038103 1038102 1038101 1038100 1044100 1050100 1050101 1050102 1056102 1056103 1062103 1062104 1062105 1062106 1068105 1068104 1068103 1068102 1062102 1062101 1056101 1056100 1044101 1032101 1044102 1032102 1026102 1026103 1026104 1026105 1044103 1032103 1032104 1032105 1032106 1056106 1044106 1056105 1044105 1050103 1056104 1044104
bot 3 5 0grah7qg -2107334215 1031402 52
owned 3 1031402 1031403 1031404 1031405 1037405 1025405 1019405 1019404 1019403 1019402 1019401 1019400 1019399 1019398 1025398 1031398 1031399 1031400 1037400 1037401 1043401 1043402 1043403 1043404 1049403 1049402 1049401 1049400 1043400 1043399 1037399 1037398 1025399 1013399 1025400 1013400 1007400 1007401 1007402 1007403 1025401 1013401 1013402 1013403 1013404 1037404 1025404 1037403 1025403 1031401 1037402 1025402
bot 4 6 79lbhuod 919150858 216357 52
owned 4 216357 216358 216359 216360 222360 210360 204360 204359 204358 204357 204356 204355 204354 204353 210353 216353 216354 216355 222355 222356 228356 228357 228358 228359 234358 234357 234356 234355 228355 228354 222354 222353 210354 198354 210355 198355 192355 192356 192357 192358 210356 198356 198357 198358 198359 222359 210359 222358 210358 216356 222357 210357
bot 5 7 0eay8wsu 312910098 1011646 52
owned 5 1011646 1011647 1011648 1011649 1017649 1005649 999649 999648 999647 999646 999645 999644 999643 999642 1005642 1011642 1011643 1011644 1017644 1017645 1023645 1023646 1023647 1023648 1029647 1029646 1029645 1029644 1023644 1023643 1017643 1017642 1005643 993643 1005644 993644 987644 987645 987646 987647 1005645 993645 993646 993647 993648 1017648 1005648 1017647 1005647 1011645 1017646 1005646
bot 6 8 l4g4juu8 1373847271 1034282 52
owned 6 1034282 1034283 1034284 1034285 1040285 1028285 1022285 1022284 1022283 1022282 1022281 1022280 1022279 1022278 1028278 1034278 1034279 1034280 1040280 1040281 1046281 1046282 1046283 1046284 1052283 1052282 1052281 1052280 1046280 1046279 1040279 1040278 1028279 1016279 1028280 1016280 1010280 1010281 1010282 1010283 1028281 1016281 1016282 1016283 1016284 1040284 1028284 1040283 1028283 1034281 1040282 1028282
bot 7 9 gsw4n5km 1786011062 935422 52
owned 7 935422 935423 935424 935425 941425 929425 923425 923424 923423 923422 923421 923420 923419 923418 929418 935418 935419 935420 941420 941421 947421 947422 947423 947424 953423 953422 953421 953420 947420 947419 941419 941418 929419 917419 929420 917420 911420 911421 911422 911423 929421 917421 917422 917423 917424 941424 929424 941423 929423 935421 941422 929422
bot 8 10 ooz4f963 1067254298 826521 52
owned 8 826521 826522 826523 826524 832524 820524 814524 814523 814522 814521 814520 814519 814518 814517 820517 826517 826518 826519 832519 832520 838520 838521 838522 838523 844522 844521 844520 844519 838519 838518 832518 832517 820518 808518 820519 808519 802519 802520 802521 802522 820520 808520 808521 808522 808523 832523 820523 832522 820522 826520 832521 820521
bot 9 11 g49bog52 471077977 174494 52
owned 9 174494 174495 174496 174497 180497 168497 162497 162496 162495 162494 162493 162492 162491 162490 168490 174490 174491 174492 180492 180493 186493 186494 186495 186496 192495 192494 192493 192492 186492 186491 180491 180490 168491 156491 168492 156492 150492 150493 150494 150495 168493 156493 156494 156495 156496 180496 168496 180495 168495 174493 180494 168494
bot 10 12 vl3arc4y 2110741002 928063 52
owned 10 928063 928064 928065 928066 934066 922066 916066 916065 916064 916063 916062 916061 916060 916059 922059 928059 928060 928061 934061 934062 940062 940063 940064 940065 946064 946063 946062 946061 940061 940060 934060 934059 922060 910060 922061 910061 904061 904062 904063 904064 922062 910062 910063 910064 910065 934065 922065 934064 922064 928062 934063 922063
bot 11 13 26spmsu2 1249151528 950882 52
owned 11 950882 950883 950884 950885 956885 944885 938885 938884 938883 938882 938881 938880 938879 938878 944878 950878 950879 950880 956880 956881 962881 962882 962883 962884 968883 968882 968881 968880 962880 962879 956879 956878 944879 932879 944880 932880 926880 926881 926882 926883 944881 932881 932882 932883 932884 956884 944884 956883 944883 950881 956882 944882
bot 12 14 666fmd2f -2125171585 1532334 52
owned 12 1532334 1532335 1532336 1532337 1538337 1526337 1520337 1520336 1520335 1520334 1520333 1520332 1520331 1520330 1526330 1532330 1532331 1532332 1538332 1538333 1544333 1544334 1544335 1544336 1550335 1550334 1550333 1550332 1544332 1544331 1538331 1538330 1526331 1514331 1526332 1514332 1508332 1508333 1508334 1508335 1526333 1514333 1514334 1514335 1514336 1538336 1526336 1538335 1526335 1532333 1538334 1526334
bot 13 15 vybu8oes 2095769353 1899180 52
owned 13 1899180 1899181 1899182 1899183 1905183 1893183 1887183 1887182 1887181 1887180 1887179 1887178 1887177 1887176 1893176 1899176 1899177 1899178 1905178 1905179 1911179 1911180 1911181 1911182 1917181 1917180 1917179 1917178 1911178 1911177 1905177 1905176 1893177 1881177 1893178 1881178 1875178 1875179 1875180 1875181 1893179 1881179 1881180 1881181 1881182 1905182 1893182 1905181 1893181 1899179 1905180 1893180
bot 14 16 tlx2iciq 1076827768 879894 52
owned 14 879894 879895 879896 879897 885897 873897 867897 867896 867895 867894 867893 867892 867891 867890 873890 879890 879891 879892 885892 885893 891893 891894 891895 891896 897895 897894 897893 897892 891892 891891 885891 885890 873891 861891 873892 861892 855892 855893 855894 855895 873893 861893 861894 861895 861896 885896 873896 885895 873895 879893 885894 873894
bot 15 17 8i7cuo9t 1041878418 384008 52
owned 15 384008 384009 384010 384011 390011 378011 372011 372010 372009 372008 372007 372006 372005 372004 378004 384004 384005 384006 390006 390007 396007 396008 396009 396010 402009 402008 402007 402006 396006 396005 390005 390004 378005 366005 378006 366006 360006 360007 360008 360009 378007 366007 366008 366009 366010 390010 378010 390009 378009 384007 390008 378008
bot 16 18 ay8xa67r 1238569276 1270632 52
owned 16 1270632 1270633 1270634 1270635 1276635 1264635 1258635 1258634 1258633 1258632 1258631 1258630 1258629 1258628 1264628 1270628 1270629 1270630 1276630 1276631 1282631 1282632 1282633 1282634 1288633 1288632 1288631 1288630 1282630 1282629 1276629 1276628 1264629 1252629 1264630 1252630 1246630 1246631 1246632 1246633 1264631 1252631 1252632 1252633 1252634 1276634 1264634 1276633 1264633 1270631 1276632 1264632
bot 17 19 fha1xhrw -2086814691 920499 52
owned 17 920499 920500 920501 920502 926502 914502 908502 908501 908500 908499 908498 908497 908496 908495 914495 920495 920496 920497 926497 926498 932498 932499 932500 932501 938500 938499 938498 938497 932497 932496 926496 926495 914496 902496 914497 902497 896497 896498 896499 896500 914498 902498 902499 902500 902501 926501 914501 926500 914500 920498 926499 914499
bot 18 20 0n5m7v7w 2006771567 159230 52
owned 18 159230 159231 159232 159233 165233 153233 147233 147232 147231 147230 147229 147228 147227 147226 153226 159226 159227 159228 165228 165229 171229 171230 171231 171232 177231 177230 177229 177228 171228 171227 165227 165226 153227 141227 153228 141228 135228 135229 135230 135231 153229 141229 141230 141231 141232 165232 153232 165231 153231 159229 165230 153230
bot 19 21 g1kcotxi 1701193324 1733097 52
owned 19 1733097 1733098 1733099 1733100 1739100 1727100 1721100 1721099 1721098 1721097 1721096 1721095 1721094 1721093 1727093 1733093 1733094 1733095 1739095 1739096 1745096 1745097 1745098 1745099 1751098 1751097 1751096 1751095 1745095 1745094 1739094 1739093 1727094 1715094 1727095 1715095 1709095 1709096 1709097 1709098 1727096 1715096 1715097 1715098 1715099 1739099 1727099 1739098 1727098 1733096 1739097 1727097
bot 20 22 onu80sk7 2095760979 1829905 52
owned 20 1829905 1829906 1829907 1829908 1835908 1823908 1817908 1817907 1817906 1817905 1817904 1817903 1817902 1817901 1823901 1829901 1829902 1829903 1835903 1835904 1841904 1841905 1841906 1841907 1847906 1847905 1847904 1847903 1841903 1841902 1835902 1835901 1823902 1811902 1823903 1811903 1805903 1805904 1805905 1805906 1823904 1811904 1811905 1811906 1811907 1835907 1823907 1835906 1823906 1829904 1835905 1823905
bot 21 23 mt378h9n 2146580788 2162021 52
owned 21 2162021 2162022 2162023 2162024 2168024 2156024 2150024 2150023 2150022 2150021 2150020 2150019 2150018 2150017 2156017 2162017 2162018 2162019 2168019 2168020 2174020 2174021 2174022 2174023 2180022 2180021 2180020 2180019 2174019 2174018 2168018 2168017 2156018 2144018 2156019 2144019 2138019 2138020 2138021 2138022 2156020 2144020 2144021 2144022 2144023 2168023 2156023 2168022 2156022 2162020 2168021 2156021
bot 22 24 bo2xv2tw 494470294 946805 52
owned 22 946805 946806 946807 946808 952808 940808 934808 934807 934806 934805 934804 934803 934802 934801 940801 946801 946802 946803 952803 952804 958804 958805 958806 958807 964806 964805 964804 964803 958803 958802 952802 952801 940802 928802 940803 928803 922803 922804 922805 922806 940804 928804 928805 928806 928807 952807 940807 952806 940806 946804 952805 940805
bot 23 25 4j0jwl8e 1716918454 573760 52
owned 23 573760 573761 573762 573763 579763 567763 561763 561762 561761 561760 561759 561758 561757 561756 567756 573756 573757 573758 579758 579759 585759 585760 585761 585762 591761 591760 591759 591758 585758 585757 579757 579756 567757 555757 567758 555758 549758 549759 549760 549761 567759 555759 555760 555761 555762 579762 567762 579761 567761 573759 579760 567760
bot 24 26 2q1yboxl 255765212 656183 52
owned 24 656183 656184 656185 656186 662186 650186 644186 644185 644184 644183 644182 644181 644180 644179 650179 656179 656180 656181 662181 662182 668182 668183 668184 668185 674184 674183 674182 674181 668181 668180 662180 662179 650180 638180 650181 638181 632181 632182 632183 632184 650182 638182 638183 638184 638185 662185 650185 662184 650184 656182 662183 650183
bot 25 27 uf1afynu 646231689 1183442 52
owned 25 1183442 1183443 1183444 1183445 1189445 1177445 1171445 1171444 1171443 1171442 1171441 1171440 1171439 1171438 1177438 1183438 1183439 1183440 1189440 1189441 1195441 1195442 1195443 1195444 1201443 1201442 1201441 1201440 1195440 1195439 1189439 1189438 1177439 1165439 1177440 1165440 1159440 1159441 1159442 1159443 1177441 1165441 1165442 1165443 1165444 1189444 1177444 1189443 1177443 1183441 1189442 1177442
bot 26 28 hnp5jsyu 1554719380 1455634 52
owned 26 1455634 1455635 1455636 1455637 1461637 1449637 1443637 1443636 1443635 1443634 1443633 1443632 1443631 1443630 1449630 1455630 1455631 1455632 1461632 1461633 1467633 1467634 1467635 1467636 1473635 1473634 1473633 1473632 1467632 1467631 1461631 1461630 1449631 1437631 1449632 1437632 1431632 1431633 1431634 1431635 1449633 1437633 1437634 1437635 1437636 1461636 1449636 1461635 1449635 1455633 1461634 1449634
bot 27 29 3ks2xdvj 2013378221 1210336 52
owned 27 1210336 1210337 1210338 1210339 1216339 1204339 1198339 1198338 1198337 1198336 1198335 1198334 1198333 1198332 1204332 1210332 1210333 1210334 1216334 1216335 1222335 1222336 1222337 1222338 1228337 1228336 1228335 1228334 1222334 1222333 1216333 1216332 1204333 1192333 1204334 1192334 1186334 1186335 1186336 1186337 1204335 1192335 1192336 1192337 1192338 1216338 1204338 1216337 1204337 1210335 1216336 1204336
bot 28 30 6udu18l9 1164531456 937465 52
owned 28 937465 937466 937467 937468 943468 931468 925468 925467 925466 925465 925464 925463 925462 925461 931461 937461 937462 937463 943463 943464 949464 949465 949466 949467 955466 955465 955464 955463 949463 949462 943462 943461 931462 919462 931463 919463 913463 913464 913465 913466 931464 919464 919465 919466 919467 943467 931467 943466 931466 937464 943465 931465
bot 29 31 u9qkgxb0 358820289 1691529 52
owned 29 1691529 1691530 1691531 1691532 1697532 1685532 1679532 1679531 1679530 1679529 1679528 1679527 1679526 1679525 1685525 1691525 1691526 1691527 1697527 1697528 1703528 1703529 1703530 1703531 1709530 1709529 1709528 1709527 1703527 1703526 1697526 1697525 1685526 1673526 1685527 1673527 1667527 1667528 1667529 1667530 1685528 1673528 1673529 1673530 1673531 1697531 1685531 1697530 1685530 1691528 1697529 1685529
bot 30 32 gxzvzcy1 2075804082 1264311 52
owned 30 1264311 1264312 1264313 1264314 1270314 1258314 1252314 1252313 1252312 1252311 1252310 1252309 1252308 1252307 1258307 1264307 1264308 1264309 1270309 1270310 1276310 1276311 1276312 1276313 1282312 1282311 1282310 1282309 1276309 1276308 1270308 1270307 1258308 1246308 1258309 1246309 1240309 1240310 1240311 1240312 1258310 1246310 1246311 1246312 1246313 1270313 1258313 1270312 1258312 1264310 1270311 1258311
bot 31 33 soumc8lx 1964908793 2291926 52
owned 31 2291926 2291927 2291928 2291929 2297929 2285929 2279929 2279928 2279927 2279926 2279925 2279924 2279923 2279922 2285922 2291922 2291923 2291924 2297924 2297925 2303925 2303926 2303927 2303928 2309927 2309926 2309925 2309924 2303924 2303923 2297923 2297922 2285923 2273923 2285924 2273924 2267924 2267925 2267926 2267927 2285925 2273925 2273926 2273927 2273928 2297928 2285928 2297927 2285927 2291925 2297926 2285926
bot 32 34 pbtdxhy8 -1952436939 795634 52
owned 32 795634 795635 795636 795637 801637 789637 783637 783636 783635 783634 783633 783632 783631 783630 789630 795630 795631 795632 801632 801633 807633 807634 807635 807636 813635 813634 813633 813632 807632 807631 801631 801630 789631 777631 789632 777632 771632 771633 771634 771635 789633 777633 777634 777635 777636 801636 789636 801635 789635 795633 801634 789634
bot 33 35 7qca320q 1722666588 1647850 52
owned 33 1647850 1647851 1647852 1647853 1653853 1641853 1635853 1635852 1635851 1635850 1635849 1635848 1635847 1635846 1641846 1647846 1647847 1647848 1653848 1653849 1659849 1659850 1659851 1659852 1665851 1665850 1665849 1665848 1659848 1659847 1653847 1653846 1641847 1629847 1641848 1629848 1623848 1623849 1623850 1623851 1641849 1629849 1629850 1629851 1629852 1653852 1641852 1653851 1641851 1647849 1653850 1641850
bot 34 36 qu4dw13r 1935691025 574619 52
owned 34 574619 574620 574621 574622 580622 568622 562622 562621 562620 562619 562618 562617 562616 562615 568615 574615 574616 574617 580617 580618 586618 586619 586620 586621 592620 592619 592618 592617 586617 586616 580616 580615 568616 556616 568617 556617 550617 550618 550619 550620 568618 556618 556619 556620 556621 580621 568621 580620 568620 574618 580619 568619
bot 35 37 uf42rmom 603403740 739623 52
owned 35 739623 739624 739625 739626 745626 733626 727626 727625 727624 727623 727622 727621 727620 727619 733619 739619 739620 739621 745621 745622 751622 751623 751624 751625 757624 757623 757622 757621 751621 751620 745620 745619 733620 721620 733621 721621 715621 715622 715623 715624 733622 721622 721623 721624 721625 745625 733625 745624 733624 739622 745623 733623
bot 36 38 5pzo5nyp -1978938492 1323602 52
owned 36 1323602 1323603 1323604 1323605 1329605 1317605 1311605 1311604 1311603 1311602 1311601 1311600 1311599 1311598 1317598 1323598 1323599 1323600 1329600 1329601 1335601 1335602 1335603 1335604 1341603 1341602 1341601 1341600 1335600 1335599 1329599 1329598 1317599 1305599 1317600 1305600 1299600 1299601 1299602 1299603 1317601 1305601 1305602 1305603 1305604 1329604 1317604 1329603 1317603 1323601 1329602 1317602
bot 37 39 lpeu6a40 1655789225 1070413 52
owned 37 1070413 1070414 1070415 1070416 1076416 1064416 1058416 1058415 1058414 1058413 1058412 1058411 1058410 1058409 1064409 1070409 1070410 1070411 1076411 1076412 1082412 1082413 1082414 1082415 1088414 1088413 1088412 1088411 1082411 1082410 1076410 1076409 1064410 1052410 1064411 1052411 1046411 1046412 1046413 1046414 1064412 1052412 1052413 1052414 1052415 1076415 1064415 1076414 1064414 1070412 1076413 1064413
bot 38 40 m01qyq41 -1925929108 240172 52
owned 38 240172 240173 240174 240175 246175 234175 228175 228174 228173 228172 228171 228170 228169 228168 234168 240168 240169 240170 246170 246171 252171 252172 252173 252174 258173 258172 258171 258170 252170 252169 246169 246168 234169 222169 234170 222170 216170 216171 216172 216173 234171 222171 222172 222173 222174 246174 234174 246173 234173 240171 246172 234172
bot 39 41 qp5j7mcl 1825462711 1767224 52
owned 39 1767224 1767225 1767226 1767227 1773227 1761227 1755227 1755226 1755225 1755224 1755223 1755222 1755221 1755220 1761220 1767220 1767221 1767222 1773222 1773223 1779223 1779224 1779225 1779226 1785225 1785224 1785223 1785222 1779222 1779221 1773221 1773220 1761221 1749221 1761222 1749222 1743222 1743223 1743224 1743225 1761223 1749223 1749224 1749225 1749226 1773226 1761226 1773225 1761225 1767223 1773224 1761224
bot 40 42 daoks386 1879256123 347808 52
owned 40 347808 347809 347810 347811 353811 341811 335811 335810 335809 335808 335807 335806 335805 335804 341804 347804 347805 347806 353806 353807 359807 359808 359809 359810 365809 365808 365807 365806 359806 359805 353805 353804 341805 329805 341806 329806 323806 323807 323808 323809 341807 329807 329808 329809 329810 353810 341810 353809 341809 347807 353808 341808
bot 41 43 1adrc0if 1860141724 1659313 52
owned 41 1659313 1659314 1659315 1659316 1665316 1653316 1647316 1647315 1647314 1647313 1647312 1647311 1647310 1647309 1653309 1659309 1659310 1659311 1665311 1665312 1671312 1671313 1671314 1671315 1677314 1677313 1677312 1677311 1671311 1671310 1665310 1665309 1653310 1641310 1653311 1641311 1635311 1635312 1635313 1635314 1653312 1641312 1641313 1641314 1641315 1665315 1653315 1665314 1653314 1659312 1665313 1653313
bot 42 44 z2sjy7tl 1824294623 1945741 52
owned 42 1945741 1945742 1945743 1945744 1951744 1939744 1933744 1933743 1933742 1933741 1933740 1933739 1933738 1933737 1939737 1945737 1945738 1945739 1951739 1951740 1957740 1957741 1957742 1957743 1963742 1963741 1963740 1963739 1957739 1957738 1951738 1951737 1939738 1927738 1939739 1927739 1921739 1921740 1921741 1921742 1939740 1927740 1927741 1927742 1927743 1951743 1939743 1951742 1939742 1945740 1951741 1939741
bot 43 45 2a2pcqq2 1550573320 2075872 52
owned 43 2075872 2075873 2075874 2075875 2081875 2069875 2063875 2063874 2063873 2063872 2063871 2063870 2063869 2063868 2069868 2075868 2075869 2075870 2081870 2081871 2087871 2087872 2087873 2087874 2093873 2093872 2093871 2093870 2087870 2087869 2081869 2081868 2069869 2057869 2069870 2057870 2051870 2051871 2051872 2051873 2069871 2057871 2057872 2057873 2057874 2081874 2069874 2081873 2069873 2075871 2081872 2069872
bot 44 46 965x3zic 1651901379 535713 52
owned 44 535713 535714 535715 535716 541716 529716 523716 523715 523714 523713 523712 523711 523710 523709 529709 535709 535710 535711 541711 541712 547712 547713 547714 547715 553714 553713 553712 553711 547711 547710 541710 541709 529710 517710 529711 517711 511711 511712 511713 511714 529712 517712 517713 517714 517715 541715 529715 541714 529714 535712 541713 529713
bot 45 47 yytwuuvv 643310337 1737280 52
owned 45 1737280 1737281 1737282 1737283 1743283 1731283 1725283 1725282 1725281 1725280 1725279 1725278 1725277 1725276 1731276 1737276 1737277 1737278 1743278 1743279 1749279 1749280 1749281 1749282 1755281 1755280 1755279 1755278 1749278 1749277 1743277 1743276 1731277 1719277 1731278 1719278 1713278 1713279 1713280 1713281 1731279 1719279 1719280 1719281 1719282 1743282 1731282 1743281 1731281 1737279 1743280 1731280
bot 46 48 0bq4zvkx -1953292478 1377166 52
owned 46 1377166 1377167 1377168 1377169 1383169 1371169 1365169 1365168 1365167 1365166 1365165 1365164 1365163 1365162 1371162 1377162 1377163 1377164 1383164 1383165 1389165 1389166 1389167 1389168 1395167 1395166 1395165 1395164 1389164 1389163 1383163 1383162 1371163 1359163 1371164 1359164 1353164 1353165 1353166 1353167 1371165 1359165 1359166 1359167 1359168 1383168 1371168 1383167 1371167 1377165 1383166 1371166
bot 47 49 fqo7elia -1958284618 1113824 52
owned 47 1113824 1113825 1113826 1113827 1119827 1107827 1101827 1101826 1101825 1101824 1101823 1101822 1101821 1101820 1107820 1113820 1113821 1113822 1119822 1119823 1125823 1125824 1125825 1125826 1131825 1131824 1131823 1131822 1125822 1125821 1119821 1119820 1107821 1095821 1107822 1095822 1089822 1089823 1089824 1089825 1107823 1095823 1095824 1095825 1095826 1119826 1107826 1119825 1107825 1113823 1119824 1107824
bot 48 50 xb2eodru 1511238585 1943996 52
owned 48 1943996 1943997 1943998 1943999 1949999 1937999 1931999 1931998 1931997 1931996 1931995 1931994 1931993 1931992 1937992 1943992 1943993 1943994 1949994 1949995 1955995 1955996 1955997 1955998 1961997 1961996 1961995 1961994 1955994 1955993 1949993 1949992 1937993 1925993 1937994 1925994 1919994 1919995 1919996 1919997 1937995 1925995 1925996 1925997 1925998 1949998 1937998 1949997 1937997 1943995 1949996 1937996
bot 49 51 dn2a1fmz 1672109513 516981 52
owned 49 516981 516982 516983 516984 522984 510984 504984 504983 504982 504981 504980 504979 504978 504977 510977 516977 516978 516979 522979 522980 528980 528981 528982 528983 534982 534981 534980 534979 528979 528978 522978 522977 510978 498978 510979 498979 492979 492980 492981 492982 510980 498980 498981 498982 498983 522983 510983 522982 510982 516980 522981 510981
bot 50 52 c657fqi1 1526829564 1374925 52
owned 50 1374925 1374926 1374927 1374928 1380928 1368928 1362928 1362927 1362926 1362925 1362924 1362923 1362922 1362921 1368921 1374921 1374922 1374923 1380923 1380924 1386924 1386925 1386926 1386927 1392926 1392925 1392924 1392923 1386923 1386922 1380922 1380921 1368922 1356922 1368923 1356923 1350923 1350924 1350925 1350926 1368924 1356924 1356925 1356926 1356927 1380927 1368927 1380926 1368926 1374924 1380925 1368925
bot 51 53 3oa0wbik 1465915324 685600 52
owned 51 685600 685601 685602 685603 691603 679603 673603 673602 673601 673600 673599 673598 673597 673596 679596 685596 685597 685598 691598 691599 697599 697600 697601 697602 703601 703600 703599 703598 697598 697597 691597 691596 679597 667597 679598 667598 661598 661599 661600 661601 679599 667599 667600 667601 667602 691602 679602 691601 679601 685599 691600 679600
bot 52 54 bbor86ta 1160631798 1447884 52
owned 52 1447884 1447885 1447886 1447887 1453887 1441887 1435887 1435886 1435885 1435884 1435883 1435882 1435881 1435880 1441880 1447880 1447881 1447882 1453882 1453883 1459883 1459884 1459885 1459886 1465885 1465884 1465883 1465882 1459882 1459881 1453881 1453880 1441881 1429881 1441882 1429882 1423882 1423883 1423884 1423885 1441883 1429883 1429884 1429885 1429886 1453886 1441886 1453885 1441885 1447883 1453884 1441884
bot 53 55 ke481hq3 1735541677 1833856 52
owned 53 1833856 1833857 1833858 1833859 1839859 1827859 1821859 1821858 1821857 1821856 1821855 1821854 1821853 1821852 1827852 1833852 1833853 1833854 1839854 1839855 1845855 1845856 1845857 1845858 1851857 1851856 1851855 1851854 1845854 1845853 1839853 1839852 1827853 1815853 1827854 1815854 1809854 1809855 1809856 1809857 1827855 1815855 1815856 1815857 1815858 1839858 1827858 1839857 1827857 1833855 1839856 1827856
bot 54 56 1p7me35b 2016093044 1068261 52
owned 54 1068261 1068262 1068263 1068264 1074264 1062264 1056264 1056263 1056262 1056261 1056260 1056259 1056258 1056257 1062257 1068257 1068258 1068259 1074259 1074260 1080260 1080261 1080262 1080263 1086262 1086261 1086260 1086259 1080259 1080258 1074258 1074257 1062258 1050258 1062259 1050259 1044259 1044260 1044261 1044262 1062260 1050260 1050261 1050262 1050263 1074263 1062263 1074262 1062262 1068260 1074261 1062261
bot 55 57 ros1fefm 336921379 498134 52
owned 55 498134 498135 498136 498137 504137 492137 486137 486136 486135 486134 486133 486132 486131 486130 492130 498130 498131 498132 504132 504133 510133 510134 510135 510136 516135 516134 516133 516132 510132 510131 504131 504130 492131 480131 492132 480132 474132 474133 474134 474135 492133 480133 480134 480135 480136 504136 492136 504135 492135 498133 504134 492134
bot 56 58 bbj4439d 1361159728 606232 52
owned 56 606232 606233 606234 606235 612235 600235 594235 594234 594233 594232 594231 594230 594229 594228 600228 606228 606229 606230 612230 612231 618231 618232 618233 618234 624233 624232 624231 624230 618230 618229 612229 612228 600229 588229 600230 588230 582230 582231 582232 582233 600231 588231 588232 588233 588234 612234 600234 612233 600233 606231 612232 600232
bot 57 59 50euwmgf 756661700 372727 52
owned 57 372727 372728 372729 372730 378730 366730 360730 360729 360728 360727 360726 360725 360724 360723 366723 372723 372724 372725 378725 378726 384726 384727 384728 384729 390728 390727 390726 390725 384725 384724 378724 378723 366724 354724 366725 354725 348725 348726 348727 348728 366726 354726 354727 354728 354729 378729 366729 378728 366728 372726 378727 366727
bot 58 60 6ifrrqwg 1573288274 1515402 52
owned 58 1515402 1515403 1515404 1515405 1521405 1509405 1503405 1503404 1503403 1503402 1503401 1503400 1503399 1503398 1509398 1515398 1515399 1515400 1521400 1521401 1527401 1527402 1527403 1527404 1533403 1533402 1533401 1533400 1527400 1527399 1521399 1521398 1509399 1497399 1509400 1497400 1491400 1491401 1491402 1491403 1509401 1497401 1497402 1497403 1497404 1521404 1509404 1521403 1509403 1515401 1521402 1509402
bot 59 61 t3qojvzx 1884704811 725350 52
owned 59 725350 725351 725352 725353 731353 719353 713353 713352 713351 713350 713349 713348 713347 713346 719346 725346 725347 725348 731348 731349 737349 737350 737351 737352 743351 743350 743349 743348 737348 737347 731347 731346 719347 707347 719348 707348 701348 701349 701350 701351 719349 707349 707350 707351 707352 731352 719352 731351 719351 725349 731350 719350
bot 60 62 e39s2b1x 535357285 1378679 52
owned 60 1378679 1378680 1378681 1378682 1384682 1372682 1366682 1366681 1366680 1366679 1366678 1366677 1366676 1366675 1372675 1378675 1378676 1378677 1384677 1384678 1390678 1390679 1390680 1390681 1396680 1396679 1396678 1396677 1390677 1390676 1384676 1384675 1372676 1360676 1372677 1360677 1354677 1354678 1354679 1354680 1372678 1360678 1360679 1360680 1360681 1384681 1372681 1384680 1372680 1378678 1384679 1372679
bot 61 63 8elalp3o 1664787462 1820966 52
owned 61 1820966 1820967 1820968 1820969 1826969 1814969 1808969 1808968 1808967 1808966 1808965 1808964 1808963 1808962 1814962 1820962 1820963 1820964 1826964 1826965 1832965 1832966 1832967 1832968 1838967 1838966 1838965 1838964 1832964 1832963 1826963 1826962 1814963 1802963 1814964 1802964 1796964 1796965 1796966 1796967 1814965 1802965 1802966 1802967 1802968 1826968 1814968 1826967 1814967 1820965 1826966 1814966
bot 62 64 drzdgt29 351372376 1061370 52
owned 62 1061370 1061371 1061372 1061373 1067373 1055373 1049373 1049372 1049371 1049370 1049369 1049368 1049367 1049366 1055366 1061366 1061367 1061368 1067368 1067369 1073369 1073370 1073371 1073372 1079371 1079370 1079369 1079368 1073368 1073367 1067367 1067366 1055367 1043367 1055368 1043368 1037368 1037369 1037370 1037371 1055369 1043369 1043370 1043371 1043372 1067372 1055372 1067371 1055371 1061369 1067370 1055370
bot 63 65 a5l13l40 409032466 1106461 52
owned 63 1106461 1106462 1106463 1106464 1112464 1100464 1094464 1094463 1094462 1094461 1094460 1094459 1094458 1094457 1100457 1106457 1106458 1106459 1112459 1112460 1118460 1118461 1118462 1118463 1124462 1124461 1124460 1124459 1118459 1118458 1112458 1112457 1100458 1088458 1100459 1088459 1082459 1082460 1082461 1082462 1100460 1088460 1088461 1088462 1088463 1112463 1100463 1112462 1100462 1106460 1112461 1100461
bot 64 66 15jsgukl 2082714056 980339 52
owned 64 980339 980340 980341 980342 986342 974342 968342 968341 968340 968339 968338 968337 968336 968335 974335 980335 980336 980337 986337 986338 992338 992339 992340 992341 998340 998339 998338 998337 992337 992336 986336 986335 974336 962336 974337 962337 956337 956338 956339 956340 974338 962338 962339 962340 962341 986341 974341 986340 974340 980338 986339 974339
bot 65 67 457rtifd 2131565011 565097 52
owned 65 565097 565098 565099 565100 571100 559100 553100 553099 553098 553097 553096 553095 553094 553093 559093 565093 565094 565095 571095 571096 577096 577097 577098 577099 583098 583097 583096 583095 577095 577094 571094 571093 559094 547094 559095 547095 541095 541096 541097 541098 559096 547096 547097 547098 547099 571099 559099 571098 559098 565096 571097 559097
bot 66 68 nvln8mx2 1241068427 478 26
owned 66 478 479 480 481 6481 6480 12480 12479 12478 12477 12476 12475 6475 6474 474 475 476 18476 6476 18477 6477 18478 18479 6479 477 6478
bot 67 69 xdf4q9ey 434759834 1421494 52
owned 67 1421494 1421495 1421496 1421497 1427497 1415497 1409497 1409496 1409495 1409494 1409493 1409492 1409491 1409490 1415490 1421490 1421491 1421492 1427492 1427493 1433493 1433494 1433495 1433496 1439495 1439494 1439493 1439492 1433492 1433491 1427491 1427490 1415491 1403491 1415492 1403492 1397492 1397493 1397494 1397495 1415493 1403493 1403494 1403495 1403496 1427496 1415496 1427495 1415495 1421493 1427494 1415494
bot 68 70 aehphxxq 441688655 1831883 52
owned 68 1831883 1831884 1831885 1831886 1837886 1825886 1819886 1819885 1819884 1819883 1819882 1819881 1819880 1819879 1825879 1831879 1831880 1831881 1837881 1837882 1843882 1843883 1843884 1843885 1849884 1849883 1849882 1849881 1843881 1843880 1837880 1837879 1825880 1813880 1825881 1813881 1807881 1807882 1807883 1807884 1825882 1813882 1813883 1813884 1813885 1837885 1825885 1837884 1825884 1831882 1837883 1825883
bot 69 71 r69884b7 1040467408 427081 52
owned 69 427081 427082 427083 427084 433084 421084 415084 415083 415082 415081 415080 415079 415078 415077 421077 427077 427078 427079 433079 433080 439080 439081 439082 439083 445082 445081 445080 445079 439079 439078 433078 433077 421078 409078 421079 409079 403079 403080 403081 403082 421080 409080 409081 409082 409083 433083 421083 433082 421082 427080 433081 421081
bot 70 72 1fi956n2 1628450074 685670 52
owned 70 685670 685671 685672 685673 691673 679673 673673 673672 673671 673670 673669 673668 673667 673666 679666 685666 685667 685668 691668 691669 697669 697670 697671 697672 703671 703670 703669 703668 697668 697667 691667 691666 679667 667667 679668 667668 661668 661669 661670 661671 679669 667669 667670 667671 667672 691672 679672 691671 679671 685669 691670 679670
bot 71 73 x0s75hnx 1902416189 570289 52
owned 71 570289 570290 570291 570292 576292 564292 558292 558291 558290 558289 558288 558287 558286 558285 564285 570285 570286 570287 576287 576288 582288 582289 582290 582291 588290 588289 588288 588287 582287 582286 576286 576285 564286 552286 564287 552287 546287 546288 546289 546290 564288 552288 552289 552290 552291 576291 564291 576290 564290 570288 576289 564289
bot 72 74 jjcxe8w7 1929622268 594698 52
owned 72 594698 594699 594700 594701 600701 588701 582701 582700 582699 582698 582697 582696 582695 582694 588694 594694 594695 594696 600696 600697 606697 606698 606699 606700 612699 612698 612697 612696 606696 606695 600695 600694 588695 576695 588696 576696 570696 570697 570698 570699 588697 576697 576698 576699 576700 600700 588700 600699 588699 594697 600698 588698
bot 73 75 pa9du0an 680719808 494314 52
owned 73 494314 494315 494316 494317 500317 488317 482317 482316 482315 482314 482313 482312 482311 482310 488310 494310 494311 494312 500312 500313 506313 506314 506315 506316 512315 512314 512313 512312 506312 506311 500311 500310 488311 476311 488312 476312 470312 470313 470314 470315 488313 476313 476314 476315 476316 500316 488316 500315 488315 494313 500314 488314
bot 74 76 wr1iodtv 1058650254 1383242 52
owned 74 1383242 1383243 1383244 1383245 1389245 1377245 1371245 1371244 1371243 1371242 1371241 1371240 1371239 1371238 1377238 1383238 1383239 1383240 1389240 1389241 1395241 1395242 1395243 1395244 1401243 1401242 1401241 1401240 1395240 1395239 1389239 1389238 1377239 1365239 1377240 1365240 1359240 1359241 1359242 1359243 1377241 1365241 1365242 1365243 1365244 1389244 1377244 1389243 1377243 1383241 1389242 1377242
bot 75 77 q4t061qn 1864834683 963744 52
owned 75 963744 963745 963746 963747 969747 957747 951747 951746 951745 951744 951743 951742 951741 951740 957740 963740 963741 963742 969742 969743 975743 975744 975745 975746 981745 981744 981743 981742 975742 975741 969741 969740 957741 945741 957742 945742 939742 939743 939744 939745 957743 945743 945744 945745 945746 969746 957746 969745 957745 963743 969744 957744
bot 76 78 5walu3qw 1224512371 967703 52
owned 76 967703 967704 967705 967706 973706 961706 955706 955705 955704 955703 955702 955701 955700 955699 961699 967699 967700 967701 973701 973702 979702 979703 979704 979705 985704 985703 985702 985701 979701 979700 973700 973699 961700 949700 961701 949701 943701 943702 943703 943704 961702 949702 949703 949704 949705 973705 961705 973704 961704 967702 973703 961703
bot 77 79 9qsdvg22 1376203870 1130874 52
owned 77 1130874 1130875 1130876 1130877 1136877 1124877 1118877 1118876 1118875 1118874 1118873 1118872 1118871 1118870 1124870 1130870 1130871 1130872 1136872 1136873 1142873 1142874 1142875 1142876 1148875 1148874 1148873 1148872 1142872 1142871 1136871 1136870 1124871 1112871 1124872 1112872 1106872 1106873 1106874 1106875 1124873 1112873 1112874 1112875 1112876 1136876 1124876 1136875 1124875 1130873 1136874 1124874
bot 78 80 kxhibxlj 517397506 2249777 52
owned 78 2249777 2249778 2249779 2249780 2255780 2243780 2237780 2237779 2237778 2237777 2237776 2237775 2237774 2237773 2243773 2249773 2249774 2249775 2255775 2255776 2261776 2261777 2261778 2261779 2267778 2267777 2267776 2267775 2261775 2261774 2255774 2255773 2243774 2231774 2243775 2231775 2225775 2225776 2225777 2225778 2243776 2231776 2231777 2231778 2231779 2255779 2243779 2255778 2243778 2249776 2255777 2243777
bot 79 81 3lvh3hh1 992169179 2121250 52
owned 79 2121250 2121251 2121252 2121253 2127253 2115253 2109253 2109252 2109251 2109250 2109249 2109248 2109247 2109246 2115246 2121246 2121247 2121248 2127248 2127249 2133249 2133250 2133251 2133252 2139251 2139250 2139249 2139248 2133248 2133247 2127247 2127246 2115247 2103247 2115248 2103248 2097248 2097249 2097250 2097251 2115249 2103249 2103250 2103251 2103252 2127252 2115252 2127251 2115251 2121249 2127250 2115250
bot 80 82 hhxd8zhc -1981148453 1820020 52
owned 80 1820020 1820021 1820022 1820023 1826023 1814023 1808023 1808022 1808021 1808020 1808019 1808018 1808017 1808016 1814016 1820016 1820017 1820018 1826018 1826019 1832019 1832020 1832021 1832022 1838021 1838020 1838019 1838018 1832018 1832017 1826017 1826016 1814017 1802017 1814018 1802018 1796018 1796019 1796020 1796021 1814019 1802019 1802020 1802021 1802022 1826022 1814022 1826021 1814021 1820019 1826020 1814020
bot 81 83 68hvehkn 1095836954 699292 52
owned 81 699292 699293 699294 699295 705295 693295 687295 687294 687293 687292 687291 687290 687289 687288 693288 699288 699289 699290 705290 705291 711291 711292 711293 711294 717293 717292 717291 717290 711290 711289 705289 705288 693289 681289 693290 681290 675290 675291 675292 675293 693291 681291 681292 681293 681294 705294 693294 705293 693293 699291 705292 693292
bot 82 84 0ysk38le 1385300227 514871 52
owned 82 514871 514872 514873 514874 520874 508874 502874 502873 502872 502871 502870 502869 502868 502867 508867 514867 514868 514869 520869 520870 526870 526871 526872 526873 532872 532871 532870 532869 526869 526868 520868 520867 508868 496868 508869 496869 490869 490870 490871 490872 508870 496870 496871 496872 496873 520873 508873 520872 508872 514870 520871 508871
bot 83 85 p9mtmjen 317818958 372784 52
owned 83 372784 372785 372786 372787 378787 366787 360787 360786 360785 360784 360783 360782 360781 360780 366780 372780 372781 372782 378782 378783 384783 384784 384785 384786 390785 390784 390783 390782 384782 384781 378781 378780 366781 354781 366782 354782 348782 348783 348784 348785 366783 354783 354784 354785 354786 378786 366786 378785 366785 372783 378784 366784
bot 84 86 vtv2qiiq 1725920906 1074496 52
owned 84 1074496 1074497 1074498 1074499 1080499 1068499 1062499 1062498 1062497 1062496 1062495 1062494 1062493 1062492 1068492 1074492 1074493 1074494 1080494 1080495 1086495 1086496 1086497 1086498 1092497 1092496 1092495 1092494 1086494 1086493 1080493 1080492 1068493 1056493 1068494 1056494 1050494 1050495 1050496 1050497 1068495 1056495 1056496 1056497 1056498 1080498 1068498 1080497 1068497 1074495 1080496 1068496
bot 85 87 npcd7vse -2091559336 807811 52
owned 85 807811 807812 807813 807814 813814 801814 795814 795813 795812 795811 795810 795809 795808 795807 801807 807807 807808 807809 813809 813810 819810 819811 819812 819813 825812 825811 825810 825809 819809 819808 813808 813807 801808 789808 801809 789809 783809 783810 783811 783812 801810 789810 789811 789812 789813 813813 801813 813812 801812 807810 813811 801811
bot 86 88 fyrg30wr 975447236 1381486 52
owned 86 1381486 1381487 1381488 1381489 1387489 1375489 1369489 1369488 1369487 1369486 1369485 1369484 1369483 1369482 1375482 1381482 1381483 1381484 1387484 1387485 1393485 1393486 1393487 1393488 1399487 1399486 1399485 1399484 1393484 1393483 1387483 1387482 1375483 1363483 1375484 1363484 1357484 1357485 1357486 1357487 1375485 1363485 1363486 1363487 1363488 1387488 1375488 1387487 1375487 1381485 1387486 1375486
bot 87 89 qg4cg39i -1947660605 776045 52
owned 87 776045 776046 776047 776048 782048 770048 764048 764047 764046 764045 764044 764043 764042 764041 770041 776041 776042 776043 782043 782044 788044 788045 788046 788047 794046 794045 794044 794043 788043 788042 782042 782041 770042 758042 770043 758043 752043 752044 752045 752046 770044 758044 758045 758046 758047 782047 770047 782046 770046 776044 782045 770045
bot 88 90 kqu8z0ef 2107383972 1622853 52
owned 88 1622853 1622854 1622855 1622856 1628856 1616856 1610856 1610855 1610854 1610853 1610852 1610851 1610850 1610849 1616849 1622849 1622850 1622851 1628851 1628852 1634852 1634853 1634854 1634855 1640854 1640853 1640852 1640851 1634851 1634850 1628850 1628849 1616850 1604850 1616851 1604851 1598851 1598852 1598853 1598854 1616852 1604852 1604853 1604854 1604855 1628855 1616855 1628854 1616854 1622852 1628853 1616853
bot 89 91 bdv4tpd7 1205846675 1479310 52
owned 89 1479310 1479311 1479312 1479313 1485313 1473313 1467313 1467312 1467311 1467310 1467309 1467308 1467307 1467306 1473306 1479306 1479307 1479308 1485308 1485309 1491309 1491310 1491311 1491312 1497311 1497310 1497309 1497308 1491308 1491307 1485307 1485306 1473307 1461307 1473308 1461308 1455308 1455309 1455310 1455311 1473309 1461309 1461310 1461311 1461312 1485312 1473312 1485311 1473311 1479309 1485310 1473310
bot 90 92 ok13k4z3 -1966524316 2326978 52
owned 90 2326978 2326979 2326980 2326981 2332981 2320981 2314981 2314980 2314979 2314978 2314977 2314976 2314975 2314974 2320974 2326974 2326975 2326976 2332976 2332977 2338977 2338978 2338979 2338980 2344979 2344978 2344977 2344976 2338976 2338975 2332975 2332974 2320975 2308975 2320976 2308976 2302976 2302977 2302978 2302979 2320977 2308977 2308978 2308979 2308980 2332980 2320980 2332979 2320979 2326977 2332978 2320978
bot 91 93 hkwcx197 767457194 448545 52
owned 91 448545 448546 448547 448548 454548 442548 436548 436547 436546 436545 436544 436543 436542 436541 442541 448541 448542 448543 454543 454544 460544 460545 460546 460547 466546 466545 466544 466543 460543 460542 454542 454541 442542 430542 442543 430543 424543 424544 424545 424546 442544 430544 430545 430546 430547 454547 442547 454546 442546 448544 454545 442545
bot 92 94 ko4t02h4 1395110162 1733475 52
owned 92 1733475 1733476 1733477 1733478 1739478 1727478 1721478 1721477 1721476 1721475 1721474 1721473 1721472 1721471 1727471 1733471 1733472 1733473 1739473 1739474 1745474 1745475 1745476 1745477 1751476 1751475 1751474 1751473 1745473 1745472 1739472 1739471 1727472 1715472 1727473 1715473 1709473 1709474 1709475 1709476 1727474 1715474 1715475 1715476 1715477 1739477 1727477 1739476 1727476 1733474 1739475 1727475
bot 93 95 a769y4e5 647486920 820553 52
owned 93 820553 820554 820555 820556 826556 814556 808556 808555 808554 808553 808552 808551 808550 808549 814549 820549 820550 820551 826551 826552 832552 832553 832554 832555 838554 838553 838552 838551 832551 832550 826550 826549 814550 802550 814551 802551 796551 796552 796553 796554 814552 802552 802553 802554 802555 826555 814555 826554 814554 820552 826553 814553
bot 94 96 po0wxlw1 1380537968 868492 52
owned 94 868492 868493 868494 868495 874495 862495 856495 856494 856493 856492 856491 856490 856489 856488 862488 868488 868489 868490 874490 874491 880491 880492 880493 880494 886493 886492 886491 886490 880490 880489 874489 874488 862489 850489 862490 850490 844490 844491 844492 844493 862491 850491 850492 850493 850494 874494 862494 874493 862493 868491 874492 862492
bot 95 97 o8264l3e 401241613 639804 52
owned 95 639804 639805 639806 639807 645807 633807 627807 627806 627805 627804 627803 627802 627801 627800 633800 639800 639801 639802 645802 645803 651803 651804 651805 651806 657805 657804 657803 657802 651802 651801 645801 645800 633801 621801 633802 621802 615802 615803 615804 615805 633803 621803 621804 621805 621806 645806 633806 645805 633805 639803 645804 633804
bot 96 98 9rke6fm3 2033692109 585635 52
owned 96 585635 585636 585637 585638 591638 579638 573638 573637 573636 573635 573634 573633 573632 573631 579631 585631 585632 585633 591633 591634 597634 597635 597636 597637 603636 603635 603634 603633 597633 597632 591632 591631 579632 567632 579633 567633 561633 561634 561635 561636 579634 567634 567635 567636 567637 591637 579637 591636 579636 585634 591635 579635
bot 97 99 gyjc9x52 -2039293411 1898884 52
owned 97 1898884 1898885 1898886 1898887 1904887 1892887 1886887 1886886 1886885 1886884 1886883 1886882 1886881 1886880 1892880 1898880 1898881 1898882 1904882 1904883 1910883 1910884 1910885 1910886 1916885 1916884 1916883 1916882 1910882 1910881 1904881 1904880 1892881 1880881 1892882 1880882 1874882 1874883 1874884 1874885 1892883 1880883 1880884 1880885 1880886 1904886 1892886 1904885 1892885 1898883 1904884 1892884
bot 98 100 x793lc6c -2137545535 708341 52
owned 98 708341 708342 708343 708344 714344 702344 696344 696343 696342 696341 696340 696339 696338 696337 702337 708337 708338 708339 714339 714340 720340 720341 720342 720343 726342 726341 726340 726339 720339 720338 714338 714337 702338 690338 702339 690339 684339 684340 684341 684342 702340 690340 690341 690342 690343 714343 702343 714342 702342 708340 714341 702341
bot 99 101 93k3li8n 1910969017 1750989 52
owned 99 1750989 1750990 1750991 1750992 1756992 1744992 1738992 1738991 1738990 1738989 1738988 1738987 1738986 1738985 1744985 1750985 1750986 1750987 1756987 1756988 1762988 1762989 1762990 1762991 1768990 1768989 1768988 1768987 1762987 1762986 1756986 1756985 1744986 1732986 1744987 1732987 1726987 1726988 1726989 1726990 1744988 1732988 1732989 1732990 1732991 1756991 1744991 1756990 1744990 1750988 1756989 1744989
bot 100 102 a1hte6qb 1102783938 1282829 52
owned 100 1282829 1282830 1282831 1282832 1288832 1276832 1270832 1270831 1270830 1270829 1270828 1270827 1270826 1270825 1276825 1282825 1282826 1282827 1288827 1288828 1294828 1294829 1294830 1294831 1300830 1300829 1300828 1300827 1294827 1294826 1288826 1288825 1276826 1264826 1276827 1264827 1258827 1258828 1258829 1258830 1276828 1264828 1264829 1264830 1264831 1288831 1276831 1288830 1276830 1282828 1288829 1276829
bot 101 103 jklgnd18 799847851 1449274 52
owned 101 1449274 1449275 1449276 1449277 1455277 1443277 1437277 1437276 1437275 1437274 1437273 1437272 1437271 1437270 1443270 1449270 1449271 1449272 1455272 1455273 1461273 1461274 1461275 1461276 1467275 1467274 1467273 1467272 1461272 1461271 1455271 1455270 1443271 1431271 1443272 1431272 1425272 1425273 1425274 1425275 1443273 1431273 1431274 1431275 1431276 1455276 1443276 1455275 1443275 1449273 1455274 1443274
bot 102 104 vfadfhgj 1821435404 705111 52
owned 102 705111 705112 705113 705114 711114 699114 693114 693113 693112 693111 693110 693109 693108 693107 699107 705107 705108 705109 711109 711110 717110 717111 717112 717113 723112 723111 723110 723109 717109 717108 711108 711107 699108 687108 699109 687109 681109 681110 681111 681112 699110 687110 687111 687112 687113 711113 699113 711112 699112 705110 711111 699111
bot 103 105 cwni1kcb -2002787684 1893726 52
owned 103 1893726 1893727 1893728 1893729 1899729 1887729 1881729 1881728 1881727 1881726 1881725 1881724 1881723 1881722 1887722 1893722 1893723 1893724 1899724 1899725 1905725 1905726 1905727 1905728 1911727 1911726 1911725 1911724 1905724 1905723 1899723 1899722 1887723 1875723 1887724 1875724 1869724 1869725 1869726 1869727 1887725 1875725 1875726 1875727 1875728 1899728 1887728 1899727 1887727 1893725 1899726 1887726
bot 104 106 8z4z0zds 1540574821 1555196 52
owned 104 1555196 1555197 1555198 1555199 1561199 1549199 1543199 1543198 1543197 1543196 1543195 1543194 1543193 1543192 1549192 1555192 1555193 1555194 1561194 1561195 1567195 1567196 1567197 1567198 1573197 1573196 1573195 1573194 1567194 1567193 1561193 1561192 1549193 1537193 1549194 1537194 1531194 1531195 1531196 1531197 1549195 1537195 1537196 1537197 1537198 1561198 1549198 1561197 1549197 1555195 1561196 1549196
bot 105 107 cdzck1ki 1635199286 930666 52
owned 105 930666 930667 930668 930669 936669 924669 918669 918668 918667 918666 918665 918664 918663 918662 924662 930662 930663 930664 936664 936665 942665 942666 942667 942668 948667 948666 948665 948664 942664 942663 936663 936662 924663 912663 924664 912664 906664 906665 906666 906667 924665 912665 912666 912667 912668 936668 924668 936667 924667 930665 936666 924666
bot 106 108 zbaa3l3a 2041986227 752636 52
owned 106 752636 752637 752638 752639 758639 746639 740639 740638 740637 740636 740635 740634 740633 740632 746632 752632 752633 752634 758634 758635 764635 764636 764637 764638 770637 770636 770635 770634 764634 764633 758633 758632 746633 734633 746634 734634 728634 728635 728636 728637 746635 734635 734636 734637 734638 758638 746638 758637 746637 752635 758636 746636
bot 107 109 xm369xbs 2073971836 346342 52
owned 107 346342 346343 346344 346345 352345 340345 334345 334344 334343 334342 334341 334340 334339 334338 340338 346338 346339 346340 352340 352341 358341 358342 358343 358344 364343 364342 364341 364340 358340 358339 352339 352338 340339 328339 340340 328340 322340 322341 322342 322343 340341 328341 328342 328343 328344 352344 340344 352343 340343 346341 352342 340342
bot 108 110 e4dqhzo1 2029469172 787737 52
owned 108 787737 787738 787739 787740 793740 781740 775740 775739 775738 775737 775736 775735 775734 775733 781733 787733 787734 787735 793735 793736 799736 799737 799738 799739 805738 805737 805736 805735 799735 799734 793734 793733 781734 769734 781735 769735 763735 763736 763737 763738 781736 769736 769737 769738 769739 793739 781739 793738 781738 787736 793737 781737
bot 109 111 fepimk2i 351613969 1455916 52
owned 109 1455916 1455917 1455918 1455919 1461919 1449919 1443919 1443918 1443917 1443916 1443915 1443914 1443913 1443912 1449912 1455912 1455913 1455914 1461914 1461915 1467915 1467916 1467917 1467918 1473917 1473916 1473915 1473914 1467914 1467913 1461913 1461912 1449913 1437913 1449914 1437914 1431914 1431915 1431916 1431917 1449915 1437915 1437916 1437917 1437918 1461918 1449918 1461917 1449917 1455915 1461916 1449916
bot 110 112 o2es7ebc 531691876 1796832 52
owned 110 1796832 1796833 1796834 1796835 1802835 1790835 1784835 1784834 1784833 1784832 1784831 1784830 1784829 1784828 1790828 1796828 1796829 1796830 1802830 1802831 1808831 1808832 1808833 1808834 1814833 1814832 1814831 1814830 1808830 1808829 1802829 1802828 1790829 1778829 1790830 1778830 1772830 1772831 1772832 1772833 1790831 1778831 1778832 1778833 1778834 1802834 1790834 1802833 1790833 1796831 1802832 1790832
bot 111 113 l4opv4e9 1658586271 1158013 52
owned 111 1158013 1158014 1158015 1158016 1164016 1152016 1146016 1146015 1146014 1146013 1146012 1146011 1146010 1146009 1152009 1158009 1158010 1158011 1164011 1164012 1170012 1170013 1170014 1170015 1176014 1176013 1176012 1176011 1170011 1170010 1164010 1164009 1152010 1140010 1152011 1140011 1134011 1134012 1134013 1134014 1152012 1140012 1140013 1140014 1140015 1164015 1152015 1164014 1152014 1158012 1164013 1152013
bot 112 114 4b3f45hy 1454480369 938668 52
owned 112 938668 938669 938670 938671 944671 932671 926671 926670 926669 926668 926667 926666 926665 926664 932664 938664 938665 938666 944666 944667 950667 950668 950669 950670 956669 956668 956667 956666 950666 950665 944665 944664 932665 920665 932666 920666 914666 914667 914668 914669 932667 920667 920668 920669 920670 944670 932670 944669 932669 938667 944668 932668
bot 113 115 r3pvfglh 2069697088 1249476 52
owned 113 1249476 1249477 1249478 1249479 1255479 1243479 1237479 1237478 1237477 1237476 1237475 1237474 1237473 1237472 1243472 1249472 1249473 1249474 1255474 1255475 1261475 1261476 1261477 1261478 1267477 1267476 1267475 1267474 1261474 1261473 1255473 1255472 1243473 1231473 1243474 1231474 1225474 1225475 1225476 1225477 1243475 1231475 1231476 1231477 1231478 1255478 1243478 1255477 1243477 1249475 1255476 1243476
bot 114 116 fnl5ocw8 859755902 1625419 52
owned 114 1625419 1625420 1625421 1625422 1631422 1619422 1613422 1613421 1613420 1613419 1613418 1613417 1613416 1613415 1619415 1625415 1625416 1625417 1631417 1631418 1637418 1637419 1637420 1637421 1643420 1643419 1643418 1643417 1637417 1637416 1631416 1631415 1619416 1607416 1619417 1607417 1601417 1601418 1601419 1601420 1619418 1607418 1607419 1607420 1607421 1631421 1619421 1631420 1619420 1625418 1631419 1619419
bot 115 117 7391zjkf 1287430659 1683407 52
owned 115 1683407 1683408 1683409 1683410 1689410 1677410 1671410 1671409 1671408 1671407 1671406 1671405 1671404 1671403 1677403 1683403 1683404 1683405 1689405 1689406 1695406 1695407 1695408 1695409 1701408 1701407 1701406 1701405 1695405 1695404 1689404 1689403 1677404 1665404 1677405 1665405 1659405 1659406 1659407 1659408 1677406 1665406 1665407 1665408 1665409 1689409 1677409 1689408 1677408 1683406 1689407 1677407
bot 116 118 ow5basj8 251269497 1652823 52
owned 116 1652823 1652824 1652825 1652826 1658826 1646826 1640826 1640825 1640824 1640823 1640822 1640821 1640820 1640819 1646819 1652819 1652820 1652821 1658821 1658822 1664822 1664823 1664824 1664825 1670824 1670823 1670822 1670821 1664821 1664820 1658820 1658819 1646820 1634820 1646821 1634821 1628821 1628822 1628823 1628824 1646822 1634822 1634823 1634824 1634825 1658825 1646825 1658824 1646824 1652822 1658823 1646823
bot 117 119 olinuy4r 579061672 1664763 52
owned 117 1664763 1664764 1664765 1664766 1670766 1658766 1652766 1652765 1652764 1652763 1652762 1652761 1652760 1652759 1658759 1664759 1664760 1664761 1670761 1670762 1676762 1676763 1676764 1676765 1682764 1682763 1682762 1682761 1676761 1676760 1670760 1670759 1658760 1646760 1658761 1646761 1640761 1640762 1640763 1640764 1658762 1646762 1646763 1646764 1646765 1670765 1658765 1670764 1658764 1664762 1670763 1658763
bot 118 120 2e2jcypv -1993908003 831399 52
owned 118 831399 831400 831401 831402 837402 825402 819402 819401 819400 819399 819398 819397 819396 819395 825395 831395 831396 831397 837397 837398 843398 843399 843400 843401 849400 849399 849398 849397 843397 843396 837396 837395 825396 813396 825397 813397 807397 807398 807399 807400 825398 813398 813399 813400 813401 837401 825401 837400 825400 831398 837399 825399
bot 119 121 nx0it9ss 1186690332 1434516 52
owned 119 1434516 1434517 1434518 1434519 1440519 1428519 1422519 1422518 1422517 1422516 1422515 1422514 1422513 1422512 1428512 1434512 1434513 1434514 1440514 1440515 1446515 1446516 1446517 1446518 1452517 1452516 1452515 1452514 1446514 1446513 1440513 1440512 1428513 1416513 1428514 1416514 1410514 1410515 1410516 1410517 1428515 1416515 1416516 1416517 1416518 1440518 1428518 1440517 1428517 1434515 1440516 1428516
bot 120 122 tt57j91k 1968342095 1731360 52
owned 120 1731360 1731361 1731362 1731363 1737363 1725363 1719363 1719362 1719361 1719360 1719359 1719358 1719357 1719356 1725356 1731356 1731357 1731358 1737358 1737359 1743359 1743360 1743361 1743362 1749361 1749360 1749359 1749358 1743358 1743357 1737357 1737356 1725357 1713357 1725358 1713358 1707358 1707359 1707360 1707361 1725359 1713359 1713360 1713361 1713362 1737362 1725362 1737361 1725361 1731359 1737360 1725360
bot 121 123 87aoci2n 1254425141 1641198 52
owned 121 1641198 1641199 1641200 1641201 1647201 1635201 1629201 1629200 1629199 1629198 1629197 1629196 1629195 1629194 1635194 1641194 1641195 1641196 1647196 1647197 1653197 1653198 1653199 1653200 1659199 1659198 1659197 1659196 1653196 1653195 1647195 1647194 1635195 1623195 1635196 1623196 1617196 1617197 1617198 1617199 1635197 1623197 1623198 1623199 1623200 1647200 1635200 1647199 1635199 1641197 1647198 1635198
bot 122 124 wk147shp 1355991785 1265370 52
owned 122 1265370 1265371 1265372 1265373 1271373 1259373 1253373 1253372 1253371 1253370 1253369 1253368 1253367 1253366 1259366 1265366 1265367 1265368 1271368 1271369 1277369 1277370 1277371 1277372 1283371 1283370 1283369 1283368 1277368 1277367 1271367 1271366 1259367 1247367 1259368 1247368 1241368 1241369 1241370 1241371 1259369 1247369 1247370 1247371 1247372 1271372 1259372 1271371 1259371 1265369 1271370 1259370
bot 123 125 q8jb2dnz 879696417 531542 52
owned 123 531542 531543 531544 531545 537545 525545 519545 519544 519543 519542 519541 519540 519539 519538 525538 531538 531539 531540 537540 537541 543541 543542 543543 543544 549543 549542 549541 549540 543540 543539 537539 537538 525539 513539 525540 513540 507540 507541 507542 507543 525541 513541 513542 513543 513544 537544 525544 537543 525543 531541 537542 525542
bot 124 126 4yzxt2gp 465535386 277740 52
owned 124 277740 277741 277742 277743 283743 271743 265743 265742 265741 265740 265739 265738 265737 265736 271736 277736 277737 277738 283738 283739 289739 289740 289741 289742 295741 295740 295739 295738 289738 289737 283737 283736 271737 259737 271738 259738 253738 253739 253740 253741 271739 259739 259740 259741 259742 283742 271742 283741 271741 277739 283740 271740
bot 125 127 755xej7w 1728585790 1371660 52
owned 125 1371660 1371661 1371662 1371663 1377663 1365663 1359663 1359662 1359661 1359660 1359659 1359658 1359657 1359656 1365656 1371656 1371657 1371658 1377658 1377659 1383659 1383660 1383661 1383662 1389661 1389660 1389659 1389658 1383658 1383657 1377657 1377656 1365657 1353657 1365658 1353658 1347658 1347659 1347660 1347661 1365659 1353659 1353660 1353661 1353662 1377662 1365662 1377661 1365661 1371659 1377660 1365660
bot 126 128 hjhprwfn 984070701 1281723 52
owned 126 1281723 1281724 1281725 1281726 1287726 1275726 1269726 1269725 1269724 1269723 1269722 1269721 1269720 1269719 1275719 1281719 1281720 1281721 1287721 1287722 1293722 1293723 1293724 1293725 1299724 1299723 1299722 1299721 1293721 1293720 1287720 1287719 1275720 1263720 1275721 1263721 1257721 1257722 1257723 1257724 1275722 1263722 1263723 1263724 1263725 1287725 1275725 1287724 1275724 1281722 1287723 1275723
bot 127 129 n66i0csf 983881029 1641945 52
owned 127 1641945 1641946 1641947 1641948 1647948 1635948 1629948 1629947 1629946 1629945 1629944 1629943 1629942 1629941 1635941 1641941 1641942 1641943 1647943 1647944 1653944 1653945 1653946 1653947 1659946 1659945 1659944 1659943 1653943 1653942 1647942 1647941 1635942 1623942 1635943 1623943 1617943 1617944 1617945 1617946 1635944 1623944 1623945 1623946 1623947 1647947 1635947 1647946 1635946 1641944 1647945 1635945
bot 128 130 am3stnxi 1295629627 776823 52
owned 128 776823 776824 776825 776826 782826 770826 764826 764825 764824 764823 764822 764821 764820 764819 770819 776819 776820 776821 782821 782822 788822 788823 788824 788825 794824 794823 794822 794821 788821 788820 782820 782819 770820 758820 770821 758821 752821 752822 752823 752824 770822 758822 758823 758824 758825 782825 770825 782824 770824 776822 782823 770823
bot 129 131 pmeqlcvs 1644107559 1988866 52
owned 129 1988866 1988867 1988868 1988869 1994869 1982869 1976869 1976868 1976867 1976866 1976865 1976864 1976863 1976862 1982862 1988862 1988863 1988864 1994864 1994865 2000865 2000866 2000867 2000868 2006867 2006866 2006865 2006864 2000864 2000863 1994863 1994862 1982863 1970863 1982864 1970864 1964864 1964865 1964866 1964867 1982865 1970865 1970866 1970867 1970868 1994868 1982868 1994867 1982867 1988865 1994866 1982866
bot 130 132 xl8vnvj2 1983802758 1107955 52
owned 130 1107955 1107956 1107957 1107958 1113958 1101958 1095958 1095957 1095956 1095955 1095954 1095953 1095952 1095951 1101951 1107951 1107952 1107953 1113953 1113954 1119954 1119955 1119956 1119957 1125956 1125955 1125954 1125953 1119953 1119952 1113952 1113951 1101952 1089952 1101953 1089953 1083953 1083954 1083955 1083956 1101954 1089954 1089955 1089956 1089957 1113957 1101957 1113956 1101956 1107954 1113955 1101955
bot 131 133 0f3l9cg5 575005501 593419 52
owned 131 593419 593420 593421 593422 599422 587422 581422 581421 581420 581419 581418 581417 581416 581415 587415 593415 593416 593417 599417 599418 605418 605419 605420 605421 611420 611419 611418 611417 605417 605416 599416 599415 587416 575416 587417 575417 569417 569418 569419 569420 587418 575418 575419 575420 575421 599421 587421 599420 587420 593418 599419 587419
bot 132 134 siocmotr 754194894 2321982 52
owned 132 2321982 2321983 2321984 2321985 2327985 2315985 2309985 2309984 2309983 2309982 2309981 2309980 2309979 2309978 2315978 2321978 2321979 2321980 2327980 2327981 2333981 2333982 2333983 2333984 2339983 2339982 2339981 2339980 2333980 2333979 2327979 2327978 2315979 2303979 2315980 2303980 2297980 2297981 2297982 2297983 2315981 2303981 2303982 2303983 2303984 2327984 2315984 2327983 2315983 2321981 2327982 2315982
bot 133 135 uf75fjkr 515106218 1370425 52
owned 133 1370425 1370426 1370427 1370428 1376428 1364428 1358428 1358427 1358426 1358425 1358424 1358423 1358422 1358421 1364421 1370421 1370422 1370423 1376423 1376424 1382424 1382425 1382426 1382427 1388426 1388425 1388424 1388423 1382423 1382422 1376422 1376421 1364422 1352422 1364423 1352423 1346423 1346424 1346425 1346426 1364424 1352424 1352425 1352426 1352427 1376427 1364427 1376426 1364426 1370424 1376425 1364425
bot 134 136 3nuksgyo 1205368543 726801 52
owned 134 726801 726802 726803 726804 732804 720804 714804 714803 714802 714801 714800 714799 714798 714797 720797 726797 726798 726799 732799 732800 738800 738801 738802 738803 744802 744801 744800 744799 738799 738798 732798 732797 720798 708798 720799 708799 702799 702800 702801 702802 720800 708800 708801 708802 708803 732803 720803 732802 720802 726800 732801 720801
bot 135 137 isfwwr01 552169627 227490 52
owned 135 227490 227491 227492 227493 233493 221493 215493 215492 215491 215490 215489 215488 215487 215486 221486 227486 227487 227488 233488 233489 239489 239490 239491 239492 245491 245490 245489 245488 239488 239487 233487 233486 221487 209487 221488 209488 203488 203489 203490 203491 221489 209489 209490 209491 209492 233492 221492 233491 221491 227489 233490 221490
bot 136 138 auuv9uim 1696267609 1470476 52
owned 136 1470476 1470477 1470478 1470479 1476479 1464479 1458479 1458478 1458477 1458476 1458475 1458474 1458473 1458472 1464472 1470472 1470473 1470474 1476474 1476475 1482475 1482476 1482477 1482478 1488477 1488476 1488475 1488474 1482474 1482473 1476473 1476472 1464473 1452473 1464474 1452474 1446474 1446475 1446476 1446477 1464475 1452475 1452476 1452477 1452478 1476478 1464478 1476477 1464477 1470475 1476476 1464476
bot 137 139 mdro7fya 1606413849 1060281 52
owned 137 1060281 1060282 1060283 1060284 1066284 1054284 1048284 1048283 1048282 1048281 1048280 1048279 1048278 1048277 1054277 1060277 1060278 1060279 1066279 1066280 1072280 1072281 1072282 1072283 1078282 1078281 1078280 1078279 1072279 1072278 1066278 1066277 1054278 1042278 1054279 1042279 1036279 1036280 1036281 1036282 1054280 1042280 1042281 1042282 1042283 1066283 1054283 1066282 1054282 1060280 1066281 1054281
bot 138 140 8qfmz7a7 1176881937 2220641 52
owned 138 2220641 2220642 2220643 2220644 2226644 2214644 2208644 2208643 2208642 2208641 2208640 2208639 2208638 2208637 2214637 2220637 2220638 2220639 2226639 2226640 2232640 2232641 2232642 2232643 2238642 2238641 2238640 2238639 2232639 2232638 2226638 2226637 2214638 2202638 2214639 2202639 2196639 2196640 2196641 2196642 2214640 2202640 2202641 2202642 2202643 2226643 2214643 2226642 2214642 2220640 2226641 2214641
bot 139 141 m8j6zoax -2013427167 1849078 52
owned 139 1849078 1849079 1849080 1849081 1855081 1843081 1837081 1837080 1837079 1837078 1837077 1837076 1837075 1837074 1843074 1849074 1849075 1849076 1855076 1855077 1861077 1861078 1861079 1861080 1867079 1867078 1867077 1867076 1861076 1861075 1855075 1855074 1843075 1831075 1843076 1831076 1825076 1825077 1825078 1825079 1843077 1831077 1831078 1831079 1831080 1855080 1843080 1855079 1843079 1849077 1855078 1843078
bot 140 142 7236xcde 232703150 1229502 52
owned 140 1229502 1229503 1229504 1229505 1235505 1223505 1217505 1217504 1217503 1217502 1217501 1217500 1217499 1217498 1223498 1229498 1229499 1229500 1235500 1235501 1241501 1241502 1241503 1241504 1247503 1247502 1247501 1247500 1241500 1241499 1235499 1235498 1223499 1211499 1223500 1211500 1205500 1205501 1205502 1205503 1223501 1211501 1211502 1211503 1211504 1235504 1223504 1235503 1223503 1229501 1235502 1223502
bot 141 143 n4vtdnwp 1052857899 1735816 52
owned 141 1735816 1735817 1735818 1735819 1741819 1729819 1723819 1723818 1723817 1723816 1723815 1723814 1723813 1723812 1729812 1735812 1735813 1735814 1741814 1741815 1747815 1747816 1747817 1747818 1753817 1753816 1753815 1753814 1747814 1747813 1741813 1741812 1729813 1717813 1729814 1717814 1711814 1711815 1711816 1711817 1729815 1717815 1717816 1717817 1717818 1741818 1729818 1741817 1729817 1735815 1741816 1729816
bot 142 144 yggevgbl 619188651 1957713 52
owned 142 1957713 1957714 1957715 1957716 1963716 1951716 1945716 1945715 1945714 1945713 1945712 1945711 1945710 1945709 1951709 1957709 1957710 1957711 1963711 1963712 1969712 1969713 1969714 1969715 1975714 1975713 1975712 1975711 1969711 1969710 1963710 1963709 1951710 1939710 1951711 1939711 1933711 1933712 1933713 1933714 1951712 1939712 1939713 1939714 1939715 1963715 1951715 1963714 1951714 1957712 1963713 1951713
bot 143 145 beijdl2w 1770559541 1161701 52
owned 143 1161701 1161702 1161703 1161704 1167704 1155704 1149704 1149703 1149702 1149701 1149700 1149699 1149698 1149697 1155697 1161697 1161698 1161699 1167699 1167700 1173700 1173701 1173702 1173703 1179702 1179701 1179700 1179699 1173699 1173698 1167698 1167697 1155698 1143698 1155699 1143699 1137699 1137700 1137701 1137702 1155700 1143700 1143701 1143702 1143703 1167703 1155703 1167702 1155702 1161700 1167701 1155701
bot 144 146 d2oo7mhj 1623230014 1604719 52
owned 144 1604719 1604720 1604721 1604722 1610722 1598722 1592722 1592721 1592720 1592719 1592718 1592717 1592716 1592715 1598715 1604715 1604716 1604717 1610717 1610718 1616718 1616719 1616720 1616721 1622720 1622719 1622718 1622717 1616717 1616716 1610716 1610715 1598716 1586716 1598717 1586717 1580717 1580718 1580719 1580720 1598718 1586718 1586719 1586720 1586721 1610721 1598721 1610720 1598720 1604718 1610719 1598719
bot 145 147 wrheiirw 2112064519 920209 52
owned 145 920209 920210 920211 920212 926212 914212 908212 908211 908210 908209 908208 908207 908206 908205 914205 920205 920206 920207 926207 926208 932208 932209 932210 932211 938210 938209 938208 938207 932207 932206 926206 926205 914206 902206 914207 902207 896207 896208 896209 896210 914208 902208 902209 902210 902211 926211 914211 926210 914210 920208 926209 914209
bot 146 148 d03y3hz5 811907394 1538803 52
owned 146 1538803 1538804 1538805 1538806 1544806 1532806 1526806 1526805 1526804 1526803 1526802 1526801 1526800 1526799 1532799 1538799 1538800 1538801 1544801 1544802 1550802 1550803 1550804 1550805 1556804 1556803 1556802 1556801 1550801 1550800 1544800 1544799 1532800 1520800 1532801 1520801 1514801 1514802 1514803 1514804 1532802 1520802 1520803 1520804 1520805 1544805 1532805 1544804 1532804 1538802 1544803 1532803
bot 147 149 5xaek3av 343771744 628131 52
owned 147 628131 628132 628133 628134 634134 622134 616134 616133 616132 616131 616130 616129 616128 616127 622127 628127 628128 628129 634129 634130 640130 640131 640132 640133 646132 646131 646130 646129 640129 640128 634128 634127 622128 610128 622129 610129 604129 604130 604131 604132 622130 610130 610131 610132 610133 634133 622133 634132 622132 628130 634131 622131
bot 148 150 gz34o9hq 1756820811 1753911 52
owned 148 1753911 1753912 1753913 1753914 1759914 1747914 1741914 1741913 1741912 1741911 1741910 1741909 1741908 1741907 1747907 1753907 1753908 1753909 1759909 1759910 1765910 1765911 1765912 1765913 1771912 1771911 1771910 1771909 1765909 1765908 1759908 1759907 1747908 1735908 1747909 1735909 1729909 1729910 1729911 1729912 1747910 1735910 1735911 1735912 1735913 1759913 1747913 1759912 1747912 1753910 1759911 1747911
bot 149 151 37xw489f 714130640 1463432 52
owned 149 1463432 1463433 1463434 1463435 1469435 1457435 1451435 1451434 1451433 1451432 1451431 1451430 1451429 1451428 1457428 1463428 1463429 1463430 1469430 1469431 1475431 1475432 1475433 1475434 1481433 1481432 1481431 1481430 1475430 1475429 1469429 1469428 1457429 1445429 1457430 1445430 1439430 1439431 1439432 1439433 1457431 1445431 1445432 1445433 1445434 1469434 1457434 1469433 1457433 1463431 1469432 1457432
bot 150 152 k3srrvn9 1301902254 36375 52
owned 150 36375 36376 36377 36378 42378 30378 24378 24377 24376 24375 24374 24373 24372 24371 30371 36371 36372 36373 42373 42374 48374 48375 48376 48377 54376 54375 54374 54373 48373 48372 42372 42371 30372 18372 30373 18373 12373 12374 12375 12376 30374 18374 18375 18376 18377 42377 30377 42376 30376 36374 42375 30375
bot 151 153 5isbkj04 258819646 586339 52
owned 151 586339 586340 586341 586342 592342 580342 574342 574341 574340 574339 574338 574337 574336 574335 580335 586335 586336 586337 592337 592338 598338 598339 598340 598341 604340 604339 604338 604337 598337 598336 592336 592335 580336 568336 580337 568337 562337 562338 562339 562340 580338 568338 568339 568340 568341 592341 580341 592340 580340 586338 592339 580339
bot 152 154 r73y2vzl 264824291 576741 52
owned 152 576741 576742 576743 576744 582744 570744 564744 564743 564742 564741 564740 564739 564738 564737 570737 576737 576738 576739 582739 582740 588740 588741 588742 588743 594742 594741 594740 594739 588739 588738 582738 582737 570738 558738 570739 558739 552739 552740 552741 552742 570740 558740 558741 558742 558743 582743 570743 582742 570742 576740 582741 570741
bot 153 155 36x3kyhk 1662731317 680435 52
owned 153 680435 680436 680437 680438 686438 674438 668438 668437 668436 668435 668434 668433 668432 668431 674431 680431 680432 680433 686433 686434 692434 692435 692436 692437 698436 698435 698434 698433 692433 692432 686432 686431 674432 662432 674433 662433 656433 656434 656435 656436 674434 662434 662435 662436 662437 686437 674437 686436 674436 680434 686435 674435
bot 154 156 01ob2tlo 1786744221 1077362 52
owned 154 1077362 1077363 1077364 1077365 1083365 1071365 1065365 1065364 1065363 1065362 1065361 1065360 1065359 1065358 1071358 1077358 1077359 1077360 1083360 1083361 1089361 1089362 1089363 1089364 1095363 1095362 1095361 1095360 1089360 1089359 1083359 1083358 1071359 1059359 1071360 1059360 1053360 1053361 1053362 1053363 1071361 1059361 1059362 1059363 1059364 1083364 1071364 1083363 1071363 1077361 1083362 1071362
bot 155 157 cb13fbp5 1249598146 2165904 52
owned 155 2165904 2165905 2165906 2165907 2171907 2159907 2153907 2153906 2153905 2153904 2153903 2153902 2153901 2153900 2159900 2165900 2165901 2165902 2171902 2171903 2177903 2177904 2177905 2177906 2183905 2183904 2183903 2183902 2177902 2177901 2171901 2171900 2159901 2147901 2159902 2147902 2141902 2141903 2141904 2141905 2159903 2147903 2147904 2147905 2147906 2171906 2159906 2171905 2159905 2165903 2171904 2159904
bot 156 158 vmmrq63s 899362917 1417944 52
owned 156 1417944 1417945 1417946 1417947 1423947 1411947 1405947 1405946 1405945 1405944 1405943 1405942 1405941 1405940 1411940 1417940 1417941 1417942 1423942 1423943 1429943 1429944 1429945 1429946 1435945 1435944 1435943 1435942 1429942 1429941 1423941 1423940 1411941 1399941 1411942 1399942 1393942 1393943 1393944 1393945 1411943 1399943 1399944 1399945 1399946 1423946 1411946 1423945 1411945 1417943 1423944 1411944
bot 157 159 nkjckjq8 -2033092416 1187925 52
owned 157 1187925 1187926 1187927 1187928 1193928 1181928 1175928 1175927 1175926 1175925 1175924 1175923 1175922 1175921 1181921 1187921 1187922 1187923 1193923 1193924 1199924 1199925 1199926 1199927 1205926 1205925 1205924 1205923 1199923 1199922 1193922 1193921 1181922 1169922 1181923 1169923 1163923 1163924 1163925 1163926 1181924 1169924 1169925 1169926 1169927 1193927 1181927 1193926 1181926 1187924 1193925 1181925
bot 158 160 wcggivof -2120004876 948563 52
owned 158 948563 948564 948565 948566 954566 942566 936566 936565 936564 936563 936562 936561 936560 936559 942559 948559 948560 948561 954561 954562 960562 960563 960564 960565 966564 966563 966562 966561 960561 960560 954560 954559 942560 930560 942561 930561 924561 924562 924563 924564 942562 930562 930563 930564 930565 954565 942565 954564 942564 948562 954563 942563
bot 159 161 1w1ciciy 988641666 88720 52
owned 159 88720 88721 88722 88723 94723 82723 76723 76722 76721 76720 76719 76718 76717 76716 82716 88716 88717 88718 94718 94719 100719 100720 100721 100722 106721 106720 106719 106718 100718 100717 94717 94716 82717 70717 82718 70718 64718 64719 64720 64721 82719 70719 70720 70721 70722 94722 82722 94721 82721 88719 94720 82720
bot 160 162 2a0v7iem 1603609301 782192 52
owned 160 782192 782193 782194 782195 788195 776195 770195 770194 770193 770192 770191 770190 770189 770188 776188 782188 782189 782190 788190 788191 794191 794192 794193 794194 800193 800192 800191 800190 794190 794189 788189 788188 776189 764189 776190 764190 758190 758191 758192 758193 776191 764191 764192 764193 764194 788194 776194 788193 776193 782191 788192 776192
bot 161 163 jcz64pkr 1490381084 776474 52
owned 161 776474 776475 776476 776477 782477 770477 764477 764476 764475 764474 764473 764472 764471 764470 770470 776470 776471 776472 782472 782473 788473 788474 788475 788476 794475 794474 794473 794472 788472 788471 782471 782470 770471 758471 770472 758472 752472 752473 752474 752475 770473 758473 758474 758475 758476 782476 770476 782475 770475 776473 782474 770474
bot 162 164 v0ljq6tk -2113715216 795233 52
owned 162 795233 795234 795235 795236 801236 789236 783236 783235 783234 783233 783232 783231 783230 783229 789229 795229 795230 795231 801231 801232 807232 807233 807234 807235 813234 813233 813232 813231 807231 807230 801230 801229 789230 777230 789231 777231 771231 771232 771233 771234 789232 777232 777233 777234 777235 801235 789235 801234 789234 795232 801233 789233
bot 163 165 adg8798c 1411060963 536161 52
owned 163 536161 536162 536163 536164 542164 530164 524164 524163 524162 524161 524160 524159 524158 524157 530157 536157 536158 536159 542159 542160 548160 548161 548162 548163 554162 554161 554160 554159 548159 548158 542158 542157 530158 518158 530159 518159 512159 512160 512161 512162 530160 518160 518161 518162 518163 542163 530163 542162 530162 536160 542161 530161
bot 164 166 5ghp3e6u -1957476071 6207 34
owned 164 6207 6208 6209 6210 12210 210 12209 18209 18208 18207 18206 18205 18204 12204 12203 6203 203 204 205 206 6205 6204 24205 12205 24206 12206 24207 24208 209 12208 208 6206 12207 207
bot 165 167 h5bdt6q4 959985296 829685 52
owned 165 829685 829686 829687 829688 835688 823688 817688 817687 817686 817685 817684 817683 817682 817681 823681 829681 829682 829683 835683 835684 841684 841685 841686 841687 847686 847685 847684 847683 841683 841682 835682 835681 823682 811682 823683 811683 805683 805684 805685 805686 823684 811684 811685 811686 811687 835687 823687 835686 823686 829684 835685 823685
bot 166 168 5oce5zsz 760830796 292552 52
owned 166 292552 292553 292554 292555 298555 286555 280555 280554 280553 280552 280551 280550 280549 280548 286548 292548 292549 292550 298550 298551 304551 304552 304553 304554 310553 310552 310551 310550 304550 304549 298549 298548 286549 274549 286550 274550 268550 268551 268552 268553 286551 274551 274552 274553 274554 298554 286554 298553 286553 292551 298552 286552
bot 167 169 xka3bnm9 -2087114015 914260 52
owned 167 914260 914261 914262 914263 920263 908263 902263 902262 902261 902260 902259 902258 902257 902256 908256 914256 914257 914258 920258 920259 926259 926260 926261 926262 932261 932260 932259 932258 926258 926257 920257 920256 908257 896257 908258 896258 890258 890259 890260 890261 908259 896259 896260 896261 896262 920262 908262 920261 908261 914259 920260 908260
bot 168 170 3w1tydq6 1781810637 894126 52
owned 168 894126 894127 894128 894129 900129 888129 882129 882128 882127 882126 882125 882124 882123 882122 888122 894122 894123 894124 900124 900125 906125 906126 906127 906128 912127 912126 912125 912124 906124 906123 900123 900122 888123 876123 888124 876124 870124 870125 870126 870127 888125 876125 876126 876127 876128 900128 888128 900127 888127 894125 900126 888126
bot 169 171 upd1qyae 1501438200 738260 52
owned 169 738260 738261 738262 738263 744263 732263 726263 726262 726261 726260 726259 726258 726257 726256 732256 738256 738257 738258 744258 744259 750259 750260 750261 750262 756261 756260 756259 756258 750258 750257 744257 744256 732257 720257 732258 720258 714258 714259 714260 714261 732259 720259 720260 720261 720262 744262 732262 744261 732261 738259 744260 732260
bot 170 172 v4u31rox 2020264938 1695897 52
owned 170 1695897 1695898 1695899 1695900 1701900 1689900 1683900 1683899 1683898 1683897 1683896 1683895 1683894 1683893 1689893 1695893 1695894 1695895 1701895 1701896 1707896 1707897 1707898 1707899 1713898 1713897 1713896 1713895 1707895 1707894 1701894 1701893 1689894 1677894 1689895 1677895 1671895 1671896 1671897 1671898 1689896 1677896 1677897 1677898 1677899 1701899 1689899 1701898 1689898 1695896 1701897 1689897
bot 171 173 q9vm95if 2121071836 1478989 52
owned 171 1478989 1478990 1478991 1478992 1484992 1472992 1466992 1466991 1466990 1466989 1466988 1466987 1466986 1466985 1472985 1478985 1478986 1478987 1484987 1484988 1490988 1490989 1490990 1490991 1496990 1496989 1496988 1496987 1490987 1490986 1484986 1484985 1472986 1460986 1472987 1460987 1454987 1454988 1454989 1454990 1472988 1460988 1460989 1460990 1460991 1484991 1472991 1484990 1472990 1478988 1484989 1472989
bot 172 174 0yu8n2tu 1397211125 1545222 52
owned 172 1545222 1545223 1545224 1545225 1551225 1539225 1533225 1533224 1533223 1533222 1533221 1533220 1533219 1533218 1539218 1545218 1545219 1545220 1551220 1551221 1557221 1557222 1557223 1557224 1563223 1563222 1563221 1563220 1557220 1557219 1551219 1551218 1539219 1527219 1539220 1527220 1521220 1521221 1521222 1521223 1539221 1527221 1527222 1527223 1527224 1551224 1539224 1551223 1539223 1545221 1551222 1539222
bot 173 175 sc2ctn85 -2022032452 636037 52
owned 173 636037 636038 636039 636040 642040 630040 624040 624039 624038 624037 624036 624035 624034 624033 630033 636033 636034 636035 642035 642036 648036 648037 648038 648039 654038 654037 654036 654035 648035 648034 642034 642033 630034 618034 630035 618035 612035 612036 612037 612038 630036 618036 618037 618038 618039 642039 630039 642038 630038 636036 642037 630037
bot 174 176 z0gmspsi 801244755 531290 52
owned 174 531290 531291 531292 531293 537293 525293 519293 519292 519291 519290 519289 519288 519287 519286 525286 531286 531287 531288 537288 537289 543289 543290 543291 543292 549291 549290 549289 549288 543288 543287 537287 537286 525287 513287 525288 513288 507288 507289 507290 507291 525289 513289 513290 513291 513292 537292 525292 537291 525291 531289 537290 525290
bot 175 177 z7avk2un -2108559470 546001 34
owned 175 546001 546002 546003 546004 552004 540004 534004 534003 534002 534001 534000 540000 528000 522000 522001 522002 528001 528002 528003 552003 558003 558002 558001 558000 564000 552000 564001 564002 540003 552002 540002 546000 552001 540001
bot 176 178 8efmeybn 1503896376 1388397 52
owned 176 1388397 1388398 1388399 1388400 1394400 1382400 1376400 1376399 1376398 1376397 1376396 1376395 1376394 1376393 1382393 1388393 1388394 1388395 1394395 1394396 1400396 1400397 1400398 1400399 1406398 1406397 1406396 1406395 1400395 1400394 1394394 1394393 1382394 1370394 1382395 1370395 1364395 1364396 1364397 1364398 1382396 1370396 1370397 1370398 1370399 1394399 1382399 1394398 1382398 1388396 1394397 1382397
bot 177 179 bifxmou2 952921820 798617 52
owned 177 798617 798618 798619 798620 804620 792620 786620 786619 786618 786617 786616 786615 786614 786613 792613 798613 798614 798615 804615 804616 810616 810617 810618 810619 816618 816617 816616 816615 810615 810614 804614 804613 792614 780614 792615 780615 774615 774616 774617 774618 792616 780616 780617 780618 780619 804619 792619 804618 792618 798616 804617 792617
bot 178 180 plh6en5t -2053928810 1132616 52
owned 178 1132616 1132617 1132618 1132619 1138619 1126619 1120619 1120618 1120617 1120616 1120615 1120614 1120613 1120612 1126612 1132612 1132613 1132614 1138614 1138615 1144615 1144616 1144617 1144618 1150617 1150616 1150615 1150614 1144614 1144613 1138613 1138612 1126613 1114613 1126614 1114614 1108614 1108615 1108616 1108617 1126615 1114615 1114616 1114617 1114618 1138618 1126618 1138617 1126617 1132615 1138616 1126616
bot 179 181 ay3m2wg5 1393210047 1434812 52
owned 179 1434812 1434813 1434814 1434815 1440815 1428815 1422815 1422814 1422813 1422812 1422811 1422810 1422809 1422808 1428808 1434808 1434809 1434810 1440810 1440811 1446811 1446812 1446813 1446814 1452813 1452812 1452811 1452810 1446810 1446809 1440809 1440808 1428809 1416809 1428810 1416810 1410810 1410811 1410812 1410813 1428811 1416811 1416812 1416813 1416814 1440814 1428814 1440813 1428813 1434811 1440812 1428812
bot 180 182 1zmogxmk 892305898 1181431 52
owned 180 1181431 1181432 1181433 1181434 1187434 1175434 1169434 1169433 1169432 1169431 1169430 1169429 1169428 1169427 1175427 1181427 1181428 1181429 1187429 1187430 1193430 1193431 1193432 1193433 1199432 1199431 1199430 1199429 1193429 1193428 1187428 1187427 1175428 1163428 1175429 1163429 1157429 1157430 1157431 1157432 1175430 1163430 1163431 1163432 1163433 1187433 1175433 1187432 1175432 1181430 1187431 1175431
bot 181 183 55yraoi7 1468371801 806221 52
owned 181 806221 806222 806223 806224 812224 800224 794224 794223 794222 794221 794220 794219 794218 794217 800217 806217 806218 806219 812219 812220 818220 818221 818222 818223 824222 824221 824220 824219 818219 818218 812218 812217 800218 788218 800219 788219 782219 782220 782221 782222 800220 788220 788221 788222 788223 812223 800223 812222 800222 806220 812221 800221
bot 182 184 1sc05h43 1585605541 925434 52
owned 182 925434 925435 925436 925437 931437 919437 913437 913436 913435 913434 913433 913432 913431 913430 919430 925430 925431 925432 931432 931433 937433 937434 937435 937436 943435 943434 943433 943432 937432 937431 931431 931430 919431 907431 919432 907432 901432 901433 901434 901435 919433 907433 907434 907435 907436 931436 919436 931435 919435 925433 931434 919434
bot 183 185 37ibwik8 1160917256 358524 52
owned 183 358524 358525 358526 358527 364527 352527 346527 346526 346525 346524 346523 346522 346521 346520 352520 358520 358521 358522 364522 364523 370523 370524 370525 370526 376525 376524 376523 376522 370522 370521 364521 364520 352521 340521 352522 340522 334522 334523 334524 334525 352523 340523 340524 340525 340526 364526 352526 364525 352525 358523 364524 352524
bot 184 186 uec16uxz 298442371 882239 52
owned 184 882239 882240 882241 882242 888242 876242 870242 870241 870240 870239 870238 870237 870236 870235 876235 882235 882236 882237 888237 888238 894238 894239 894240 894241 900240 900239 900238 900237 894237 894236 888236 888235 876236 864236 876237 864237 858237 858238 858239 858240 876238 864238 864239 864240 864241 888241 876241 888240 876240 882238 888239 876239
bot 185 187 9fd5ewrs 716216499 1128517 52
owned 185 1128517 1128518 1128519 1128520 1134520 1122520 1116520 1116519 1116518 1116517 1116516 1116515 1116514 1116513 1122513 1128513 1128514 1128515 1134515 1134516 1140516 1140517 1140518 1140519 1146518 1146517 1146516 1146515 1140515 1140514 1134514 1134513 1122514 1110514 1122515 1110515 1104515 1104516 1104517 1104518 1122516 1110516 1110517 1110518 1110519 1134519 1122519 1134518 1122518 1128516 1134517 1122517
bot 186 188 pe2p79c6 1616832572 960012 52
owned 186 960012 960013 960014 960015 966015 954015 948015 948014 948013 948012 948011 948010 948009 948008 954008 960008 960009 960010 966010 966011 972011 972012 972013 972014 978013 978012 978011 978010 972010 972009 966009 966008 954009 942009 954010 942010 936010 936011 936012 936013 954011 942011 942012 942013 942014 966014 954014 966013 954013 960011 966012 954012
bot 187 189 h1r85byk 647047218 324315 52
owned 187 324315 324316 324317 324318 330318 318318 312318 312317 312316 312315 312314 312313 312312 312311 318311 324311 324312 324313 330313 330314 336314 336315 336316 336317 342316 342315 342314 342313 336313 336312 330312 330311 318312 306312 318313 306313 300313 300314 300315 300316 318314 306314 306315 306316 306317 330317 318317 330316 318316 324314 330315 318315
bot 188 190 exulggll 2009242778 1765861 52
owned 188 1765861 1765862 1765863 1765864 1771864 1759864 1753864 1753863 1753862 1753861 1753860 1753859 1753858 1753857 1759857 1765857 1765858 1765859 1771859 1771860 1777860 1777861 1777862 1777863 1783862 1783861 1783860 1783859 1777859 1777858 1771858 1771857 1759858 1747858 1759859 1747859 1741859 1741860 1741861 1741862 1759860 1747860 1747861 1747862 1747863 1771863 1759863 1771862 1759862 1765860 1771861 1759861
bot 189 191 zouqcp7v 1283425505 614790 52
owned 189 614790 614791 614792 614793 620793 608793 602793 602792 602791 602790 602789 602788 602787 602786 608786 614786 614787 614788 620788 620789 626789 626790 626791 626792 632791 632790 632789 632788 626788 626787 620787 620786 608787 596787 608788 596788 590788 590789 590790 590791 608789 596789 596790 596791 596792 620792 608792 620791 608791 614789 620790 608790
bot 190 192 k39sgybe 1779655355 1173926 52
owned 190 1173926 1173927 1173928 1173929 1179929 1167929 1161929 1161928 1161927 1161926 1161925 1161924 1161923 1161922 1167922 1173922 1173923 1173924 1179924 1179925 1185925 1185926 1185927 1185928 1191927 1191926 1191925 1191924 1185924 1185923 1179923 1179922 1167923 1155923 1167924 1155924 1149924 1149925 1149926 1149927 1167925 1155925 1155926 1155927 1155928 1179928 1167928 1179927 1167927 1173925 1179926 1167926
bot 191 193 orxhfzvz 2032568751 2045943 52
owned 191 2045943 2045944 2045945 2045946 2051946 2039946 2033946 2033945 2033944 2033943 2033942 2033941 2033940 2033939 2039939 2045939 2045940 2045941 2051941 2051942 2057942 2057943 2057944 2057945 2063944 2063943 2063942 2063941 2057941 2057940 2051940 2051939 2039940 2027940 2039941 2027941 2021941 2021942 2021943 2021944 2039942 2027942 2027943 2027944 2027945 2051945 2039945 2051944 2039944 2045942 2051943 2039943
bot 192 194 uz8ynaez 593238994 1751060 52
owned 192 1751060 1751061 1751062 1751063 1757063 1745063 1739063 1739062 1739061 1739060 1739059 1739058 1739057 1739056 1745056 1751056 1751057 1751058 1757058 1757059 1763059 1763060 1763061 1763062 1769061 1769060 1769059 1769058 1763058 1763057 1757057 1757056 1745057 1733057 1745058 1733058 1727058 1727059 1727060 1727061 1745059 1733059 1733060 1733061 1733062 1757062 1745062 1757061 1745061 1751059 1757060 1745060
bot 193 195 ubigewsr -2141021696 1999858 52
owned 193 1999858 1999859 1999860 1999861 2005861 1993861 1987861 1987860 1987859 1987858 1987857 1987856 1987855 1987854 1993854 1999854 1999855 1999856 2005856 2005857 2011857 2011858 2011859 2011860 2017859 2017858 2017857 2017856 2011856 2011855 2005855 2005854 1993855 1981855 1993856 1981856 1975856 1975857 1975858 1975859 1993857 1981857 1981858 1981859 1981860 2005860 1993860 2005859 1993859 1999857 2005858 1993858
bot 194 196 w0ozvjdh 337579528 561716 52
owned 194 561716 561717 561718 561719 567719 555719 549719 549718 549717 549716 549715 549714 549713 549712 555712 561712 561713 561714 567714 567715 573715 573716 573717 573718 579717 579716 579715 579714 573714 573713 567713 567712 555713 543713 555714 543714 537714 537715 537716 537717 555715 543715 543716 543717 543718 567718 555718 567717 555717 561715 567716 555716
bot 195 197 f7yj98q8 2008342748 288448 52
owned 195 288448 288449 288450 288451 294451 282451 276451 276450 276449 276448 276447 276446 276445 276444 282444 288444 288445 288446 294446 294447 300447 300448 300449 300450 306449 306448 306447 306446 300446 300445 294445 294444 282445 270445 282446 270446 264446 264447 264448 264449 282447 270447 270448 270449 270450 294450 282450 294449 282449 288447 294448 282448
bot 196 198 2xzw4gp3 546471435 2342248 52
owned 196 2342248 2342249 2342250 2342251 2348251 2336251 2330251 2330250 2330249 2330248 2330247 2330246 2330245 2330244 2336244 2342244 2342245 2342246 2348246 2348247 2354247 2354248 2354249 2354250 2360249 2360248 2360247 2360246 2354246 2354245 2348245 2348244 2336245 2324245 2336246 2324246 2318246 2318247 2318248 2318249 2336247 2324247 2324248 2324249 2324250 2348250 2336250 2348249 2336249 2342247 2348248 2336248
bot 197 199 9rkdgj28 2034230367 529664 52
owned 197 529664 529665 529666 529667 535667 523667 517667 517666 517665 517664 517663 517662 517661 517660 523660 529660 529661 529662 535662 535663 541663 541664 541665 541666 547665 547664 547663 547662 541662 541661 535661 535660 523661 511661 523662 511662 505662 505663 505664 505665 523663 511663 511664 511665 511666 535666 523666 535665 523665 529663 535664 523664
bot 198 200 aw987uy7 1696208469 705181 52
owned 198 705181 705182 705183 705184 711184 699184 693184 693183 693182 693181 693180 693179 693178 693177 699177 705177 705178 705179 711179 711180 717180 717181 717182 717183 723182 723181 723180 723179 717179 717178 711178 711177 699178 687178 699179 687179 681179 681180 681181 681182 699180 687180 687181 687182 687183 711183 699183 711182 699182 705180 711181 699181
bot 199 201 gr243zlh 1525078068 994412 52
owned 199 994412 994413 994414 994415 1000415 988415 982415 982414 982413 982412 982411 982410 982409 982408 988408 994408 994409 994410 1000410 1000411 1006411 1006412 1006413 1006414 1012413 1012412 1012411 1012410 1006410 1006409 1000409 1000408 988409 976409 988410 976410 970410 970411 970412 970413 988411 976411 976412 976413 976414 1000414 988414 1000413 988413 994411 1000412 988412
bot 200 202 zowu9kf4 1343123255 1233650 52
owned 200 1233650 1233651 1233652 1233653 1239653 1227653 1221653 1221652 1221651 1221650 1221649 1221648 1221647 1221646 1227646 1233646 1233647 1233648 1239648 1239649 1245649 1245650 1245651 1245652 1251651 1251650 1251649 1251648 1245648 1245647 1239647 1239646 1227647 1215647 1227648 1215648 1209648 1209649 1209650 1209651 1227649 1215649 1215650 1215651 1215652 1239652 1227652 1239651 1227651 1233649 1239650 1227650
bot 201 203 2dtf8q4x 1304023651 1796792 52
owned 201 1796792 1796793 1796794 1796795 1802795 1790795 1784795 1784794 1784793 1784792 1784791 1784790 1784789 1784788 1790788 1796788 1796789 1796790 1802790 1802791 1808791 1808792 1808793 1808794 1814793 1814792 1814791 1814790 1808790 1808789 1802789 1802788 1790789 1778789 1790790 1778790 1772790 1772791 1772792 1772793 1790791 1778791 1778792 1778793 1778794 1802794 1790794 1802793 1790793 1796791 1802792 1790792
bot 202 204 y9oft8w2 1767905134 327208 52
owned 202 327208 327209 327210 327211 333211 321211 315211 315210 315209 315208 315207 315206 315205 315204 321204 327204 327205 327206 333206 333207 339207 339208 339209 339210 345209 345208 345207 345206 339206 339205 333205 333204 321205 309205 321206 309206 303206 303207 303208 303209 321207 309207 309208 309209 309210 333210 321210 333209 321209 327207 333208 321208
bot 203 205 ed7kjxq3 386177703 467552 52
owned 203 467552 467553 467554 467555 473555 461555 455555 455554 455553 455552 455551 455550 455549 455548 461548 467548 467549 467550 473550 473551 479551 479552 479553 479554 485553 485552 485551 485550 479550 479549 473549 473548 461549 449549 461550 449550 443550 443551 443552 443553 461551 449551 449552 449553 449554 473554 461554 473553 461553 467551 473552 461552
bot 204 206 nxt1ptsi 1154794981 1813012 52
owned 204 1813012 1813013 1813014 1813015 1819015 1807015 1801015 1801014 1801013 1801012 1801011 1801010 1801009 1801008 1807008 1813008 1813009 1813010 1819010 1819011 1825011 1825012 1825013 1825014 1831013 1831012 1831011 1831010 1825010 1825009 1819009 1819008 1807009 1795009 1807010 1795010 1789010 1789011 1789012 1789013 1807011 1795011 1795012 1795013 1795014 1819014 1807014 1819013 1807013 1813011 1819012 1807012
bot 205 207 p825v2fd 1789039945 198265 52
owned 205 198265 198266 198267 198268 204268 192268 186268 186267 186266 186265 186264 186263 186262 186261 192261 198261 198262 198263 204263 204264 210264 210265 210266 210267 216266 216265 216264 216263 210263 210262 204262 204261 192262 180262 192263 180263 174263 174264 174265 174266 192264 180264 180265 180266 180267 204267 192267 204266 192266 198264 204265 192265
bot 206 208 wyarb4qo 383163841 1555530 52
owned 206 1555530 1555531 1555532 1555533 1561533 1549533 1543533 1543532 1543531 1543530 1543529 1543528 1543527 1543526 1549526 1555526 1555527 1555528 1561528 1561529 1567529 1567530 1567531 1567532 1573531 1573530 1573529 1573528 1567528 1567527 1561527 1561526 1549527 1537527 1549528 1537528 1531528 1531529 1531530 1531531 1549529 1537529 1537530 1537531 1537532 1561532 1549532 1561531 1549531 1555529 1561530 1549530
bot 207 209 qfs7b4z4 1471954815 1088810 52
owned 207 1088810 1088811 1088812 1088813 1094813 1082813 1076813 1076812 1076811 1076810 1076809 1076808 1076807 1076806 1082806 1088806 1088807 1088808 1094808 1094809 1100809 1100810 1100811 1100812 1106811 1106810 1106809 1106808 1100808 1100807 1094807 1094806 1082807 1070807 1082808 1070808 1064808 1064809 1064810 1064811 1082809 1070809 1070810 1070811 1070812 1094812 1082812 1094811 1082811 1088809 1094810 1082810
bot 208 210 ms13gmzm 1647820133 1676446 52
owned 208 1676446 1676447 1676448 1676449 1682449 1670449 1664449 1664448 1664447 1664446 1664445 1664444 1664443 1664442 1670442 1676442 1676443 1676444 1682444 1682445 1688445 1688446 1688447 1688448 1694447 1694446 1694445 1694444 1688444 1688443 1682443 1682442 1670443 1658443 1670444 1658444 1652444 1652445 1652446 1652447 1670445 1658445 1658446 1658447 1658448 1682448 1670448 1682447 1670447 1676445 1682446 1670446
bot 209 211 ym8zggo3 322620766 885140 52
owned 209 885140 885141 885142 885143 891143 879143 873143 873142 873141 873140 873139 873138 873137 873136 879136 885136 885137 885138 891138 891139 897139 897140 897141 897142 903141 903140 903139 903138 897138 897137 891137 891136 879137 867137 879138 867138 861138 861139 861140 861141 879139 867139 867140 867141 867142 891142 879142 891141 879141 885139 891140 879140
bot 210 212 8jahbnpg 1498584608 48347 52
owned 210 48347 48348 48349 48350 54350 42350 36350 36349 36348 36347 36346 36345 36344 36343 42343 48343 48344 48345 54345 54346 60346 60347 60348 60349 66348 66347 66346 66345 60345 60344 54344 54343 42344 30344 42345 30345 24345 24346 24347 24348 42346 30346 30347 30348 30349 54349 42349 54348 42348 48346 54347 42347
bot 211 213 b0djjiez 1834536396 1702706 52
owned 211 1702706 1702707 1702708 1702709 1708709 1696709 1690709 1690708 1690707 1690706 1690705 1690704 1690703 1690702 1696702 1702702 1702703 1702704 1708704 1708705 1714705 1714706 1714707 1714708 1720707 1720706 1720705 1720704 1714704 1714703 1708703 1708702 1696703 1684703 1696704 1684704 1678704 1678705 1678706 1678707 1696705 1684705 1684706 1684707 1684708 1708708 1696708 1708707 1696707 1702705 1708706 1696706
bot 212 214 s9xysw8i 1381855552 1617337 52
owned 212 1617337 1617338 1617339 1617340 1623340 1611340 1605340 1605339 1605338 1605337 1605336 1605335 1605334 1605333 1611333 1617333 1617334 1617335 1623335 1623336 1629336 1629337 1629338 1629339 1635338 1635337 1635336 1635335 1629335 1629334 1623334 1623333 1611334 1599334 1611335 1599335 1593335 1593336 1593337 1593338 1611336 1599336 1599337 1599338 1599339 1623339 1611339 1623338 1611338 1617336 1623337 1611337
bot 213 215 t3s2qgvc 1885822309 576778 52
owned 213 576778 576779 576780 576781 582781 570781 564781 564780 564779 564778 564777 564776 564775 564774 570774 576774 576775 576776 582776 582777 588777 588778 588779 588780 594779 594778 594777 594776 588776 588775 582775 582774 570775 558775 570776 558776 552776 552777 552778 552779 570777 558777 558778 558779 558780 582780 570780 582779 570779 576777 582778 570778
bot 214 216 aquue8ni -1995066298 2124679 52
owned 214 2124679 2124680 2124681 2124682 2130682 2118682 2112682 2112681 2112680 2112679 2112678 2112677 2112676 2112675 2118675 2124675 2124676 2124677 2130677 2130678 2136678 2136679 2136680 2136681 2142680 2142679 2142678 2142677 2136677 2136676 2130676 2130675 2118676 2106676 2118677 2106677 2100677 2100678 2100679 2100680 2118678 2106678 2106679 2106680 2106681 2130681 2118681 2130680 2118680 2124678 2130679 2118679
bot 215 217 u3k8ktyr 1336475575 1821308 52
owned 215 1821308 1821309 1821310 1821311 1827311 1815311 1809311 1809310 1809309 1809308 1809307 1809306 1809305 1809304 1815304 1821304 1821305 1821306 1827306 1827307 1833307 1833308 1833309 1833310 1839309 1839308 1839307 1839306 1833306 1833305 1827305 1827304 1815305 1803305 1815306 1803306 1797306 1797307 1797308 1797309 1815307 1803307 1803308 1803309 1803310 1827310 1815310 1827309 1815309 1821307 1827308 1815308
bot 216 218 i7egn3zz 1648658159 509482 52
owned 216 509482 509483 509484 509485 515485 503485 497485 497484 497483 497482 497481 497480 497479 497478 503478 509478 509479 509480 515480 515481 521481 521482 521483 521484 527483 527482 527481 527480 521480 521479 515479 515478 503479 491479 503480 491480 485480 485481 485482 485483 503481 491481 491482 491483 491484 515484 503484 515483 503483 509481 515482 503482
bot 217 219 o3vgfhge 1896212089 1351543 52
owned 217 1351543 1351544 1351545 1351546 1357546 1345546 1339546 1339545 1339544 1339543 1339542 1339541 1339540 1339539 1345539 1351539 1351540 1351541 1357541 1357542 1363542 1363543 1363544 1363545 1369544 1369543 1369542 1369541 1363541 1363540 1357540 1357539 1345540 1333540 1345541 1333541 1327541 1327542 1327543 1327544 1345542 1333542 1333543 1333544 1333545 1357545 1345545 1357544 1345544 1351542 1357543 1345543
bot 218 220 m4aem5hx 1751287233 1979003 52
owned 218 1979003 1979004 1979005 1979006 1985006 1973006 1967006 1967005 1967004 1967003 1967002 1967001 1967000 1966999 1972999 1978999 1979000 1979001 1985001 1985002 1991002 1991003 1991004 1991005 1997004 1997003 1997002 1997001 1991001 1991000 1985000 1984999 1973000 1961000 1973001 1961001 1955001 1955002 1955003 1955004 1973002 1961002 1961003 1961004 1961005 1985005 1973005 1985004 1973004 1979002 1985003 1973003
bot 219 221 p6i95qgo 1590454142 1699954 52
owned 219 1699954 1699955 1699956 1699957 1705957 1693957 1687957 1687956 1687955 1687954 1687953 1687952 1687951 1687950 1693950 1699950 1699951 1699952 1705952 1705953 1711953 1711954 1711955 1711956 1717955 1717954 1717953 1717952 1711952 1711951 1705951 1705950 1693951 1681951 1693952 1681952 1675952 1675953 1675954 1675955 1693953 1681953 1681954 1681955 1681956 1705956 1693956 1705955 1693955 1699953 1705954 1693954
bot 220 222 gvho8qeo 669428651 1757376 52
owned 220 1757376 1757377 1757378 1757379 1763379 1751379 1745379 1745378 1745377 1745376 1745375 1745374 1745373 1745372 1751372 1757372 1757373 1757374 1763374 1763375 1769375 1769376 1769377 1769378 1775377 1775376 1775375 1775374 1769374 1769373 1763373 1763372 1751373 1739373 1751374 1739374 1733374 1733375 1733376 1733377 1751375 1739375 1739376 1739377 1739378 1763378 1751378 1763377 1751377 1757375 1763376 1751376
bot 221 223 9iatvpoi -1929396069 359585 52
owned 221 359585 359586 359587 359588 365588 353588 347588 347587 347586 347585 347584 347583 347582 347581 353581 359581 359582 359583 365583 365584 371584 371585 371586 371587 377586 377585 377584 377583 371583 371582 365582 365581 353582 341582 353583 341583 335583 335584 335585 335586 353584 341584 341585 341586 341587 365587 353587 365586 353586 359584 365585 353585
bot 222 224 zd9jsqbj 2059397859 1831839 52
owned 222 1831839 1831840 1831841 1831842 1837842 1825842 1819842 1819841 1819840 1819839 1819838 1819837 1819836 1819835 1825835 1831835 1831836 1831837 1837837 1837838 1843838 1843839 1843840 1843841 1849840 1849839 1849838 1849837 1843837 1843836 1837836 1837835 1825836 1813836 1825837 1813837 1807837 1807838 1807839 1807840 1825838 1813838 1813839 1813840 1813841 1837841 1825841 1837840 1825840 1831838 1837839 1825839
bot 223 225 zw1dwnig 2130295049 1048505 52
owned 223 1048505 1048506 1048507 1048508 1054508 1042508 1036508 1036507 1036506 1036505 1036504 1036503 1036502 1036501 1042501 1048501 1048502 1048503 1054503 1054504 1060504 1060505 1060506 1060507 1066506 1066505 1066504 1066503 1060503 1060502 1054502 1054501 1042502 1030502 1042503 1030503 1024503 1024504 1024505 1024506 1042504 1030504 1030505 1030506 1030507 1054507 1042507 1054506 1042506 1048504 1054505 1042505
bot 224 226 be5xt98q 295200808 822169 52
owned 224 822169 822170 822171 822172 828172 816172 810172 810171 810170 810169 810168 810167 810166 810165 816165 822165 822166 822167 828167 828168 834168 834169 834170 834171 840170 840169 840168 840167 834167 834166 828166 828165 816166 804166 816167 804167 798167 798168 798169 798170 816168 804168 804169 804170 804171 828171 816171 828170 816170 822168 828169 816169
bot 225 227 522b0ju8 1051917806 1108558 52
owned 225 1108558 1108559 1108560 1108561 1114561 1102561 1096561 1096560 1096559 1096558 1096557 1096556 1096555 1096554 1102554 1108554 1108555 1108556 1114556 1114557 1120557 1120558 1120559 1120560 1126559 1126558 1126557 1126556 1120556 1120555 1114555 1114554 1102555 1090555 1102556 1090556 1084556 1084557 1084558 1084559 1102557 1090557 1090558 1090559 1090560 1114560 1102560 1114559 1102559 1108557 1114558 1102558
bot 226 228 ibxwtyy7 1581729417 760338 52
owned 226 760338 760339 760340 760341 766341 754341 748341 748340 748339 748338 748337 748336 748335 748334 754334 760334 760335 760336 766336 766337 772337 772338 772339 772340 778339 778338 778337 778336 772336 772335 766335 766334 754335 742335 754336 742336 736336 736337 736338 736339 754337 742337 742338 742339 742340 766340 754340 766339 754339 760337 766338 754338
bot 227 229 zjhashkb 754389657 933325 52
owned 227 933325 933326 933327 933328 939328 927328 921328 921327 921326 921325 921324 921323 921322 921321 927321 933321 933322 933323 939323 939324 945324 945325 945326 945327 951326 951325 951324 951323 945323 945322 939322 939321 927322 915322 927323 915323 909323 909324 909325 909326 927324 915324 915325 915326 915327 939327 927327 939326 927326 933324 939325 927325
bot 228 230 89ttdia6 1515667583 2144244 52
owned 228 2144244 2144245 2144246 2144247 2150247 2138247 2132247 2132246 2132245 2132244 2132243 2132242 2132241 2132240 2138240 2144240 2144241 2144242 2150242 2150243 2156243 2156244 2156245 2156246 2162245 2162244 2162243 2162242 2156242 2156241 2150241 2150240 2138241 2126241 2138242 2126242 2120242 2120243 2120244 2120245 2138243 2126243 2126244 2126245 2126246 2150246 2138246 2150245 2138245 2144243 2150244 2138244
bot 229 231 6o2o0nvl 1109887534 1177690 52
owned 229 1177690 1177691 1177692 1177693 1183693 1171693 1165693 1165692 1165691 1165690 1165689 1165688 1165687 1165686 1171686 1177686 1177687 1177688 1183688 1183689 1189689 1189690 1189691 1189692 1195691 1195690 1195689 1195688 1189688 1189687 1183687 1183686 1171687 1159687 1171688 1159688 1153688 1153689 1153690 1153691 1171689 1159689 1159690 1159691 1159692 1183692 1171692 1183691 1171691 1177689 1183690 1171690
bot 230 232 xldl70se 1508905245 282041 52
owned 230 282041 282042 282043 282044 288044 276044 270044 270043 270042 270041 270040 270039 270038 270037 276037 282037 282038 282039 288039 288040 294040 294041 294042 294043 300042 300041 300040 300039 294039 294038 288038 288037 276038 264038 276039 264039 258039 258040 258041 258042 276040 264040 264041 264042 264043 288043 276043 288042 276042 282040 288041 276041
bot 231 233 qrwgzvzz 1194261553 424325 52
owned 231 424325 424326 424327 424328 430328 418328 412328 412327 412326 412325 412324 412323 412322 412321 418321 424321 424322 424323 430323 430324 436324 436325 436326 436327 442326 442325 442324 442323 436323 436322 430322 430321 418322 406322 418323 406323 400323 400324 400325 400326 418324 406324 406325 406326 406327 430327 418327 430326 418326 424324 430325 418325
bot 232 234 h711p697 635026801 1159248 52
owned 232 1159248 1159249 1159250 1159251 1165251 1153251 1147251 1147250 1147249 1147248 1147247 1147246 1147245 1147244 1153244 1159244 1159245 1159246 1165246 1165247 1171247 1171248 1171249 1171250 1177249 1177248 1177247 1177246 1171246 1171245 1165245 1165244 1153245 1141245 1153246 1141246 1135246 1135247 1135248 1135249 1153247 1141247 1141248 1141249 1141250 1165250 1153250 1165249 1153249 1159247 1165248 1153248
bot 233 235 g4ulqqm0 1702459915 1182234 52
owned 233 1182234 1182235 1182236 1182237 1188237 1176237 1170237 1170236 1170235 1170234 1170233 1170232 1170231 1170230 1176230 1182230 1182231 1182232 1188232 1188233 1194233 1194234 1194235 1194236 1200235 1200234 1200233 1200232 1194232 1194231 1188231 1188230 1176231 1164231 1176232 1164232 1158232 1158233 1158234 1158235 1176233 1164233 1164234 1164235 1164236 1188236 1176236 1188235 1176235 1182233 1188234 1176234
bot 234 236 v18jrx10 1959076822 1101105 52
owned 234 1101105 1101106 1101107 1101108 1107108 1095108 1089108 1089107 1089106 1089105 1089104 1089103 1089102 1089101 1095101 1101101 1101102 1101103 1107103 1107104 1113104 1113105 1113106 1113107 1119106 1119105 1119104 1119103 1113103 1113102 1107102 1107101 1095102 1083102 1095103 1083103 1077103 1077104 1077105 1077106 1095104 1083104 1083105 1083106 1083107 1107107 1095107 1107106 1095106 1101104 1107105 1095105
bot 235 237 8sd3i7p8 933279620 1576289 52
owned 235 1576289 1576290 1576291 1576292 1582292 1570292 1564292 1564291 1564290 1564289 1564288 1564287 1564286 1564285 1570285 1576285 1576286 1576287 1582287 1582288 1588288 1588289 1588290 1588291 1594290 1594289 1594288 1594287 1588287 1588286 1582286 1582285 1570286 1558286 1570287 1558287 1552287 1552288 1552289 1552290 1570288 1558288 1558289 1558290 1558291 1582291 1570291 1582290 1570290 1576288 1582289 1570289
bot 236 238 l5o27mtm -2040527415 1975989 52
owned 236 1975989 1975990 1975991 1975992 1981992 1969992 1963992 1963991 1963990 1963989 1963988 1963987 1963986 1963985 1969985 1975985 1975986 1975987 1981987 1981988 1987988 1987989 1987990 1987991 1993990 1993989 1993988 1993987 1987987 1987986 1981986 1981985 1969986 1957986 1969987 1957987 1951987 1951988 1951989 1951990 1969988 1957988 1957989 1957990 1957991 1981991 1969991 1981990 1969990 1975988 1981989 1969989
bot 237 239 b6f6r0t2 1867439652 1654188 52
owned 237 1654188 1654189 1654190 1654191 1660191 1648191 1642191 1642190 1642189 1642188 1642187 1642186 1642185 1642184 1648184 1654184 1654185 1654186 1660186 1660187 1666187 1666188 1666189 1666190 1672189 1672188 1672187 1672186 1666186 1666185 1660185 1660184 1648185 1636185 1648186 1636186 1630186 1630187 1630188 1630189 1648187 1636187 1636188 1636189 1636190 1660190 1648190 1660189 1648189 1654187 1660188 1648188
bot 238 240 7j5a3pfw 1958254263 2020930 52
owned 238 2020930 2020931 2020932 2020933 2026933 2014933 2008933 2008932 2008931 2008930 2008929 2008928 2008927 2008926 2014926 2020926 2020927 2020928 2026928 2026929 2032929 2032930 2032931 2032932 2038931 2038930 2038929 2038928 2032928 2032927 2026927 2026926 2014927 2002927 2014928 2002928 1996928 1996929 1996930 1996931 2014929 2002929 2002930 2002931 2002932 2026932 2014932 2026931 2014931 2020929 2026930 2014930
bot 239 241 m5sg1z4l 348334567 2047023 52
owned 239 2047023 2047024 2047025 2047026 2053026 2041026 2035026 2035025 2035024 2035023 2035022 2035021 2035020 2035019 2041019 2047019 2047020 2047021 2053021 2053022 2059022 2059023 2059024 2059025 2065024 2065023 2065022 2065021 2059021 2059020 2053020 2053019 2041020 2029020 2041021 2029021 2023021 2023022 2023023 2023024 2041022 2029022 2029023 2029024 2029025 2053025 2041025 2053024 2041024 2047022 2053023 2041023
bot 240 242 ehpglvfz 1269450044 702660 52
owned 240 702660 702661 702662 702663 708663 696663 690663 690662 690661 690660 690659 690658 690657 690656 696656 702656 702657 702658 708658 708659 714659 714660 714661 714662 720661 720660 720659 720658 714658 714657 708657 708656 696657 684657 696658 684658 678658 678659 678660 678661 696659 684659 684660 684661 684662 708662 696662 708661 696661 702659 708660 696660
bot 241 243 wu3zthbo 947178302 849698 52
owned 241 849698 849699 849700 849701 855701 843701 837701 837700 837699 837698 837697 837696 837695 837694 843694 849694 849695 849696 855696 855697 861697 861698 861699 861700 867699 867698 867697 867696 861696 861695 855695 855694 843695 831695 843696 831696 825696 825697 825698 825699 843697 831697 831698 831699 831700 855700 843700 855699 843699 849697 855698 843698
bot 242 244 yeh875u5 1617155050 782674 52
owned 242 782674 782675 782676 782677 788677 776677 770677 770676 770675 770674 770673 770672 770671 770670 776670 782670 782671 782672 788672 788673 794673 794674 794675 794676 800675 800674 800673 800672 794672 794671 788671 788670 776671 764671 776672 764672 758672 758673 758674 758675 776673 764673 764674 764675 764676 788676 776676 788675 776675 782673 788674 776674
bot 243 245 8nuwzyn1 1340793310 449425 52
owned 243 449425 449426 449427 449428 455428 443428 437428 437427 437426 437425 437424 437423 437422 437421 443421 449421 449422 449423 455423 455424 461424 461425 461426 461427 467426 467425 467424 467423 461423 461422 455422 455421 443422 431422 443423 431423 425423 425424 425425 425426 443424 431424 431425 431426 431427 455427 443427 455426 443426 449424 455425 443425
bot 244 246 t0zwn9eb 959178531 989498 52
owned 244 989498 989499 989500 989501 995501 983501 977501 977500 977499 977498 977497 977496 977495 977494 983494 989494 989495 989496 995496 995497 1001497 1001498 1001499 1001500 1007499 1007498 1007497 1007496 1001496 1001495 995495 995494 983495 971495 983496 971496 965496 965497 965498 965499 983497 971497 971498 971499 971500 995500 983500 995499 983499 989497 995498 983498
bot 245 247 8zjwwdck 1655577600 724628 52
owned 245 724628 724629 724630 724631 730631 718631 712631 712630 712629 712628 712627 712626 712625 712624 718624 724624 724625 724626 730626 730627 736627 736628 736629 736630 742629 742628 742627 742626 736626 736625 730625 730624 718625 706625 718626 706626 700626 700627 700628 700629 718627 706627 706628 706629 706630 730630 718630 730629 718629 724627 730628 718628
bot 246 248 jwrhd5ij 1879101561 1075366 52
owned 246 1075366 1075367 1075368 1075369 1081369 1069369 1063369 1063368 1063367 1063366 1063365 1063364 1063363 1063362 1069362 1075362 1075363 1075364 1081364 1081365 1087365 1087366 1087367 1087368 1093367 1093366 1093365 1093364 1087364 1087363 1081363 1081362 1069363 1057363 1069364 1057364 1051364 1051365 1051366 1051367 1069365 1057365 1057366 1057367 1057368 1081368 1069368 1081367 1069367 1075365 1081366 1069366
bot 247 249 jyb8rp14 1589264510 1011879 52
owned 247 1011879 1011880 1011881 1011882 1017882 1005882 999882 999881 999880 999879 999878 999877 999876 999875 1005875 1011875 1011876 1011877 1017877 1017878 1023878 1023879 1023880 1023881 1029880 1029879 1029878 1029877 1023877 1023876 1017876 1017875 1005876 993876 1005877 993877 987877 987878 987879 987880 1005878 993878 993879 993880 993881 1017881 1005881 1017880 1005880 1011878 1017879 1005879
bot 248 250 wl7sxu3v 236594675 918326 52
owned 248 918326 918327 918328 918329 924329 912329 906329 906328 906327 906326 906325 906324 906323 906322 912322 918322 918323 918324 924324 924325 930325 930326 930327 930328 936327 936326 936325 936324 930324 930323 924323 924322 912323 900323 912324 900324 894324 894325 894326 894327 912325 900325 900326 900327 900328 924328 912328 924327 912327 918325 924326 912326
bot 249 251 y0r0fu1j 1129846919 453180 52
owned 249 453180 453181 453182 453183 459183 447183 441183 441182 441181 441180 441179 441178 441177 441176 447176 453176 453177 453178 459178 459179 465179 465180 465181 465182 471181 471180 471179 471178 465178 465177 459177 459176 447177 435177 447178 435178 429178 429179 429180 429181 447179 435179 435180 435181 435182 459182 447182 459181 447181 453179 459180 447180
bot 250 252 kneohbbr 882688749 789751 52
owned 250 789751 789752 789753 789754 795754 783754 777754 777753 777752 777751 777750 777749 777748 777747 783747 789747 789748 789749 795749 795750 801750 801751 801752 801753 807752 807751 807750 807749 801749 801748 795748 795747 783748 771748 783749 771749 765749 765750 765751 765752 783750 771750 771751 771752 771753 795753 783753 795752 783752 789750 795751 783751
bot 251 253 qc8m814x 1480004544 614373 52
owned 251 614373 614374 614375 614376 620376 608376 602376 602375 602374 602373 602372 602371 602370 602369 608369 614369 614370 614371 620371 620372 626372 626373 626374 626375 632374 632373 632372 632371 626371 626370 620370 620369 608370 596370 608371 596371 590371 590372 590373 590374 608372 596372 596373 596374 596375 620375 608375 620374 608374 614372 620373 608373
bot 252 254 ix3jngmf 1224131180 666157 52
owned 252 666157 666158 666159 666160 672160 660160 654160 654159 654158 654157 654156 654155 654154 654153 660153 666153 666154 666155 672155 672156 678156 678157 678158 678159 684158 684157 684156 684155 678155 678154 672154 672153 660154 648154 660155 648155 642155 642156 642157 642158 660156 648156 648157 648158 648159 672159 660159 672158 660158 666156 672157 660157
bot 253 255 9mzpcgft -1962888896 735586 52
owned 253 735586 735587 735588 735589 741589 729589 723589 723588 723587 723586 723585 723584 723583 723582 729582 735582 735583 735584 741584 741585 747585 747586 747587 747588 753587 753586 753585 753584 747584 747583 741583 741582 729583 717583 729584 717584 711584 711585 711586 711587 729585 717585 717586 717587 717588 741588 729588 741587 729587 735585 741586 729586
bot 254 256 l5z5w588 1934897762 1419338 52
owned 254 1419338 1419339 1419340 1419341 1425341 1413341 1407341 1407340 1407339 1407338 1407337 1407336 1407335 1407334 1413334 1419334 1419335 1419336 1425336 1425337 1431337 1431338 1431339 1431340 1437339 1437338 1437337 1437336 1431336 1431335 1425335 1425334 1413335 1401335 1413336 1401336 1395336 1395337 1395338 1395339 1413337 1401337 1401338 1401339 1401340 1425340 1413340 1425339 1413339 1419337 1425338 1413338
bot 255 257 pt0jqntf 1250199287 2190729 52
owned 255 2190729 2190730 2190731 2190732 2196732 2184732 2178732 2178731 2178730 2178729 2178728 2178727 2178726 2178725 2184725 2190725 2190726 2190727 2196727 2196728 2202728 2202729 2202730 2202731 2208730 2208729 2208728 2208727 2202727 2202726 2196726 2196725 2184726 2172726 2184727 2172727 2166727 2166728 2166729 2166730 2184728 2172728 2172729 2172730 2172731 2196731 2184731 2196730 2184730 2190728 2196729 2184729
bot 256 258 2e8alk85 2137343212 1511544 52
owned 256 1511544 1511545 1511546 1511547 1517547 1505547 1499547 1499546 1499545 1499544 1499543 1499542 1499541 1499540 1505540 1511540 1511541 1511542 1517542 1517543 1523543 1523544 1523545 1523546 1529545 1529544 1529543 1529542 1523542 1523541 1517541 1517540 1505541 1493541 1505542 1493542 1487542 1487543 1487544 1487545 1505543 1493543 1493544 1493545 1493546 1517546 1505546 1517545 1505545 1511543 1517544 1505544
bot 257 259 hwe3kfal -2027389305 1058840 52
owned 257 1058840 1058841 1058842 1058843 1064843 1052843 1046843 1046842 1046841 1046840 1046839 1046838 1046837 1046836 1052836 1058836 1058837 1058838 1064838 1064839 1070839 1070840 1070841 1070842 1076841 1076840 1076839 1076838 1070838 1070837 1064837 1064836 1052837 1040837 1052838 1040838 1034838 1034839 1034840 1034841 1052839 1040839 1040840 1040841 1040842 1064842 1052842 1064841 1052841 1058839 1064840 1052840
bot 258 260 47li627l 1118737045 489350 52
owned 258 489350 489351 489352 489353 495353 483353 477353 477352 477351 477350 477349 477348 477347 477346 483346 489346 489347 489348 495348 495349 501349 501350 501351 501352 507351 507350 507349 507348 501348 501347 495347 495346 483347 471347 483348 471348 465348 465349 465350 465351 483349 471349 471350 471351 471352 495352 483352 495351 483351 489349 495350 483350
bot 259 261 3asdumaj -2042581532 879830 52
owned 259 879830 879831 879832 879833 885833 873833 867833 867832 867831 867830 867829 867828 867827 867826 873826 879826 879827 879828 885828 885829 891829 891830 891831 891832 897831 897830 897829 897828 891828 891827 885827 885826 873827 861827 873828 861828 855828 855829 855830 855831 873829 861829 861830 861831 861832 885832 873832 885831 873831 879829 885830 873830
bot 260 262 l75txeu7 2077042187 632305 52
owned 260 632305 632306 632307 632308 638308 626308 620308 620307 620306 620305 620304 620303 620302 620301 626301 632301 632302 632303 638303 638304 644304 644305 644306 644307 650306 650305 650304 650303 644303 644302 638302 638301 626302 614302 626303 614303 608303 608304 608305 608306 626304 614304 614305 614306 614307 638307 626307 638306 626306 632304 638305 626305
bot 261 263 tbcz7mf1 255526794 559741 52
owned 261 559741 559742 559743 559744 565744 553744 547744 547743 547742 547741 547740 547739 547738 547737 553737 559737 559738 559739 565739 565740 571740 571741 571742 571743 577742 577741 577740 577739 571739 571738 565738 565737 553738 541738 553739 541739 535739 535740 535741 535742 553740 541740 541741 541742 541743 565743 553743 565742 553742 559740 565741 553741
bot 262 264 o1ilw638 692382587 394687 52
owned 262 394687 394688 394689 394690 400690 388690 382690 382689 382688 382687 382686 382685 382684 382683 388683 394683 394684 394685 400685 400686 406686 406687 406688 406689 412688 412687 412686 412685 406685 406684 400684 400683 388684 376684 388685 376685 370685 370686 370687 370688 388686 376686 376687 376688 376689 400689 388689 400688 388688 394686 400687 388687
bot 263 265 la4ytzgl 1260745833 767495 52
owned 263 767495 767496 767497 767498 773498 761498 755498 755497 755496 755495 755494 755493 755492 755491 761491 767491 767492 767493 773493 773494 779494 779495 779496 779497 785496 785495 785494 785493 779493 779492 773492 773491 761492 749492 761493 749493 743493 743494 743495 743496 761494 749494 749495 749496 749497 773497 761497 773496 761496 767494 773495 761495
bot 264 266 in2bq49j 1545211963 620755 52
owned 264 620755 620756 620757 620758 626758 614758 608758 608757 608756 608755 608754 608753 608752 608751 614751 620751 620752 620753 626753 626754 632754 632755 632756 632757 638756 638755 638754 638753 632753 632752 626752 626751 614752 602752 614753 602753 596753 596754 596755 596756 614754 602754 602755 602756 602757 626757 614757 626756 614756 620754 626755 614755
bot 265 267 5irnw7ij 276056243 824128 52
owned 265 824128 824129 824130 824131 830131 818131 812131 812130 812129 812128 812127 812126 812125 812124 818124 824124 824125 824126 830126 830127 836127 836128 836129 836130 842129 842128 842127 842126 836126 836125 830125 830124 818125 806125 818126 806126 800126 800127 800128 800129 818127 806127 806128 806129 806130 830130 818130 830129 818129 824127 830128 818128
bot 266 268 noxeflvy 1919430651 1603786 52
owned 266 1603786 1603787 1603788 1603789 1609789 1597789 1591789 1591788 1591787 1591786 1591785 1591784 1591783 1591782 1597782 1603782 1603783 1603784 1609784 1609785 1615785 1615786 1615787 1615788 1621787 1621786 1621785 1621784 1615784 1615783 1609783 1609782 1597783 1585783 1597784 1585784 1579784 1579785 1579786 1579787 1597785 1585785 1585786 1585787 1585788 1609788 1597788 1609787 1597787 1603785 1609786 1597786
bot 267 269 8gn7568f 1284878845 908176 52
owned 267 908176 908177 908178 908179 914179 902179 896179 896178 896177 896176 896175 896174 896173 896172 902172 908172 908173 908174 914174 914175 920175 920176 920177 920178 926177 926176 926175 926174 920174 920173 914173 914172 902173 890173 902174 890174 884174 884175 884176 884177 902175 890175 890176 890177 890178 914178 902178 914177 902177 908175 914176 902176
bot 268 270 5c1omdu5 1575113319 46641 52
owned 268 46641 46642 46643 46644 52644 40644 34644 34643 34642 34641 34640 34639 34638 34637 40637 46637 46638 46639 52639 52640 58640 58641 58642 58643 64642 64641 64640 64639 58639 58638 52638 52637 40638 28638 40639 28639 22639 22640 22641 22642 40640 28640 28641 28642 28643 52643 40643 52642 40642 46640 52641 40641
bot 269 271 yc2b3pvx 604443755 823540 52
owned 269 823540 823541 823542 823543 829543 817543 811543 811542 811541 811540 811539 811538 811537 811536 817536 823536 823537 823538 829538 829539 835539 835540 835541 835542 841541 841540 841539 841538 835538 835537 829537 829536 817537 805537 817538 805538 799538 799539 799540 799541 817539 805539 805540 805541 805542 829542 817542 829541 817541 823539 829540 817540
bot 270 272 lml55dcl 564423046 770276 52
owned 270 770276 770277 770278 770279 776279 764279 758279 758278 758277 758276 758275 758274 758273 758272 764272 770272 770273 770274 776274 776275 782275 782276 782277 782278 788277 788276 788275 788274 782274 782273 776273 776272 764273 752273 764274 752274 746274 746275 746276 746277 764275 752275 752276 752277 752278 776278 764278 776277 764277 770275 776276 764276
bot 271 273 1o5etbis 1064436554 156106 52
owned 271 156106 156107 156108 156109 162109 150109 144109 144108 144107 144106 144105 144104 144103 144102 150102 156102 156103 156104 162104 162105 168105 168106 168107 168108 174107 174106 174105 174104 168104 168103 162103 162102 150103 138103 150104 138104 132104 132105 132106 132107 150105 138105 138106 138107 138108 162108 150108 162107 150107 156105 162106 150106
bot 272 274 bulnhjw5 1566032591 1896990 52
owned 272 1896990 1896991 1896992 1896993 1902993 1890993 1884993 1884992 1884991 1884990 1884989 1884988 1884987 1884986 1890986 1896986 1896987 1896988 1902988 1902989 1908989 1908990 1908991 1908992 1914991 1914990 1914989 1914988 1908988 1908987 1902987 1902986 1890987 1878987 1890988 1878988 1872988 1872989 1872990 1872991 1890989 1878989 1878990 1878991 1878992 1902992 1890992 1902991 1890991 1896989 1902990 1890990
bot 273 275 c6y4cfry 863565244 1695160 52
owned 273 1695160 1695161 1695162 1695163 1701163 1689163 1683163 1683162 1683161 1683160 1683159 1683158 1683157 1683156 1689156 1695156 1695157 1695158 1701158 1701159 1707159 1707160 1707161 1707162 1713161 1713160 1713159 1713158 1707158 1707157 1701157 1701156 1689157 1677157 1689158 1677158 1671158 1671159 1671160 1671161 1689159 1677159 1677160 1677161 1677162 1701162 1689162 1701161 1689161 1695159 1701160 1689160
bot 274 276 kbpw8sak 2119546823 847653 52
owned 274 847653 847654 847655 847656 853656 841656 835656 835655 835654 835653 835652 835651 835650 835649 841649 847649 847650 847651 853651 853652 859652 859653 859654 859655 865654 865653 865652 865651 859651 859650 853650 853649 841650 829650 841651 829651 823651 823652 823653 823654 841652 829652 829653 829654 829655 853655 841655 853654 841654 847652 853653 841653
bot 275 277 65e8qmsr -2139027305 1081870 52
owned 275 1081870 1081871 1081872 1081873 1087873 1075873 1069873 1069872 1069871 1069870 1069869 1069868 1069867 1069866 1075866 1081866 1081867 1081868 1087868 1087869 1093869 1093870 1093871 1093872 1099871 1099870 1099869 1099868 1093868 1093867 1087867 1087866 1075867 1063867 1075868 1063868 1057868 1057869 1057870 1057871 1075869 1063869 1063870 1063871 1063872 1087872 1075872 1087871 1075871 1081869 1087870 1075870
bot 276 278 furhe0mp 1722812567 893543 52
owned 276 893543 893544 893545 893546 899546 887546 881546 881545 881544 881543 881542 881541 881540 881539 887539 893539 893540 893541 899541 899542 905542 905543 905544 905545 911544 911543 911542 911541 905541 905540 899540 899539 887540 875540 887541 875541 869541 869542 869543 869544 887542 875542 875543 875544 875545 899545 887545 899544 887544 893542 899543 887543
bot 277 279 92npvjrt 1165988245 399273 52
owned 277 399273 399274 399275 399276 405276 393276 387276 387275 387274 387273 387272 387271 387270 387269 393269 399269 399270 399271 405271 405272 411272 411273 411274 411275 417274 417273 417272 417271 411271 411270 405270 405269 393270 381270 393271 381271 375271 375272 375273 375274 393272 381272 381273 381274 381275 405275 393275 405274 393274 399272 405273 393273
bot 278 280 c56xdfdl -1969221818 1020151 52
owned 278 1020151 1020152 1020153 1020154 1026154 1014154 1008154 1008153 1008152 1008151 1008150 1008149 1008148 1008147 1014147 1020147 1020148 1020149 1026149 1026150 1032150 1032151 1032152 1032153 1038152 1038151 1038150 1038149 1032149 1032148 1026148 1026147 1014148 1002148 1014149 1002149 996149 996150 996151 996152 1014150 1002150 1002151 1002152 1002153 1026153 1014153 1026152 1014152 1020150 1026151 1014151
bot 279 281 jul4zb4e 561489496 871772 52
owned 279 871772 871773 871774 871775 877775 865775 859775 859774 859773 859772 859771 859770 859769 859768 865768 871768 871769 871770 877770 877771 883771 883772 883773 883774 889773 889772 889771 889770 883770 883769 877769 877768 865769 853769 865770 853770 847770 847771 847772 847773 865771 853771 853772 853773 853774 877774 865774 877773 865773 871771 877772 865772
bot 280 282 mpuzdlvw 997570901 1557758 52
owned 280 1557758 1557759 1557760 1557761 1563761 1551761 1545761 1545760 1545759 1545758 1545757 1545756 1545755 1545754 1551754 1557754 1557755 1557756 1563756 1563757 1569757 1569758 1569759 1569760 1575759 1575758 1575757 1575756 1569756 1569755 1563755 1563754 1551755 1539755 1551756 1539756 1533756 1533757 1533758 1533759 1551757 1539757 1539758 1539759 1539760 1563760 1551760 1563759 1551759 1557757 1563758 1551758
bot 281 283 plrlx715 -2131230421 1610478 52
owned 281 1610478 1610479 1610480 1610481 1616481 1604481 1598481 1598480 1598479 1598478 1598477 1598476 1598475 1598474 1604474 1610474 1610475 1610476 1616476 1616477 1622477 1622478 1622479 1622480 1628479 1628478 1628477 1628476 1622476 1622475 1616475 1616474 1604475 1592475 1604476 1592476 1586476 1586477 1586478 1586479 1604477 1592477 1592478 1592479 1592480 1616480 1604480 1616479 1604479 1610477 1616478 1604478
bot 282 284 yl9vsjpk 986070082 748397 52
owned 282 748397 748398 748399 748400 754400 742400 736400 736399 736398 736397 736396 736395 736394 736393 742393 748393 748394 748395 754395 754396 760396 760397 760398 760399 766398 766397 766396 766395 760395 760394 754394 754393 742394 730394 742395 730395 724395 724396 724397 724398 742396 730396 730397 730398 730399 754399 742399 754398 742398 748396 754397 742397
bot 283 285 mkfgkn7r 408244129 850783 52
owned 283 850783 850784 850785 850786 856786 844786 838786 838785 838784 838783 838782 838781 838780 838779 844779 850779 850780 850781 856781 856782 862782 862783 862784 862785 868784 868783 868782 868781 862781 862780 856780 856779 844780 832780 844781 832781 826781 826782 826783 826784 844782 832782 832783 832784 832785 856785 844785 856784 844784 850782 856783 844783
bot 284 286 v5nlafkw 1980026422 1631901 52
owned 284 1631901 1631902 1631903 1631904 1637904 1625904 1619904 1619903 1619902 1619901 1619900 1619899 1619898 1619897 1625897 1631897 1631898 1631899 1637899 1637900 1643900 1643901 1643902 1643903 1649902 1649901 1649900 1649899 1643899 1643898 1637898 1637897 1625898 1613898 1625899 1613899 1607899 1607900 1607901 1607902 1625900 1613900 1613901 1613902 1613903 1637903 1625903 1637902 1625902 1631900 1637901 1625901
bot 285 287 2p3gb961 1102687968 1641254 52
owned 285 1641254 1641255 1641256 1641257 1647257 1635257 1629257 1629256 1629255 1629254 1629253 1629252 1629251 1629250 1635250 1641250 1641251 1641252 1647252 1647253 1653253 1653254 1653255 1653256 1659255 1659254 1659253 1659252 1653252 1653251 1647251 1647250 1635251 1623251 1635252 1623252 1617252 1617253 1617254 1617255 1635253 1623253 1623254 1623255 1623256 1647256 1635256 1647255 1635255 1641253 1647254 1635254
bot 286 288 uc4jshlt 1527277285 1632962 52
owned 286 1632962 1632963 1632964 1632965 1638965 1626965 1620965 1620964 1620963 1620962 1620961 1620960 1620959 1620958 1626958 1632958 1632959 1632960 1638960 1638961 1644961 1644962 1644963 1644964 1650963 1650962 1650961 1650960 1644960 1644959 1638959 1638958 1626959 1614959 1626960 1614960 1608960 1608961 1608962 1608963 1626961 1614961 1614962 1614963 1614964 1638964 1626964 1638963 1626963 1632961 1638962 1626962
bot 287 289 6xdips73 1935311914 424795 52
owned 287 424795 424796 424797 424798 430798 418798 412798 412797 412796 412795 412794 412793 412792 412791 418791 424791 424792 424793 430793 430794 436794 436795 436796 436797 442796 442795 442794 442793 436793 436792 430792 430791 418792 406792 418793 406793 400793 400794 400795 400796 418794 406794 406795 406796 406797 430797 418797 430796 418796 424794 430795 418795
bot 288 290 fqxqj0bu 2093449639 2201810 52
owned 288 2201810 2201811 2201812 2201813 2207813 2195813 2189813 2189812 2189811 2189810 2189809 2189808 2189807 2189806 2195806 2201806 2201807 2201808 2207808 2207809 2213809 2213810 2213811 2213812 2219811 2219810 2219809 2219808 2213808 2213807 2207807 2207806 2195807 2183807 2195808 2183808 2177808 2177809 2177810 2177811 2195809 2183809 2183810 2183811 2183812 2207812 2195812 2207811 2195811 2201809 2207810 2195810
bot 289 291 yen0iwte 1451215319 990284 52
owned 289 990284 990285 990286 990287 996287 984287 978287 978286 978285 978284 978283 978282 978281 978280 984280 990280 990281 990282 996282 996283 1002283 1002284 1002285 1002286 1008285 1008284 1008283 1008282 1002282 1002281 996281 996280 984281 972281 984282 972282 966282 966283 966284 966285 984283 972283 972284 972285 972286 996286 984286 996285 984285 990283 996284 984284
bot 290 292 77ucsgzt -1988775040 1685960 52
owned 290 1685960 1685961 1685962 1685963 1691963 1679963 1673963 1673962 1673961 1673960 1673959 1673958 1673957 1673956 1679956 1685956 1685957 1685958 1691958 1691959 1697959 1697960 1697961 1697962 1703961 1703960 1703959 1703958 1697958 1697957 1691957 1691956 1679957 1667957 1679958 1667958 1661958 1661959 1661960 1661961 1679959 1667959 1667960 1667961 1667962 1691962 1679962 1691961 1679961 1685959 1691960 1679960
bot 291 293 4c1d18ro 626168222 436051 52
owned 291 436051 436052 436053 436054 442054 430054 424054 424053 424052 424051 424050 424049 424048 424047 430047 436047 436048 436049 442049 442050 448050 448051 448052 448053 454052 454051 454050 454049 448049 448048 442048 442047 430048 418048 430049 418049 412049 412050 412051 412052 430050 418050 418051 418052 418053 442053 430053 442052 430052 436050 442051 430051
bot 292 294 bz5je7hx 1739532339 709503 52
owned 292 709503 709504 709505 709506 715506 703506 697506 697505 697504 697503 697502 697501 697500 697499 703499 709499 709500 709501 715501 715502 721502 721503 721504 721505 727504 727503 727502 727501 721501 721500 715500 715499 703500 691500 703501 691501 685501 685502 685503 685504 703502 691502 691503 691504 691505 715505 703505 715504 703504 709502 715503 703503
bot 293 295 fn7ax8sx -1958728051 640045 52
owned 293 640045 640046 640047 640048 646048 634048 628048 628047 628046 628045 628044 628043 628042 628041 634041 640041 640042 640043 646043 646044 652044 652045 652046 652047 658046 658045 658044 658043 652043 652042 646042 646041 634042 622042 634043 622043 616043 616044 616045 616046 634044 622044 622045 622046 622047 646047 634047 646046 634046 640044 646045 634045
bot 294 296 owdtos2u 1613878371 1895052 52
owned 294 1895052 1895053 1895054 1895055 1901055 1889055 1883055 1883054 1883053 1883052 1883051 1883050 1883049 1883048 1889048 1895048 1895049 1895050 1901050 1901051 1907051 1907052 1907053 1907054 1913053 1913052 1913051 1913050 1907050 1907049 1901049 1901048 1889049 1877049 1889050 1877050 1871050 1871051 1871052 1871053 1889051 1877051 1877052 1877053 1877054 1901054 1889054 1901053 1889053 1895051 1901052 1889052
bot 295 297 f33f3rln 1470202053 1923807 52
owned 295 1923807 1923808 1923809 1923810 1929810 1917810 1911810 1911809 1911808 1911807 1911806 1911805 1911804 1911803 1917803 1923803 1923804 1923805 1929805 1929806 1935806 1935807 1935808 1935809 1941808 1941807 1941806 1941805 1935805 1935804 1929804 1929803 1917804 1905804 1917805 1905805 1899805 1899806 1899807 1899808 1917806 1905806 1905807 1905808 1905809 1929809 1917809 1929808 1917808 1923806 1929807 1917807
bot 296 298 shy7v4eo 333923945 2242943 52
owned 296 2242943 2242944 2242945 2242946 2248946 2236946 2230946 2230945 2230944 2230943 2230942 2230941 2230940 2230939 2236939 2242939 2242940 2242941 2248941 2248942 2254942 2254943 2254944 2254945 2260944 2260943 2260942 2260941 2254941 2254940 2248940 2248939 2236940 2224940 2236941 2224941 2218941 2218942 2218943 2218944 2236942 2224942 2224943 2224944 2224945 2248945 2236945 2248944 2236944 2242942 2248943 2236943
bot 297 299 qi05x4jp 728788965 1947029 52
owned 297 1947029 1947030 1947031 1947032 1953032 1941032 1935032 1935031 1935030 1935029 1935028 1935027 1935026 1935025 1941025 1947025 1947026 1947027 1953027 1953028 1959028 1959029 1959030 1959031 1965030 1965029 1965028 1965027 1959027 1959026 1953026 1953025 1941026 1929026 1941027 1929027 1923027 1923028 1923029 1923030 1941028 1929028 1929029 1929030 1929031 1953031 1941031 1953030 1941030 1947028 1953029 1941029
bot 298 300 rtwhvg9g 417899862 991567 52
owned 298 991567 991568 991569 991570 997570 985570 979570 979569 979568 979567 979566 979565 979564 979563 985563 991563 991564 991565 997565 997566 1003566 1003567 1003568 1003569 1009568 1009567 1009566 1009565 1003565 1003564 997564 997563 985564 973564 985565 973565 967565 967566 967567 967568 985566 973566 973567 973568 973569 997569 985569 997568 985568 991566 997567 985567
bot 299 301 xebmdu02 1260056271 1507442 52
owned 299 1507442 1507443 1507444 1507445 1513445 1501445 1495445 1495444 1495443 1495442 1495441 1495440 1495439 1495438 1501438 1507438 1507439 1507440 1513440 1513441 1519441 1519442 1519443 1519444 1525443 1525442 1525441 1525440 1519440 1519439 1513439 1513438 1501439 1489439 1501440 1489440 1483440 1483441 1483442 1483443 1501441 1489441 1489442 1489443 1489444 1513444 1501444 1513443 1501443 1507441 1513442 1501442
bot 300 302 minv0qzi 1572112624 1259450 52
owned 300 1259450 1259451 1259452 1259453 1265453 1253453 1247453 1247452 1247451 1247450 1247449 1247448 1247447 1247446 1253446 1259446 1259447 1259448 1265448 1265449 1271449 1271450 1271451 1271452 1277451 1277450 1277449 1277448 1271448 1271447 1265447 1265446 1253447 1241447 1253448 1241448 1235448 1235449 1235450 1235451 1253449 1241449 1241450 1241451 1241452 1265452 1253452 1265451 1253451 1259449 1265450 1253450
bot 301 303 s3tsi6x9 231384593 2162190 52
owned 301 2162190 2162191 2162192 2162193 2168193 2156193 2150193 2150192 2150191 2150190 2150189 2150188 2150187 2150186 2156186 2162186 2162187 2162188 2168188 2168189 2174189 2174190 2174191 2174192 2180191 2180190 2180189 2180188 2174188 2174187 2168187 2168186 2156187 2144187 2156188 2144188 2138188 2138189 2138190 2138191 2156189 2144189 2144190 2144191 2144192 2168192 2156192 2168191 2156191 2162189 2168190 2156190
bot 302 304 k4ol3ovv 536339554 340726 52
owned 302 340726 340727 340728 340729 346729 334729 328729 328728 328727 328726 328725 328724 328723 328722 334722 340722 340723 340724 346724 346725 352725 352726 352727 352728 358727 358726 358725 358724 352724 352723 346723 346722 334723 322723 334724 322724 316724 316725 316726 316727 334725 322725 322726 322727 322728 346728 334728 346727 334727 340725 346726 334726
bot 303 305 my4alddo 1935066024 1047132 52
owned 303 1047132 1047133 1047134 1047135 1053135 1041135 1035135 1035134 1035133 1035132 1035131 1035130 1035129 1035128 1041128 1047128 1047129 1047130 1053130 1053131 1059131 1059132 1059133 1059134 1065133 1065132 1065131 1065130 1059130 1059129 1053129 1053128 1041129 1029129 1041130 1029130 1023130 1023131 1023132 1023133 1041131 1029131 1029132 1029133 1029134 1053134 1041134 1053133 1041133 1047131 1053132 1041132
bot 304 306 j2kjyzt1 573024905 2021094 52
owned 304 2021094 2021095 2021096 2021097 2027097 2015097 2009097 2009096 2009095 2009094 2009093 2009092 2009091 2009090 2015090 2021090 2021091 2021092 2027092 2027093 2033093 2033094 2033095 2033096 2039095 2039094 2039093 2039092 2033092 2033091 2027091 2027090 2015091 2003091 2015092 2003092 1997092 1997093 1997094 1997095 2015093 2003093 2003094 2003095 2003096 2027096 2015096 2027095 2015095 2021093 2027094 2015094
bot 305 307 x5ff4utp 1716176702 866790 52
owned 305 866790 866791 866792 866793 872793 860793 854793 854792 854791 854790 854789 854788 854787 854786 860786 866786 866787 866788 872788 872789 878789 878790 878791 878792 884791 884790 884789 884788 878788 878787 872787 872786 860787 848787 860788 848788 842788 842789 842790 842791 860789 848789 848790 848791 848792 872792 860792 872791 860791 866789 872790 860790
bot 306 308 lokk2xdf -1934366033 2084792 52
owned 306 2084792 2084793 2084794 2084795 2090795 2078795 2072795 2072794 2072793 2072792 2072791 2072790 2072789 2072788 2078788 2084788 2084789 2084790 2090790 2090791 2096791 2096792 2096793 2096794 2102793 2102792 2102791 2102790 2096790 2096789 2090789 2090788 2078789 2066789 2078790 2066790 2060790 2060791 2060792 2060793 2078791 2066791 2066792 2066793 2066794 2090794 2078794 2090793 2078793 2084791 2090792 2078792
bot 307 309 sylg30cf 1985369573 1029287 52
owned 307 1029287 1029288 1029289 1029290 1035290 1023290 1017290 1017289 1017288 1017287 1017286 1017285 1017284 1017283 1023283 1029283 1029284 1029285 1035285 1035286 1041286 1041287 1041288 1041289 1047288 1047287 1047286 1047285 1041285 1041284 1035284 1035283 1023284 1011284 1023285 1011285 1005285 1005286 1005287 1005288 1023286 1011286 1011287 1011288 1011289 1035289 1023289 1035288 1023288 1029286 1035287 1023287
bot 308 310 sahbcu7b 2042478409 2057733 52
owned 308 2057733 2057734 2057735 2057736 2063736 2051736 2045736 2045735 2045734 2045733 2045732 2045731 2045730 2045729 2051729 2057729 2057730 2057731 2063731 2063732 2069732 2069733 2069734 2069735 2075734 2075733 2075732 2075731 2069731 2069730 2063730 2063729 2051730 2039730 2051731 2039731 2033731 2033732 2033733 2033734 2051732 2039732 2039733 2039734 2039735 2063735 2051735 2063734 2051734 2057732 2063733 2051733
bot 309 311 zuvsbbzm -1951051985 1746274 52
owned 309 1746274 1746275 1746276 1746277 1752277 1740277 1734277 1734276 1734275 1734274 1734273 1734272 1734271 1734270 1740270 1746270 1746271 1746272 1752272 1752273 1758273 1758274 1758275 1758276 1764275 1764274 1764273 1764272 1758272 1758271 1752271 1752270 1740271 1728271 1740272 1728272 1722272 1722273 1722274 1722275 1740273 1728273 1728274 1728275 1728276 1752276 1740276 1752275 1740275 1746273 1752274 1740274
bot 310 312 n4n57mjy 764300918 1351245 52
owned 310 1351245 1351246 1351247 1351248 1357248 1345248 1339248 1339247 1339246 1339245 1339244 1339243 1339242 1339241 1345241 1351241 1351242 1351243 1357243 1357244 1363244 1363245 1363246 1363247 1369246 1369245 1369244 1369243 1363243 1363242 1357242 1357241 1345242 1333242 1345243 1333243 1327243 1327244 1327245 1327246 1345244 1333244 1333245 1333246 1333247 1357247 1345247 1357246 1345246 1351244 1357245 1345245
bot 311 313 8s3w15kq 854902363 1448451 52
owned 311 1448451 1448452 1448453 1448454 1454454 1442454 1436454 1436453 1436452 1436451 1436450 1436449 1436448 1436447 1442447 1448447 1448448 1448449 1454449 1454450 1460450 1460451 1460452 1460453 1466452 1466451 1466450 1466449 1460449 1460448 1454448 1454447 1442448 1430448 1442449 1430449 1424449 1424450 1424451 1424452 1442450 1430450 1430451 1430452 1430453 1454453 1442453 1454452 1442452 1448450 1454451 1442451
bot 312 314 a6z0gp5d 1697973799 1571294 52
owned 312 1571294 1571295 1571296 1571297 1577297 1565297 1559297 1559296 1559295 1559294 1559293 1559292 1559291 1559290 1565290 1571290 1571291 1571292 1577292 1577293 1583293 1583294 1583295 1583296 1589295 1589294 1589293 1589292 1583292 1583291 1577291 1577290 1565291 1553291 1565292 1553292 1547292 1547293 1547294 1547295 1565293 1553293 1553294 1553295 1553296 1577296 1565296 1577295 1565295 1571293 1577294 1565294
bot 313 315 momzwuew 564874533 887049 52
owned 313 887049 887050 887051 887052 893052 881052 875052 875051 875050 875049 875048 875047 875046 875045 881045 887045 887046 887047 893047 893048 899048 899049 899050 899051 905050 905049 905048 905047 899047 899046 893046 893045 881046 869046 881047 869047 863047 863048 863049 863050 881048 869048 869049 869050 869051 893051 881051 893050 881050 887048 893049 881049
bot 314 316 swknlr19 256525071 1922821 52
owned 314 1922821 1922822 1922823 1922824 1928824 1916824 1910824 1910823 1910822 1910821 1910820 1910819 1910818 1910817 1916817 1922817 1922818 1922819 1928819 1928820 1934820 1934821 1934822 1934823 1940822 1940821 1940820 1940819 1934819 1934818 1928818 1928817 1916818 1904818 1916819 1904819 1898819 1898820 1898821 1898822 1916820 1904820 1904821 1904822 1904823 1928823 1916823 1928822 1916822 1922820 1928821 1916821
bot 315 317 68tli42a 1430218968 360418 52
owned 315 360418 360419 360420 360421 366421 354421 348421 348420 348419 348418 348417 348416 348415 348414 354414 360414 360415 360416 366416 366417 372417 372418 372419 372420 378419 378418 378417 378416 372416 372415 366415 366414 354415 342415 354416 342416 336416 336417 336418 336419 354417 342417 342418 342419 342420 366420 354420 366419 354419 360417 366418 354418
bot 316 318 43wn7pvq -2111648082 2150856 52
owned 316 2150856 2150857 2150858 2150859 2156859 2144859 2138859 2138858 2138857 2138856 2138855 2138854 2138853 2138852 2144852 2150852 2150853 2150854 2156854 2156855 2162855 2162856 2162857 2162858 2168857 2168856 2168855 2168854 2162854 2162853 2156853 2156852 2144853 2132853 2144854 2132854 2126854 2126855 2126856 2126857 2144855 2132855 2132856 2132857 2132858 2156858 2144858 2156857 2144857 2150855 2156856 2144856
bot 317 319 ssod81st 1038582099 1052190 52
owned 317 1052190 1052191 1052192 1052193 1058193 1046193 1040193 1040192 1040191 1040190 1040189 1040188 1040187 1040186 1046186 1052186 1052187 1052188 1058188 1058189 1064189 1064190 1064191 1064192 1070191 1070190 1070189 1070188 1064188 1064187 1058187 1058186 1046187 1034187 1046188 1034188 1028188 1028189 1028190 1028191 1046189 1034189 1034190 1034191 1034192 1058192 1046192 1058191 1046191 1052189 1058190 1046190
bot 318 320 9fudx3o3 260867775 1902287 52
owned 318 1902287 1902288 1902289 1902290 1908290 1896290 1890290 1890289 1890288 1890287 1890286 1890285 1890284 1890283 1896283 1902283 1902284 1902285 1908285 1908286 1914286 1914287 1914288 1914289 1920288 1920287 1920286 1920285 1914285 1914284 1908284 1908283 1896284 1884284 1896285 1884285 1878285 1878286 1878287 1878288 1896286 1884286 1884287 1884288 1884289 1908289 1896289 1908288 1896288 1902286 1908287 1896287
bot 319 321 cm4ig7bz 505236139 1670354 52
owned 319 1670354 1670355 1670356 1670357 1676357 1664357 1658357 1658356 1658355 1658354 1658353 1658352 1658351 1658350 1664350 1670350 1670351 1670352 1676352 1676353 1682353 1682354 1682355 1682356 1688355 1688354 1688353 1688352 1682352 1682351 1676351 1676350 1664351 1652351 1664352 1652352 1646352 1646353 1646354 1646355 1664353 1652353 1652354 1652355 1652356 1676356 1664356 1676355 1664355 1670353 1676354 1664354
bot 320 322 ajwm3pcu 572424594 560286 52
owned 320 560286 560287 560288 560289 566289 554289 548289 548288 548287 548286 548285 548284 548283 548282 554282 560282 560283 560284 566284 566285 572285 572286 572287 572288 578287 578286 578285 578284 572284 572283 566283 566282 554283 542283 554284 542284 536284 536285 536286 536287 554285 542285 542286 542287 542288 566288 554288 566287 554287 560285 566286 554286
bot 321 323 wcn2fdks -1968654214 722001 52
owned 321 722001 722002 722003 722004 728004 716004 710004 710003 710002 710001 710000 709999 709998 709997 715997 721997 721998 721999 727999 728000 734000 734001 734002 734003 740002 740001 740000 739999 733999 733998 727998 727997 715998 703998 715999 703999 697999 698000 698001 698002 716000 704000 704001 704002 704003 728003 716003 728002 716002 722000 728001 716001
bot 322 324 0a4r00hz 683703363 162057 52
owned 322 162057 162058 162059 162060 168060 156060 150060 150059 150058 150057 150056 150055 150054 150053 156053 162053 162054 162055 168055 168056 174056 174057 174058 174059 180058 180057 180056 180055 174055 174054 168054 168053 156054 144054 156055 144055 138055 138056 138057 138058 156056 144056 144057 144058 144059 168059 156059 168058 156058 162056 168057 156057
bot 323 325 548y287t 1721499265 240391 52
owned 323 240391 240392 240393 240394 246394 234394 228394 228393 228392 228391 228390 228389 228388 228387 234387 240387 240388 240389 246389 246390 252390 252391 252392 252393 258392 258391 258390 258389 252389 252388 246388 246387 234388 222388 234389 222389 216389 216390 216391 216392 234390 222390 222391 222392 222393 246393 234393 246392 234392 240390 246391 234391
bot 324 326 rkqmpoqo 852974710 706564 52
owned 324 706564 706565 706566 706567 712567 700567 694567 694566 694565 694564 694563 694562 694561 694560 700560 706560 706561 706562 712562 712563 718563 718564 718565 718566 724565 724564 724563 724562 718562 718561 712561 712560 700561 688561 700562 688562 682562 682563 682564 682565 700563 688563 688564 688565 688566 712566 700566 712565 700565 706563 712564 700564
bot 325 327 nrv83khf 259845800 1869999 52
owned 325 1869999 1870000 1870001 1870002 1876002 1864002 1858002 1858001 1858000 1857999 1857998 1857997 1857996 1857995 1863995 1869995 1869996 1869997 1875997 1875998 1881998 1881999 1882000 1882001 1888000 1887999 1887998 1887997 1881997 1881996 1875996 1875995 1863996 1851996 1863997 1851997 1845997 1845998 1845999 1846000 1863998 1851998 1851999 1852000 1852001 1876001 1864001 1876000 1864000 1869998 1875999 1863999
bot 326 328 00wyr0st 1151356229 1179308 52
owned 326 1179308 1179309 1179310 1179311 1185311 1173311 1167311 1167310 1167309 1167308 1167307 1167306 1167305 1167304 1173304 1179304 1179305 1179306 1185306 1185307 1191307 1191308 1191309 1191310 1197309 1197308 1197307 1197306 1191306 1191305 1185305 1185304 1173305 1161305 1173306 1161306 1155306 1155307 1155308 1155309 1173307 1161307 1161308 1161309 1161310 1185310 1173310 1185309 1173309 1179307 1185308 1173308
bot 327 329 dhvz0u2j 732311231 1942758 52
owned 327 1942758 1942759 1942760 1942761 1948761 1936761 1930761 1930760 1930759 1930758 1930757 1930756 1930755 1930754 1936754 1942754 1942755 1942756 1948756 1948757 1954757 1954758 1954759 1954760 1960759 1960758 1960757 1960756 1954756 1954755 1948755 1948754 1936755 1924755 1936756 1924756 1918756 1918757 1918758 1918759 1936757 1924757 1924758 1924759 1924760 1948760 1936760 1948759 1936759 1942757 1948758 1936758
bot 328 330 87uy1srx 674084857 671517 52
owned 328 671517 671518 671519 671520 677520 665520 659520 659519 659518 659517 659516 659515 659514 659513 665513 671513 671514 671515 677515 677516 683516 683517 683518 683519 689518 689517 689516 689515 683515 683514 677514 677513 665514 653514 665515 653515 647515 647516 647517 647518 665516 653516 653517 653518 653519 677519 665519 677518 665518 671516 677517 665517
bot 329 331 26wgkglj 1355285106 789265 52
owned 329 789265 789266 789267 789268 795268 783268 777268 777267 777266 777265 777264 777263 777262 777261 783261 789261 789262 789263 795263 795264 801264 801265 801266 801267 807266 807265 807264 807263 801263 801262 795262 795261 783262 771262 783263 771263 765263 765264 765265 765266 783264 771264 771265 771266 771267 795267 783267 795266 783266 789264 795265 783265
bot 330 332 s4otxlhb 977164344 1137760 52
owned 330 1137760 1137761 1137762 1137763 1143763 1131763 1125763 1125762 1125761 1125760 1125759 1125758 1125757 1125756 1131756 1137756 1137757 1137758 1143758 1143759 1149759 1149760 1149761 1149762 1155761 1155760 1155759 1155758 1149758 1149757 1143757 1143756 1131757 1119757 1131758 1119758 1113758 1113759 1113760 1113761 1131759 1119759 1119760 1119761 1119762 1143762 1131762 1143761 1131761 1137759 1143760 1131760
bot 331 333 65ikynwk 1994084410 828591 52
owned 331 828591 828592 828593 828594 834594 822594 816594 816593 816592 816591 816590 816589 816588 816587 822587 828587 828588 828589 834589 834590 840590 840591 840592 840593 846592 846591 846590 846589 840589 840588 834588 834587 822588 810588 822589 810589 804589 804590 804591 804592 822590 810590 810591 810592 810593 834593 822593 834592 822592 828590 834591 822591
bot 332 334 goxpy54y 2126119939 1619994 52
owned 332 1619994 1619995 1619996 1619997 1625997 1613997 1607997 1607996 1607995 1607994 1607993 1607992 1607991 1607990 1613990 1619990 1619991 1619992 1625992 1625993 1631993 1631994 1631995 1631996 1637995 1637994 1637993 1637992 1631992 1631991 1625991 1625990 1613991 1601991 1613992 1601992 1595992 1595993 1595994 1595995 1613993 1601993 1601994 1601995 1601996 1625996 1613996 1625995 1613995 1619993 1625994 1613994
bot 333 335 etvrjl78 1230027446 757408 52
owned 333 757408 757409 757410 757411 763411 751411 745411 745410 745409 745408 745407 745406 745405 745404 751404 757404 757405 757406 763406 763407 769407 769408 769409 769410 775409 775408 775407 775406 769406 769405 763405 763404 751405 739405 751406 739406 733406 733407 733408 733409 751407 739407 739408 739409 739410 763410 751410 763409 751409 757407 763408 751408
bot 334 336 y58lji80 -2145784821 436105 52
owned 334 436105 436106 436107 436108 442108 430108 424108 424107 424106 424105 424104 424103 424102 424101 430101 436101 436102 436103 442103 442104 448104 448105 448106 448107 454106 454105 454104 454103 448103 448102 442102 442101 430102 418102 430103 418103 412103 412104 412105 412106 430104 418104 418105 418106 418107 442107 430107 442106 430106 436104 442105 430105
bot 335 337 13dy28ag 715856935 475122 52
owned 335 475122 475123 475124 475125 481125 469125 463125 463124 463123 463122 463121 463120 463119 463118 469118 475118 475119 475120 481120 481121 487121 487122 487123 487124 493123 493122 493121 493120 487120 487119 481119 481118 469119 457119 469120 457120 451120 451121 451122 451123 469121 457121 457122 457123 457124 481124 469124 481123 469123 475121 481122 469122
bot 336 338 0dg1h5h5 914428748 810678 52
owned 336 810678 810679 810680 810681 816681 804681 798681 798680 798679 798678 798677 798676 798675 798674 804674 810674 810675 810676 816676 816677 822677 822678 822679 822680 828679 828678 828677 828676 822676 822675 816675 816674 804675 792675 804676 792676 786676 786677 786678 786679 804677 792677 792678 792679 792680 816680 804680 816679 804679 810677 816678 804678
bot 337 339 e9ncqhcw -1999150320 972630 52
owned 337 972630 972631 972632 972633 978633 966633 960633 960632 960631 960630 960629 960628 960627 960626 966626 972626 972627 972628 978628 978629 984629 984630 984631 984632 990631 990630 990629 990628 984628 984627 978627 978626 966627 954627 966628 954628 948628 948629 948630 948631 966629 954629 954630 954631 954632 978632 966632 978631 966631 972629 978630 966630
bot 338 340 uhxjrdbv 1124873273 633250 52
owned 338 633250 633251 633252 633253 639253 627253 621253 621252 621251 621250 621249 621248 621247 621246 627246 633246 633247 633248 639248 639249 645249 645250 645251 645252 651251 651250 651249 651248 645248 645247 639247 639246 627247 615247 627248 615248 609248 609249 609250 609251 627249 615249 615250 615251 615252 639252 627252 639251 627251 633249 639250 627250
bot 339 341 gv359a4k -2054642316 1479968 52
owned 339 1479968 1479969 1479970 1479971 1485971 1473971 1467971 1467970 1467969 1467968 1467967 1467966 1467965 1467964 1473964 1479964 1479965 1479966 1485966 1485967 1491967 1491968 1491969 1491970 1497969 1497968 1497967 1497966 1491966 1491965 1485965 1485964 1473965 1461965 1473966 1461966 1455966 1455967 1455968 1455969 1473967 1461967 1461968 1461969 1461970 1485970 1473970 1485969 1473969 1479967 1485968 1473968
bot 340 342 p4ehczm2 700767873 558370 52
owned 340 558370 558371 558372 558373 564373 552373 546373 546372 546371 546370 546369 546368 546367 546366 552366 558366 558367 558368 564368 564369 570369 570370 570371 570372 576371 576370 576369 576368 570368 570367 564367 564366 552367 540367 552368 540368 534368 534369 534370 534371 552369 540369 540370 540371 540372 564372 552372 564371 552371 558369 564370 552370
bot 341 343 p2xbynef 1936718818 1184515 52
owned 341 1184515 1184516 1184517 1184518 1190518 1178518 1172518 1172517 1172516 1172515 1172514 1172513 1172512 1172511 1178511 1184511 1184512 1184513 1190513 1190514 1196514 1196515 1196516 1196517 1202516 1202515 1202514 1202513 1196513 1196512 1190512 1190511 1178512 1166512 1178513 1166513 1160513 1160514 1160515 1160516 1178514 1166514 1166515 1166516 1166517 1190517 1178517 1190516 1178516 1184514 1190515 1178515
bot 342 344 co561w2j -2034742929 2013224 52
owned 342 2013224 2013225 2013226 2013227 2019227 2007227 2001227 2001226 2001225 2001224 2001223 2001222 2001221 2001220 2007220 2013220 2013221 2013222 2019222 2019223 2025223 2025224 2025225 2025226 2031225 2031224 2031223 2031222 2025222 2025221 2019221 2019220 2007221 1995221 2007222 1995222 1989222 1989223 1989224 1989225 2007223 1995223 1995224 1995225 1995226 2019226 2007226 2019225 2007225 2013223 2019224 2007224
bot 343 345 wz0zkd1s 890788124 1647093 52
owned 343 1647093 1647094 1647095 1647096 1653096 1641096 1635096 1635095 1635094 1635093 1635092 1635091 1635090 1635089 1641089 1647089 1647090 1647091 1653091 1653092 1659092 1659093 1659094 1659095 1665094 1665093 1665092 1665091 1659091 1659090 1653090 1653089 1641090 1629090 1641091 1629091 1623091 1623092 1623093 1623094 1641092 1629092 1629093 1629094 1629095 1653095 1641095 1653094 1641094 1647092 1653093 1641093
bot 344 346 m7jnfagf 1623514252 48162 52
owned 344 48162 48163 48164 48165 54165 42165 36165 36164 36163 36162 36161 36160 36159 36158 42158 48158 48159 48160 54160 54161 60161 60162 60163 60164 66163 66162 66161 66160 60160 60159 54159 54158 42159 30159 42160 30160 24160 24161 24162 24163 42161 30161 30162 30163 30164 54164 42164 54163 42163 48161 54162 42162
bot 345 347 rq439wc6 365026933 576107 52
owned 345 576107 576108 576109 576110 582110 570110 564110 564109 564108 564107 564106 564105 564104 564103 570103 576103 576104 576105 582105 582106 588106 588107 588108 588109 594108 594107 594106 594105 588105 588104 582104 582103 570104 558104 570105 558105 552105 552106 552107 552108 570106 558106 558107 558108 558109 582109 570109 582108 570108 576106 582107 570107
bot 346 348 lkklizjr 1633332011 1216580 52
owned 346 1216580 1216581 1216582 1216583 1222583 1210583 1204583 1204582 1204581 1204580 1204579 1204578 1204577 1204576 1210576 1216576 1216577 1216578 1222578 1222579 1228579 1228580 1228581 1228582 1234581 1234580 1234579 1234578 1228578 1228577 1222577 1222576 1210577 1198577 1210578 1198578 1192578 1192579 1192580 1192581 1210579 1198579 1198580 1198581 1198582 1222582 1210582 1222581 1210581 1216579 1222580 1210580
bot 347 349 2uyam605 1485169917 1178327 52
owned 347 1178327 1178328 1178329 1178330 1184330 1172330 1166330 1166329 1166328 1166327 1166326 1166325 1166324 1166323 1172323 1178323 1178324 1178325 1184325 1184326 1190326 1190327 1190328 1190329 1196328 1196327 1196326 1196325 1190325 1190324 1184324 1184323 1172324 1160324 1172325 1160325 1154325 1154326 1154327 1154328 1172326 1160326 1160327 1160328 1160329 1184329 1172329 1184328 1172328 1178326 1184327 1172327
bot 348 350 er3wo1bg 623509388 1002206 52
owned 348 1002206 1002207 1002208 1002209 1008209 996209 990209 990208 990207 990206 990205 990204 990203 990202 996202 1002202 1002203 1002204 1008204 1008205 1014205 1014206 1014207 1014208 1020207 1020206 1020205 1020204 1014204 1014203 1008203 1008202 996203 984203 996204 984204 978204 978205 978206 978207 996205 984205 984206 984207 984208 1008208 996208 1008207 996207 1002205 1008206 996206
bot 349 351 ezt35u0l 316983220 2373545 52
owned 349 2373545 2373546 2373547 2373548 2379548 2367548 2361548 2361547 2361546 2361545 2361544 2361543 2361542 2361541 2367541 2373541 2373542 2373543 2379543 2379544 2385544 2385545 2385546 2385547 2391546 2391545 2391544 2391543 2385543 2385542 2379542 2379541 2367542 2355542 2367543 2355543 2349543 2349544 2349545 2349546 2367544 2355544 2355545 2355546 2355547 2379547 2367547 2379546 2367546 2373544 2379545 2367545
bot 350 352 593d2qcb 1741431729 921617 52
owned 350 921617 921618 921619 921620 927620 915620 909620 909619 909618 909617 909616 909615 909614 909613 915613 921613 921614 921615 927615 927616 933616 933617 933618 933619 939618 939617 939616 939615 933615 933614 927614 927613 915614 903614 915615 903615 897615 897616 897617 897618 915616 903616 903617 903618 903619 927619 915619 927618 915618 921616 927617 915617
bot 351 353 y51cphtm 1940646435 715056 52
owned 351 715056 715057 715058 715059 721059 709059 703059 703058 703057 703056 703055 703054 703053 703052 709052 715052 715053 715054 721054 721055 727055 727056 727057 727058 733057 733056 733055 733054 727054 727053 721053 721052 709053 697053 709054 697054 691054 691055 691056 691057 709055 697055 697056 697057 697058 721058 709058 721057 709057 715055 721056 709056
bot 352 354 g94go6fd 467100538 316367 52
owned 352 316367 316368 316369 316370 322370 310370 304370 304369 304368 304367 304366 304365 304364 304363 310363 316363 316364 316365 322365 322366 328366 328367 328368 328369 334368 334367 334366 334365 328365 328364 322364 322363 310364 298364 310365 298365 292365 292366 292367 292368 310366 298366 298367 298368 298369 322369 310369 322368 310368 316366 322367 310367
bot 353 355 9ksqwgqt 358186663 170535 52
owned 353 170535 170536 170537 170538 176538 164538 158538 158537 158536 158535 158534 158533 158532 158531 164531 170531 170532 170533 176533 176534 182534 182535 182536 182537 188536 188535 188534 188533 182533 182532 176532 176531 164532 152532 164533 152533 146533 146534 146535 146536 164534 152534 152535 152536 152537 176537 164537 176536 164536 170534 176535 164535
bot 354 356 ykirk4lg 503358949 1747993 52
owned 354 1747993 1747994 1747995 1747996 1753996 1741996 1735996 1735995 1735994 1735993 1735992 1735991 1735990 1735989 1741989 1747989 1747990 1747991 1753991 1753992 1759992 1759993 1759994 1759995 1765994 1765993 1765992 1765991 1759991 1759990 1753990 1753989 1741990 1729990 1741991 1729991 1723991 1723992 1723993 1723994 1741992 1729992 1729993 1729994 1729995 1753995 1741995 1753994 1741994 1747992 1753993 1741993
bot 355 357 jurxvo26 327021942 863398 52
owned 355 863398 863399 863400 863401 869401 857401 851401 851400 851399 851398 851397 851396 851395 851394 857394 863394 863395 863396 869396 869397 875397 875398 875399 875400 881399 881398 881397 881396 875396 875395 869395 869394 857395 845395 857396 845396 839396 839397 839398 839399 857397 845397 845398 845399 845400 869400 857400 869399 857399 863397 869398 857398
bot 356 358 to8bcohn 1951234907 640998 52
owned 356 640998 640999 641000 641001 647001 635001 629001 629000 628999 628998 628997 628996 628995 628994 634994 640994 640995 640996 646996 646997 652997 652998 652999 653000 658999 658998 658997 658996 652996 652995 646995 646994 634995 622995 634996 622996 616996 616997 616998 616999 634997 622997 622998 622999 623000 647000 635000 646999 634999 640997 646998 634998
bot 357 359 ensatih4 -1933594292 1369516 52
owned 357 1369516 1369517 1369518 1369519 1375519 1363519 1357519 1357518 1357517 1357516 1357515 1357514 1357513 1357512 1363512 1369512 1369513 1369514 1375514 1375515 1381515 1381516 1381517 1381518 1387517 1387516 1387515 1387514 1381514 1381513 1375513 1375512 1363513 1351513 1363514 1351514 1345514 1345515 1345516 1345517 1363515 1351515 1351516 1351517 1351518 1375518 1363518 1375517 1363517 1369515 1375516 1363516
bot 358 360 nbbu08hb 2091389435 905360 52
owned 358 905360 905361 905362 905363 911363 899363 893363 893362 893361 893360 893359 893358 893357 893356 899356 905356 905357 905358 911358 911359 917359 917360 917361 917362 923361 923360 923359 923358 917358 917357 911357 911356 899357 887357 899358 887358 881358 881359 881360 881361 899359 887359 887360 887361 887362 911362 899362 911361 899361 905359 911360 899360
bot 359 361 rxlhv8ic 1088499750 1088369 52
owned 359 1088369 1088370 1088371 1088372 1094372 1082372 1076372 1076371 1076370 1076369 1076368 1076367 1076366 1076365 1082365 1088365 1088366 1088367 1094367 1094368 1100368 1100369 1100370 1100371 1106370 1106369 1106368 1106367 1100367 1100366 1094366 1094365 1082366 1070366 1082367 1070367 1064367 1064368 1064369 1064370 1082368 1070368 1070369 1070370 1070371 1094371 1082371 1094370 1082370 1088368 1094369 1082369
bot 360 362 aiowrq52 979483480 938384 52
owned 360 938384 938385 938386 938387 944387 932387 926387 926386 926385 926384 926383 926382 926381 926380 932380 938380 938381 938382 944382 944383 950383 950384 950385 950386 956385 956384 956383 956382 950382 950381 944381 944380 932381 920381 932382 920382 914382 914383 914384 914385 932383 920383 920384 920385 920386 944386 932386 944385 932385 938383 944384 932384
bot 361 363 bo94our7 631930647 1515176 52
owned 361 1515176 1515177 1515178 1515179 1521179 1509179 1503179 1503178 1503177 1503176 1503175 1503174 1503173 1503172 1509172 1515172 1515173 1515174 1521174 1521175 1527175 1527176 1527177 1527178 1533177 1533176 1533175 1533174 1527174 1527173 1521173 1521172 1509173 1497173 1509174 1497174 1491174 1491175 1491176 1491177 1509175 1497175 1497176 1497177 1497178 1521178 1509178 1521177 1509177 1515175 1521176 1509176
bot 362 364 jxqkb7y6 2000760554 1198433 52
owned 362 1198433 1198434 1198435 1198436 1204436 1192436 1186436 1186435 1186434 1186433 1186432 1186431 1186430 1186429 1192429 1198429 1198430 1198431 1204431 1204432 1210432 1210433 1210434 1210435 1216434 1216433 1216432 1216431 1210431 1210430 1204430 1204429 1192430 1180430 1192431 1180431 1174431 1174432 1174433 1174434 1192432 1180432 1180433 1180434 1180435 1204435 1192435 1204434 1192434 1198432 1204433 1192433
bot 363 365 ikezntfk 2015951718 1653796 52
owned 363 1653796 1653797 1653798 1653799 1659799 1647799 1641799 1641798 1641797 1641796 1641795 1641794 1641793 1641792 1647792 1653792 1653793 1653794 1659794 1659795 1665795 1665796 1665797 1665798 1671797 1671796 1671795 1671794 1665794 1665793 1659793 1659792 1647793 1635793 1647794 1635794 1629794 1629795 1629796 1629797 1647795 1635795 1635796 1635797 1635798 1659798 1647798 1659797 1647797 1653795 1659796 1647796
bot 364 366 j4e63dwu 2126127918 531117 52
owned 364 531117 531118 531119 531120 537120 525120 519120 519119 519118 519117 519116 519115 519114 519113 525113 531113 531114 531115 537115 537116 543116 543117 543118 543119 549118 549117 549116 549115 543115 543114 537114 537113 525114 513114 525115 513115 507115 507116 507117 507118 525116 513116 513117 513118 513119 537119 525119 537118 525118 531116 537117 525117
bot 365 367 t0b9mavx 1703527259 1837141 52
owned 365 1837141 1837142 1837143 1837144 1843144 1831144 1825144 1825143 1825142 1825141 1825140 1825139 1825138 1825137 1831137 1837137 1837138 1837139 1843139 1843140 1849140 1849141 1849142 1849143 1855142 1855141 1855140 1855139 1849139 1849138 1843138 1843137 1831138 1819138 1831139 1819139 1813139 1813140 1813141 1813142 1831140 1819140 1819141 1819142 1819143 1843143 1831143 1843142 1831142 1837140 1843141 1831141
bot 366 368 bu0hz5bz 1452611938 878753 52
owned 366 878753 878754 878755 878756 884756 872756 866756 866755 866754 866753 866752 866751 866750 866749 872749 878749 878750 878751 884751 884752 890752 890753 890754 890755 896754 896753 896752 896751 890751 890750 884750 884749 872750 860750 872751 860751 854751 854752 854753 854754 872752 860752 860753 860754 860755 884755 872755 884754 872754 878752 884753 872753
bot 367 369 368l6a1p 1297490021 288122 52
owned 367 288122 288123 288124 288125 294125 282125 276125 276124 276123 276122 276121 276120 276119 276118 282118 288118 288119 288120 294120 294121 300121 300122 300123 300124 306123 306122 306121 306120 300120 300119 294119 294118 282119 270119 282120 270120 264120 264121 264122 264123 282121 270121 270122 270123 270124 294124 282124 294123 282123 288121 294122 282122
bot 368 370 6cr9h8xa 833789937 1830211 52
owned 368 1830211 1830212 1830213 1830214 1836214 1824214 1818214 1818213 1818212 1818211 1818210 1818209 1818208 1818207 1824207 1830207 1830208 1830209 1836209 1836210 1842210 1842211 1842212 1842213 1848212 1848211 1848210 1848209 1842209 1842208 1836208 1836207 1824208 1812208 1824209 1812209 1806209 1806210 1806211 1806212 1824210 1812210 1812211 1812212 1812213 1836213 1824213 1836212 1824212 1830210 1836211 1824211
bot 369 371 8y4zfq0g 654669581 1567858 52
owned 369 1567858 1567859 1567860 1567861 1573861 1561861 1555861 1555860 1555859 1555858 1555857 1555856 1555855 1555854 1561854 1567854 1567855 1567856 1573856 1573857 1579857 1579858 1579859 1579860 1585859 1585858 1585857 1585856 1579856 1579855 1573855 1573854 1561855 1549855 1561856 1549856 1543856 1543857 1543858 1543859 1561857 1549857 1549858 1549859 1549860 1573860 1561860 1573859 1561859 1567857 1573858 1561858
bot 370 372 tz0sezi7 1830872408 998689 52
owned 370 998689 998690 998691 998692 1004692 992692 986692 986691 986690 986689 986688 986687 986686 986685 992685 998685 998686 998687 1004687 1004688 1010688 1010689 1010690 1010691 1016690 1016689 1016688 1016687 1010687 1010686 1004686 1004685 992686 980686 992687 980687 974687 974688 974689 974690 992688 980688 980689 980690 980691 1004691 992691 1004690 992690 998688 1004689 992689
bot 371 373 dazr70tn -2096114292 1348277 52
owned 371 1348277 1348278 1348279 1348280 1354280 1342280 1336280 1336279 1336278 1336277 1336276 1336275 1336274 1336273 1342273 1348273 1348274 1348275 1354275 1354276 1360276 1360277 1360278 1360279 1366278 1366277 1366276 1366275 1360275 1360274 1354274 1354273 1342274 1330274 1342275 1330275 1324275 1324276 1324277 1324278 1342276 1330276 1330277 1330278 1330279 1354279 1342279 1354278 1342278 1348276 1354277 1342277
bot 372 374 tx1pjsyg 1161571582 665448 52
owned 372 665448 665449 665450 665451 671451 659451 653451 653450 653449 653448 653447 653446 653445 653444 659444 665444 665445 665446 671446 671447 677447 677448 677449 677450 683449 683448 683447 683446 677446 677445 671445 671444 659445 647445 659446 647446 641446 641447 641448 641449 659447 647447 647448 647449 647450 671450 659450 671449 659449 665447 671448 659448
bot 373 375 ndjtlp8r 360050114 1399910 52
owned 373 1399910 1399911 1399912 1399913 1405913 1393913 1387913 1387912 1387911 1387910 1387909 1387908 1387907 1387906 1393906 1399906 1399907 1399908 1405908 1405909 1411909 1411910 1411911 1411912 1417911 1417910 1417909 1417908 1411908 1411907 1405907 1405906 1393907 1381907 1393908 1381908 1375908 1375909 1375910 1375911 1393909 1381909 1381910 1381911 1381912 1405912 1393912 1405911 1393911 1399909 1405910 1393910
bot 374 376 bsklet6g 1369852118 1266782 52
owned 374 1266782 1266783 1266784 1266785 1272785 1260785 1254785 1254784 1254783 1254782 1254781 1254780 1254779 1254778 1260778 1266778 1266779 1266780 1272780 1272781 1278781 1278782 1278783 1278784 1284783 1284782 1284781 1284780 1278780 1278779 1272779 1272778 1260779 1248779 1260780 1248780 1242780 1242781 1242782 1242783 1260781 1248781 1248782 1248783 1248784 1272784 1260784 1272783 1260783 1266781 1272782 1260782
bot 375 377 hsozrzu4 1376829607 1497369 52
owned 375 1497369 1497370 1497371 1497372 1503372 1491372 1485372 1485371 1485370 1485369 1485368 1485367 1485366 1485365 1491365 1497365 1497366 1497367 1503367 1503368 1509368 1509369 1509370 1509371 1515370 1515369 1515368 1515367 1509367 1509366 1503366 1503365 1491366 1479366 1491367 1479367 1473367 1473368 1473369 1473370 1491368 1479368 1479369 1479370 1479371 1503371 1491371 1503370 1491370 1497368 1503369 1491369
bot 376 378 otmybkm3 1233228612 1339872 52
owned 376 1339872 1339873 1339874 1339875 1345875 1333875 1327875 1327874 1327873 1327872 1327871 1327870 1327869 1327868 1333868 1339868 1339869 1339870 1345870 1345871 1351871 1351872 1351873 1351874 1357873 1357872 1357871 1357870 1351870 1351869 1345869 1345868 1333869 1321869 1333870 1321870 1315870 1315871 1315872 1315873 1333871 1321871 1321872 1321873 1321874 1345874 1333874 1345873 1333873 1339871 1345872 1333872
bot 377 379 yfm1nyqy 591266464 2243948 52
owned 377 2243948 2243949 2243950 2243951 2249951 2237951 2231951 2231950 2231949 2231948 2231947 2231946 2231945 2231944 2237944 2243944 2243945 2243946 2249946 2249947 2255947 2255948 2255949 2255950 2261949 2261948 2261947 2261946 2255946 2255945 2249945 2249944 2237945 2225945 2237946 2225946 2219946 2219947 2219948 2219949 2237947 2225947 2225948 2225949 2225950 2249950 2237950 2249949 2237949 2243947 2249948 2237948
bot 378 380 kr6ytu3l 1777848072 885044 52
owned 378 885044 885045 885046 885047 891047 879047 873047 873046 873045 873044 873043 873042 873041 873040 879040 885040 885041 885042 891042 891043 897043 897044 897045 897046 903045 903044 903043 903042 897042 897041 891041 891040 879041 867041 879042 867042 861042 861043 861044 861045 879043 867043 867044 867045 867046 891046 879046 891045 879045 885043 891044 879044
bot 379 381 3pagyfng -1957793541 1778416 52
owned 379 1778416 1778417 1778418 1778419 1784419 1772419 1766419 1766418 1766417 1766416 1766415 1766414 1766413 1766412 1772412 1778412 1778413 1778414 1784414 1784415 1790415 1790416 1790417 1790418 1796417 1796416 1796415 1796414 1790414 1790413 1784413 1784412 1772413 1760413 1772414 1760414 1754414 1754415 1754416 1754417 1772415 1760415 1760416 1760417 1760418 1784418 1772418 1784417 1772417 1778415 1784416 1772416
bot 380 382 w1mobjvk 928394557 1373967 52
owned 380 1373967 1373968 1373969 1373970 1379970 1367970 1361970 1361969 1361968 1361967 1361966 1361965 1361964 1361963 1367963 1373963 1373964 1373965 1379965 1379966 1385966 1385967 1385968 1385969 1391968 1391967 1391966 1391965 1385965 1385964 1379964 1379963 1367964 1355964 1367965 1355965 1349965 1349966 1349967 1349968 1367966 1355966 1355967 1355968 1355969 1379969 1367969 1379968 1367968 1373966 1379967 1367967
bot 381 383 xm7i5x3m 1912476288 1023250 52
owned 381 1023250 1023251 1023252 1023253 1029253 1017253 1011253 1011252 1011251 1011250 1011249 1011248 1011247 1011246 1017246 1023246 1023247 1023248 1029248 1029249 1035249 1035250 1035251 1035252 1041251 1041250 1041249 1041248 1035248 1035247 1029247 1029246 1017247 1005247 1017248 1005248 999248 999249 999250 999251 1017249 1005249 1005250 1005251 1005252 1029252 1017252 1029251 1017251 1023249 1029250 1017250
bot 382 384 8u02tf2g 1219018602 1308896 52
owned 382 1308896 1308897 1308898 1308899 1314899 1302899 1296899 1296898 1296897 1296896 1296895 1296894 1296893 1296892 1302892 1308892 1308893 1308894 1314894 1314895 1320895 1320896 1320897 1320898 1326897 1326896 1326895 1326894 1320894 1320893 1314893 1314892 1302893 1290893 1302894 1290894 1284894 1284895 1284896 1284897 1302895 1290895 1290896 1290897 1290898 1314898 1302898 1314897 1302897 1308895 1314896 1302896
bot 383 385 lp6sri88 1740038908 1888943 52
owned 383 1888943 1888944 1888945 1888946 1894946 1882946 1876946 1876945 1876944 1876943 1876942 1876941 1876940 1876939 1882939 1888939 1888940 1888941 1894941 1894942 1900942 1900943 1900944 1900945 1906944 1906943 1906942 1906941 1900941 1900940 1894940 1894939 1882940 1870940 1882941 1870941 1864941 1864942 1864943 1864944 1882942 1870942 1870943 1870944 1870945 1894945 1882945 1894944 1882944 1888942 1894943 1882943
bot 384 386 sb1tap3p 1371937666 1224805 52
owned 384 1224805 1224806 1224807 1224808 1230808 1218808 1212808 1212807 1212806 1212805 1212804 1212803 1212802 1212801 1218801 1224801 1224802 1224803 1230803 1230804 1236804 1236805 1236806 1236807 1242806 1242805 1242804 1242803 1236803 1236802 1230802 1230801 1218802 1206802 1218803 1206803 1200803 1200804 1200805 1200806 1218804 1206804 1206805 1206806 1206807 1230807 1218807 1230806 1218806 1224804 1230805 1218805
bot 385 387 mv01333k 463202082 1789788 52
owned 385 1789788 1789789 1789790 1789791 1795791 1783791 1777791 1777790 1777789 1777788 1777787 1777786 1777785 1777784 1783784 1789784 1789785 1789786 1795786 1795787 1801787 1801788 1801789 1801790 1807789 1807788 1807787 1807786 1801786 1801785 1795785 1795784 1783785 1771785 1783786 1771786 1765786 1765787 1765788 1765789 1783787 1771787 1771788 1771789 1771790 1795790 1783790 1795789 1783789 1789787 1795788 1783788
bot 386 388 g9mp2ife 1617787215 30280 52
owned 386 30280 30281 30282 30283 36283 24283 18283 18282 18281 18280 18279 18278 18277 18276 24276 30276 30277 30278 36278 36279 42279 42280 42281 42282 48281 48280 48279 48278 42278 42277 36277 36276 24277 12277 24278 12278 6278 6279 6280 6281 24279 12279 12280 12281 12282 36282 24282 36281 24281 30279 36280 24280
bot 387 389 jtq0seut 1309745130 675678 52
owned 387 675678 675679 675680 675681 681681 669681 663681 663680 663679 663678 663677 663676 663675 663674 669674 675674 675675 675676 681676 681677 687677 687678 687679 687680 693679 693678 693677 693676 687676 687675 681675 681674 669675 657675 669676 657676 651676 651677 651678 651679 669677 657677 657678 657679 657680 681680 669680 681679 669679 675677 681678 669678
bot 388 390 525mh9ql 1149585125 96311 52
owned 388 96311 96312 96313 96314 102314 90314 84314 84313 84312 84311 84310 84309 84308 84307 90307 96307 96308 96309 102309 102310 108310 108311 108312 108313 114312 114311 114310 114309 108309 108308 102308 102307 90308 78308 90309 78309 72309 72310 72311 72312 90310 78310 78311 78312 78313 102313 90313 102312 90312 96310 102311 90311
bot 389 391 fvbpmsvz -2135026292 1017584 52
owned 389 1017584 1017585 1017586 1017587 1023587 1011587 1005587 1005586 1005585 1005584 1005583 1005582 1005581 1005580 1011580 1017580 1017581 1017582 1023582 1023583 1029583 1029584 1029585 1029586 1035585 1035584 1035583 1035582 1029582 1029581 1023581 1023580 1011581 999581 1011582 999582 993582 993583 993584 993585 1011583 999583 999584 999585 999586 1023586 1011586 1023585 1011585 1017583 1023584 1011584
bot 390 392 xwn3ivem 345390557 1995323 52
owned 390 1995323 1995324 1995325 1995326 2001326 1989326 1983326 1983325 1983324 1983323 1983322 1983321 1983320 1983319 1989319 1995319 1995320 1995321 2001321 2001322 2007322 2007323 2007324 2007325 2013324 2013323 2013322 2013321 2007321 2007320 2001320 2001319 1989320 1977320 1989321 1977321 1971321 1971322 1971323 1971324 1989322 1977322 1977323 1977324 1977325 2001325 1989325 2001324 1989324 1995322 2001323 1989323
bot 391 393 fqbyj4jd 2025551274 609833 52
owned 391 609833 609834 609835 609836 615836 603836 597836 597835 597834 597833 597832 597831 597830 597829 603829 609829 609830 609831 615831 615832 621832 621833 621834 621835 627834 627833 627832 627831 621831 621830 615830 615829 603830 591830 603831 591831 585831 585832 585833 585834 603832 591832 591833 591834 591835 615835 603835 615834 603834 609832 615833 603833
bot 392 394 xfiw8ywg -1939072783 943494 52
owned 392 943494 943495 943496 943497 949497 937497 931497 931496 931495 931494 931493 931492 931491 931490 937490 943490 943491 943492 949492 949493 955493 955494 955495 955496 961495 961494 961493 961492 955492 955491 949491 949490 937491 925491 937492 925492 919492 919493 919494 919495 937493 925493 925494 925495 925496 949496 937496 949495 937495 943493 949494 937494
bot 393 395 iw3dqxmq 2117070266 1357790 52
owned 393 1357790 1357791 1357792 1357793 1363793 1351793 1345793 1345792 1345791 1345790 1345789 1345788 1345787 1345786 1351786 1357786 1357787 1357788 1363788 1363789 1369789 1369790 1369791 1369792 1375791 1375790 1375789 1375788 1369788 1369787 1363787 1363786 1351787 1339787 1351788 1339788 1333788 1333789 1333790 1333791 1351789 1339789 1339790 1339791 1339792 1363792 1351792 1363791 1351791 1357789 1363790 1351790
bot 394 396 yc0ao6et 660894387 612815 52
owned 394 612815 612816 612817 612818 618818 606818 600818 600817 600816 600815 600814 600813 600812 600811 606811 612811 612812 612813 618813 618814 624814 624815 624816 624817 630816 630815 630814 630813 624813 624812 618812 618811 606812 594812 606813 594813 588813 588814 588815 588816 606814 594814 594815 594816 594817 618817 606817 618816 606816 612814 618815 606815
bot 395 397 ixj6ihi7 748783564 1470910 52
owned 395 1470910 1470911 1470912 1470913 1476913 1464913 1458913 1458912 1458911 1458910 1458909 1458908 1458907 1458906 1464906 1470906 1470907 1470908 1476908 1476909 1482909 1482910 1482911 1482912 1488911 1488910 1488909 1488908 1482908 1482907 1476907 1476906 1464907 1452907 1464908 1452908 1446908 1446909 1446910 1446911 1464909 1452909 1452910 1452911 1452912 1476912 1464912 1476911 1464911 1470909 1476910 1464910
bot 396 398 9l5wwvr3 970244207 781456 52
owned 396 781456 781457 781458 781459 787459 775459 769459 769458 769457 769456 769455 769454 769453 769452 775452 781452 781453 781454 787454 787455 793455 793456 793457 793458 799457 799456 799455 799454 793454 793453 787453 787452 775453 763453 775454 763454 757454 757455 757456 757457 775455 763455 763456 763457 763458 787458 775458 787457 775457 781455 787456 775456
bot 397 399 2w6i33lv 1347683494 886374 52
owned 397 886374 886375 886376 886377 892377 880377 874377 874376 874375 874374 874373 874372 874371 874370 880370 886370 886371 886372 892372 892373 898373 898374 898375 898376 904375 904374 904373 904372 898372 898371 892371 892370 880371 868371 880372 868372 862372 862373 862374 862375 880373 868373 868374 868375 868376 892376 880376 892375 880375 886373 892374 880374
bot 398 400 sba949vb 2051192204 1737766 52
owned 398 1737766 1737767 1737768 1737769 1743769 1731769 1725769 1725768 1725767 1725766 1725765 1725764 1725763 1725762 1731762 1737762 1737763 1737764 1743764 1743765 1749765 1749766 1749767 1749768 1755767 1755766 1755765 1755764 1749764 1749763 1743763 1743762 1731763 1719763 1731764 1719764 1713764 1713765 1713766 1713767 1731765 1719765 1719766 1719767 1719768 1743768 1731768 1743767 1731767 1737765 1743766 1731766
bot 399 401 ijcmefns 1058902645 1615484 52
owned 399 1615484 1615485 1615486 1615487 1621487 1609487 1603487 1603486 1603485 1603484 1603483 1603482 1603481 1603480 1609480 1615480 1615481 1615482 1621482 1621483 1627483 1627484 1627485 1627486 1633485 1633484 1633483 1633482 1627482 1627481 1621481 1621480 1609481 1597481 1609482 1597482 1591482 1591483 1591484 1591485 1609483 1597483 1597484 1597485 1597486 1621486 1609486 1621485 1609485 1615483 1621484 1609484
bot 400 402 isnsszoo 777399290 585312 52
owned 400 585312 585313 585314 585315 591315 579315 573315 573314 573313 573312 573311 573310 573309 573308 579308 585308 585309 585310 591310 591311 597311 597312 597313 597314 603313 603312 603311 603310 597310 597309 591309 591308 579309 567309 579310 567310 561310 561311 561312 561313 579311 567311 567312 567313 567314 591314 579314 591313 579313 585311 591312 579312
bot 401 403 9z76va23 1432917080 325667 52
owned 401 325667 325668 325669 325670 331670 319670 313670 313669 313668 313667 313666 313665 313664 313663 319663 325663 325664 325665 331665 331666 337666 337667 337668 337669 343668 343667 343666 343665 337665 337664 331664 331663 319664 307664 319665 307665 301665 301666 301667 301668 319666 307666 307667 307668 307669 331669 319669 331668 319668 325666 331667 319667
bot 402 404 h1wbhdhm 830501593 1491147 52
owned 402 1491147 1491148 1491149 1491150 1497150 1485150 1479150 1479149 1479148 1479147 1479146 1479145 1479144 1479143 1485143 1491143 1491144 1491145 1497145 1497146 1503146 1503147 1503148 1503149 1509148 1509147 1509146 1509145 1503145 1503144 1497144 1497143 1485144 1473144 1485145 1473145 1467145 1467146 1467147 1467148 1485146 1473146 1473147 1473148 1473149 1497149 1485149 1497148 1485148 1491146 1497147 1485147
bot 403 405 tewvulrm 1252676706 2291753 52
owned 403 2291753 2291754 2291755 2291756 2297756 2285756 2279756 2279755 2279754 2279753 2279752 2279751 2279750 2279749 2285749 2291749 2291750 2291751 2297751 2297752 2303752 2303753 2303754 2303755 2309754 2309753 2309752 2309751 2303751 2303750 2297750 2297749 2285750 2273750 2285751 2273751 2267751 2267752 2267753 2267754 2285752 2273752 2273753 2273754 2273755 2297755 2285755 2297754 2285754 2291752 2297753 2285753
bot 404 406 wp3bxzsu 1111756920 1098796 52
owned 404 1098796 1098797 1098798 1098799 1104799 1092799 1086799 1086798 1086797 1086796 1086795 1086794 1086793 1086792 1092792 1098792 1098793 1098794 1104794 1104795 1110795 1110796 1110797 1110798 1116797 1116796 1116795 1116794 1110794 1110793 1104793 1104792 1092793 1080793 1092794 1080794 1074794 1074795 1074796 1074797 1092795 1080795 1080796 1080797 1080798 1104798 1092798 1104797 1092797 1098795 1104796 1092796
bot 405 407 d0g6avrv 1062798904 2306206 52
owned 405 2306206 2306207 2306208 2306209 2312209 2300209 2294209 2294208 2294207 2294206 2294205 2294204 2294203 2294202 2300202 2306202 2306203 2306204 2312204 2312205 2318205 2318206 2318207 2318208 2324207 2324206 2324205 2324204 2318204 2318203 2312203 2312202 2300203 2288203 2300204 2288204 2282204 2282205 2282206 2282207 2300205 2288205 2288206 2288207 2288208 2312208 2300208 2312207 2300207 2306205 2312206 2300206
bot 406 408 hsyivnsn 1106130326 880316 52
owned 406 880316 880317 880318 880319 886319 874319 868319 868318 868317 868316 868315 868314 868313 868312 874312 880312 880313 880314 886314 886315 892315 892316 892317 892318 898317 898316 898315 898314 892314 892313 886313 886312 874313 862313 874314 862314 856314 856315 856316 856317 874315 862315 862316 862317 862318 886318 874318 886317 874317 880315 886316 874316
bot 407 409 ox9ept1k 1256506455 2116916 52
owned 407 2116916 2116917 2116918 2116919 2122919 2110919 2104919 2104918 2104917 2104916 2104915 2104914 2104913 2104912 2110912 2116912 2116913 2116914 2122914 2122915 2128915 2128916 2128917 2128918 2134917 2134916 2134915 2134914 2128914 2128913 2122913 2122912 2110913 2098913 2110914 2098914 2092914 2092915 2092916 2092917 2110915 2098915 2098916 2098917 2098918 2122918 2110918 2122917 2110917 2116915 2122916 2110916
bot 408 410 ny87grni 329820532 1823022 52
owned 408 1823022 1823023 1823024 1823025 1829025 1817025 1811025 1811024 1811023 1811022 1811021 1811020 1811019 1811018 1817018 1823018 1823019 1823020 1829020 1829021 1835021 1835022 1835023 1835024 1841023 1841022 1841021 1841020 1835020 1835019 1829019 1829018 1817019 1805019 1817020 1805020 1799020 1799021 1799022 1799023 1817021 1805021 1805022 1805023 1805024 1829024 1817024 1829023 1817023 1823021 1829022 1817022
bot 409 411 k2th9538 -2123192920 2207714 52
owned 409 2207714 2207715 2207716 2207717 2213717 2201717 2195717 2195716 2195715 2195714 2195713 2195712 2195711 2195710 2201710 2207710 2207711 2207712 2213712 2213713 2219713 2219714 2219715 2219716 2225715 2225714 2225713 2225712 2219712 2219711 2213711 2213710 2201711 2189711 2201712 2189712 2183712 2183713 2183714 2183715 2201713 2189713 2189714 2189715 2189716 2213716 2201716 2213715 2201715 2207713 2213714 2201714
bot 410 412 ysltjm94 1905506244 2352566 52
owned 410 2352566 2352567 2352568 2352569 2358569 2346569 2340569 2340568 2340567 2340566 2340565 2340564 2340563 2340562 2346562 2352562 2352563 2352564 2358564 2358565 2364565 2364566 2364567 2364568 2370567 2370566 2370565 2370564 2364564 2364563 2358563 2358562 2346563 2334563 2346564 2334564 2328564 2328565 2328566 2328567 2346565 2334565 2334566 2334567 2334568 2358568 2346568 2358567 2346567 2352565 2358566 2346566
bot 411 413 u5klj2eh 932943728 1657176 52
owned 411 1657176 1657177 1657178 1657179 1663179 1651179 1645179 1645178 1645177 1645176 1645175 1645174 1645173 1645172 1651172 1657172 1657173 1657174 1663174 1663175 1669175 1669176 1669177 1669178 1675177 1675176 1675175 1675174 1669174 1669173 1663173 1663172 1651173 1639173 1651174 1639174 1633174 1633175 1633176 1633177 1651175 1639175 1639176 1639177 1639178 1663178 1651178 1663177 1651177 1657175 1663176 1651176
bot 412 414 k7ka2ci1 -2001454359 18027 48
owned 412 18027 18028 18029 18030 24030 12030 6030 6029 6028 6027 6026 6025 6024 6023 12023 18023 18024 18025 24025 24026 30026 30027 30028 30029 36028 36027 36026 36025 30025 30024 24024 24023 12024 24 12025 25 12026 26 27 28 29 24029 12029 24028 12028 18026 24027 12027
bot 413 415 qtul4azs 1826927332 789353 52
owned 413 789353 789354 789355 789356 795356 783356 777356 777355 777354 777353 777352 777351 777350 777349 783349 789349 789350 789351 795351 795352 801352 801353 801354 801355 807354 807353 807352 807351 801351 801350 795350 795349 783350 771350 783351 771351 765351 765352 765353 765354 783352 771352 771353 771354 771355 795355 783355 795354 783354 789352 795353 783353
bot 414 416 ll69i57o -1984626499 422099 52
owned 414 422099 422100 422101 422102 428102 416102 410102 410101 410100 410099 410098 410097 410096 410095 416095 422095 422096 422097 428097 428098 434098 434099 434100 434101 440100 440099 440098 440097 434097 434096 428096 428095 416096 404096 416097 404097 398097 398098 398099 398100 416098 404098 404099 404100 404101 428101 416101 428100 416100 422098 428099 416099
bot 415 417 9vuokjnw 1585849123 530823 52
owned 415 530823 530824 530825 530826 536826 524826 518826 518825 518824 518823 518822 518821 518820 518819 524819 530819 530820 530821 536821 536822 542822 542823 542824 542825 548824 548823 548822 548821 542821 542820 536820 536819 524820 512820 524821 512821 506821 506822 506823 506824 524822 512822 512823 512824 512825 536825 524825 536824 524824 530822 536823 524823
bot 416 418 ggb3bab1 1323032453 372084 52
owned 416 372084 372085 372086 372087 378087 366087 360087 360086 360085 360084 360083 360082 360081 360080 366080 372080 372081 372082 378082 378083 384083 384084 384085 384086 390085 390084 390083 390082 384082 384081 378081 378080 366081 354081 366082 354082 348082 348083 348084 348085 366083 354083 354084 354085 354086 378086 366086 378085 366085 372083 378084 366084
bot 417 419 drdo3t90 972603891 617574 52
owned 417 617574 617575 617576 617577 623577 611577 605577 605576 605575 605574 605573 605572 605571 605570 611570 617570 617571 617572 623572 623573 629573 629574 629575 629576 635575 635574 635573 635572 629572 629571 623571 623570 611571 599571 611572 599572 593572 593573 593574 593575 611573 599573 599574 599575 599576 623576 611576 623575 611575 617573 623574 611574
bot 418 420 xieaxa2f 590485614 1549048 52
owned 418 1549048 1549049 1549050 1549051 1555051 1543051 1537051 1537050 1537049 1537048 1537047 1537046 1537045 1537044 1543044 1549044 1549045 1549046 1555046 1555047 1561047 1561048 1561049 1561050 1567049 1567048 1567047 1567046 1561046 1561045 1555045 1555044 1543045 1531045 1543046 1531046 1525046 1525047 1525048 1525049 1543047 1531047 1531048 1531049 1531050 1555050 1543050 1555049 1543049 1549047 1555048 1543048
bot 419 421 kqp7ewus -2042957177 776505 52
owned 419 776505 776506 776507 776508 782508 770508 764508 764507 764506 764505 764504 764503 764502 764501 770501 776501 776502 776503 782503 782504 788504 788505 788506 788507 794506 794505 794504 794503 788503 788502 782502 782501 770502 758502 770503 758503 752503 752504 752505 752506 770504 758504 758505 758506 758507 782507 770507 782506 770506 776504 782505 770505
bot 420 422 3kitma91 -2055917419 268048 52
owned 420 268048 268049 268050 268051 274051 262051 256051 256050 256049 256048 256047 256046 256045 256044 262044 268044 268045 268046 274046 274047 280047 280048 280049 280050 286049 286048 286047 286046 280046 280045 274045 274044 262045 250045 262046 250046 244046 244047 244048 244049 262047 250047 250048 250049 250050 274050 262050 274049 262049 268047 274048 262048
bot 421 423 m7y3u0aw 1998863385 756002 42
owned 421 756002 756003 756004 756005 762005 750005 744005 744004 744003 744002 744001 744000 750000 756000 762000 762001 768001 768002 768003 768004 774003 774002 774001 774000 768000 738000 732000 732001 732002 732003 750001 738001 738002 738003 738004 762004 750004 762003 750003 756001 762002 750002
bot 422 424 epuw8vpi 510564544 1774236 52
owned 422 1774236 1774237 1774238 1774239 1780239 1768239 1762239 1762238 1762237 1762236 1762235 1762234 1762233 1762232 1768232 1774232 1774233 1774234 1780234 1780235 1786235 1786236 1786237 1786238 1792237 1792236 1792235 1792234 1786234 1786233 1780233 1780232 1768233 1756233 1768234 1756234 1750234 1750235 1750236 1750237 1768235 1756235 1756236 1756237 1756238 1780238 1768238 1780237 1768237 1774235 1780236 1768236
bot 423 425 nzx54fm6 1695238112 613574 52
owned 423 613574 613575 613576 613577 619577 607577 601577 601576 601575 601574 601573 601572 601571 601570 607570 613570 613571 613572 619572 619573 625573 625574 625575 625576 631575 631574 631573 631572 625572 625571 619571 619570 607571 595571 607572 595572 589572 589573 589574 589575 607573 595573 595574 595575 595576 619576 607576 619575 607575 613573 619574 607574
bot 424 426 fsk2kd7w 748724631 1469943 52
owned 424 1469943 1469944 1469945 1469946 1475946 1463946 1457946 1457945 1457944 1457943 1457942 1457941 1457940 1457939 1463939 1469939 1469940 1469941 1475941 1475942 1481942 1481943 1481944 1481945 1487944 1487943 1487942 1487941 1481941 1481940 1475940 1475939 1463940 1451940 1463941 1451941 1445941 1445942 1445943 1445944 1463942 1451942 1451943 1451944 1451945 1475945 1463945 1475944 1463944 1469942 1475943 1463943
bot 425 427 p8jddnkm 1306250518 1743009 52
owned 425 1743009 1743010 1743011 1743012 1749012 1737012 1731012 1731011 1731010 1731009 1731008 1731007 1731006 1731005 1737005 1743005 1743006 1743007 1749007 1749008 1755008 1755009 1755010 1755011 1761010 1761009 1761008 1761007 1755007 1755006 1749006 1749005 1737006 1725006 1737007 1725007 1719007 1719008 1719009 1719010 1737008 1725008 1725009 1725010 1725011 1749011 1737011 1749010 1737010 1743008 1749009 1737009
bot 426 428 wvgzie3u 1875191892 1250846 52
owned 426 1250846 1250847 1250848 1250849 1256849 1244849 1238849 1238848 1238847 1238846 1238845 1238844 1238843 1238842 1244842 1250842 1250843 1250844 1256844 1256845 1262845 1262846 1262847 1262848 1268847 1268846 1268845 1268844 1262844 1262843 1256843 1256842 1244843 1232843 1244844 1232844 1226844 1226845 1226846 1226847 1244845 1232845 1232846 1232847 1232848 1256848 1244848 1256847 1244847 1250845 1256846 1244846
bot 427 429 mwh2z96c -2030578588 1162860 52
owned 427 1162860 1162861 1162862 1162863 1168863 1156863 1150863 1150862 1150861 1150860 1150859 1150858 1150857 1150856 1156856 1162856 1162857 1162858 1168858 1168859 1174859 1174860 1174861 1174862 1180861 1180860 1180859 1180858 1174858 1174857 1168857 1168856 1156857 1144857 1156858 1144858 1138858 1138859 1138860 1138861 1156859 1144859 1144860 1144861 1144862 1168862 1156862 1168861 1156861 1162859 1168860 1156860
bot 428 430 l4ku27pt 1546664767 1796485 52
owned 428 1796485 1796486 1796487 1796488 1802488 1790488 1784488 1784487 1784486 1784485 1784484 1784483 1784482 1784481 1790481 1796481 1796482 1796483 1802483 1802484 1808484 1808485 1808486 1808487 1814486 1814485 1814484 1814483 1808483 1808482 1802482 1802481 1790482 1778482 1790483 1778483 1772483 1772484 1772485 1772486 1790484 1778484 1778485 1778486 1778487 1802487 1790487 1802486 1790486 1796484 1802485 1790485
bot 429 431 jpvsmxxx 359931286 1735474 52
owned 429 1735474 1735475 1735476 1735477 1741477 1729477 1723477 1723476 1723475 1723474 1723473 1723472 1723471 1723470 1729470 1735470 1735471 1735472 1741472 1741473 1747473 1747474 1747475 1747476 1753475 1753474 1753473 1753472 1747472 1747471 1741471 1741470 1729471 1717471 1729472 1717472 1711472 1711473 1711474 1711475 1729473 1717473 1717474 1717475 1717476 1741476 1729476 1741475 1729475 1735473 1741474 1729474
bot 430 432 s4xo3abv 1228142782 2231860 52
owned 430 2231860 2231861 2231862 2231863 2237863 2225863 2219863 2219862 2219861 2219860 2219859 2219858 2219857 2219856 2225856 2231856 2231857 2231858 2237858 2237859 2243859 2243860 2243861 2243862 2249861 2249860 2249859 2249858 2243858 2243857 2237857 2237856 2225857 2213857 2225858 2213858 2207858 2207859 2207860 2207861 2225859 2213859 2213860 2213861 2213862 2237862 2225862 2237861 2225861 2231859 2237860 2225860
bot 431 433 zte7u069 914820622 1264517 52
owned 431 1264517 1264518 1264519 1264520 1270520 1258520 1252520 1252519 1252518 1252517 1252516 1252515 1252514 1252513 1258513 1264513 1264514 1264515 1270515 1270516 1276516 1276517 1276518 1276519 1282518 1282517 1282516 1282515 1276515 1276514 1270514 1270513 1258514 1246514 1258515 1246515 1240515 1240516 1240517 1240518 1258516 1246516 1246517 1246518 1246519 1270519 1258519 1270518 1258518 1264516 1270517 1258517
bot 432 434 azlpbpke 1576831913 137507 52
owned 432 137507 137508 137509 137510 143510 131510 125510 125509 125508 125507 125506 125505 125504 125503 131503 137503 137504 137505 143505 143506 149506 149507 149508 149509 155508 155507 155506 155505 149505 149504 143504 143503 131504 119504 131505 119505 113505 113506 113507 113508 131506 119506 119507 119508 119509 143509 131509 143508 131508 137506 143507 131507
bot 433 435 0pmbiw8o 1809282750 1017689 52
owned 433 1017689 1017690 1017691 1017692 1023692 1011692 1005692 1005691 1005690 1005689 1005688 1005687 1005686 1005685 1011685 1017685 1017686 1017687 1023687 1023688 1029688 1029689 1029690 1029691 1035690 1035689 1035688 1035687 1029687 1029686 1023686 1023685 1011686 999686 1011687 999687 993687 993688 993689 993690 1011688 999688 999689 999690 999691 1023691 1011691 1023690 1011690 1017688 1023689 1011689
bot 434 436 rygf4mvr 347903721 1458420 52
owned 434 1458420 1458421 1458422 1458423 1464423 1452423 1446423 1446422 1446421 1446420 1446419 1446418 1446417 1446416 1452416 1458416 1458417 1458418 1464418 1464419 1470419 1470420 1470421 1470422 1476421 1476420 1476419 1476418 1470418 1470417 1464417 1464416 1452417 1440417 1452418 1440418 1434418 1434419 1434420 1434421 1452419 1440419 1440420 1440421 1440422 1464422 1452422 1464421 1452421 1458419 1464420 1452420
bot 435 437 mg9pgnw7 573403340 136620 52
owned 435 136620 136621 136622 136623 142623 130623 124623 124622 124621 124620 124619 124618 124617 124616 130616 136616 136617 136618 142618 142619 148619 148620 148621 148622 154621 154620 154619 154618 148618 148617 142617 142616 130617 118617 130618 118618 112618 112619 112620 112621 130619 118619 118620 118621 118622 142622 130622 142621 130621 136619 142620 130620
bot 436 438 8olnebf1 1961674981 804404 52
owned 436 804404 804405 804406 804407 810407 798407 792407 792406 792405 792404 792403 792402 792401 792400 798400 804400 804401 804402 810402 810403 816403 816404 816405 816406 822405 822404 822403 822402 816402 816401 810401 810400 798401 786401 798402 786402 780402 780403 780404 780405 798403 786403 786404 786405 786406 810406 798406 810405 798405 804403 810404 798404
bot 437 439 rzlsw9x1 1143180206 1911881 52
owned 437 1911881 1911882 1911883 1911884 1917884 1905884 1899884 1899883 1899882 1899881 1899880 1899879 1899878 1899877 1905877 1911877 1911878 1911879 1917879 1917880 1923880 1923881 1923882 1923883 1929882 1929881 1929880 1929879 1923879 1923878 1917878 1917877 1905878 1893878 1905879 1893879 1887879 1887880 1887881 1887882 1905880 1893880 1893881 1893882 1893883 1917883 1905883 1917882 1905882 1911880 1917881 1905881
bot 438 440 o0jhfyxc 1555391079 766604 52
owned 438 766604 766605 766606 766607 772607 760607 754607 754606 754605 754604 754603 754602 754601 754600 760600 766600 766601 766602 772602 772603 778603 778604 778605 778606 784605 784604 784603 784602 778602 778601 772601 772600 760601 748601 760602 748602 742602 742603 742604 742605 760603 748603 748604 748605 748606 772606 760606 772605 760605 766603 772604 760604
bot 439 441 vki91ouc 1491134259 1535367 52
owned 439 1535367 1535368 1535369 1535370 1541370 1529370 1523370 1523369 1523368 1523367 1523366 1523365 1523364 1523363 1529363 1535363 1535364 1535365 1541365 1541366 1547366 1547367 1547368 1547369 1553368 1553367 1553366 1553365 1547365 1547364 1541364 1541363 1529364 1517364 1529365 1517365 1511365 1511366 1511367 1511368 1529366 1517366 1517367 1517368 1517369 1541369 1529369 1541368 1529368 1535366 1541367 1529367
bot 440 442 0onssx3n 966406792 358653 52
owned 440 358653 358654 358655 358656 364656 352656 346656 346655 346654 346653 346652 346651 346650 346649 352649 358649 358650 358651 364651 364652 370652 370653 370654 370655 376654 376653 376652 376651 370651 370650 364650 364649 352650 340650 352651 340651 334651 334652 334653 334654 352652 340652 340653 340654 340655 364655 352655 364654 352654 358652 364653 352653
bot 441 443 ymrho9y4 1966682579 411225 52
owned 441 411225 411226 411227 411228 417228 405228 399228 399227 399226 399225 399224 399223 399222 399221 405221 411221 411222 411223 417223 417224 423224 423225 423226 423227 429226 429225 429224 429223 423223 423222 417222 417221 405222 393222 405223 393223 387223 387224 387225 387226 405224 393224 393225 393226 393227 417227 405227 417226 405226 411224 417225 405225
bot 442 444 4jjh2h8g 1367947243 989304 52
owned 442 989304 989305 989306 989307 995307 983307 977307 977306 977305 977304 977303 977302 977301 977300 983300 989300 989301 989302 995302 995303 1001303 1001304 1001305 1001306 1007305 1007304 1007303 1007302 1001302 1001301 995301 995300 983301 971301 983302 971302 965302 965303 965304 965305 983303 971303 971304 971305 971306 995306 983306 995305 983305 989303 995304 983304
bot 443 445 af8k17d8 934703474 2077584 52
owned 443 2077584 2077585 2077586 2077587 2083587 2071587 2065587 2065586 2065585 2065584 2065583 2065582 2065581 2065580 2071580 2077580 2077581 2077582 2083582 2083583 2089583 2089584 2089585 2089586 2095585 2095584 2095583 2095582 2089582 2089581 2083581 2083580 2071581 2059581 2071582 2059582 2053582 2053583 2053584 2053585 2071583 2059583 2059584 2059585 2059586 2083586 2071586 2083585 2071585 2077583 2083584 2071584
bot 444 446 qt2a41r9 986164378 2370780 52
owned 444 2370780 2370781 2370782 2370783 2376783 2364783 2358783 2358782 2358781 2358780 2358779 2358778 2358777 2358776 2364776 2370776 2370777 2370778 2376778 2376779 2382779 2382780 2382781 2382782 2388781 2388780 2388779 2388778 2382778 2382777 2376777 2376776 2364777 2352777 2364778 2352778 2346778 2346779 2346780 2346781 2364779 2352779 2352780 2352781 2352782 2376782 2364782 2376781 2364781 2370779 2376780 2364780
bot 445 447 dmqr8rk9 740056882 430828 52
owned 445 430828 430829 430830 430831 436831 424831 418831 418830 418829 418828 418827 418826 418825 418824 424824 430824 430825 430826 436826 436827 442827 442828 442829 442830 448829 448828 448827 448826 442826 442825 436825 436824 424825 412825 424826 412826 406826 406827 406828 406829 424827 412827 412828 412829 412830 436830 424830 436829 424829 430827 436828 424828
bot 446 448 gdvex2np 1375276236 1329751 52
owned 446 1329751 1329752 1329753 1329754 1335754 1323754 1317754 1317753 1317752 1317751 1317750 1317749 1317748 1317747 1323747 1329747 1329748 1329749 1335749 1335750 1341750 1341751 1341752 1341753 1347752 1347751 1347750 1347749 1341749 1341748 1335748 1335747 1323748 1311748 1323749 1311749 1305749 1305750 1305751 1305752 1323750 1311750 1311751 1311752 1311753 1335753 1323753 1335752 1323752 1329750 1335751 1323751
bot 447 449 z6dhj6lz 1740470430 920421 52
owned 447 920421 920422 920423 920424 926424 914424 908424 908423 908422 908421 908420 908419 908418 908417 914417 920417 920418 920419 926419 926420 932420 932421 932422 932423 938422 938421 938420 938419 932419 932418 926418 926417 914418 902418 914419 902419 896419 896420 896421 896422 914420 902420 902421 902422 902423 926423 914423 926422 914422 920420 926421 914421
bot 448 450 ztlqrwwc 1168769812 282287 52
owned 448 282287 282288 282289 282290 288290 276290 270290 270289 270288 270287 270286 270285 270284 270283 276283 282283 282284 282285 288285 288286 294286 294287 294288 294289 300288 300287 300286 300285 294285 294284 288284 288283 276284 264284 276285 264285 258285 258286 258287 258288 276286 264286 264287 264288 264289 288289 276289 288288 276288 282286 288287 276287
bot 449 451 qk845cyd 1718860403 583044 52
owned 449 583044 583045 583046 583047 589047 577047 571047 571046 571045 571044 571043 571042 571041 571040 577040 583040 583041 583042 589042 589043 595043 595044 595045 595046 601045 601044 601043 601042 595042 595041 589041 589040 577041 565041 577042 565042 559042 559043 559044 559045 577043 565043 565044 565045 565046 589046 577046 589045 577045 583043 589044 577044
bot 450 452 g5ubwqld -2134424457 1370788 52
owned 450 1370788 1370789 1370790 1370791 1376791 1364791 1358791 1358790 1358789 1358788 1358787 1358786 1358785 1358784 1364784 1370784 1370785 1370786 1376786 1376787 1382787 1382788 1382789 1382790 1388789 1388788 1388787 1388786 1382786 1382785 1376785 1376784 1364785 1352785 1364786 1352786 1346786 1346787 1346788 1346789 1364787 1352787 1352788 1352789 1352790 1376790 1364790 1376789 1364789 1370787 1376788 1364788
bot 451 453 voc18itg -1968564465 442711 52
owned 451 442711 442712 442713 442714 448714 436714 430714 430713 430712 430711 430710 430709 430708 430707 436707 442707 442708 442709 448709 448710 454710 454711 454712 454713 460712 460711 460710 460709 454709 454708 448708 448707 436708 424708 436709 424709 418709 418710 418711 418712 436710 424710 424711 424712 424713 448713 436713 448712 436712 442710 448711 436711
bot 452 454 3noal342 1024097718 1539120 52
owned 452 1539120 1539121 1539122 1539123 1545123 1533123 1527123 1527122 1527121 1527120 1527119 1527118 1527117 1527116 1533116 1539116 1539117 1539118 1545118 1545119 1551119 1551120 1551121 1551122 1557121 1557120 1557119 1557118 1551118 1551117 1545117 1545116 1533117 1521117 1533118 1521118 1515118 1515119 1515120 1515121 1533119 1521119 1521120 1521121 1521122 1545122 1533122 1545121 1533121 1539119 1545120 1533120
bot 453 455 r8slsgxy 1850106064 2370694 52
owned 453 2370694 2370695 2370696 2370697 2376697 2364697 2358697 2358696 2358695 2358694 2358693 2358692 2358691 2358690 2364690 2370690 2370691 2370692 2376692 2376693 2382693 2382694 2382695 2382696 2388695 2388694 2388693 2388692 2382692 2382691 2376691 2376690 2364691 2352691 2364692 2352692 2346692 2346693 2346694 2346695 2364693 2352693 2352694 2352695 2352696 2376696 2364696 2376695 2364695 2370693 2376694 2364694
bot 454 456 kwh9u6xu 1448727209 884088 52
owned 454 884088 884089 884090 884091 890091 878091 872091 872090 872089 872088 872087 872086 872085 872084 878084 884084 884085 884086 890086 890087 896087 896088 896089 896090 902089 902088 902087 902086 896086 896085 890085 890084 878085 866085 878086 866086 860086 860087 860088 860089 878087 866087 866088 866089 866090 890090 878090 890089 878089 884087 890088 878088
bot 455 457 8k335xf9 1018869389 1334376 52
owned 455 1334376 1334377 1334378 1334379 1340379 1328379 1322379 1322378 1322377 1322376 1322375 1322374 1322373 1322372 1328372 1334372 1334373 1334374 1340374 1340375 1346375 1346376 1346377 1346378 1352377 1352376 1352375 1352374 1346374 1346373 1340373 1340372 1328373 1316373 1328374 1316374 1310374 1310375 1310376 1310377 1328375 1316375 1316376 1316377 1316378 1340378 1328378 1340377 1328377 1334375 1340376 1328376
bot 456 458 r8oeocye 1971210312 1214402 52
owned 456 1214402 1214403 1214404 1214405 1220405 1208405 1202405 1202404 1202403 1202402 1202401 1202400 1202399 1202398 1208398 1214398 1214399 1214400 1220400 1220401 1226401 1226402 1226403 1226404 1232403 1232402 1232401 1232400 1226400 1226399 1220399 1220398 1208399 1196399 1208400 1196400 1190400 1190401 1190402 1190403 1208401 1196401 1196402 1196403 1196404 1220404 1208404 1220403 1208403 1214401 1220402 1208402
bot 457 459 aux9eznz 1727136058 1815950 52
owned 457 1815950 1815951 1815952 1815953 1821953 1809953 1803953 1803952 1803951 1803950 1803949 1803948 1803947 1803946 1809946 1815946 1815947 1815948 1821948 1821949 1827949 1827950 1827951 1827952 1833951 1833950 1833949 1833948 1827948 1827947 1821947 1821946 1809947 1797947 1809948 1797948 1791948 1791949 1791950 1791951 1809949 1797949 1797950 1797951 1797952 1821952 1809952 1821951 1809951 1815949 1821950 1809950
bot 458 460 tl8i4sqm 1152690240 928540 52
owned 458 928540 928541 928542 928543 934543 922543 916543 916542 916541 916540 916539 916538 916537 916536 922536 928536 928537 928538 934538 934539 940539 940540 940541 940542 946541 946540 946539 946538 940538 940537 934537 934536 922537 910537 922538 910538 904538 904539 904540 904541 922539 910539 910540 910541 910542 934542 922542 934541 922541 928539 934540 922540
bot 459 461 5tvnmw0x 1457310797 2128958 52
owned 459 2128958 2128959 2128960 2128961 2134961 2122961 2116961 2116960 2116959 2116958 2116957 2116956 2116955 2116954 2122954 2128954 2128955 2128956 2134956 2134957 2140957 2140958 2140959 2140960 2146959 2146958 2146957 2146956 2140956 2140955 2134955 2134954 2122955 2110955 2122956 2110956 2104956 2104957 2104958 2104959 2122957 2110957 2110958 2110959 2110960 2134960 2122960 2134959 2122959 2128957 2134958 2122958
bot 460 462 iaxyjwg2 -2021203755 1082311 52
owned 460 1082311 1082312 1082313 1082314 1088314 1076314 1070314 1070313 1070312 1070311 1070310 1070309 1070308 1070307 1076307 1082307 1082308 1082309 1088309 1088310 1094310 1094311 1094312 1094313 1100312 1100311 1100310 1100309 1094309 1094308 1088308 1088307 1076308 1064308 1076309 1064309 1058309 1058310 1058311 1058312 1076310 1064310 1064311 1064312 1064313 1088313 1076313 1088312 1076312 1082310 1088311 1076311
bot 461 463 vsouyzqb 1989752153 1735121 52
owned 461 1735121 1735122 1735123 1735124 1741124 1729124 1723124 1723123 1723122 1723121 1723120 1723119 1723118 1723117 1729117 1735117 1735118 1735119 1741119 1741120 1747120 1747121 1747122 1747123 1753122 1753121 1753120 1753119 1747119 1747118 1741118 1741117 1729118 1717118 1729119 1717119 1711119 1711120 1711121 1711122 1729120 1717120 1717121 1717122 1717123 1741123 1729123 1741122 1729122 1735120 1741121 1729121
bot 462 464 qo2yiqyt 867418476 540173 52
owned 462 540173 540174 540175 540176 546176 534176 528176 528175 528174 528173 528172 528171 528170 528169 534169 540169 540170 540171 546171 546172 552172 552173 552174 552175 558174 558173 558172 558171 552171 552170 546170 546169 534170 522170 534171 522171 516171 516172 516173 516174 534172 522172 522173 522174 522175 546175 534175 546174 534174 540172 546173 534173
bot 463 465 4b0bsp77 1542129959 1129408 52
owned 463 1129408 1129409 1129410 1129411 1135411 1123411 1117411 1117410 1117409 1117408 1117407 1117406 1117405 1117404 1123404 1129404 1129405 1129406 1135406 1135407 1141407 1141408 1141409 1141410 1147409 1147408 1147407 1147406 1141406 1141405 1135405 1135404 1123405 1111405 1123406 1111406 1105406 1105407 1105408 1105409 1123407 1111407 1111408 1111409 1111410 1135410 1123410 1135409 1123409 1129407 1135408 1123408
bot 464 466 zt5za47g 844577314 438059 52
owned 464 438059 438060 438061 438062 444062 432062 426062 426061 426060 426059 426058 426057 426056 426055 432055 438055 438056 438057 444057 444058 450058 450059 450060 450061 456060 456059 456058 456057 450057 450056 444056 444055 432056 420056 432057 420057 414057 414058 414059 414060 432058 420058 420059 420060 420061 444061 432061 444060 432060 438058 444059 432059
bot 465 467 ialnkrtf 1920080439 1549917 52
owned 465 1549917 1549918 1549919 1549920 1555920 1543920 1537920 1537919 1537918 1537917 1537916 1537915 1537914 1537913 1543913 1549913 1549914 1549915 1555915 1555916 1561916 1561917 1561918 1561919 1567918 1567917 1567916 1567915 1561915 1561914 1555914 1555913 1543914 1531914 1543915 1531915 1525915 1525916 1525917 1525918 1543916 1531916 1531917 1531918 1531919 1555919 1543919 1555918 1543918 1549916 1555917 1543917
bot 466 468 euhp0q2h 746902101 1859857 52
owned 466 1859857 1859858 1859859 1859860 1865860 1853860 1847860 1847859 1847858 1847857 1847856 1847855 1847854 1847853 1853853 1859853 1859854 1859855 1865855 1865856 1871856 1871857 1871858 1871859 1877858 1877857 1877856 1877855 1871855 1871854 1865854 1865853 1853854 1841854 1853855 1841855 1835855 1835856 1835857 1835858 1853856 1841856 1841857 1841858 1841859 1865859 1853859 1865858 1853858 1859856 1865857 1853857
bot 467 469 hxtuit3a 1096026234 1084392 52
owned 467 1084392 1084393 1084394 1084395 1090395 1078395 1072395 1072394 1072393 1072392 1072391 1072390 1072389 1072388 1078388 1084388 1084389 1084390 1090390 1090391 1096391 1096392 1096393 1096394 1102393 1102392 1102391 1102390 1096390 1096389 1090389 1090388 1078389 1066389 1078390 1066390 1060390 1060391 1060392 1060393 1078391 1066391 1066392 1066393 1066394 1090394 1078394 1090393 1078393 1084391 1090392 1078392
bot 468 470 cfqynmub 349093211 1697842 52
owned 468 1697842 1697843 1697844 1697845 1703845 1691845 1685845 1685844 1685843 1685842 1685841 1685840 1685839 1685838 1691838 1697838 1697839 1697840 1703840 1703841 1709841 1709842 1709843 1709844 1715843 1715842 1715841 1715840 1709840 1709839 1703839 1703838 1691839 1679839 1691840 1679840 1673840 1673841 1673842 1673843 1691841 1679841 1679842 1679843 1679844 1703844 1691844 1703843 1691843 1697841 1703842 1691842
bot 469 471 kp4qpq36 508411518 372255 52
owned 469 372255 372256 372257 372258 378258 366258 360258 360257 360256 360255 360254 360253 360252 360251 366251 372251 372252 372253 378253 378254 384254 384255 384256 384257 390256 390255 390254 390253 384253 384252 378252 378251 366252 354252 366253 354253 348253 348254 348255 348256 366254 354254 354255 354256 354257 378257 366257 378256 366256 372254 378255 366255
bot 470 472 m4sv56ts 1221929626 1629738 52
owned 470 1629738 1629739 1629740 1629741 1635741 1623741 1617741 1617740 1617739 1617738 1617737 1617736 1617735 1617734 1623734 1629734 1629735 1629736 1635736 1635737 1641737 1641738 1641739 1641740 1647739 1647738 1647737 1647736 1641736 1641735 1635735 1635734 1623735 1611735 1623736 1611736 1605736 1605737 1605738 1605739 1623737 1611737 1611738 1611739 1611740 1635740 1623740 1635739 1623739 1629737 1635738 1623738
bot 471 473 90lwnghk 1106536998 835986 52
owned 471 835986 835987 835988 835989 841989 829989 823989 823988 823987 823986 823985 823984 823983 823982 829982 835982 835983 835984 841984 841985 847985 847986 847987 847988 853987 853986 853985 853984 847984 847983 841983 841982 829983 817983 829984 817984 811984 811985 811986 811987 829985 817985 817986 817987 817988 841988 829988 841987 829987 835985 841986 829986
bot 472 474 6s4qrb66 425992942 1759158 52
owned 472 1759158 1759159 1759160 1759161 1765161 1753161 1747161 1747160 1747159 1747158 1747157 1747156 1747155 1747154 1753154 1759154 1759155 1759156 1765156 1765157 1771157 1771158 1771159 1771160 1777159 1777158 1777157 1777156 1771156 1771155 1765155 1765154 1753155 1741155 1753156 1741156 1735156 1735157 1735158 1735159 1753157 1741157 1741158 1741159 1741160 1765160 1753160 1765159 1753159 1759157 1765158 1753158
bot 473 475 zm2durya 1873766734 1383776 52
owned 473 1383776 1383777 1383778 1383779 1389779 1377779 1371779 1371778 1371777 1371776 1371775 1371774 1371773 1371772 1377772 1383772 1383773 1383774 1389774 1389775 1395775 1395776 1395777 1395778 1401777 1401776 1401775 1401774 1395774 1395773 1389773 1389772 1377773 1365773 1377774 1365774 1359774 1359775 1359776 1359777 1377775 1365775 1365776 1365777 1365778 1389778 1377778 1389777 1377777 1383775 1389776 1377776
bot 474 476 r78jt2dp 312851525 1195502 52
owned 474 1195502 1195503 1195504 1195505 1201505 1189505 1183505 1183504 1183503 1183502 1183501 1183500 1183499 1183498 1189498 1195498 1195499 1195500 1201500 1201501 1207501 1207502 1207503 1207504 1213503 1213502 1213501 1213500 1207500 1207499 1201499 1201498 1189499 1177499 1189500 1177500 1171500 1171501 1171502 1171503 1189501 1177501 1177502 1177503 1177504 1201504 1189504 1201503 1189503 1195501 1201502 1189502
bot 475 477 2l6px65c 262883716 870090 52
owned 475 870090 870091 870092 870093 876093 864093 858093 858092 858091 858090 858089 858088 858087 858086 864086 870086 870087 870088 876088 876089 882089 882090 882091 882092 888091 888090 888089 888088 882088 882087 876087 876086 864087 852087 864088 852088 846088 846089 846090 846091 864089 852089 852090 852091 852092 876092 864092 876091 864091 870089 876090 864090
bot 476 478 8m9tfbvi 1714330309 1871428 52
owned 476 1871428 1871429 1871430 1871431 1877431 1865431 1859431 1859430 1859429 1859428 1859427 1859426 1859425 1859424 1865424 1871424 1871425 1871426 1877426 1877427 1883427 1883428 1883429 1883430 1889429 1889428 1889427 1889426 1883426 1883425 1877425 1877424 1865425 1853425 1865426 1853426 1847426 1847427 1847428 1847429 1865427 1853427 1853428 1853429 1853430 1877430 1865430 1877429 1865429 1871427 1877428 1865428
bot 477 479 9mt34ypn 2102586138 981783 52
owned 477 981783 981784 981785 981786 987786 975786 969786 969785 969784 969783 969782 969781 969780 969779 975779 981779 981780 981781 987781 987782 993782 993783 993784 993785 999784 999783 999782 999781 993781 993780 987780 987779 975780 963780 975781 963781 957781 957782 957783 957784 975782 963782 963783 963784 963785 987785 975785 987784 975784 981782 987783 975783
bot 478 480 7q708nxs 417940264 640520 52
owned 478 640520 640521 640522 640523 646523 634523 628523 628522 628521 628520 628519 628518 628517 628516 634516 640516 640517 640518 646518 646519 652519 652520 652521 652522 658521 658520 658519 658518 652518 652517 646517 646516 634517 622517 634518 622518 616518 616519 616520 616521 634519 622519 622520 622521 622522 646522 634522 646521 634521 640519 646520 634520
bot 479 481 vaum2ag5 1384647716 1663573 52
owned 479 1663573 1663574 1663575 1663576 1669576 1657576 1651576 1651575 1651574 1651573 1651572 1651571 1651570 1651569 1657569 1663569 1663570 1663571 1669571 1669572 1675572 1675573 1675574 1675575 1681574 1681573 1681572 1681571 1675571 1675570 1669570 1669569 1657570 1645570 1657571 1645571 1639571 1639572 1639573 1639574 1657572 1645572 1645573 1645574 1645575 1669575 1657575 1669574 1657574 1663572 1669573 1657573
bot 480 482 lhw012op 732008155 1540691 52
owned 480 1540691 1540692 1540693 1540694 1546694 1534694 1528694 1528693 1528692 1528691 1528690 1528689 1528688 1528687 1534687 1540687 1540688 1540689 1546689 1546690 1552690 1552691 1552692 1552693 1558692 1558691 1558690 1558689 1552689 1552688 1546688 1546687 1534688 1522688 1534689 1522689 1516689 1516690 1516691 1516692 1534690 1522690 1522691 1522692 1522693 1546693 1534693 1546692 1534692 1540690 1546691 1534691
bot 481 483 ov7icohk 1018938204 1980188 52
owned 481 1980188 1980189 1980190 1980191 1986191 1974191 1968191 1968190 1968189 1968188 1968187 1968186 1968185 1968184 1974184 1980184 1980185 1980186 1986186 1986187 1992187 1992188 1992189 1992190 1998189 1998188 1998187 1998186 1992186 1992185 1986185 1986184 1974185 1962185 1974186 1962186 1956186 1956187 1956188 1956189 1974187 1962187 1962188 1962189 1962190 1986190 1974190 1986189 1974189 1980187 1986188 1974188
bot 482 484 wdgpft73 1670765284 2201017 52
owned 482 2201017 2201018 2201019 2201020 2207020 2195020 2189020 2189019 2189018 2189017 2189016 2189015 2189014 2189013 2195013 2201013 2201014 2201015 2207015 2207016 2213016 2213017 2213018 2213019 2219018 2219017 2219016 2219015 2213015 2213014 2207014 2207013 2195014 2183014 2195015 2183015 2177015 2177016 2177017 2177018 2195016 2183016 2183017 2183018 2183019 2207019 2195019 2207018 2195018 2201016 2207017 2195017
bot 483 485 77xjevxo -1951658934 1456496 52
owned 483 1456496 1456497 1456498 1456499 1462499 1450499 1444499 1444498 1444497 1444496 1444495 1444494 1444493 1444492 1450492 1456492 1456493 1456494 1462494 1462495 1468495 1468496 1468497 1468498 1474497 1474496 1474495 1474494 1468494 1468493 1462493 1462492 1450493 1438493 1450494 1438494 1432494 1432495 1432496 1432497 1450495 1438495 1438496 1438497 1438498 1462498 1450498 1462497 1450497 1456495 1462496 1450496
bot 484 486 oqm2d2ls 780145184 2119070 52
owned 484 2119070 2119071 2119072 2119073 2125073 2113073 2107073 2107072 2107071 2107070 2107069 2107068 2107067 2107066 2113066 2119066 2119067 2119068 2125068 2125069 2131069 2131070 2131071 2131072 2137071 2137070 2137069 2137068 2131068 2131067 2125067 2125066 2113067 2101067 2113068 2101068 2095068 2095069 2095070 2095071 2113069 2101069 2101070 2101071 2101072 2125072 2113072 2125071 2113071 2119069 2125070 2113070
bot 485 487 s4bnz7gf 599452877 498339 52
owned 485 498339 498340 498341 498342 504342 492342 486342 486341 486340 486339 486338 486337 486336 486335 492335 498335 498336 498337 504337 504338 510338 510339 510340 510341 516340 516339 516338 516337 510337 510336 504336 504335 492336 480336 492337 480337 474337 474338 474339 474340 492338 480338 480339 480340 480341 504341 492341 504340 492340 498338 504339 492339
bot 486 488 qareow7n 1600203458 1081839 52
owned 486 1081839 1081840 1081841 1081842 1087842 1075842 1069842 1069841 1069840 1069839 1069838 1069837 1069836 1069835 1075835 1081835 1081836 1081837 1087837 1087838 1093838 1093839 1093840 1093841 1099840 1099839 1099838 1099837 1093837 1093836 1087836 1087835 1075836 1063836 1075837 1063837 1057837 1057838 1057839 1057840 1075838 1063838 1063839 1063840 1063841 1087841 1075841 1087840 1075840 1081838 1087839 1075839
bot 487 489 0qjiaqhk 2124328977 934586 52
owned 487 934586 934587 934588 934589 940589 928589 922589 922588 922587 922586 922585 922584 922583 922582 928582 934582 934583 934584 940584 940585 946585 946586 946587 946588 952587 952586 952585 952584 946584 946583 940583 940582 928583 916583 928584 916584 910584 910585 910586 910587 928585 916585 916586 916587 916588 940588 928588 940587 928587 934585 940586 928586
