# ofcuda_spawn reference v1  (engine ground truth, arbitrary N)
# repo /opt/data/workspaces/skg/openfront-ai
map passage
seed parity
game_id QqkIuyke
game_hash 223241348
agents 18
nations 0
human_agents 1
width 6000
height 400
min_dist 30
player 1 H nd8079oo -1 0 0
player 2 B 7kmb47oc 1148486 1 52
player 3 B su965kfe 1028778 1 52
player 4 B 4918e5rs 1050104 1 52
player 5 B 0grah7qg 1031402 1 52
player 6 B 79lbhuod 216357 1 52
player 7 B 0eay8wsu 1011646 1 52
player 8 B l4g4juu8 1034282 1 52
player 9 B gsw4n5km 935422 1 52
player 10 B ooz4f963 826521 1 52
player 11 B g49bog52 174494 1 52
player 12 B vl3arc4y 928063 1 52
player 13 B 26spmsu2 950882 1 52
player 14 B 666fmd2f 1532334 1 52
player 15 B vybu8oes 1899180 1 52
player 16 B tlx2iciq 879894 1 52
player 17 B 8i7cuo9t 384008 1 52
player 18 B ay8xa67r 1270632 1 52
player 19 B fha1xhrw 920499 1 52
bot 0 2 7kmb47oc 979863364 1148486 2486 191 52
owned 0 1124484
owned 0 1124485
owned 0 1124486
owned 0 1124487
owned 0 1130483
owned 0 1130484
owned 0 1130485
owned 0 1130486
owned 0 1130487
owned 0 1130488
owned 0 1136482
owned 0 1136483
owned 0 1136484
owned 0 1136485
owned 0 1136486
owned 0 1136487
owned 0 1136488
owned 0 1136489
owned 0 1142482
owned 0 1142483
owned 0 1142484
owned 0 1142485
owned 0 1142486
owned 0 1142487
owned 0 1142488
owned 0 1142489
owned 0 1148482
owned 0 1148483
owned 0 1148484
owned 0 1148485
owned 0 1148486
owned 0 1148487
owned 0 1148488
owned 0 1148489
owned 0 1154482
owned 0 1154483
owned 0 1154484
owned 0 1154485
owned 0 1154486
owned 0 1154487
owned 0 1154488
owned 0 1154489
owned 0 1160483
owned 0 1160484
owned 0 1160485
owned 0 1160486
owned 0 1160487
owned 0 1160488
owned 0 1166484
owned 0 1166485
owned 0 1166486
owned 0 1166487
bot 1 3 su965kfe 1225099288 1028778 2778 171 52
owner 1 1148486 2
owner 1 1142486 2
owner 1 1154486 2
owner 1 1148485 2
owner 1 1148487 2
owner 1 1142487 2
owner 1 1154487 2
owner 1 1148488 2
owner 1 1142488 2
owner 1 1154488 2
owner 1 1148489 2
owner 1 1142489 2
owner 1 1154489 2
owner 1 1136489 2
owner 1 1136488 2
owner 1 1130488 2
owner 1 1136487 2
owner 1 1130487 2
owner 1 1136486 2
owner 1 1130486 2
owner 1 1136485 2
owner 1 1130485 2
owner 1 1142485 2
owner 1 1136484 2
owner 1 1130484 2
owner 1 1142484 2
owner 1 1136483 2
owner 1 1130483 2
owner 1 1142483 2
owner 1 1136482 2
owner 1 1142482 2
owner 1 1148482 2
owner 1 1154482 2
owner 1 1148483 2
owner 1 1154483 2
owner 1 1148484 2
owner 1 1154484 2
owner 1 1160484 2
owner 1 1154485 2
owner 1 1160485 2
owner 1 1166485 2
owner 1 1160486 2
owner 1 1166486 2
owner 1 1160487 2
owner 1 1166487 2
owner 1 1160488 2
owner 1 1166484 2
owner 1 1160483 2
owner 1 1124484 2
owner 1 1124485 2
owner 1 1124486 2
owner 1 1124487 2
prev 1 1148486
owned 1 1004776
owned 1 1004777
owned 1 1004778
owned 1 1004779
owned 1 1010775
owned 1 1010776
owned 1 1010777
owned 1 1010778
owned 1 1010779
owned 1 1010780
owned 1 1016774
owned 1 1016775
owned 1 1016776
owned 1 1016777
owned 1 1016778
owned 1 1016779
owned 1 1016780
owned 1 1016781
owned 1 1022774
owned 1 1022775
owned 1 1022776
owned 1 1022777
owned 1 1022778
owned 1 1022779
owned 1 1022780
owned 1 1022781
owned 1 1028774
owned 1 1028775
owned 1 1028776
owned 1 1028777
owned 1 1028778
owned 1 1028779
owned 1 1028780
owned 1 1028781
owned 1 1034774
owned 1 1034775
owned 1 1034776
owned 1 1034777
owned 1 1034778
owned 1 1034779
owned 1 1034780
owned 1 1034781
owned 1 1040775
owned 1 1040776
owned 1 1040777
owned 1 1040778
owned 1 1040779
owned 1 1040780
owned 1 1046776
owned 1 1046777
owned 1 1046778
owned 1 1046779
bot 2 4 4918e5rs 1160776865 1050104 104 175 52
owner 2 1148486 2
owner 2 1142486 2
owner 2 1154486 2
owner 2 1148485 2
owner 2 1148487 2
owner 2 1142487 2
owner 2 1154487 2
owner 2 1148488 2
owner 2 1142488 2
owner 2 1154488 2
owner 2 1148489 2
owner 2 1142489 2
owner 2 1154489 2
owner 2 1136489 2
owner 2 1136488 2
owner 2 1130488 2
owner 2 1136487 2
owner 2 1130487 2
owner 2 1136486 2
owner 2 1130486 2
owner 2 1136485 2
owner 2 1130485 2
owner 2 1142485 2
owner 2 1136484 2
owner 2 1130484 2
owner 2 1142484 2
owner 2 1136483 2
owner 2 1130483 2
owner 2 1142483 2
owner 2 1136482 2
owner 2 1142482 2
owner 2 1148482 2
owner 2 1154482 2
owner 2 1148483 2
owner 2 1154483 2
owner 2 1148484 2
owner 2 1154484 2
owner 2 1160484 2
owner 2 1154485 2
owner 2 1160485 2
owner 2 1166485 2
owner 2 1160486 2
owner 2 1166486 2
owner 2 1160487 2
owner 2 1166487 2
owner 2 1160488 2
owner 2 1166484 2
owner 2 1160483 2
owner 2 1124484 2
owner 2 1124485 2
owner 2 1124486 2
owner 2 1124487 2
owner 2 1028778 3
owner 2 1022778 3
owner 2 1034778 3
owner 2 1028777 3
owner 2 1028779 3
owner 2 1022779 3
owner 2 1034779 3
owner 2 1028780 3
owner 2 1022780 3
owner 2 1034780 3
owner 2 1028781 3
owner 2 1022781 3
owner 2 1034781 3
owner 2 1016781 3
owner 2 1016780 3
owner 2 1010780 3
owner 2 1016779 3
owner 2 1010779 3
owner 2 1016778 3
owner 2 1010778 3
owner 2 1016777 3
owner 2 1010777 3
owner 2 1022777 3
owner 2 1016776 3
owner 2 1010776 3
owner 2 1022776 3
owner 2 1016775 3
owner 2 1010775 3
owner 2 1022775 3
owner 2 1016774 3
owner 2 1022774 3
owner 2 1028774 3
owner 2 1034774 3
owner 2 1028775 3
owner 2 1034775 3
owner 2 1028776 3
owner 2 1034776 3
owner 2 1040776 3
owner 2 1034777 3
owner 2 1040777 3
owner 2 1046777 3
owner 2 1040778 3
owner 2 1046778 3
owner 2 1040779 3
owner 2 1046779 3
owner 2 1040780 3
owner 2 1046776 3
owner 2 1040775 3
owner 2 1004776 3
owner 2 1004777 3
owner 2 1004778 3
owner 2 1004779 3
prev 2 1148486
prev 2 1028778
owned 2 1026102
owned 2 1026103
owned 2 1026104
owned 2 1026105
owned 2 1032101
owned 2 1032102
owned 2 1032103
owned 2 1032104
owned 2 1032105
owned 2 1032106
owned 2 1038100
owned 2 1038101
owned 2 1038102
owned 2 1038103
owned 2 1038104
owned 2 1038105
owned 2 1038106
owned 2 1038107
owned 2 1044100
owned 2 1044101
owned 2 1044102
owned 2 1044103
owned 2 1044104
owned 2 1044105
owned 2 1044106
owned 2 1044107
owned 2 1050100
owned 2 1050101
owned 2 1050102
owned 2 1050103
owned 2 1050104
owned 2 1050105
owned 2 1050106
owned 2 1050107
owned 2 1056100
owned 2 1056101
owned 2 1056102
owned 2 1056103
owned 2 1056104
owned 2 1056105
owned 2 1056106
owned 2 1056107
owned 2 1062101
owned 2 1062102
owned 2 1062103
owned 2 1062104
owned 2 1062105
owned 2 1062106
owned 2 1068102
owned 2 1068103
owned 2 1068104
owned 2 1068105
bot 3 5 0grah7qg -2107334215 1031402 5402 171 52
owner 3 1148486 2
owner 3 1142486 2
owner 3 1154486 2
owner 3 1148485 2
owner 3 1148487 2
owner 3 1142487 2
owner 3 1154487 2
owner 3 1148488 2
owner 3 1142488 2
owner 3 1154488 2
owner 3 1148489 2
owner 3 1142489 2
owner 3 1154489 2
owner 3 1136489 2
owner 3 1136488 2
owner 3 1130488 2
owner 3 1136487 2
owner 3 1130487 2
owner 3 1136486 2
owner 3 1130486 2
owner 3 1136485 2
owner 3 1130485 2
owner 3 1142485 2
owner 3 1136484 2
owner 3 1130484 2
owner 3 1142484 2
owner 3 1136483 2
owner 3 1130483 2
owner 3 1142483 2
owner 3 1136482 2
owner 3 1142482 2
owner 3 1148482 2
owner 3 1154482 2
owner 3 1148483 2
owner 3 1154483 2
owner 3 1148484 2
owner 3 1154484 2
owner 3 1160484 2
owner 3 1154485 2
owner 3 1160485 2
owner 3 1166485 2
owner 3 1160486 2
owner 3 1166486 2
owner 3 1160487 2
owner 3 1166487 2
owner 3 1160488 2
owner 3 1166484 2
owner 3 1160483 2
owner 3 1124484 2
owner 3 1124485 2
owner 3 1124486 2
owner 3 1124487 2
owner 3 1028778 3
owner 3 1022778 3
owner 3 1034778 3
owner 3 1028777 3
owner 3 1028779 3
owner 3 1022779 3
owner 3 1034779 3
owner 3 1028780 3
owner 3 1022780 3
owner 3 1034780 3
owner 3 1028781 3
owner 3 1022781 3
owner 3 1034781 3
owner 3 1016781 3
owner 3 1016780 3
owner 3 1010780 3
owner 3 1016779 3
owner 3 1010779 3
owner 3 1016778 3
owner 3 1010778 3
owner 3 1016777 3
owner 3 1010777 3
owner 3 1022777 3
owner 3 1016776 3
owner 3 1010776 3
owner 3 1022776 3
owner 3 1016775 3
owner 3 1010775 3
owner 3 1022775 3
owner 3 1016774 3
owner 3 1022774 3
owner 3 1028774 3
owner 3 1034774 3
owner 3 1028775 3
owner 3 1034775 3
owner 3 1028776 3
owner 3 1034776 3
owner 3 1040776 3
owner 3 1034777 3
owner 3 1040777 3
owner 3 1046777 3
owner 3 1040778 3
owner 3 1046778 3
owner 3 1040779 3
owner 3 1046779 3
owner 3 1040780 3
owner 3 1046776 3
owner 3 1040775 3
owner 3 1004776 3
owner 3 1004777 3
owner 3 1004778 3
owner 3 1004779 3
owner 3 1050104 4
owner 3 1044104 4
owner 3 1056104 4
owner 3 1050103 4
owner 3 1050105 4
owner 3 1044105 4
owner 3 1056105 4
owner 3 1050106 4
owner 3 1044106 4
owner 3 1056106 4
owner 3 1050107 4
owner 3 1044107 4
owner 3 1056107 4
owner 3 1038107 4
owner 3 1038106 4
owner 3 1032106 4
owner 3 1038105 4
owner 3 1032105 4
owner 3 1038104 4
owner 3 1032104 4
owner 3 1038103 4
owner 3 1032103 4
owner 3 1044103 4
owner 3 1038102 4
owner 3 1032102 4
owner 3 1044102 4
owner 3 1038101 4
owner 3 1032101 4
owner 3 1044101 4
owner 3 1038100 4
owner 3 1044100 4
owner 3 1050100 4
owner 3 1056100 4
owner 3 1050101 4
owner 3 1056101 4
owner 3 1050102 4
owner 3 1056102 4
owner 3 1062102 4
owner 3 1056103 4
owner 3 1062103 4
owner 3 1068103 4
owner 3 1062104 4
owner 3 1068104 4
owner 3 1062105 4
owner 3 1068105 4
owner 3 1062106 4
owner 3 1068102 4
owner 3 1062101 4
owner 3 1026102 4
owner 3 1026103 4
owner 3 1026104 4
owner 3 1026105 4
prev 3 1148486
prev 3 1028778
prev 3 1050104
owned 3 1007400
owned 3 1007401
owned 3 1007402
owned 3 1007403
owned 3 1013399
owned 3 1013400
owned 3 1013401
owned 3 1013402
owned 3 1013403
owned 3 1013404
owned 3 1019398
owned 3 1019399
owned 3 1019400
owned 3 1019401
owned 3 1019402
owned 3 1019403
owned 3 1019404
owned 3 1019405
owned 3 1025398
owned 3 1025399
owned 3 1025400
owned 3 1025401
owned 3 1025402
owned 3 1025403
owned 3 1025404
owned 3 1025405
owned 3 1031398
owned 3 1031399
owned 3 1031400
owned 3 1031401
owned 3 1031402
owned 3 1031403
owned 3 1031404
owned 3 1031405
owned 3 1037398
owned 3 1037399
owned 3 1037400
owned 3 1037401
owned 3 1037402
owned 3 1037403
owned 3 1037404
owned 3 1037405
owned 3 1043399
owned 3 1043400
owned 3 1043401
owned 3 1043402
owned 3 1043403
owned 3 1043404
owned 3 1049400
owned 3 1049401
owned 3 1049402
owned 3 1049403
bot 4 6 79lbhuod 919150858 216357 357 36 52
owner 4 1148486 2
owner 4 1142486 2
owner 4 1154486 2
owner 4 1148485 2
owner 4 1148487 2
owner 4 1142487 2
owner 4 1154487 2
owner 4 1148488 2
owner 4 1142488 2
owner 4 1154488 2
owner 4 1148489 2
owner 4 1142489 2
owner 4 1154489 2
owner 4 1136489 2
owner 4 1136488 2
owner 4 1130488 2
owner 4 1136487 2
owner 4 1130487 2
owner 4 1136486 2
owner 4 1130486 2
owner 4 1136485 2
owner 4 1130485 2
owner 4 1142485 2
owner 4 1136484 2
owner 4 1130484 2
owner 4 1142484 2
owner 4 1136483 2
owner 4 1130483 2
owner 4 1142483 2
owner 4 1136482 2
owner 4 1142482 2
owner 4 1148482 2
owner 4 1154482 2
owner 4 1148483 2
owner 4 1154483 2
owner 4 1148484 2
owner 4 1154484 2
owner 4 1160484 2
owner 4 1154485 2
owner 4 1160485 2
owner 4 1166485 2
owner 4 1160486 2
owner 4 1166486 2
owner 4 1160487 2
owner 4 1166487 2
owner 4 1160488 2
owner 4 1166484 2
owner 4 1160483 2
owner 4 1124484 2
owner 4 1124485 2
owner 4 1124486 2
owner 4 1124487 2
owner 4 1028778 3
owner 4 1022778 3
owner 4 1034778 3
owner 4 1028777 3
owner 4 1028779 3
owner 4 1022779 3
owner 4 1034779 3
owner 4 1028780 3
owner 4 1022780 3
owner 4 1034780 3
owner 4 1028781 3
owner 4 1022781 3
owner 4 1034781 3
owner 4 1016781 3
owner 4 1016780 3
owner 4 1010780 3
owner 4 1016779 3
owner 4 1010779 3
owner 4 1016778 3
owner 4 1010778 3
owner 4 1016777 3
owner 4 1010777 3
owner 4 1022777 3
owner 4 1016776 3
owner 4 1010776 3
owner 4 1022776 3
owner 4 1016775 3
owner 4 1010775 3
owner 4 1022775 3
owner 4 1016774 3
owner 4 1022774 3
owner 4 1028774 3
owner 4 1034774 3
owner 4 1028775 3
owner 4 1034775 3
owner 4 1028776 3
owner 4 1034776 3
owner 4 1040776 3
owner 4 1034777 3
owner 4 1040777 3
owner 4 1046777 3
owner 4 1040778 3
owner 4 1046778 3
owner 4 1040779 3
owner 4 1046779 3
owner 4 1040780 3
owner 4 1046776 3
owner 4 1040775 3
owner 4 1004776 3
owner 4 1004777 3
owner 4 1004778 3
owner 4 1004779 3
owner 4 1050104 4
owner 4 1044104 4
owner 4 1056104 4
owner 4 1050103 4
owner 4 1050105 4
owner 4 1044105 4
owner 4 1056105 4
owner 4 1050106 4
owner 4 1044106 4
owner 4 1056106 4
owner 4 1050107 4
owner 4 1044107 4
owner 4 1056107 4
owner 4 1038107 4
owner 4 1038106 4
owner 4 1032106 4
owner 4 1038105 4
owner 4 1032105 4
owner 4 1038104 4
owner 4 1032104 4
owner 4 1038103 4
owner 4 1032103 4
owner 4 1044103 4
owner 4 1038102 4
owner 4 1032102 4
owner 4 1044102 4
owner 4 1038101 4
owner 4 1032101 4
owner 4 1044101 4
owner 4 1038100 4
owner 4 1044100 4
owner 4 1050100 4
owner 4 1056100 4
owner 4 1050101 4
owner 4 1056101 4
owner 4 1050102 4
owner 4 1056102 4
owner 4 1062102 4
owner 4 1056103 4
owner 4 1062103 4
owner 4 1068103 4
owner 4 1062104 4
owner 4 1068104 4
owner 4 1062105 4
owner 4 1068105 4
owner 4 1062106 4
owner 4 1068102 4
owner 4 1062101 4
owner 4 1026102 4
owner 4 1026103 4
owner 4 1026104 4
owner 4 1026105 4
owner 4 1031402 5
owner 4 1025402 5
owner 4 1037402 5
owner 4 1031401 5
owner 4 1031403 5
owner 4 1025403 5
owner 4 1037403 5
owner 4 1031404 5
owner 4 1025404 5
owner 4 1037404 5
owner 4 1031405 5
owner 4 1025405 5
owner 4 1037405 5
owner 4 1019405 5
owner 4 1019404 5
owner 4 1013404 5
owner 4 1019403 5
owner 4 1013403 5
owner 4 1019402 5
owner 4 1013402 5
owner 4 1019401 5
owner 4 1013401 5
owner 4 1025401 5
owner 4 1019400 5
owner 4 1013400 5
owner 4 1025400 5
owner 4 1019399 5
owner 4 1013399 5
owner 4 1025399 5
owner 4 1019398 5
owner 4 1025398 5
owner 4 1031398 5
owner 4 1037398 5
owner 4 1031399 5
owner 4 1037399 5
owner 4 1031400 5
owner 4 1037400 5
owner 4 1043400 5
owner 4 1037401 5
owner 4 1043401 5
owner 4 1049401 5
owner 4 1043402 5
owner 4 1049402 5
owner 4 1043403 5
owner 4 1049403 5
owner 4 1043404 5
owner 4 1049400 5
owner 4 1043399 5
owner 4 1007400 5
owner 4 1007401 5
owner 4 1007402 5
owner 4 1007403 5
prev 4 1148486
prev 4 1028778
prev 4 1050104
prev 4 1031402
owned 4 192355
owned 4 192356
owned 4 192357
owned 4 192358
owned 4 198354
owned 4 198355
owned 4 198356
owned 4 198357
owned 4 198358
owned 4 198359
owned 4 204353
owned 4 204354
owned 4 204355
owned 4 204356
owned 4 204357
owned 4 204358
owned 4 204359
owned 4 204360
owned 4 210353
owned 4 210354
owned 4 210355
owned 4 210356
owned 4 210357
owned 4 210358
owned 4 210359
owned 4 210360
owned 4 216353
owned 4 216354
owned 4 216355
owned 4 216356
owned 4 216357
owned 4 216358
owned 4 216359
owned 4 216360
owned 4 222353
owned 4 222354
owned 4 222355
owned 4 222356
owned 4 222357
owned 4 222358
owned 4 222359
owned 4 222360
owned 4 228354
owned 4 228355
owned 4 228356
owned 4 228357
owned 4 228358
owned 4 228359
owned 4 234355
owned 4 234356
owned 4 234357
owned 4 234358
bot 5 7 0eay8wsu 312910098 1011646 3646 168 52
owner 5 1148486 2
owner 5 1142486 2
owner 5 1154486 2
owner 5 1148485 2
owner 5 1148487 2
owner 5 1142487 2
owner 5 1154487 2
owner 5 1148488 2
owner 5 1142488 2
owner 5 1154488 2
owner 5 1148489 2
owner 5 1142489 2
owner 5 1154489 2
owner 5 1136489 2
owner 5 1136488 2
owner 5 1130488 2
owner 5 1136487 2
owner 5 1130487 2
owner 5 1136486 2
owner 5 1130486 2
owner 5 1136485 2
owner 5 1130485 2
owner 5 1142485 2
owner 5 1136484 2
owner 5 1130484 2
owner 5 1142484 2
owner 5 1136483 2
owner 5 1130483 2
owner 5 1142483 2
owner 5 1136482 2
owner 5 1142482 2
owner 5 1148482 2
owner 5 1154482 2
owner 5 1148483 2
owner 5 1154483 2
owner 5 1148484 2
owner 5 1154484 2
owner 5 1160484 2
owner 5 1154485 2
owner 5 1160485 2
owner 5 1166485 2
owner 5 1160486 2
owner 5 1166486 2
owner 5 1160487 2
owner 5 1166487 2
owner 5 1160488 2
owner 5 1166484 2
owner 5 1160483 2
owner 5 1124484 2
owner 5 1124485 2
owner 5 1124486 2
owner 5 1124487 2
owner 5 1028778 3
owner 5 1022778 3
owner 5 1034778 3
owner 5 1028777 3
owner 5 1028779 3
owner 5 1022779 3
owner 5 1034779 3
owner 5 1028780 3
owner 5 1022780 3
owner 5 1034780 3
owner 5 1028781 3
owner 5 1022781 3
owner 5 1034781 3
owner 5 1016781 3
owner 5 1016780 3
owner 5 1010780 3
owner 5 1016779 3
owner 5 1010779 3
owner 5 1016778 3
owner 5 1010778 3
owner 5 1016777 3
owner 5 1010777 3
owner 5 1022777 3
owner 5 1016776 3
owner 5 1010776 3
owner 5 1022776 3
owner 5 1016775 3
owner 5 1010775 3
owner 5 1022775 3
owner 5 1016774 3
owner 5 1022774 3
owner 5 1028774 3
owner 5 1034774 3
owner 5 1028775 3
owner 5 1034775 3
owner 5 1028776 3
owner 5 1034776 3
owner 5 1040776 3
owner 5 1034777 3
owner 5 1040777 3
owner 5 1046777 3
owner 5 1040778 3
owner 5 1046778 3
owner 5 1040779 3
owner 5 1046779 3
owner 5 1040780 3
owner 5 1046776 3
owner 5 1040775 3
owner 5 1004776 3
owner 5 1004777 3
owner 5 1004778 3
owner 5 1004779 3
owner 5 1050104 4
owner 5 1044104 4
owner 5 1056104 4
owner 5 1050103 4
owner 5 1050105 4
owner 5 1044105 4
owner 5 1056105 4
owner 5 1050106 4
owner 5 1044106 4
owner 5 1056106 4
owner 5 1050107 4
owner 5 1044107 4
owner 5 1056107 4
owner 5 1038107 4
owner 5 1038106 4
owner 5 1032106 4
owner 5 1038105 4
owner 5 1032105 4
owner 5 1038104 4
owner 5 1032104 4
owner 5 1038103 4
owner 5 1032103 4
owner 5 1044103 4
owner 5 1038102 4
owner 5 1032102 4
owner 5 1044102 4
owner 5 1038101 4
owner 5 1032101 4
owner 5 1044101 4
owner 5 1038100 4
owner 5 1044100 4
owner 5 1050100 4
owner 5 1056100 4
owner 5 1050101 4
owner 5 1056101 4
owner 5 1050102 4
owner 5 1056102 4
owner 5 1062102 4
owner 5 1056103 4
owner 5 1062103 4
owner 5 1068103 4
owner 5 1062104 4
owner 5 1068104 4
owner 5 1062105 4
owner 5 1068105 4
owner 5 1062106 4
owner 5 1068102 4
owner 5 1062101 4
owner 5 1026102 4
owner 5 1026103 4
owner 5 1026104 4
owner 5 1026105 4
owner 5 1031402 5
owner 5 1025402 5
owner 5 1037402 5
owner 5 1031401 5
owner 5 1031403 5
owner 5 1025403 5
owner 5 1037403 5
owner 5 1031404 5
owner 5 1025404 5
owner 5 1037404 5
owner 5 1031405 5
owner 5 1025405 5
owner 5 1037405 5
owner 5 1019405 5
owner 5 1019404 5
owner 5 1013404 5
owner 5 1019403 5
owner 5 1013403 5
owner 5 1019402 5
owner 5 1013402 5
owner 5 1019401 5
owner 5 1013401 5
owner 5 1025401 5
owner 5 1019400 5
owner 5 1013400 5
owner 5 1025400 5
owner 5 1019399 5
owner 5 1013399 5
owner 5 1025399 5
owner 5 1019398 5
owner 5 1025398 5
owner 5 1031398 5
owner 5 1037398 5
owner 5 1031399 5
owner 5 1037399 5
owner 5 1031400 5
owner 5 1037400 5
owner 5 1043400 5
owner 5 1037401 5
owner 5 1043401 5
owner 5 1049401 5
owner 5 1043402 5
owner 5 1049402 5
owner 5 1043403 5
owner 5 1049403 5
owner 5 1043404 5
owner 5 1049400 5
owner 5 1043399 5
owner 5 1007400 5
owner 5 1007401 5
owner 5 1007402 5
owner 5 1007403 5
owner 5 216357 6
owner 5 210357 6
owner 5 222357 6
owner 5 216356 6
owner 5 216358 6
owner 5 210358 6
owner 5 222358 6
owner 5 216359 6
owner 5 210359 6
owner 5 222359 6
owner 5 216360 6
owner 5 210360 6
owner 5 222360 6
owner 5 204360 6
owner 5 204359 6
owner 5 198359 6
owner 5 204358 6
owner 5 198358 6
owner 5 204357 6
owner 5 198357 6
owner 5 204356 6
owner 5 198356 6
owner 5 210356 6
owner 5 204355 6
owner 5 198355 6
owner 5 210355 6
owner 5 204354 6
owner 5 198354 6
owner 5 210354 6
owner 5 204353 6
owner 5 210353 6
owner 5 216353 6
owner 5 222353 6
owner 5 216354 6
owner 5 222354 6
owner 5 216355 6
owner 5 222355 6
owner 5 228355 6
owner 5 222356 6
owner 5 228356 6
owner 5 234356 6
owner 5 228357 6
owner 5 234357 6
owner 5 228358 6
owner 5 234358 6
owner 5 228359 6
owner 5 234355 6
owner 5 228354 6
owner 5 192355 6
owner 5 192356 6
owner 5 192357 6
owner 5 192358 6
prev 5 1148486
prev 5 1028778
prev 5 1050104
prev 5 1031402
prev 5 216357
owned 5 987644
owned 5 987645
owned 5 987646
owned 5 987647
owned 5 993643
owned 5 993644
owned 5 993645
owned 5 993646
owned 5 993647
owned 5 993648
owned 5 999642
owned 5 999643
owned 5 999644
owned 5 999645
owned 5 999646
owned 5 999647
owned 5 999648
owned 5 999649
owned 5 1005642
owned 5 1005643
owned 5 1005644
owned 5 1005645
owned 5 1005646
owned 5 1005647
owned 5 1005648
owned 5 1005649
owned 5 1011642
owned 5 1011643
owned 5 1011644
owned 5 1011645
owned 5 1011646
owned 5 1011647
owned 5 1011648
owned 5 1011649
owned 5 1017642
owned 5 1017643
owned 5 1017644
owned 5 1017645
owned 5 1017646
owned 5 1017647
owned 5 1017648
owned 5 1017649
owned 5 1023643
owned 5 1023644
owned 5 1023645
owned 5 1023646
owned 5 1023647
owned 5 1023648
owned 5 1029644
owned 5 1029645
owned 5 1029646
owned 5 1029647
bot 6 8 l4g4juu8 1373847271 1034282 2282 172 52
owner 6 1148486 2
owner 6 1142486 2
owner 6 1154486 2
owner 6 1148485 2
owner 6 1148487 2
owner 6 1142487 2
owner 6 1154487 2
owner 6 1148488 2
owner 6 1142488 2
owner 6 1154488 2
owner 6 1148489 2
owner 6 1142489 2
owner 6 1154489 2
owner 6 1136489 2
owner 6 1136488 2
owner 6 1130488 2
owner 6 1136487 2
owner 6 1130487 2
owner 6 1136486 2
owner 6 1130486 2
owner 6 1136485 2
owner 6 1130485 2
owner 6 1142485 2
owner 6 1136484 2
owner 6 1130484 2
owner 6 1142484 2
owner 6 1136483 2
owner 6 1130483 2
owner 6 1142483 2
owner 6 1136482 2
owner 6 1142482 2
owner 6 1148482 2
owner 6 1154482 2
owner 6 1148483 2
owner 6 1154483 2
owner 6 1148484 2
owner 6 1154484 2
owner 6 1160484 2
owner 6 1154485 2
owner 6 1160485 2
owner 6 1166485 2
owner 6 1160486 2
owner 6 1166486 2
owner 6 1160487 2
owner 6 1166487 2
owner 6 1160488 2
owner 6 1166484 2
owner 6 1160483 2
owner 6 1124484 2
owner 6 1124485 2
owner 6 1124486 2
owner 6 1124487 2
owner 6 1028778 3
owner 6 1022778 3
owner 6 1034778 3
owner 6 1028777 3
owner 6 1028779 3
owner 6 1022779 3
owner 6 1034779 3
owner 6 1028780 3
owner 6 1022780 3
owner 6 1034780 3
owner 6 1028781 3
owner 6 1022781 3
owner 6 1034781 3
owner 6 1016781 3
owner 6 1016780 3
owner 6 1010780 3
owner 6 1016779 3
owner 6 1010779 3
owner 6 1016778 3
owner 6 1010778 3
owner 6 1016777 3
owner 6 1010777 3
owner 6 1022777 3
owner 6 1016776 3
owner 6 1010776 3
owner 6 1022776 3
owner 6 1016775 3
owner 6 1010775 3
owner 6 1022775 3
owner 6 1016774 3
owner 6 1022774 3
owner 6 1028774 3
owner 6 1034774 3
owner 6 1028775 3
owner 6 1034775 3
owner 6 1028776 3
owner 6 1034776 3
owner 6 1040776 3
owner 6 1034777 3
owner 6 1040777 3
owner 6 1046777 3
owner 6 1040778 3
owner 6 1046778 3
owner 6 1040779 3
owner 6 1046779 3
owner 6 1040780 3
owner 6 1046776 3
owner 6 1040775 3
owner 6 1004776 3
owner 6 1004777 3
owner 6 1004778 3
owner 6 1004779 3
owner 6 1050104 4
owner 6 1044104 4
owner 6 1056104 4
owner 6 1050103 4
owner 6 1050105 4
owner 6 1044105 4
owner 6 1056105 4
owner 6 1050106 4
owner 6 1044106 4
owner 6 1056106 4
owner 6 1050107 4
owner 6 1044107 4
owner 6 1056107 4
owner 6 1038107 4
owner 6 1038106 4
owner 6 1032106 4
owner 6 1038105 4
owner 6 1032105 4
owner 6 1038104 4
owner 6 1032104 4
owner 6 1038103 4
owner 6 1032103 4
owner 6 1044103 4
owner 6 1038102 4
owner 6 1032102 4
owner 6 1044102 4
owner 6 1038101 4
owner 6 1032101 4
owner 6 1044101 4
owner 6 1038100 4
owner 6 1044100 4
owner 6 1050100 4
owner 6 1056100 4
owner 6 1050101 4
owner 6 1056101 4
owner 6 1050102 4
owner 6 1056102 4
owner 6 1062102 4
owner 6 1056103 4
owner 6 1062103 4
owner 6 1068103 4
owner 6 1062104 4
owner 6 1068104 4
owner 6 1062105 4
owner 6 1068105 4
owner 6 1062106 4
owner 6 1068102 4
owner 6 1062101 4
owner 6 1026102 4
owner 6 1026103 4
owner 6 1026104 4
owner 6 1026105 4
owner 6 1031402 5
owner 6 1025402 5
owner 6 1037402 5
owner 6 1031401 5
owner 6 1031403 5
owner 6 1025403 5
owner 6 1037403 5
owner 6 1031404 5
owner 6 1025404 5
owner 6 1037404 5
owner 6 1031405 5
owner 6 1025405 5
owner 6 1037405 5
owner 6 1019405 5
owner 6 1019404 5
owner 6 1013404 5
owner 6 1019403 5
owner 6 1013403 5
owner 6 1019402 5
owner 6 1013402 5
owner 6 1019401 5
owner 6 1013401 5
owner 6 1025401 5
owner 6 1019400 5
owner 6 1013400 5
owner 6 1025400 5
owner 6 1019399 5
owner 6 1013399 5
owner 6 1025399 5
owner 6 1019398 5
owner 6 1025398 5
owner 6 1031398 5
owner 6 1037398 5
owner 6 1031399 5
owner 6 1037399 5
owner 6 1031400 5
owner 6 1037400 5
owner 6 1043400 5
owner 6 1037401 5
owner 6 1043401 5
owner 6 1049401 5
owner 6 1043402 5
owner 6 1049402 5
owner 6 1043403 5
owner 6 1049403 5
owner 6 1043404 5
owner 6 1049400 5
owner 6 1043399 5
owner 6 1007400 5
owner 6 1007401 5
owner 6 1007402 5
owner 6 1007403 5
owner 6 216357 6
owner 6 210357 6
owner 6 222357 6
owner 6 216356 6
owner 6 216358 6
owner 6 210358 6
owner 6 222358 6
owner 6 216359 6
owner 6 210359 6
owner 6 222359 6
owner 6 216360 6
owner 6 210360 6
owner 6 222360 6
owner 6 204360 6
owner 6 204359 6
owner 6 198359 6
owner 6 204358 6
owner 6 198358 6
owner 6 204357 6
owner 6 198357 6
owner 6 204356 6
owner 6 198356 6
owner 6 210356 6
owner 6 204355 6
owner 6 198355 6
owner 6 210355 6
owner 6 204354 6
owner 6 198354 6
owner 6 210354 6
owner 6 204353 6
owner 6 210353 6
owner 6 216353 6
owner 6 222353 6
owner 6 216354 6
owner 6 222354 6
owner 6 216355 6
owner 6 222355 6
owner 6 228355 6
owner 6 222356 6
owner 6 228356 6
owner 6 234356 6
owner 6 228357 6
owner 6 234357 6
owner 6 228358 6
owner 6 234358 6
owner 6 228359 6
owner 6 234355 6
owner 6 228354 6
owner 6 192355 6
owner 6 192356 6
owner 6 192357 6
owner 6 192358 6
owner 6 1011646 7
owner 6 1005646 7
owner 6 1017646 7
owner 6 1011645 7
owner 6 1011647 7
owner 6 1005647 7
owner 6 1017647 7
owner 6 1011648 7
owner 6 1005648 7
owner 6 1017648 7
owner 6 1011649 7
owner 6 1005649 7
owner 6 1017649 7
owner 6 999649 7
owner 6 999648 7
owner 6 993648 7
owner 6 999647 7
owner 6 993647 7
owner 6 999646 7
owner 6 993646 7
owner 6 999645 7
owner 6 993645 7
owner 6 1005645 7
owner 6 999644 7
owner 6 993644 7
owner 6 1005644 7
owner 6 999643 7
owner 6 993643 7
owner 6 1005643 7
owner 6 999642 7
owner 6 1005642 7
owner 6 1011642 7
owner 6 1017642 7
owner 6 1011643 7
owner 6 1017643 7
owner 6 1011644 7
owner 6 1017644 7
owner 6 1023644 7
owner 6 1017645 7
owner 6 1023645 7
owner 6 1029645 7
owner 6 1023646 7
owner 6 1029646 7
owner 6 1023647 7
owner 6 1029647 7
owner 6 1023648 7
owner 6 1029644 7
owner 6 1023643 7
owner 6 987644 7
owner 6 987645 7
owner 6 987646 7
owner 6 987647 7
prev 6 1148486
prev 6 1028778
prev 6 1050104
prev 6 1031402
prev 6 216357
prev 6 1011646
owned 6 1010280
owned 6 1010281
owned 6 1010282
owned 6 1010283
owned 6 1016279
owned 6 1016280
owned 6 1016281
owned 6 1016282
owned 6 1016283
owned 6 1016284
owned 6 1022278
owned 6 1022279
owned 6 1022280
owned 6 1022281
owned 6 1022282
owned 6 1022283
owned 6 1022284
owned 6 1022285
owned 6 1028278
owned 6 1028279
owned 6 1028280
owned 6 1028281
owned 6 1028282
owned 6 1028283
owned 6 1028284
owned 6 1028285
owned 6 1034278
owned 6 1034279
owned 6 1034280
owned 6 1034281
owned 6 1034282
owned 6 1034283
owned 6 1034284
owned 6 1034285
owned 6 1040278
owned 6 1040279
owned 6 1040280
owned 6 1040281
owned 6 1040282
owned 6 1040283
owned 6 1040284
owned 6 1040285
owned 6 1046279
owned 6 1046280
owned 6 1046281
owned 6 1046282
owned 6 1046283
owned 6 1046284
owned 6 1052280
owned 6 1052281
owned 6 1052282
owned 6 1052283
bot 7 9 gsw4n5km 1786011062 935422 5422 155 52
owner 7 1148486 2
owner 7 1142486 2
owner 7 1154486 2
owner 7 1148485 2
owner 7 1148487 2
owner 7 1142487 2
owner 7 1154487 2
owner 7 1148488 2
owner 7 1142488 2
owner 7 1154488 2
owner 7 1148489 2
owner 7 1142489 2
owner 7 1154489 2
owner 7 1136489 2
owner 7 1136488 2
owner 7 1130488 2
owner 7 1136487 2
owner 7 1130487 2
owner 7 1136486 2
owner 7 1130486 2
owner 7 1136485 2
owner 7 1130485 2
owner 7 1142485 2
owner 7 1136484 2
owner 7 1130484 2
owner 7 1142484 2
owner 7 1136483 2
owner 7 1130483 2
owner 7 1142483 2
owner 7 1136482 2
owner 7 1142482 2
owner 7 1148482 2
owner 7 1154482 2
owner 7 1148483 2
owner 7 1154483 2
owner 7 1148484 2
owner 7 1154484 2
owner 7 1160484 2
owner 7 1154485 2
owner 7 1160485 2
owner 7 1166485 2
owner 7 1160486 2
owner 7 1166486 2
owner 7 1160487 2
owner 7 1166487 2
owner 7 1160488 2
owner 7 1166484 2
owner 7 1160483 2
owner 7 1124484 2
owner 7 1124485 2
owner 7 1124486 2
owner 7 1124487 2
owner 7 1028778 3
owner 7 1022778 3
owner 7 1034778 3
owner 7 1028777 3
owner 7 1028779 3
owner 7 1022779 3
owner 7 1034779 3
owner 7 1028780 3
owner 7 1022780 3
owner 7 1034780 3
owner 7 1028781 3
owner 7 1022781 3
owner 7 1034781 3
owner 7 1016781 3
owner 7 1016780 3
owner 7 1010780 3
owner 7 1016779 3
owner 7 1010779 3
owner 7 1016778 3
owner 7 1010778 3
owner 7 1016777 3
owner 7 1010777 3
owner 7 1022777 3
owner 7 1016776 3
owner 7 1010776 3
owner 7 1022776 3
owner 7 1016775 3
owner 7 1010775 3
owner 7 1022775 3
owner 7 1016774 3
owner 7 1022774 3
owner 7 1028774 3
owner 7 1034774 3
owner 7 1028775 3
owner 7 1034775 3
owner 7 1028776 3
owner 7 1034776 3
owner 7 1040776 3
owner 7 1034777 3
owner 7 1040777 3
owner 7 1046777 3
owner 7 1040778 3
owner 7 1046778 3
owner 7 1040779 3
owner 7 1046779 3
owner 7 1040780 3
owner 7 1046776 3
owner 7 1040775 3
owner 7 1004776 3
owner 7 1004777 3
owner 7 1004778 3
owner 7 1004779 3
owner 7 1050104 4
owner 7 1044104 4
owner 7 1056104 4
owner 7 1050103 4
owner 7 1050105 4
owner 7 1044105 4
owner 7 1056105 4
owner 7 1050106 4
owner 7 1044106 4
owner 7 1056106 4
owner 7 1050107 4
owner 7 1044107 4
owner 7 1056107 4
owner 7 1038107 4
owner 7 1038106 4
owner 7 1032106 4
owner 7 1038105 4
owner 7 1032105 4
owner 7 1038104 4
owner 7 1032104 4
owner 7 1038103 4
owner 7 1032103 4
owner 7 1044103 4
owner 7 1038102 4
owner 7 1032102 4
owner 7 1044102 4
owner 7 1038101 4
owner 7 1032101 4
owner 7 1044101 4
owner 7 1038100 4
owner 7 1044100 4
owner 7 1050100 4
owner 7 1056100 4
owner 7 1050101 4
owner 7 1056101 4
owner 7 1050102 4
owner 7 1056102 4
owner 7 1062102 4
owner 7 1056103 4
owner 7 1062103 4
owner 7 1068103 4
owner 7 1062104 4
owner 7 1068104 4
owner 7 1062105 4
owner 7 1068105 4
owner 7 1062106 4
owner 7 1068102 4
owner 7 1062101 4
owner 7 1026102 4
owner 7 1026103 4
owner 7 1026104 4
owner 7 1026105 4
owner 7 1031402 5
owner 7 1025402 5
owner 7 1037402 5
owner 7 1031401 5
owner 7 1031403 5
owner 7 1025403 5
owner 7 1037403 5
owner 7 1031404 5
owner 7 1025404 5
owner 7 1037404 5
owner 7 1031405 5
owner 7 1025405 5
owner 7 1037405 5
owner 7 1019405 5
owner 7 1019404 5
owner 7 1013404 5
owner 7 1019403 5
owner 7 1013403 5
owner 7 1019402 5
owner 7 1013402 5
owner 7 1019401 5
owner 7 1013401 5
owner 7 1025401 5
owner 7 1019400 5
owner 7 1013400 5
owner 7 1025400 5
owner 7 1019399 5
owner 7 1013399 5
owner 7 1025399 5
owner 7 1019398 5
owner 7 1025398 5
owner 7 1031398 5
owner 7 1037398 5
owner 7 1031399 5
owner 7 1037399 5
owner 7 1031400 5
owner 7 1037400 5
owner 7 1043400 5
owner 7 1037401 5
owner 7 1043401 5
owner 7 1049401 5
owner 7 1043402 5
owner 7 1049402 5
owner 7 1043403 5
owner 7 1049403 5
owner 7 1043404 5
owner 7 1049400 5
owner 7 1043399 5
owner 7 1007400 5
owner 7 1007401 5
owner 7 1007402 5
owner 7 1007403 5
owner 7 216357 6
owner 7 210357 6
owner 7 222357 6
owner 7 216356 6
owner 7 216358 6
owner 7 210358 6
owner 7 222358 6
owner 7 216359 6
owner 7 210359 6
owner 7 222359 6
owner 7 216360 6
owner 7 210360 6
owner 7 222360 6
owner 7 204360 6
owner 7 204359 6
owner 7 198359 6
owner 7 204358 6
owner 7 198358 6
owner 7 204357 6
owner 7 198357 6
owner 7 204356 6
owner 7 198356 6
owner 7 210356 6
owner 7 204355 6
owner 7 198355 6
owner 7 210355 6
owner 7 204354 6
owner 7 198354 6
owner 7 210354 6
owner 7 204353 6
owner 7 210353 6
owner 7 216353 6
owner 7 222353 6
owner 7 216354 6
owner 7 222354 6
owner 7 216355 6
owner 7 222355 6
owner 7 228355 6
owner 7 222356 6
owner 7 228356 6
owner 7 234356 6
owner 7 228357 6
owner 7 234357 6
owner 7 228358 6
owner 7 234358 6
owner 7 228359 6
owner 7 234355 6
owner 7 228354 6
owner 7 192355 6
owner 7 192356 6
owner 7 192357 6
owner 7 192358 6
owner 7 1011646 7
owner 7 1005646 7
owner 7 1017646 7
owner 7 1011645 7
owner 7 1011647 7
owner 7 1005647 7
owner 7 1017647 7
owner 7 1011648 7
owner 7 1005648 7
owner 7 1017648 7
owner 7 1011649 7
owner 7 1005649 7
owner 7 1017649 7
owner 7 999649 7
owner 7 999648 7
owner 7 993648 7
owner 7 999647 7
owner 7 993647 7
owner 7 999646 7
owner 7 993646 7
owner 7 999645 7
owner 7 993645 7
owner 7 1005645 7
owner 7 999644 7
owner 7 993644 7
owner 7 1005644 7
owner 7 999643 7
owner 7 993643 7
owner 7 1005643 7
owner 7 999642 7
owner 7 1005642 7
owner 7 1011642 7
owner 7 1017642 7
owner 7 1011643 7
owner 7 1017643 7
owner 7 1011644 7
owner 7 1017644 7
owner 7 1023644 7
owner 7 1017645 7
owner 7 1023645 7
owner 7 1029645 7
owner 7 1023646 7
owner 7 1029646 7
owner 7 1023647 7
owner 7 1029647 7
owner 7 1023648 7
owner 7 1029644 7
owner 7 1023643 7
owner 7 987644 7
owner 7 987645 7
owner 7 987646 7
owner 7 987647 7
owner 7 1034282 8
owner 7 1028282 8
owner 7 1040282 8
owner 7 1034281 8
owner 7 1034283 8
owner 7 1028283 8
owner 7 1040283 8
owner 7 1034284 8
owner 7 1028284 8
owner 7 1040284 8
owner 7 1034285 8
owner 7 1028285 8
owner 7 1040285 8
owner 7 1022285 8
owner 7 1022284 8
owner 7 1016284 8
owner 7 1022283 8
owner 7 1016283 8
owner 7 1022282 8
owner 7 1016282 8
owner 7 1022281 8
owner 7 1016281 8
owner 7 1028281 8
owner 7 1022280 8
owner 7 1016280 8
owner 7 1028280 8
owner 7 1022279 8
owner 7 1016279 8
owner 7 1028279 8
owner 7 1022278 8
owner 7 1028278 8
owner 7 1034278 8
owner 7 1040278 8
owner 7 1034279 8
owner 7 1040279 8
owner 7 1034280 8
owner 7 1040280 8
owner 7 1046280 8
owner 7 1040281 8
owner 7 1046281 8
owner 7 1052281 8
owner 7 1046282 8
owner 7 1052282 8
owner 7 1046283 8
owner 7 1052283 8
owner 7 1046284 8
owner 7 1052280 8
owner 7 1046279 8
owner 7 1010280 8
owner 7 1010281 8
owner 7 1010282 8
owner 7 1010283 8
prev 7 1148486
prev 7 1028778
prev 7 1050104
prev 7 1031402
prev 7 216357
prev 7 1011646
prev 7 1034282
owned 7 911420
owned 7 911421
owned 7 911422
owned 7 911423
owned 7 917419
owned 7 917420
owned 7 917421
owned 7 917422
owned 7 917423
owned 7 917424
owned 7 923418
owned 7 923419
owned 7 923420
owned 7 923421
owned 7 923422
owned 7 923423
owned 7 923424
owned 7 923425
owned 7 929418
owned 7 929419
owned 7 929420
owned 7 929421
owned 7 929422
owned 7 929423
owned 7 929424
owned 7 929425
owned 7 935418
owned 7 935419
owned 7 935420
owned 7 935421
owned 7 935422
owned 7 935423
owned 7 935424
owned 7 935425
owned 7 941418
owned 7 941419
owned 7 941420
owned 7 941421
owned 7 941422
owned 7 941423
owned 7 941424
owned 7 941425
owned 7 947419
owned 7 947420
owned 7 947421
owned 7 947422
owned 7 947423
owned 7 947424
owned 7 953420
owned 7 953421
owned 7 953422
owned 7 953423
bot 8 10 ooz4f963 1067254298 826521 4521 137 52
owner 8 1148486 2
owner 8 1142486 2
owner 8 1154486 2
owner 8 1148485 2
owner 8 1148487 2
owner 8 1142487 2
owner 8 1154487 2
owner 8 1148488 2
owner 8 1142488 2
owner 8 1154488 2
owner 8 1148489 2
owner 8 1142489 2
owner 8 1154489 2
owner 8 1136489 2
owner 8 1136488 2
owner 8 1130488 2
owner 8 1136487 2
owner 8 1130487 2
owner 8 1136486 2
owner 8 1130486 2
owner 8 1136485 2
owner 8 1130485 2
owner 8 1142485 2
owner 8 1136484 2
owner 8 1130484 2
owner 8 1142484 2
owner 8 1136483 2
owner 8 1130483 2
owner 8 1142483 2
owner 8 1136482 2
owner 8 1142482 2
owner 8 1148482 2
owner 8 1154482 2
owner 8 1148483 2
owner 8 1154483 2
owner 8 1148484 2
owner 8 1154484 2
owner 8 1160484 2
owner 8 1154485 2
owner 8 1160485 2
owner 8 1166485 2
owner 8 1160486 2
owner 8 1166486 2
owner 8 1160487 2
owner 8 1166487 2
owner 8 1160488 2
owner 8 1166484 2
owner 8 1160483 2
owner 8 1124484 2
owner 8 1124485 2
owner 8 1124486 2
owner 8 1124487 2
owner 8 1028778 3
owner 8 1022778 3
owner 8 1034778 3
owner 8 1028777 3
owner 8 1028779 3
owner 8 1022779 3
owner 8 1034779 3
owner 8 1028780 3
owner 8 1022780 3
owner 8 1034780 3
owner 8 1028781 3
owner 8 1022781 3
owner 8 1034781 3
owner 8 1016781 3
owner 8 1016780 3
owner 8 1010780 3
owner 8 1016779 3
owner 8 1010779 3
owner 8 1016778 3
owner 8 1010778 3
owner 8 1016777 3
owner 8 1010777 3
owner 8 1022777 3
owner 8 1016776 3
owner 8 1010776 3
owner 8 1022776 3
owner 8 1016775 3
owner 8 1010775 3
owner 8 1022775 3
owner 8 1016774 3
owner 8 1022774 3
owner 8 1028774 3
owner 8 1034774 3
owner 8 1028775 3
owner 8 1034775 3
owner 8 1028776 3
owner 8 1034776 3
owner 8 1040776 3
owner 8 1034777 3
owner 8 1040777 3
owner 8 1046777 3
owner 8 1040778 3
owner 8 1046778 3
owner 8 1040779 3
owner 8 1046779 3
owner 8 1040780 3
owner 8 1046776 3
owner 8 1040775 3
owner 8 1004776 3
owner 8 1004777 3
owner 8 1004778 3
owner 8 1004779 3
owner 8 1050104 4
owner 8 1044104 4
owner 8 1056104 4
owner 8 1050103 4
owner 8 1050105 4
owner 8 1044105 4
owner 8 1056105 4
owner 8 1050106 4
owner 8 1044106 4
owner 8 1056106 4
owner 8 1050107 4
owner 8 1044107 4
owner 8 1056107 4
owner 8 1038107 4
owner 8 1038106 4
owner 8 1032106 4
owner 8 1038105 4
owner 8 1032105 4
owner 8 1038104 4
owner 8 1032104 4
owner 8 1038103 4
owner 8 1032103 4
owner 8 1044103 4
owner 8 1038102 4
owner 8 1032102 4
owner 8 1044102 4
owner 8 1038101 4
owner 8 1032101 4
owner 8 1044101 4
owner 8 1038100 4
owner 8 1044100 4
owner 8 1050100 4
owner 8 1056100 4
owner 8 1050101 4
owner 8 1056101 4
owner 8 1050102 4
owner 8 1056102 4
owner 8 1062102 4
owner 8 1056103 4
owner 8 1062103 4
owner 8 1068103 4
owner 8 1062104 4
owner 8 1068104 4
owner 8 1062105 4
owner 8 1068105 4
owner 8 1062106 4
owner 8 1068102 4
owner 8 1062101 4
owner 8 1026102 4
owner 8 1026103 4
owner 8 1026104 4
owner 8 1026105 4
owner 8 1031402 5
owner 8 1025402 5
owner 8 1037402 5
owner 8 1031401 5
owner 8 1031403 5
owner 8 1025403 5
owner 8 1037403 5
owner 8 1031404 5
owner 8 1025404 5
owner 8 1037404 5
owner 8 1031405 5
owner 8 1025405 5
owner 8 1037405 5
owner 8 1019405 5
owner 8 1019404 5
owner 8 1013404 5
owner 8 1019403 5
owner 8 1013403 5
owner 8 1019402 5
owner 8 1013402 5
owner 8 1019401 5
owner 8 1013401 5
owner 8 1025401 5
owner 8 1019400 5
owner 8 1013400 5
owner 8 1025400 5
owner 8 1019399 5
owner 8 1013399 5
owner 8 1025399 5
owner 8 1019398 5
owner 8 1025398 5
owner 8 1031398 5
owner 8 1037398 5
owner 8 1031399 5
owner 8 1037399 5
owner 8 1031400 5
owner 8 1037400 5
owner 8 1043400 5
owner 8 1037401 5
owner 8 1043401 5
owner 8 1049401 5
owner 8 1043402 5
owner 8 1049402 5
owner 8 1043403 5
owner 8 1049403 5
owner 8 1043404 5
owner 8 1049400 5
owner 8 1043399 5
owner 8 1007400 5
owner 8 1007401 5
owner 8 1007402 5
owner 8 1007403 5
owner 8 216357 6
owner 8 210357 6
owner 8 222357 6
owner 8 216356 6
owner 8 216358 6
owner 8 210358 6
owner 8 222358 6
owner 8 216359 6
owner 8 210359 6
owner 8 222359 6
owner 8 216360 6
owner 8 210360 6
owner 8 222360 6
owner 8 204360 6
owner 8 204359 6
owner 8 198359 6
owner 8 204358 6
owner 8 198358 6
owner 8 204357 6
owner 8 198357 6
owner 8 204356 6
owner 8 198356 6
owner 8 210356 6
owner 8 204355 6
owner 8 198355 6
owner 8 210355 6
owner 8 204354 6
owner 8 198354 6
owner 8 210354 6
owner 8 204353 6
owner 8 210353 6
owner 8 216353 6
owner 8 222353 6
owner 8 216354 6
owner 8 222354 6
owner 8 216355 6
owner 8 222355 6
owner 8 228355 6
owner 8 222356 6
owner 8 228356 6
owner 8 234356 6
owner 8 228357 6
owner 8 234357 6
owner 8 228358 6
owner 8 234358 6
owner 8 228359 6
owner 8 234355 6
owner 8 228354 6
owner 8 192355 6
owner 8 192356 6
owner 8 192357 6
owner 8 192358 6
owner 8 1011646 7
owner 8 1005646 7
owner 8 1017646 7
owner 8 1011645 7
owner 8 1011647 7
owner 8 1005647 7
owner 8 1017647 7
owner 8 1011648 7
owner 8 1005648 7
owner 8 1017648 7
owner 8 1011649 7
owner 8 1005649 7
owner 8 1017649 7
owner 8 999649 7
owner 8 999648 7
owner 8 993648 7
owner 8 999647 7
owner 8 993647 7
owner 8 999646 7
owner 8 993646 7
owner 8 999645 7
owner 8 993645 7
owner 8 1005645 7
owner 8 999644 7
owner 8 993644 7
owner 8 1005644 7
owner 8 999643 7
owner 8 993643 7
owner 8 1005643 7
owner 8 999642 7
owner 8 1005642 7
owner 8 1011642 7
owner 8 1017642 7
owner 8 1011643 7
owner 8 1017643 7
owner 8 1011644 7
owner 8 1017644 7
owner 8 1023644 7
owner 8 1017645 7
owner 8 1023645 7
owner 8 1029645 7
owner 8 1023646 7
owner 8 1029646 7
owner 8 1023647 7
owner 8 1029647 7
owner 8 1023648 7
owner 8 1029644 7
owner 8 1023643 7
owner 8 987644 7
owner 8 987645 7
owner 8 987646 7
owner 8 987647 7
owner 8 1034282 8
owner 8 1028282 8
owner 8 1040282 8
owner 8 1034281 8
owner 8 1034283 8
owner 8 1028283 8
owner 8 1040283 8
owner 8 1034284 8
owner 8 1028284 8
owner 8 1040284 8
owner 8 1034285 8
owner 8 1028285 8
owner 8 1040285 8
owner 8 1022285 8
owner 8 1022284 8
owner 8 1016284 8
owner 8 1022283 8
owner 8 1016283 8
owner 8 1022282 8
owner 8 1016282 8
owner 8 1022281 8
owner 8 1016281 8
owner 8 1028281 8
owner 8 1022280 8
owner 8 1016280 8
owner 8 1028280 8
owner 8 1022279 8
owner 8 1016279 8
owner 8 1028279 8
owner 8 1022278 8
owner 8 1028278 8
owner 8 1034278 8
owner 8 1040278 8
owner 8 1034279 8
owner 8 1040279 8
owner 8 1034280 8
owner 8 1040280 8
owner 8 1046280 8
owner 8 1040281 8
owner 8 1046281 8
owner 8 1052281 8
owner 8 1046282 8
owner 8 1052282 8
owner 8 1046283 8
owner 8 1052283 8
owner 8 1046284 8
owner 8 1052280 8
owner 8 1046279 8
owner 8 1010280 8
owner 8 1010281 8
owner 8 1010282 8
owner 8 1010283 8
owner 8 935422 9
owner 8 929422 9
owner 8 941422 9
owner 8 935421 9
owner 8 935423 9
owner 8 929423 9
owner 8 941423 9
owner 8 935424 9
owner 8 929424 9
owner 8 941424 9
owner 8 935425 9
owner 8 929425 9
owner 8 941425 9
owner 8 923425 9
owner 8 923424 9
owner 8 917424 9
owner 8 923423 9
owner 8 917423 9
owner 8 923422 9
owner 8 917422 9
owner 8 923421 9
owner 8 917421 9
owner 8 929421 9
owner 8 923420 9
owner 8 917420 9
owner 8 929420 9
owner 8 923419 9
owner 8 917419 9
owner 8 929419 9
owner 8 923418 9
owner 8 929418 9
owner 8 935418 9
owner 8 941418 9
owner 8 935419 9
owner 8 941419 9
owner 8 935420 9
owner 8 941420 9
owner 8 947420 9
owner 8 941421 9
owner 8 947421 9
owner 8 953421 9
owner 8 947422 9
owner 8 953422 9
owner 8 947423 9
owner 8 953423 9
owner 8 947424 9
owner 8 953420 9
owner 8 947419 9
owner 8 911420 9
owner 8 911421 9
owner 8 911422 9
owner 8 911423 9
prev 8 1148486
prev 8 1028778
prev 8 1050104
prev 8 1031402
prev 8 216357
prev 8 1011646
prev 8 1034282
prev 8 935422
owned 8 802519
owned 8 802520
owned 8 802521
owned 8 802522
owned 8 808518
owned 8 808519
owned 8 808520
owned 8 808521
owned 8 808522
owned 8 808523
owned 8 814517
owned 8 814518
owned 8 814519
owned 8 814520
owned 8 814521
owned 8 814522
owned 8 814523
owned 8 814524
owned 8 820517
owned 8 820518
owned 8 820519
owned 8 820520
owned 8 820521
owned 8 820522
owned 8 820523
owned 8 820524
owned 8 826517
owned 8 826518
owned 8 826519
owned 8 826520
owned 8 826521
owned 8 826522
owned 8 826523
owned 8 826524
owned 8 832517
owned 8 832518
owned 8 832519
owned 8 832520
owned 8 832521
owned 8 832522
owned 8 832523
owned 8 832524
owned 8 838518
owned 8 838519
owned 8 838520
owned 8 838521
owned 8 838522
owned 8 838523
owned 8 844519
owned 8 844520
owned 8 844521
owned 8 844522
bot 9 11 g49bog52 471077977 174494 494 29 52
owner 9 1148486 2
owner 9 1142486 2
owner 9 1154486 2
owner 9 1148485 2
owner 9 1148487 2
owner 9 1142487 2
owner 9 1154487 2
owner 9 1148488 2
owner 9 1142488 2
owner 9 1154488 2
owner 9 1148489 2
owner 9 1142489 2
owner 9 1154489 2
owner 9 1136489 2
owner 9 1136488 2
owner 9 1130488 2
owner 9 1136487 2
owner 9 1130487 2
owner 9 1136486 2
owner 9 1130486 2
owner 9 1136485 2
owner 9 1130485 2
owner 9 1142485 2
owner 9 1136484 2
owner 9 1130484 2
owner 9 1142484 2
owner 9 1136483 2
owner 9 1130483 2
owner 9 1142483 2
owner 9 1136482 2
owner 9 1142482 2
owner 9 1148482 2
owner 9 1154482 2
owner 9 1148483 2
owner 9 1154483 2
owner 9 1148484 2
owner 9 1154484 2
owner 9 1160484 2
owner 9 1154485 2
owner 9 1160485 2
owner 9 1166485 2
owner 9 1160486 2
owner 9 1166486 2
owner 9 1160487 2
owner 9 1166487 2
owner 9 1160488 2
owner 9 1166484 2
owner 9 1160483 2
owner 9 1124484 2
owner 9 1124485 2
owner 9 1124486 2
owner 9 1124487 2
owner 9 1028778 3
owner 9 1022778 3
owner 9 1034778 3
owner 9 1028777 3
owner 9 1028779 3
owner 9 1022779 3
owner 9 1034779 3
owner 9 1028780 3
owner 9 1022780 3
owner 9 1034780 3
owner 9 1028781 3
owner 9 1022781 3
owner 9 1034781 3
owner 9 1016781 3
owner 9 1016780 3
owner 9 1010780 3
owner 9 1016779 3
owner 9 1010779 3
owner 9 1016778 3
owner 9 1010778 3
owner 9 1016777 3
owner 9 1010777 3
owner 9 1022777 3
owner 9 1016776 3
owner 9 1010776 3
owner 9 1022776 3
owner 9 1016775 3
owner 9 1010775 3
owner 9 1022775 3
owner 9 1016774 3
owner 9 1022774 3
owner 9 1028774 3
owner 9 1034774 3
owner 9 1028775 3
owner 9 1034775 3
owner 9 1028776 3
owner 9 1034776 3
owner 9 1040776 3
owner 9 1034777 3
owner 9 1040777 3
owner 9 1046777 3
owner 9 1040778 3
owner 9 1046778 3
owner 9 1040779 3
owner 9 1046779 3
owner 9 1040780 3
owner 9 1046776 3
owner 9 1040775 3
owner 9 1004776 3
owner 9 1004777 3
owner 9 1004778 3
owner 9 1004779 3
owner 9 1050104 4
owner 9 1044104 4
owner 9 1056104 4
owner 9 1050103 4
owner 9 1050105 4
owner 9 1044105 4
owner 9 1056105 4
owner 9 1050106 4
owner 9 1044106 4
owner 9 1056106 4
owner 9 1050107 4
owner 9 1044107 4
owner 9 1056107 4
owner 9 1038107 4
owner 9 1038106 4
owner 9 1032106 4
owner 9 1038105 4
owner 9 1032105 4
owner 9 1038104 4
owner 9 1032104 4
owner 9 1038103 4
owner 9 1032103 4
owner 9 1044103 4
owner 9 1038102 4
owner 9 1032102 4
owner 9 1044102 4
owner 9 1038101 4
owner 9 1032101 4
owner 9 1044101 4
owner 9 1038100 4
owner 9 1044100 4
owner 9 1050100 4
owner 9 1056100 4
owner 9 1050101 4
owner 9 1056101 4
owner 9 1050102 4
owner 9 1056102 4
owner 9 1062102 4
owner 9 1056103 4
owner 9 1062103 4
owner 9 1068103 4
owner 9 1062104 4
owner 9 1068104 4
owner 9 1062105 4
owner 9 1068105 4
owner 9 1062106 4
owner 9 1068102 4
owner 9 1062101 4
owner 9 1026102 4
owner 9 1026103 4
owner 9 1026104 4
owner 9 1026105 4
owner 9 1031402 5
owner 9 1025402 5
owner 9 1037402 5
owner 9 1031401 5
owner 9 1031403 5
owner 9 1025403 5
owner 9 1037403 5
owner 9 1031404 5
owner 9 1025404 5
owner 9 1037404 5
owner 9 1031405 5
owner 9 1025405 5
owner 9 1037405 5
owner 9 1019405 5
owner 9 1019404 5
owner 9 1013404 5
owner 9 1019403 5
owner 9 1013403 5
owner 9 1019402 5
owner 9 1013402 5
owner 9 1019401 5
owner 9 1013401 5
owner 9 1025401 5
owner 9 1019400 5
owner 9 1013400 5
owner 9 1025400 5
owner 9 1019399 5
owner 9 1013399 5
owner 9 1025399 5
owner 9 1019398 5
owner 9 1025398 5
owner 9 1031398 5
owner 9 1037398 5
owner 9 1031399 5
owner 9 1037399 5
owner 9 1031400 5
owner 9 1037400 5
owner 9 1043400 5
owner 9 1037401 5
owner 9 1043401 5
owner 9 1049401 5
owner 9 1043402 5
owner 9 1049402 5
owner 9 1043403 5
owner 9 1049403 5
owner 9 1043404 5
owner 9 1049400 5
owner 9 1043399 5
owner 9 1007400 5
owner 9 1007401 5
owner 9 1007402 5
owner 9 1007403 5
owner 9 216357 6
owner 9 210357 6
owner 9 222357 6
owner 9 216356 6
owner 9 216358 6
owner 9 210358 6
owner 9 222358 6
owner 9 216359 6
owner 9 210359 6
owner 9 222359 6
owner 9 216360 6
owner 9 210360 6
owner 9 222360 6
owner 9 204360 6
owner 9 204359 6
owner 9 198359 6
owner 9 204358 6
owner 9 198358 6
owner 9 204357 6
owner 9 198357 6
owner 9 204356 6
owner 9 198356 6
owner 9 210356 6
owner 9 204355 6
owner 9 198355 6
owner 9 210355 6
owner 9 204354 6
owner 9 198354 6
owner 9 210354 6
owner 9 204353 6
owner 9 210353 6
owner 9 216353 6
owner 9 222353 6
owner 9 216354 6
owner 9 222354 6
owner 9 216355 6
owner 9 222355 6
owner 9 228355 6
owner 9 222356 6
owner 9 228356 6
owner 9 234356 6
owner 9 228357 6
owner 9 234357 6
owner 9 228358 6
owner 9 234358 6
owner 9 228359 6
owner 9 234355 6
owner 9 228354 6
owner 9 192355 6
owner 9 192356 6
owner 9 192357 6
owner 9 192358 6
owner 9 1011646 7
owner 9 1005646 7
owner 9 1017646 7
owner 9 1011645 7
owner 9 1011647 7
owner 9 1005647 7
owner 9 1017647 7
owner 9 1011648 7
owner 9 1005648 7
owner 9 1017648 7
owner 9 1011649 7
owner 9 1005649 7
owner 9 1017649 7
owner 9 999649 7
owner 9 999648 7
owner 9 993648 7
owner 9 999647 7
owner 9 993647 7
owner 9 999646 7
owner 9 993646 7
owner 9 999645 7
owner 9 993645 7
owner 9 1005645 7
owner 9 999644 7
owner 9 993644 7
owner 9 1005644 7
owner 9 999643 7
owner 9 993643 7
owner 9 1005643 7
owner 9 999642 7
owner 9 1005642 7
owner 9 1011642 7
owner 9 1017642 7
owner 9 1011643 7
owner 9 1017643 7
owner 9 1011644 7
owner 9 1017644 7
owner 9 1023644 7
owner 9 1017645 7
owner 9 1023645 7
owner 9 1029645 7
owner 9 1023646 7
owner 9 1029646 7
owner 9 1023647 7
owner 9 1029647 7
owner 9 1023648 7
owner 9 1029644 7
owner 9 1023643 7
owner 9 987644 7
owner 9 987645 7
owner 9 987646 7
owner 9 987647 7
owner 9 1034282 8
owner 9 1028282 8
owner 9 1040282 8
owner 9 1034281 8
owner 9 1034283 8
owner 9 1028283 8
owner 9 1040283 8
owner 9 1034284 8
owner 9 1028284 8
owner 9 1040284 8
owner 9 1034285 8
owner 9 1028285 8
owner 9 1040285 8
owner 9 1022285 8
owner 9 1022284 8
owner 9 1016284 8
owner 9 1022283 8
owner 9 1016283 8
owner 9 1022282 8
owner 9 1016282 8
owner 9 1022281 8
owner 9 1016281 8
owner 9 1028281 8
owner 9 1022280 8
owner 9 1016280 8
owner 9 1028280 8
owner 9 1022279 8
owner 9 1016279 8
owner 9 1028279 8
owner 9 1022278 8
owner 9 1028278 8
owner 9 1034278 8
owner 9 1040278 8
owner 9 1034279 8
owner 9 1040279 8
owner 9 1034280 8
owner 9 1040280 8
owner 9 1046280 8
owner 9 1040281 8
owner 9 1046281 8
owner 9 1052281 8
owner 9 1046282 8
owner 9 1052282 8
owner 9 1046283 8
owner 9 1052283 8
owner 9 1046284 8
owner 9 1052280 8
owner 9 1046279 8
owner 9 1010280 8
owner 9 1010281 8
owner 9 1010282 8
owner 9 1010283 8
owner 9 935422 9
owner 9 929422 9
owner 9 941422 9
owner 9 935421 9
owner 9 935423 9
owner 9 929423 9
owner 9 941423 9
owner 9 935424 9
owner 9 929424 9
owner 9 941424 9
owner 9 935425 9
owner 9 929425 9
owner 9 941425 9
owner 9 923425 9
owner 9 923424 9
owner 9 917424 9
owner 9 923423 9
owner 9 917423 9
owner 9 923422 9
owner 9 917422 9
owner 9 923421 9
owner 9 917421 9
owner 9 929421 9
owner 9 923420 9
owner 9 917420 9
owner 9 929420 9
owner 9 923419 9
owner 9 917419 9
owner 9 929419 9
owner 9 923418 9
owner 9 929418 9
owner 9 935418 9
owner 9 941418 9
owner 9 935419 9
owner 9 941419 9
owner 9 935420 9
owner 9 941420 9
owner 9 947420 9
owner 9 941421 9
owner 9 947421 9
owner 9 953421 9
owner 9 947422 9
owner 9 953422 9
owner 9 947423 9
owner 9 953423 9
owner 9 947424 9
owner 9 953420 9
owner 9 947419 9
owner 9 911420 9
owner 9 911421 9
owner 9 911422 9
owner 9 911423 9
owner 9 826521 10
owner 9 820521 10
owner 9 832521 10
owner 9 826520 10
owner 9 826522 10
owner 9 820522 10
owner 9 832522 10
owner 9 826523 10
owner 9 820523 10
owner 9 832523 10
owner 9 826524 10
owner 9 820524 10
owner 9 832524 10
owner 9 814524 10
owner 9 814523 10
owner 9 808523 10
owner 9 814522 10
owner 9 808522 10
owner 9 814521 10
owner 9 808521 10
owner 9 814520 10
owner 9 808520 10
owner 9 820520 10
owner 9 814519 10
owner 9 808519 10
owner 9 820519 10
owner 9 814518 10
owner 9 808518 10
owner 9 820518 10
owner 9 814517 10
owner 9 820517 10
owner 9 826517 10
owner 9 832517 10
owner 9 826518 10
owner 9 832518 10
owner 9 826519 10
owner 9 832519 10
owner 9 838519 10
owner 9 832520 10
owner 9 838520 10
owner 9 844520 10
owner 9 838521 10
owner 9 844521 10
owner 9 838522 10
owner 9 844522 10
owner 9 838523 10
owner 9 844519 10
owner 9 838518 10
owner 9 802519 10
owner 9 802520 10
owner 9 802521 10
owner 9 802522 10
prev 9 1148486
prev 9 1028778
prev 9 1050104
prev 9 1031402
prev 9 216357
prev 9 1011646
prev 9 1034282
prev 9 935422
prev 9 826521
owned 9 150492
owned 9 150493
owned 9 150494
owned 9 150495
owned 9 156491
owned 9 156492
owned 9 156493
owned 9 156494
owned 9 156495
owned 9 156496
owned 9 162490
owned 9 162491
owned 9 162492
owned 9 162493
owned 9 162494
owned 9 162495
owned 9 162496
owned 9 162497
owned 9 168490
owned 9 168491
owned 9 168492
owned 9 168493
owned 9 168494
owned 9 168495
owned 9 168496
owned 9 168497
owned 9 174490
owned 9 174491
owned 9 174492
owned 9 174493
owned 9 174494
owned 9 174495
owned 9 174496
owned 9 174497
owned 9 180490
owned 9 180491
owned 9 180492
owned 9 180493
owned 9 180494
owned 9 180495
owned 9 180496
owned 9 180497
owned 9 186491
owned 9 186492
owned 9 186493
owned 9 186494
owned 9 186495
owned 9 186496
owned 9 192492
owned 9 192493
owned 9 192494
owned 9 192495
bot 10 12 vl3arc4y 2110741002 928063 4063 154 52
owner 10 1148486 2
owner 10 1142486 2
owner 10 1154486 2
owner 10 1148485 2
owner 10 1148487 2
owner 10 1142487 2
owner 10 1154487 2
owner 10 1148488 2
owner 10 1142488 2
owner 10 1154488 2
owner 10 1148489 2
owner 10 1142489 2
owner 10 1154489 2
owner 10 1136489 2
owner 10 1136488 2
owner 10 1130488 2
owner 10 1136487 2
owner 10 1130487 2
owner 10 1136486 2
owner 10 1130486 2
owner 10 1136485 2
owner 10 1130485 2
owner 10 1142485 2
owner 10 1136484 2
owner 10 1130484 2
owner 10 1142484 2
owner 10 1136483 2
owner 10 1130483 2
owner 10 1142483 2
owner 10 1136482 2
owner 10 1142482 2
owner 10 1148482 2
owner 10 1154482 2
owner 10 1148483 2
owner 10 1154483 2
owner 10 1148484 2
owner 10 1154484 2
owner 10 1160484 2
owner 10 1154485 2
owner 10 1160485 2
owner 10 1166485 2
owner 10 1160486 2
owner 10 1166486 2
owner 10 1160487 2
owner 10 1166487 2
owner 10 1160488 2
owner 10 1166484 2
owner 10 1160483 2
owner 10 1124484 2
owner 10 1124485 2
owner 10 1124486 2
owner 10 1124487 2
owner 10 1028778 3
owner 10 1022778 3
owner 10 1034778 3
owner 10 1028777 3
owner 10 1028779 3
owner 10 1022779 3
owner 10 1034779 3
owner 10 1028780 3
owner 10 1022780 3
owner 10 1034780 3
owner 10 1028781 3
owner 10 1022781 3
owner 10 1034781 3
owner 10 1016781 3
owner 10 1016780 3
owner 10 1010780 3
owner 10 1016779 3
owner 10 1010779 3
owner 10 1016778 3
owner 10 1010778 3
owner 10 1016777 3
owner 10 1010777 3
owner 10 1022777 3
owner 10 1016776 3
owner 10 1010776 3
owner 10 1022776 3
owner 10 1016775 3
owner 10 1010775 3
owner 10 1022775 3
owner 10 1016774 3
owner 10 1022774 3
owner 10 1028774 3
owner 10 1034774 3
owner 10 1028775 3
owner 10 1034775 3
owner 10 1028776 3
owner 10 1034776 3
owner 10 1040776 3
owner 10 1034777 3
owner 10 1040777 3
owner 10 1046777 3
owner 10 1040778 3
owner 10 1046778 3
owner 10 1040779 3
owner 10 1046779 3
owner 10 1040780 3
owner 10 1046776 3
owner 10 1040775 3
owner 10 1004776 3
owner 10 1004777 3
owner 10 1004778 3
owner 10 1004779 3
owner 10 1050104 4
owner 10 1044104 4
owner 10 1056104 4
owner 10 1050103 4
owner 10 1050105 4
owner 10 1044105 4
owner 10 1056105 4
owner 10 1050106 4
owner 10 1044106 4
owner 10 1056106 4
owner 10 1050107 4
owner 10 1044107 4
owner 10 1056107 4
owner 10 1038107 4
owner 10 1038106 4
owner 10 1032106 4
owner 10 1038105 4
owner 10 1032105 4
owner 10 1038104 4
owner 10 1032104 4
owner 10 1038103 4
owner 10 1032103 4
owner 10 1044103 4
owner 10 1038102 4
owner 10 1032102 4
owner 10 1044102 4
owner 10 1038101 4
owner 10 1032101 4
owner 10 1044101 4
owner 10 1038100 4
owner 10 1044100 4
owner 10 1050100 4
owner 10 1056100 4
owner 10 1050101 4
owner 10 1056101 4
owner 10 1050102 4
owner 10 1056102 4
owner 10 1062102 4
owner 10 1056103 4
owner 10 1062103 4
owner 10 1068103 4
owner 10 1062104 4
owner 10 1068104 4
owner 10 1062105 4
owner 10 1068105 4
owner 10 1062106 4
owner 10 1068102 4
owner 10 1062101 4
owner 10 1026102 4
owner 10 1026103 4
owner 10 1026104 4
owner 10 1026105 4
owner 10 1031402 5
owner 10 1025402 5
owner 10 1037402 5
owner 10 1031401 5
owner 10 1031403 5
owner 10 1025403 5
owner 10 1037403 5
owner 10 1031404 5
owner 10 1025404 5
owner 10 1037404 5
owner 10 1031405 5
owner 10 1025405 5
owner 10 1037405 5
owner 10 1019405 5
owner 10 1019404 5
owner 10 1013404 5
owner 10 1019403 5
owner 10 1013403 5
owner 10 1019402 5
owner 10 1013402 5
owner 10 1019401 5
owner 10 1013401 5
owner 10 1025401 5
owner 10 1019400 5
owner 10 1013400 5
owner 10 1025400 5
owner 10 1019399 5
owner 10 1013399 5
owner 10 1025399 5
owner 10 1019398 5
owner 10 1025398 5
owner 10 1031398 5
owner 10 1037398 5
owner 10 1031399 5
owner 10 1037399 5
owner 10 1031400 5
owner 10 1037400 5
owner 10 1043400 5
owner 10 1037401 5
owner 10 1043401 5
owner 10 1049401 5
owner 10 1043402 5
owner 10 1049402 5
owner 10 1043403 5
owner 10 1049403 5
owner 10 1043404 5
owner 10 1049400 5
owner 10 1043399 5
owner 10 1007400 5
owner 10 1007401 5
owner 10 1007402 5
owner 10 1007403 5
owner 10 216357 6
owner 10 210357 6
owner 10 222357 6
owner 10 216356 6
owner 10 216358 6
owner 10 210358 6
owner 10 222358 6
owner 10 216359 6
owner 10 210359 6
owner 10 222359 6
owner 10 216360 6
owner 10 210360 6
owner 10 222360 6
owner 10 204360 6
owner 10 204359 6
owner 10 198359 6
owner 10 204358 6
owner 10 198358 6
owner 10 204357 6
owner 10 198357 6
owner 10 204356 6
owner 10 198356 6
owner 10 210356 6
owner 10 204355 6
owner 10 198355 6
owner 10 210355 6
owner 10 204354 6
owner 10 198354 6
owner 10 210354 6
owner 10 204353 6
owner 10 210353 6
owner 10 216353 6
owner 10 222353 6
owner 10 216354 6
owner 10 222354 6
owner 10 216355 6
owner 10 222355 6
owner 10 228355 6
owner 10 222356 6
owner 10 228356 6
owner 10 234356 6
owner 10 228357 6
owner 10 234357 6
owner 10 228358 6
owner 10 234358 6
owner 10 228359 6
owner 10 234355 6
owner 10 228354 6
owner 10 192355 6
owner 10 192356 6
owner 10 192357 6
owner 10 192358 6
owner 10 1011646 7
owner 10 1005646 7
owner 10 1017646 7
owner 10 1011645 7
owner 10 1011647 7
owner 10 1005647 7
owner 10 1017647 7
owner 10 1011648 7
owner 10 1005648 7
owner 10 1017648 7
owner 10 1011649 7
owner 10 1005649 7
owner 10 1017649 7
owner 10 999649 7
owner 10 999648 7
owner 10 993648 7
owner 10 999647 7
owner 10 993647 7
owner 10 999646 7
owner 10 993646 7
owner 10 999645 7
owner 10 993645 7
owner 10 1005645 7
owner 10 999644 7
owner 10 993644 7
owner 10 1005644 7
owner 10 999643 7
owner 10 993643 7
owner 10 1005643 7
owner 10 999642 7
owner 10 1005642 7
owner 10 1011642 7
owner 10 1017642 7
owner 10 1011643 7
owner 10 1017643 7
owner 10 1011644 7
owner 10 1017644 7
owner 10 1023644 7
owner 10 1017645 7
owner 10 1023645 7
owner 10 1029645 7
owner 10 1023646 7
owner 10 1029646 7
owner 10 1023647 7
owner 10 1029647 7
owner 10 1023648 7
owner 10 1029644 7
owner 10 1023643 7
owner 10 987644 7
owner 10 987645 7
owner 10 987646 7
owner 10 987647 7
owner 10 1034282 8
owner 10 1028282 8
owner 10 1040282 8
owner 10 1034281 8
owner 10 1034283 8
owner 10 1028283 8
owner 10 1040283 8
owner 10 1034284 8
owner 10 1028284 8
owner 10 1040284 8
owner 10 1034285 8
owner 10 1028285 8
owner 10 1040285 8
owner 10 1022285 8
owner 10 1022284 8
owner 10 1016284 8
owner 10 1022283 8
owner 10 1016283 8
owner 10 1022282 8
owner 10 1016282 8
owner 10 1022281 8
owner 10 1016281 8
owner 10 1028281 8
owner 10 1022280 8
owner 10 1016280 8
owner 10 1028280 8
owner 10 1022279 8
owner 10 1016279 8
owner 10 1028279 8
owner 10 1022278 8
owner 10 1028278 8
owner 10 1034278 8
owner 10 1040278 8
owner 10 1034279 8
owner 10 1040279 8
owner 10 1034280 8
owner 10 1040280 8
owner 10 1046280 8
owner 10 1040281 8
owner 10 1046281 8
owner 10 1052281 8
owner 10 1046282 8
owner 10 1052282 8
owner 10 1046283 8
owner 10 1052283 8
owner 10 1046284 8
owner 10 1052280 8
owner 10 1046279 8
owner 10 1010280 8
owner 10 1010281 8
owner 10 1010282 8
owner 10 1010283 8
owner 10 935422 9
owner 10 929422 9
owner 10 941422 9
owner 10 935421 9
owner 10 935423 9
owner 10 929423 9
owner 10 941423 9
owner 10 935424 9
owner 10 929424 9
owner 10 941424 9
owner 10 935425 9
owner 10 929425 9
owner 10 941425 9
owner 10 923425 9
owner 10 923424 9
owner 10 917424 9
owner 10 923423 9
owner 10 917423 9
owner 10 923422 9
owner 10 917422 9
owner 10 923421 9
owner 10 917421 9
owner 10 929421 9
owner 10 923420 9
owner 10 917420 9
owner 10 929420 9
owner 10 923419 9
owner 10 917419 9
owner 10 929419 9
owner 10 923418 9
owner 10 929418 9
owner 10 935418 9
owner 10 941418 9
owner 10 935419 9
owner 10 941419 9
owner 10 935420 9
owner 10 941420 9
owner 10 947420 9
owner 10 941421 9
owner 10 947421 9
owner 10 953421 9
owner 10 947422 9
owner 10 953422 9
owner 10 947423 9
owner 10 953423 9
owner 10 947424 9
owner 10 953420 9
owner 10 947419 9
owner 10 911420 9
owner 10 911421 9
owner 10 911422 9
owner 10 911423 9
owner 10 826521 10
owner 10 820521 10
owner 10 832521 10
owner 10 826520 10
owner 10 826522 10
owner 10 820522 10
owner 10 832522 10
owner 10 826523 10
owner 10 820523 10
owner 10 832523 10
owner 10 826524 10
owner 10 820524 10
owner 10 832524 10
owner 10 814524 10
owner 10 814523 10
owner 10 808523 10
owner 10 814522 10
owner 10 808522 10
owner 10 814521 10
owner 10 808521 10
owner 10 814520 10
owner 10 808520 10
owner 10 820520 10
owner 10 814519 10
owner 10 808519 10
owner 10 820519 10
owner 10 814518 10
owner 10 808518 10
owner 10 820518 10
owner 10 814517 10
owner 10 820517 10
owner 10 826517 10
owner 10 832517 10
owner 10 826518 10
owner 10 832518 10
owner 10 826519 10
owner 10 832519 10
owner 10 838519 10
owner 10 832520 10
owner 10 838520 10
owner 10 844520 10
owner 10 838521 10
owner 10 844521 10
owner 10 838522 10
owner 10 844522 10
owner 10 838523 10
owner 10 844519 10
owner 10 838518 10
owner 10 802519 10
owner 10 802520 10
owner 10 802521 10
owner 10 802522 10
owner 10 174494 11
owner 10 168494 11
owner 10 180494 11
owner 10 174493 11
owner 10 174495 11
owner 10 168495 11
owner 10 180495 11
owner 10 174496 11
owner 10 168496 11
owner 10 180496 11
owner 10 174497 11
owner 10 168497 11
owner 10 180497 11
owner 10 162497 11
owner 10 162496 11
owner 10 156496 11
owner 10 162495 11
owner 10 156495 11
owner 10 162494 11
owner 10 156494 11
owner 10 162493 11
owner 10 156493 11
owner 10 168493 11
owner 10 162492 11
owner 10 156492 11
owner 10 168492 11
owner 10 162491 11
owner 10 156491 11
owner 10 168491 11
owner 10 162490 11
owner 10 168490 11
owner 10 174490 11
owner 10 180490 11
owner 10 174491 11
owner 10 180491 11
owner 10 174492 11
owner 10 180492 11
owner 10 186492 11
owner 10 180493 11
owner 10 186493 11
owner 10 192493 11
owner 10 186494 11
owner 10 192494 11
owner 10 186495 11
owner 10 192495 11
owner 10 186496 11
owner 10 192492 11
owner 10 186491 11
owner 10 150492 11
owner 10 150493 11
owner 10 150494 11
owner 10 150495 11
prev 10 1148486
prev 10 1028778
prev 10 1050104
prev 10 1031402
prev 10 216357
prev 10 1011646
prev 10 1034282
prev 10 935422
prev 10 826521
prev 10 174494
owned 10 904061
owned 10 904062
owned 10 904063
owned 10 904064
owned 10 910060
owned 10 910061
owned 10 910062
owned 10 910063
owned 10 910064
owned 10 910065
owned 10 916059
owned 10 916060
owned 10 916061
owned 10 916062
owned 10 916063
owned 10 916064
owned 10 916065
owned 10 916066
owned 10 922059
owned 10 922060
owned 10 922061
owned 10 922062
owned 10 922063
owned 10 922064
owned 10 922065
owned 10 922066
owned 10 928059
owned 10 928060
owned 10 928061
owned 10 928062
owned 10 928063
owned 10 928064
owned 10 928065
owned 10 928066
owned 10 934059
owned 10 934060
owned 10 934061
owned 10 934062
owned 10 934063
owned 10 934064
owned 10 934065
owned 10 934066
owned 10 940060
owned 10 940061
owned 10 940062
owned 10 940063
owned 10 940064
owned 10 940065
owned 10 946061
owned 10 946062
owned 10 946063
owned 10 946064
bot 11 13 26spmsu2 1249151528 950882 2882 158 52
owner 11 1148486 2
owner 11 1142486 2
owner 11 1154486 2
owner 11 1148485 2
owner 11 1148487 2
owner 11 1142487 2
owner 11 1154487 2
owner 11 1148488 2
owner 11 1142488 2
owner 11 1154488 2
owner 11 1148489 2
owner 11 1142489 2
owner 11 1154489 2
owner 11 1136489 2
owner 11 1136488 2
owner 11 1130488 2
owner 11 1136487 2
owner 11 1130487 2
owner 11 1136486 2
owner 11 1130486 2
owner 11 1136485 2
owner 11 1130485 2
owner 11 1142485 2
owner 11 1136484 2
owner 11 1130484 2
owner 11 1142484 2
owner 11 1136483 2
owner 11 1130483 2
owner 11 1142483 2
owner 11 1136482 2
owner 11 1142482 2
owner 11 1148482 2
owner 11 1154482 2
owner 11 1148483 2
owner 11 1154483 2
owner 11 1148484 2
owner 11 1154484 2
owner 11 1160484 2
owner 11 1154485 2
owner 11 1160485 2
owner 11 1166485 2
owner 11 1160486 2
owner 11 1166486 2
owner 11 1160487 2
owner 11 1166487 2
owner 11 1160488 2
owner 11 1166484 2
owner 11 1160483 2
owner 11 1124484 2
owner 11 1124485 2
owner 11 1124486 2
owner 11 1124487 2
owner 11 1028778 3
owner 11 1022778 3
owner 11 1034778 3
owner 11 1028777 3
owner 11 1028779 3
owner 11 1022779 3
owner 11 1034779 3
owner 11 1028780 3
owner 11 1022780 3
owner 11 1034780 3
owner 11 1028781 3
owner 11 1022781 3
owner 11 1034781 3
owner 11 1016781 3
owner 11 1016780 3
owner 11 1010780 3
owner 11 1016779 3
owner 11 1010779 3
owner 11 1016778 3
owner 11 1010778 3
owner 11 1016777 3
owner 11 1010777 3
owner 11 1022777 3
owner 11 1016776 3
owner 11 1010776 3
owner 11 1022776 3
owner 11 1016775 3
owner 11 1010775 3
owner 11 1022775 3
owner 11 1016774 3
owner 11 1022774 3
owner 11 1028774 3
owner 11 1034774 3
owner 11 1028775 3
owner 11 1034775 3
owner 11 1028776 3
owner 11 1034776 3
owner 11 1040776 3
owner 11 1034777 3
owner 11 1040777 3
owner 11 1046777 3
owner 11 1040778 3
owner 11 1046778 3
owner 11 1040779 3
owner 11 1046779 3
owner 11 1040780 3
owner 11 1046776 3
owner 11 1040775 3
owner 11 1004776 3
owner 11 1004777 3
owner 11 1004778 3
owner 11 1004779 3
owner 11 1050104 4
owner 11 1044104 4
owner 11 1056104 4
owner 11 1050103 4
owner 11 1050105 4
owner 11 1044105 4
owner 11 1056105 4
owner 11 1050106 4
owner 11 1044106 4
owner 11 1056106 4
owner 11 1050107 4
owner 11 1044107 4
owner 11 1056107 4
owner 11 1038107 4
owner 11 1038106 4
owner 11 1032106 4
owner 11 1038105 4
owner 11 1032105 4
owner 11 1038104 4
owner 11 1032104 4
owner 11 1038103 4
owner 11 1032103 4
owner 11 1044103 4
owner 11 1038102 4
owner 11 1032102 4
owner 11 1044102 4
owner 11 1038101 4
owner 11 1032101 4
owner 11 1044101 4
owner 11 1038100 4
owner 11 1044100 4
owner 11 1050100 4
owner 11 1056100 4
owner 11 1050101 4
owner 11 1056101 4
owner 11 1050102 4
owner 11 1056102 4
owner 11 1062102 4
owner 11 1056103 4
owner 11 1062103 4
owner 11 1068103 4
owner 11 1062104 4
owner 11 1068104 4
owner 11 1062105 4
owner 11 1068105 4
owner 11 1062106 4
owner 11 1068102 4
owner 11 1062101 4
owner 11 1026102 4
owner 11 1026103 4
owner 11 1026104 4
owner 11 1026105 4
owner 11 1031402 5
owner 11 1025402 5
owner 11 1037402 5
owner 11 1031401 5
owner 11 1031403 5
owner 11 1025403 5
owner 11 1037403 5
owner 11 1031404 5
owner 11 1025404 5
owner 11 1037404 5
owner 11 1031405 5
owner 11 1025405 5
owner 11 1037405 5
owner 11 1019405 5
owner 11 1019404 5
owner 11 1013404 5
owner 11 1019403 5
owner 11 1013403 5
owner 11 1019402 5
owner 11 1013402 5
owner 11 1019401 5
owner 11 1013401 5
owner 11 1025401 5
owner 11 1019400 5
owner 11 1013400 5
owner 11 1025400 5
owner 11 1019399 5
owner 11 1013399 5
owner 11 1025399 5
owner 11 1019398 5
owner 11 1025398 5
owner 11 1031398 5
owner 11 1037398 5
owner 11 1031399 5
owner 11 1037399 5
owner 11 1031400 5
owner 11 1037400 5
owner 11 1043400 5
owner 11 1037401 5
owner 11 1043401 5
owner 11 1049401 5
owner 11 1043402 5
owner 11 1049402 5
owner 11 1043403 5
owner 11 1049403 5
owner 11 1043404 5
owner 11 1049400 5
owner 11 1043399 5
owner 11 1007400 5
owner 11 1007401 5
owner 11 1007402 5
owner 11 1007403 5
owner 11 216357 6
owner 11 210357 6
owner 11 222357 6
owner 11 216356 6
owner 11 216358 6
owner 11 210358 6
owner 11 222358 6
owner 11 216359 6
owner 11 210359 6
owner 11 222359 6
owner 11 216360 6
owner 11 210360 6
owner 11 222360 6
owner 11 204360 6
owner 11 204359 6
owner 11 198359 6
owner 11 204358 6
owner 11 198358 6
owner 11 204357 6
owner 11 198357 6
owner 11 204356 6
owner 11 198356 6
owner 11 210356 6
owner 11 204355 6
owner 11 198355 6
owner 11 210355 6
owner 11 204354 6
owner 11 198354 6
owner 11 210354 6
owner 11 204353 6
owner 11 210353 6
owner 11 216353 6
owner 11 222353 6
owner 11 216354 6
owner 11 222354 6
owner 11 216355 6
owner 11 222355 6
owner 11 228355 6
owner 11 222356 6
owner 11 228356 6
owner 11 234356 6
owner 11 228357 6
owner 11 234357 6
owner 11 228358 6
owner 11 234358 6
owner 11 228359 6
owner 11 234355 6
owner 11 228354 6
owner 11 192355 6
owner 11 192356 6
owner 11 192357 6
owner 11 192358 6
owner 11 1011646 7
owner 11 1005646 7
owner 11 1017646 7
owner 11 1011645 7
owner 11 1011647 7
owner 11 1005647 7
owner 11 1017647 7
owner 11 1011648 7
owner 11 1005648 7
owner 11 1017648 7
owner 11 1011649 7
owner 11 1005649 7
owner 11 1017649 7
owner 11 999649 7
owner 11 999648 7
owner 11 993648 7
owner 11 999647 7
owner 11 993647 7
owner 11 999646 7
owner 11 993646 7
owner 11 999645 7
owner 11 993645 7
owner 11 1005645 7
owner 11 999644 7
owner 11 993644 7
owner 11 1005644 7
owner 11 999643 7
owner 11 993643 7
owner 11 1005643 7
owner 11 999642 7
owner 11 1005642 7
owner 11 1011642 7
owner 11 1017642 7
owner 11 1011643 7
owner 11 1017643 7
owner 11 1011644 7
owner 11 1017644 7
owner 11 1023644 7
owner 11 1017645 7
owner 11 1023645 7
owner 11 1029645 7
owner 11 1023646 7
owner 11 1029646 7
owner 11 1023647 7
owner 11 1029647 7
owner 11 1023648 7
owner 11 1029644 7
owner 11 1023643 7
owner 11 987644 7
owner 11 987645 7
owner 11 987646 7
owner 11 987647 7
owner 11 1034282 8
owner 11 1028282 8
owner 11 1040282 8
owner 11 1034281 8
owner 11 1034283 8
owner 11 1028283 8
owner 11 1040283 8
owner 11 1034284 8
owner 11 1028284 8
owner 11 1040284 8
owner 11 1034285 8
owner 11 1028285 8
owner 11 1040285 8
owner 11 1022285 8
owner 11 1022284 8
owner 11 1016284 8
owner 11 1022283 8
owner 11 1016283 8
owner 11 1022282 8
owner 11 1016282 8
owner 11 1022281 8
owner 11 1016281 8
owner 11 1028281 8
owner 11 1022280 8
owner 11 1016280 8
owner 11 1028280 8
owner 11 1022279 8
owner 11 1016279 8
owner 11 1028279 8
owner 11 1022278 8
owner 11 1028278 8
owner 11 1034278 8
owner 11 1040278 8
owner 11 1034279 8
owner 11 1040279 8
owner 11 1034280 8
owner 11 1040280 8
owner 11 1046280 8
owner 11 1040281 8
owner 11 1046281 8
owner 11 1052281 8
owner 11 1046282 8
owner 11 1052282 8
owner 11 1046283 8
owner 11 1052283 8
owner 11 1046284 8
owner 11 1052280 8
owner 11 1046279 8
owner 11 1010280 8
owner 11 1010281 8
owner 11 1010282 8
owner 11 1010283 8
owner 11 935422 9
owner 11 929422 9
owner 11 941422 9
owner 11 935421 9
owner 11 935423 9
owner 11 929423 9
owner 11 941423 9
owner 11 935424 9
owner 11 929424 9
owner 11 941424 9
owner 11 935425 9
owner 11 929425 9
owner 11 941425 9
owner 11 923425 9
owner 11 923424 9
owner 11 917424 9
owner 11 923423 9
owner 11 917423 9
owner 11 923422 9
owner 11 917422 9
owner 11 923421 9
owner 11 917421 9
owner 11 929421 9
owner 11 923420 9
owner 11 917420 9
owner 11 929420 9
owner 11 923419 9
owner 11 917419 9
owner 11 929419 9
owner 11 923418 9
owner 11 929418 9
owner 11 935418 9
owner 11 941418 9
owner 11 935419 9
owner 11 941419 9
owner 11 935420 9
owner 11 941420 9
owner 11 947420 9
owner 11 941421 9
owner 11 947421 9
owner 11 953421 9
owner 11 947422 9
owner 11 953422 9
owner 11 947423 9
owner 11 953423 9
owner 11 947424 9
owner 11 953420 9
owner 11 947419 9
owner 11 911420 9
owner 11 911421 9
owner 11 911422 9
owner 11 911423 9
owner 11 826521 10
owner 11 820521 10
owner 11 832521 10
owner 11 826520 10
owner 11 826522 10
owner 11 820522 10
owner 11 832522 10
owner 11 826523 10
owner 11 820523 10
owner 11 832523 10
owner 11 826524 10
owner 11 820524 10
owner 11 832524 10
owner 11 814524 10
owner 11 814523 10
owner 11 808523 10
owner 11 814522 10
owner 11 808522 10
owner 11 814521 10
owner 11 808521 10
owner 11 814520 10
owner 11 808520 10
owner 11 820520 10
owner 11 814519 10
owner 11 808519 10
owner 11 820519 10
owner 11 814518 10
owner 11 808518 10
owner 11 820518 10
owner 11 814517 10
owner 11 820517 10
owner 11 826517 10
owner 11 832517 10
owner 11 826518 10
owner 11 832518 10
owner 11 826519 10
owner 11 832519 10
owner 11 838519 10
owner 11 832520 10
owner 11 838520 10
owner 11 844520 10
owner 11 838521 10
owner 11 844521 10
owner 11 838522 10
owner 11 844522 10
owner 11 838523 10
owner 11 844519 10
owner 11 838518 10
owner 11 802519 10
owner 11 802520 10
owner 11 802521 10
owner 11 802522 10
owner 11 174494 11
owner 11 168494 11
owner 11 180494 11
owner 11 174493 11
owner 11 174495 11
owner 11 168495 11
owner 11 180495 11
owner 11 174496 11
owner 11 168496 11
owner 11 180496 11
owner 11 174497 11
owner 11 168497 11
owner 11 180497 11
owner 11 162497 11
owner 11 162496 11
owner 11 156496 11
owner 11 162495 11
owner 11 156495 11
owner 11 162494 11
owner 11 156494 11
owner 11 162493 11
owner 11 156493 11
owner 11 168493 11
owner 11 162492 11
owner 11 156492 11
owner 11 168492 11
owner 11 162491 11
owner 11 156491 11
owner 11 168491 11
owner 11 162490 11
owner 11 168490 11
owner 11 174490 11
owner 11 180490 11
owner 11 174491 11
owner 11 180491 11
owner 11 174492 11
owner 11 180492 11
owner 11 186492 11
owner 11 180493 11
owner 11 186493 11
owner 11 192493 11
owner 11 186494 11
owner 11 192494 11
owner 11 186495 11
owner 11 192495 11
owner 11 186496 11
owner 11 192492 11
owner 11 186491 11
owner 11 150492 11
owner 11 150493 11
owner 11 150494 11
owner 11 150495 11
owner 11 928063 12
owner 11 922063 12
owner 11 934063 12
owner 11 928062 12
owner 11 928064 12
owner 11 922064 12
owner 11 934064 12
owner 11 928065 12
owner 11 922065 12
owner 11 934065 12
owner 11 928066 12
owner 11 922066 12
owner 11 934066 12
owner 11 916066 12
owner 11 916065 12
owner 11 910065 12
owner 11 916064 12
owner 11 910064 12
owner 11 916063 12
owner 11 910063 12
owner 11 916062 12
owner 11 910062 12
owner 11 922062 12
owner 11 916061 12
owner 11 910061 12
owner 11 922061 12
owner 11 916060 12
owner 11 910060 12
owner 11 922060 12
owner 11 916059 12
owner 11 922059 12
owner 11 928059 12
owner 11 934059 12
owner 11 928060 12
owner 11 934060 12
owner 11 928061 12
owner 11 934061 12
owner 11 940061 12
owner 11 934062 12
owner 11 940062 12
owner 11 946062 12
owner 11 940063 12
owner 11 946063 12
owner 11 940064 12
owner 11 946064 12
owner 11 940065 12
owner 11 946061 12
owner 11 940060 12
owner 11 904061 12
owner 11 904062 12
owner 11 904063 12
owner 11 904064 12
prev 11 1148486
prev 11 1028778
prev 11 1050104
prev 11 1031402
prev 11 216357
prev 11 1011646
prev 11 1034282
prev 11 935422
prev 11 826521
prev 11 174494
prev 11 928063
owned 11 926880
owned 11 926881
owned 11 926882
owned 11 926883
owned 11 932879
owned 11 932880
owned 11 932881
owned 11 932882
owned 11 932883
owned 11 932884
owned 11 938878
owned 11 938879
owned 11 938880
owned 11 938881
owned 11 938882
owned 11 938883
owned 11 938884
owned 11 938885
owned 11 944878
owned 11 944879
owned 11 944880
owned 11 944881
owned 11 944882
owned 11 944883
owned 11 944884
owned 11 944885
owned 11 950878
owned 11 950879
owned 11 950880
owned 11 950881
owned 11 950882
owned 11 950883
owned 11 950884
owned 11 950885
owned 11 956878
owned 11 956879
owned 11 956880
owned 11 956881
owned 11 956882
owned 11 956883
owned 11 956884
owned 11 956885
owned 11 962879
owned 11 962880
owned 11 962881
owned 11 962882
owned 11 962883
owned 11 962884
owned 11 968880
owned 11 968881
owned 11 968882
owned 11 968883
bot 12 14 666fmd2f -2125171585 1532334 2334 255 52
owner 12 1148486 2
owner 12 1142486 2
owner 12 1154486 2
owner 12 1148485 2
owner 12 1148487 2
owner 12 1142487 2
owner 12 1154487 2
owner 12 1148488 2
owner 12 1142488 2
owner 12 1154488 2
owner 12 1148489 2
owner 12 1142489 2
owner 12 1154489 2
owner 12 1136489 2
owner 12 1136488 2
owner 12 1130488 2
owner 12 1136487 2
owner 12 1130487 2
owner 12 1136486 2
owner 12 1130486 2
owner 12 1136485 2
owner 12 1130485 2
owner 12 1142485 2
owner 12 1136484 2
owner 12 1130484 2
owner 12 1142484 2
owner 12 1136483 2
owner 12 1130483 2
owner 12 1142483 2
owner 12 1136482 2
owner 12 1142482 2
owner 12 1148482 2
owner 12 1154482 2
owner 12 1148483 2
owner 12 1154483 2
owner 12 1148484 2
owner 12 1154484 2
owner 12 1160484 2
owner 12 1154485 2
owner 12 1160485 2
owner 12 1166485 2
owner 12 1160486 2
owner 12 1166486 2
owner 12 1160487 2
owner 12 1166487 2
owner 12 1160488 2
owner 12 1166484 2
owner 12 1160483 2
owner 12 1124484 2
owner 12 1124485 2
owner 12 1124486 2
owner 12 1124487 2
owner 12 1028778 3
owner 12 1022778 3
owner 12 1034778 3
owner 12 1028777 3
owner 12 1028779 3
owner 12 1022779 3
owner 12 1034779 3
owner 12 1028780 3
owner 12 1022780 3
owner 12 1034780 3
owner 12 1028781 3
owner 12 1022781 3
owner 12 1034781 3
owner 12 1016781 3
owner 12 1016780 3
owner 12 1010780 3
owner 12 1016779 3
owner 12 1010779 3
owner 12 1016778 3
owner 12 1010778 3
owner 12 1016777 3
owner 12 1010777 3
owner 12 1022777 3
owner 12 1016776 3
owner 12 1010776 3
owner 12 1022776 3
owner 12 1016775 3
owner 12 1010775 3
owner 12 1022775 3
owner 12 1016774 3
owner 12 1022774 3
owner 12 1028774 3
owner 12 1034774 3
owner 12 1028775 3
owner 12 1034775 3
owner 12 1028776 3
owner 12 1034776 3
owner 12 1040776 3
owner 12 1034777 3
owner 12 1040777 3
owner 12 1046777 3
owner 12 1040778 3
owner 12 1046778 3
owner 12 1040779 3
owner 12 1046779 3
owner 12 1040780 3
owner 12 1046776 3
owner 12 1040775 3
owner 12 1004776 3
owner 12 1004777 3
owner 12 1004778 3
owner 12 1004779 3
owner 12 1050104 4
owner 12 1044104 4
owner 12 1056104 4
owner 12 1050103 4
owner 12 1050105 4
owner 12 1044105 4
owner 12 1056105 4
owner 12 1050106 4
owner 12 1044106 4
owner 12 1056106 4
owner 12 1050107 4
owner 12 1044107 4
owner 12 1056107 4
owner 12 1038107 4
owner 12 1038106 4
owner 12 1032106 4
owner 12 1038105 4
owner 12 1032105 4
owner 12 1038104 4
owner 12 1032104 4
owner 12 1038103 4
owner 12 1032103 4
owner 12 1044103 4
owner 12 1038102 4
owner 12 1032102 4
owner 12 1044102 4
owner 12 1038101 4
owner 12 1032101 4
owner 12 1044101 4
owner 12 1038100 4
owner 12 1044100 4
owner 12 1050100 4
owner 12 1056100 4
owner 12 1050101 4
owner 12 1056101 4
owner 12 1050102 4
owner 12 1056102 4
owner 12 1062102 4
owner 12 1056103 4
owner 12 1062103 4
owner 12 1068103 4
owner 12 1062104 4
owner 12 1068104 4
owner 12 1062105 4
owner 12 1068105 4
owner 12 1062106 4
owner 12 1068102 4
owner 12 1062101 4
owner 12 1026102 4
owner 12 1026103 4
owner 12 1026104 4
owner 12 1026105 4
owner 12 1031402 5
owner 12 1025402 5
owner 12 1037402 5
owner 12 1031401 5
owner 12 1031403 5
owner 12 1025403 5
owner 12 1037403 5
owner 12 1031404 5
owner 12 1025404 5
owner 12 1037404 5
owner 12 1031405 5
owner 12 1025405 5
owner 12 1037405 5
owner 12 1019405 5
owner 12 1019404 5
owner 12 1013404 5
owner 12 1019403 5
owner 12 1013403 5
owner 12 1019402 5
owner 12 1013402 5
owner 12 1019401 5
owner 12 1013401 5
owner 12 1025401 5
owner 12 1019400 5
owner 12 1013400 5
owner 12 1025400 5
owner 12 1019399 5
owner 12 1013399 5
owner 12 1025399 5
owner 12 1019398 5
owner 12 1025398 5
owner 12 1031398 5
owner 12 1037398 5
owner 12 1031399 5
owner 12 1037399 5
owner 12 1031400 5
owner 12 1037400 5
owner 12 1043400 5
owner 12 1037401 5
owner 12 1043401 5
owner 12 1049401 5
owner 12 1043402 5
owner 12 1049402 5
owner 12 1043403 5
owner 12 1049403 5
owner 12 1043404 5
owner 12 1049400 5
owner 12 1043399 5
owner 12 1007400 5
owner 12 1007401 5
owner 12 1007402 5
owner 12 1007403 5
owner 12 216357 6
owner 12 210357 6
owner 12 222357 6
owner 12 216356 6
owner 12 216358 6
owner 12 210358 6
owner 12 222358 6
owner 12 216359 6
owner 12 210359 6
owner 12 222359 6
owner 12 216360 6
owner 12 210360 6
owner 12 222360 6
owner 12 204360 6
owner 12 204359 6
owner 12 198359 6
owner 12 204358 6
owner 12 198358 6
owner 12 204357 6
owner 12 198357 6
owner 12 204356 6
owner 12 198356 6
owner 12 210356 6
owner 12 204355 6
owner 12 198355 6
owner 12 210355 6
owner 12 204354 6
owner 12 198354 6
owner 12 210354 6
owner 12 204353 6
owner 12 210353 6
owner 12 216353 6
owner 12 222353 6
owner 12 216354 6
owner 12 222354 6
owner 12 216355 6
owner 12 222355 6
owner 12 228355 6
owner 12 222356 6
owner 12 228356 6
owner 12 234356 6
owner 12 228357 6
owner 12 234357 6
owner 12 228358 6
owner 12 234358 6
owner 12 228359 6
owner 12 234355 6
owner 12 228354 6
owner 12 192355 6
owner 12 192356 6
owner 12 192357 6
owner 12 192358 6
owner 12 1011646 7
owner 12 1005646 7
owner 12 1017646 7
owner 12 1011645 7
owner 12 1011647 7
owner 12 1005647 7
owner 12 1017647 7
owner 12 1011648 7
owner 12 1005648 7
owner 12 1017648 7
owner 12 1011649 7
owner 12 1005649 7
owner 12 1017649 7
owner 12 999649 7
owner 12 999648 7
owner 12 993648 7
owner 12 999647 7
owner 12 993647 7
owner 12 999646 7
owner 12 993646 7
owner 12 999645 7
owner 12 993645 7
owner 12 1005645 7
owner 12 999644 7
owner 12 993644 7
owner 12 1005644 7
owner 12 999643 7
owner 12 993643 7
owner 12 1005643 7
owner 12 999642 7
owner 12 1005642 7
owner 12 1011642 7
owner 12 1017642 7
owner 12 1011643 7
owner 12 1017643 7
owner 12 1011644 7
owner 12 1017644 7
owner 12 1023644 7
owner 12 1017645 7
owner 12 1023645 7
owner 12 1029645 7
owner 12 1023646 7
owner 12 1029646 7
owner 12 1023647 7
owner 12 1029647 7
owner 12 1023648 7
owner 12 1029644 7
owner 12 1023643 7
owner 12 987644 7
owner 12 987645 7
owner 12 987646 7
owner 12 987647 7
owner 12 1034282 8
owner 12 1028282 8
owner 12 1040282 8
owner 12 1034281 8
owner 12 1034283 8
owner 12 1028283 8
owner 12 1040283 8
owner 12 1034284 8
owner 12 1028284 8
owner 12 1040284 8
owner 12 1034285 8
owner 12 1028285 8
owner 12 1040285 8
owner 12 1022285 8
owner 12 1022284 8
owner 12 1016284 8
owner 12 1022283 8
owner 12 1016283 8
owner 12 1022282 8
owner 12 1016282 8
owner 12 1022281 8
owner 12 1016281 8
owner 12 1028281 8
owner 12 1022280 8
owner 12 1016280 8
owner 12 1028280 8
owner 12 1022279 8
owner 12 1016279 8
owner 12 1028279 8
owner 12 1022278 8
owner 12 1028278 8
owner 12 1034278 8
owner 12 1040278 8
owner 12 1034279 8
owner 12 1040279 8
owner 12 1034280 8
owner 12 1040280 8
owner 12 1046280 8
owner 12 1040281 8
owner 12 1046281 8
owner 12 1052281 8
owner 12 1046282 8
owner 12 1052282 8
owner 12 1046283 8
owner 12 1052283 8
owner 12 1046284 8
owner 12 1052280 8
owner 12 1046279 8
owner 12 1010280 8
owner 12 1010281 8
owner 12 1010282 8
owner 12 1010283 8
owner 12 935422 9
owner 12 929422 9
owner 12 941422 9
owner 12 935421 9
owner 12 935423 9
owner 12 929423 9
owner 12 941423 9
owner 12 935424 9
owner 12 929424 9
owner 12 941424 9
owner 12 935425 9
owner 12 929425 9
owner 12 941425 9
owner 12 923425 9
owner 12 923424 9
owner 12 917424 9
owner 12 923423 9
owner 12 917423 9
owner 12 923422 9
owner 12 917422 9
owner 12 923421 9
owner 12 917421 9
owner 12 929421 9
owner 12 923420 9
owner 12 917420 9
owner 12 929420 9
owner 12 923419 9
owner 12 917419 9
owner 12 929419 9
owner 12 923418 9
owner 12 929418 9
owner 12 935418 9
owner 12 941418 9
owner 12 935419 9
owner 12 941419 9
owner 12 935420 9
owner 12 941420 9
owner 12 947420 9
owner 12 941421 9
owner 12 947421 9
owner 12 953421 9
owner 12 947422 9
owner 12 953422 9
owner 12 947423 9
owner 12 953423 9
owner 12 947424 9
owner 12 953420 9
owner 12 947419 9
owner 12 911420 9
owner 12 911421 9
owner 12 911422 9
owner 12 911423 9
owner 12 826521 10
owner 12 820521 10
owner 12 832521 10
owner 12 826520 10
owner 12 826522 10
owner 12 820522 10
owner 12 832522 10
owner 12 826523 10
owner 12 820523 10
owner 12 832523 10
owner 12 826524 10
owner 12 820524 10
owner 12 832524 10
owner 12 814524 10
owner 12 814523 10
owner 12 808523 10
owner 12 814522 10
owner 12 808522 10
owner 12 814521 10
owner 12 808521 10
owner 12 814520 10
owner 12 808520 10
owner 12 820520 10
owner 12 814519 10
owner 12 808519 10
owner 12 820519 10
owner 12 814518 10
owner 12 808518 10
owner 12 820518 10
owner 12 814517 10
owner 12 820517 10
owner 12 826517 10
owner 12 832517 10
owner 12 826518 10
owner 12 832518 10
owner 12 826519 10
owner 12 832519 10
owner 12 838519 10
owner 12 832520 10
owner 12 838520 10
owner 12 844520 10
owner 12 838521 10
owner 12 844521 10
owner 12 838522 10
owner 12 844522 10
owner 12 838523 10
owner 12 844519 10
owner 12 838518 10
owner 12 802519 10
owner 12 802520 10
owner 12 802521 10
owner 12 802522 10
owner 12 174494 11
owner 12 168494 11
owner 12 180494 11
owner 12 174493 11
owner 12 174495 11
owner 12 168495 11
owner 12 180495 11
owner 12 174496 11
owner 12 168496 11
owner 12 180496 11
owner 12 174497 11
owner 12 168497 11
owner 12 180497 11
owner 12 162497 11
owner 12 162496 11
owner 12 156496 11
owner 12 162495 11
owner 12 156495 11
owner 12 162494 11
owner 12 156494 11
owner 12 162493 11
owner 12 156493 11
owner 12 168493 11
owner 12 162492 11
owner 12 156492 11
owner 12 168492 11
owner 12 162491 11
owner 12 156491 11
owner 12 168491 11
owner 12 162490 11
owner 12 168490 11
owner 12 174490 11
owner 12 180490 11
owner 12 174491 11
owner 12 180491 11
owner 12 174492 11
owner 12 180492 11
owner 12 186492 11
owner 12 180493 11
owner 12 186493 11
owner 12 192493 11
owner 12 186494 11
owner 12 192494 11
owner 12 186495 11
owner 12 192495 11
owner 12 186496 11
owner 12 192492 11
owner 12 186491 11
owner 12 150492 11
owner 12 150493 11
owner 12 150494 11
owner 12 150495 11
owner 12 928063 12
owner 12 922063 12
owner 12 934063 12
owner 12 928062 12
owner 12 928064 12
owner 12 922064 12
owner 12 934064 12
owner 12 928065 12
owner 12 922065 12
owner 12 934065 12
owner 12 928066 12
owner 12 922066 12
owner 12 934066 12
owner 12 916066 12
owner 12 916065 12
owner 12 910065 12
owner 12 916064 12
owner 12 910064 12
owner 12 916063 12
owner 12 910063 12
owner 12 916062 12
owner 12 910062 12
owner 12 922062 12
owner 12 916061 12
owner 12 910061 12
owner 12 922061 12
owner 12 916060 12
owner 12 910060 12
owner 12 922060 12
owner 12 916059 12
owner 12 922059 12
owner 12 928059 12
owner 12 934059 12
owner 12 928060 12
owner 12 934060 12
owner 12 928061 12
owner 12 934061 12
owner 12 940061 12
owner 12 934062 12
owner 12 940062 12
owner 12 946062 12
owner 12 940063 12
owner 12 946063 12
owner 12 940064 12
owner 12 946064 12
owner 12 940065 12
owner 12 946061 12
owner 12 940060 12
owner 12 904061 12
owner 12 904062 12
owner 12 904063 12
owner 12 904064 12
owner 12 950882 13
owner 12 944882 13
owner 12 956882 13
owner 12 950881 13
owner 12 950883 13
owner 12 944883 13
owner 12 956883 13
owner 12 950884 13
owner 12 944884 13
owner 12 956884 13
owner 12 950885 13
owner 12 944885 13
owner 12 956885 13
owner 12 938885 13
owner 12 938884 13
owner 12 932884 13
owner 12 938883 13
owner 12 932883 13
owner 12 938882 13
owner 12 932882 13
owner 12 938881 13
owner 12 932881 13
owner 12 944881 13
owner 12 938880 13
owner 12 932880 13
owner 12 944880 13
owner 12 938879 13
owner 12 932879 13
owner 12 944879 13
owner 12 938878 13
owner 12 944878 13
owner 12 950878 13
owner 12 956878 13
owner 12 950879 13
owner 12 956879 13
owner 12 950880 13
owner 12 956880 13
owner 12 962880 13
owner 12 956881 13
owner 12 962881 13
owner 12 968881 13
owner 12 962882 13
owner 12 968882 13
owner 12 962883 13
owner 12 968883 13
owner 12 962884 13
owner 12 968880 13
owner 12 962879 13
owner 12 926880 13
owner 12 926881 13
owner 12 926882 13
owner 12 926883 13
prev 12 1148486
prev 12 1028778
prev 12 1050104
prev 12 1031402
prev 12 216357
prev 12 1011646
prev 12 1034282
prev 12 935422
prev 12 826521
prev 12 174494
prev 12 928063
prev 12 950882
owned 12 1508332
owned 12 1508333
owned 12 1508334
owned 12 1508335
owned 12 1514331
owned 12 1514332
owned 12 1514333
owned 12 1514334
owned 12 1514335
owned 12 1514336
owned 12 1520330
owned 12 1520331
owned 12 1520332
owned 12 1520333
owned 12 1520334
owned 12 1520335
owned 12 1520336
owned 12 1520337
owned 12 1526330
owned 12 1526331
owned 12 1526332
owned 12 1526333
owned 12 1526334
owned 12 1526335
owned 12 1526336
owned 12 1526337
owned 12 1532330
owned 12 1532331
owned 12 1532332
owned 12 1532333
owned 12 1532334
owned 12 1532335
owned 12 1532336
owned 12 1532337
owned 12 1538330
owned 12 1538331
owned 12 1538332
owned 12 1538333
owned 12 1538334
owned 12 1538335
owned 12 1538336
owned 12 1538337
owned 12 1544331
owned 12 1544332
owned 12 1544333
owned 12 1544334
owned 12 1544335
owned 12 1544336
owned 12 1550332
owned 12 1550333
owned 12 1550334
owned 12 1550335
bot 13 15 vybu8oes 2095769353 1899180 3180 316 52
owner 13 1148486 2
owner 13 1142486 2
owner 13 1154486 2
owner 13 1148485 2
owner 13 1148487 2
owner 13 1142487 2
owner 13 1154487 2
owner 13 1148488 2
owner 13 1142488 2
owner 13 1154488 2
owner 13 1148489 2
owner 13 1142489 2
owner 13 1154489 2
owner 13 1136489 2
owner 13 1136488 2
owner 13 1130488 2
owner 13 1136487 2
owner 13 1130487 2
owner 13 1136486 2
owner 13 1130486 2
owner 13 1136485 2
owner 13 1130485 2
owner 13 1142485 2
owner 13 1136484 2
owner 13 1130484 2
owner 13 1142484 2
owner 13 1136483 2
owner 13 1130483 2
owner 13 1142483 2
owner 13 1136482 2
owner 13 1142482 2
owner 13 1148482 2
owner 13 1154482 2
owner 13 1148483 2
owner 13 1154483 2
owner 13 1148484 2
owner 13 1154484 2
owner 13 1160484 2
owner 13 1154485 2
owner 13 1160485 2
owner 13 1166485 2
owner 13 1160486 2
owner 13 1166486 2
owner 13 1160487 2
owner 13 1166487 2
owner 13 1160488 2
owner 13 1166484 2
owner 13 1160483 2
owner 13 1124484 2
owner 13 1124485 2
owner 13 1124486 2
owner 13 1124487 2
owner 13 1028778 3
owner 13 1022778 3
owner 13 1034778 3
owner 13 1028777 3
owner 13 1028779 3
owner 13 1022779 3
owner 13 1034779 3
owner 13 1028780 3
owner 13 1022780 3
owner 13 1034780 3
owner 13 1028781 3
owner 13 1022781 3
owner 13 1034781 3
owner 13 1016781 3
owner 13 1016780 3
owner 13 1010780 3
owner 13 1016779 3
owner 13 1010779 3
owner 13 1016778 3
owner 13 1010778 3
owner 13 1016777 3
owner 13 1010777 3
owner 13 1022777 3
owner 13 1016776 3
owner 13 1010776 3
owner 13 1022776 3
owner 13 1016775 3
owner 13 1010775 3
owner 13 1022775 3
owner 13 1016774 3
owner 13 1022774 3
owner 13 1028774 3
owner 13 1034774 3
owner 13 1028775 3
owner 13 1034775 3
owner 13 1028776 3
owner 13 1034776 3
owner 13 1040776 3
owner 13 1034777 3
owner 13 1040777 3
owner 13 1046777 3
owner 13 1040778 3
owner 13 1046778 3
owner 13 1040779 3
owner 13 1046779 3
owner 13 1040780 3
owner 13 1046776 3
owner 13 1040775 3
owner 13 1004776 3
owner 13 1004777 3
owner 13 1004778 3
owner 13 1004779 3
owner 13 1050104 4
owner 13 1044104 4
owner 13 1056104 4
owner 13 1050103 4
owner 13 1050105 4
owner 13 1044105 4
owner 13 1056105 4
owner 13 1050106 4
owner 13 1044106 4
owner 13 1056106 4
owner 13 1050107 4
owner 13 1044107 4
owner 13 1056107 4
owner 13 1038107 4
owner 13 1038106 4
owner 13 1032106 4
owner 13 1038105 4
owner 13 1032105 4
owner 13 1038104 4
owner 13 1032104 4
owner 13 1038103 4
owner 13 1032103 4
owner 13 1044103 4
owner 13 1038102 4
owner 13 1032102 4
owner 13 1044102 4
owner 13 1038101 4
owner 13 1032101 4
owner 13 1044101 4
owner 13 1038100 4
owner 13 1044100 4
owner 13 1050100 4
owner 13 1056100 4
owner 13 1050101 4
owner 13 1056101 4
owner 13 1050102 4
owner 13 1056102 4
owner 13 1062102 4
owner 13 1056103 4
owner 13 1062103 4
owner 13 1068103 4
owner 13 1062104 4
owner 13 1068104 4
owner 13 1062105 4
owner 13 1068105 4
owner 13 1062106 4
owner 13 1068102 4
owner 13 1062101 4
owner 13 1026102 4
owner 13 1026103 4
owner 13 1026104 4
owner 13 1026105 4
owner 13 1031402 5
owner 13 1025402 5
owner 13 1037402 5
owner 13 1031401 5
owner 13 1031403 5
owner 13 1025403 5
owner 13 1037403 5
owner 13 1031404 5
owner 13 1025404 5
owner 13 1037404 5
owner 13 1031405 5
owner 13 1025405 5
owner 13 1037405 5
owner 13 1019405 5
owner 13 1019404 5
owner 13 1013404 5
owner 13 1019403 5
owner 13 1013403 5
owner 13 1019402 5
owner 13 1013402 5
owner 13 1019401 5
owner 13 1013401 5
owner 13 1025401 5
owner 13 1019400 5
owner 13 1013400 5
owner 13 1025400 5
owner 13 1019399 5
owner 13 1013399 5
owner 13 1025399 5
owner 13 1019398 5
owner 13 1025398 5
owner 13 1031398 5
owner 13 1037398 5
owner 13 1031399 5
owner 13 1037399 5
owner 13 1031400 5
owner 13 1037400 5
owner 13 1043400 5
owner 13 1037401 5
owner 13 1043401 5
owner 13 1049401 5
owner 13 1043402 5
owner 13 1049402 5
owner 13 1043403 5
owner 13 1049403 5
owner 13 1043404 5
owner 13 1049400 5
owner 13 1043399 5
owner 13 1007400 5
owner 13 1007401 5
owner 13 1007402 5
owner 13 1007403 5
owner 13 216357 6
owner 13 210357 6
owner 13 222357 6
owner 13 216356 6
owner 13 216358 6
owner 13 210358 6
owner 13 222358 6
owner 13 216359 6
owner 13 210359 6
owner 13 222359 6
owner 13 216360 6
owner 13 210360 6
owner 13 222360 6
owner 13 204360 6
owner 13 204359 6
owner 13 198359 6
owner 13 204358 6
owner 13 198358 6
owner 13 204357 6
owner 13 198357 6
owner 13 204356 6
owner 13 198356 6
owner 13 210356 6
owner 13 204355 6
owner 13 198355 6
owner 13 210355 6
owner 13 204354 6
owner 13 198354 6
owner 13 210354 6
owner 13 204353 6
owner 13 210353 6
owner 13 216353 6
owner 13 222353 6
owner 13 216354 6
owner 13 222354 6
owner 13 216355 6
owner 13 222355 6
owner 13 228355 6
owner 13 222356 6
owner 13 228356 6
owner 13 234356 6
owner 13 228357 6
owner 13 234357 6
owner 13 228358 6
owner 13 234358 6
owner 13 228359 6
owner 13 234355 6
owner 13 228354 6
owner 13 192355 6
owner 13 192356 6
owner 13 192357 6
owner 13 192358 6
owner 13 1011646 7
owner 13 1005646 7
owner 13 1017646 7
owner 13 1011645 7
owner 13 1011647 7
owner 13 1005647 7
owner 13 1017647 7
owner 13 1011648 7
owner 13 1005648 7
owner 13 1017648 7
owner 13 1011649 7
owner 13 1005649 7
owner 13 1017649 7
owner 13 999649 7
owner 13 999648 7
owner 13 993648 7
owner 13 999647 7
owner 13 993647 7
owner 13 999646 7
owner 13 993646 7
owner 13 999645 7
owner 13 993645 7
owner 13 1005645 7
owner 13 999644 7
owner 13 993644 7
owner 13 1005644 7
owner 13 999643 7
owner 13 993643 7
owner 13 1005643 7
owner 13 999642 7
owner 13 1005642 7
owner 13 1011642 7
owner 13 1017642 7
owner 13 1011643 7
owner 13 1017643 7
owner 13 1011644 7
owner 13 1017644 7
owner 13 1023644 7
owner 13 1017645 7
owner 13 1023645 7
owner 13 1029645 7
owner 13 1023646 7
owner 13 1029646 7
owner 13 1023647 7
owner 13 1029647 7
owner 13 1023648 7
owner 13 1029644 7
owner 13 1023643 7
owner 13 987644 7
owner 13 987645 7
owner 13 987646 7
owner 13 987647 7
owner 13 1034282 8
owner 13 1028282 8
owner 13 1040282 8
owner 13 1034281 8
owner 13 1034283 8
owner 13 1028283 8
owner 13 1040283 8
owner 13 1034284 8
owner 13 1028284 8
owner 13 1040284 8
owner 13 1034285 8
owner 13 1028285 8
owner 13 1040285 8
owner 13 1022285 8
owner 13 1022284 8
owner 13 1016284 8
owner 13 1022283 8
owner 13 1016283 8
owner 13 1022282 8
owner 13 1016282 8
owner 13 1022281 8
owner 13 1016281 8
owner 13 1028281 8
owner 13 1022280 8
owner 13 1016280 8
owner 13 1028280 8
owner 13 1022279 8
owner 13 1016279 8
owner 13 1028279 8
owner 13 1022278 8
owner 13 1028278 8
owner 13 1034278 8
owner 13 1040278 8
owner 13 1034279 8
owner 13 1040279 8
owner 13 1034280 8
owner 13 1040280 8
owner 13 1046280 8
owner 13 1040281 8
owner 13 1046281 8
owner 13 1052281 8
owner 13 1046282 8
owner 13 1052282 8
owner 13 1046283 8
owner 13 1052283 8
owner 13 1046284 8
owner 13 1052280 8
owner 13 1046279 8
owner 13 1010280 8
owner 13 1010281 8
owner 13 1010282 8
owner 13 1010283 8
owner 13 935422 9
owner 13 929422 9
owner 13 941422 9
owner 13 935421 9
owner 13 935423 9
owner 13 929423 9
owner 13 941423 9
owner 13 935424 9
owner 13 929424 9
owner 13 941424 9
owner 13 935425 9
owner 13 929425 9
owner 13 941425 9
owner 13 923425 9
owner 13 923424 9
owner 13 917424 9
owner 13 923423 9
owner 13 917423 9
owner 13 923422 9
owner 13 917422 9
owner 13 923421 9
owner 13 917421 9
owner 13 929421 9
owner 13 923420 9
owner 13 917420 9
owner 13 929420 9
owner 13 923419 9
owner 13 917419 9
owner 13 929419 9
owner 13 923418 9
owner 13 929418 9
owner 13 935418 9
owner 13 941418 9
owner 13 935419 9
owner 13 941419 9
owner 13 935420 9
owner 13 941420 9
owner 13 947420 9
owner 13 941421 9
owner 13 947421 9
owner 13 953421 9
owner 13 947422 9
owner 13 953422 9
owner 13 947423 9
owner 13 953423 9
owner 13 947424 9
owner 13 953420 9
owner 13 947419 9
owner 13 911420 9
owner 13 911421 9
owner 13 911422 9
owner 13 911423 9
owner 13 826521 10
owner 13 820521 10
owner 13 832521 10
owner 13 826520 10
owner 13 826522 10
owner 13 820522 10
owner 13 832522 10
owner 13 826523 10
owner 13 820523 10
owner 13 832523 10
owner 13 826524 10
owner 13 820524 10
owner 13 832524 10
owner 13 814524 10
owner 13 814523 10
owner 13 808523 10
owner 13 814522 10
owner 13 808522 10
owner 13 814521 10
owner 13 808521 10
owner 13 814520 10
owner 13 808520 10
owner 13 820520 10
owner 13 814519 10
owner 13 808519 10
owner 13 820519 10
owner 13 814518 10
owner 13 808518 10
owner 13 820518 10
owner 13 814517 10
owner 13 820517 10
owner 13 826517 10
owner 13 832517 10
owner 13 826518 10
owner 13 832518 10
owner 13 826519 10
owner 13 832519 10
owner 13 838519 10
owner 13 832520 10
owner 13 838520 10
owner 13 844520 10
owner 13 838521 10
owner 13 844521 10
owner 13 838522 10
owner 13 844522 10
owner 13 838523 10
owner 13 844519 10
owner 13 838518 10
owner 13 802519 10
owner 13 802520 10
owner 13 802521 10
owner 13 802522 10
owner 13 174494 11
owner 13 168494 11
owner 13 180494 11
owner 13 174493 11
owner 13 174495 11
owner 13 168495 11
owner 13 180495 11
owner 13 174496 11
owner 13 168496 11
owner 13 180496 11
owner 13 174497 11
owner 13 168497 11
owner 13 180497 11
owner 13 162497 11
owner 13 162496 11
owner 13 156496 11
owner 13 162495 11
owner 13 156495 11
owner 13 162494 11
owner 13 156494 11
owner 13 162493 11
owner 13 156493 11
owner 13 168493 11
owner 13 162492 11
owner 13 156492 11
owner 13 168492 11
owner 13 162491 11
owner 13 156491 11
owner 13 168491 11
owner 13 162490 11
owner 13 168490 11
owner 13 174490 11
owner 13 180490 11
owner 13 174491 11
owner 13 180491 11
owner 13 174492 11
owner 13 180492 11
owner 13 186492 11
owner 13 180493 11
owner 13 186493 11
owner 13 192493 11
owner 13 186494 11
owner 13 192494 11
owner 13 186495 11
owner 13 192495 11
owner 13 186496 11
owner 13 192492 11
owner 13 186491 11
owner 13 150492 11
owner 13 150493 11
owner 13 150494 11
owner 13 150495 11
owner 13 928063 12
owner 13 922063 12
owner 13 934063 12
owner 13 928062 12
owner 13 928064 12
owner 13 922064 12
owner 13 934064 12
owner 13 928065 12
owner 13 922065 12
owner 13 934065 12
owner 13 928066 12
owner 13 922066 12
owner 13 934066 12
owner 13 916066 12
owner 13 916065 12
owner 13 910065 12
owner 13 916064 12
owner 13 910064 12
owner 13 916063 12
owner 13 910063 12
owner 13 916062 12
owner 13 910062 12
owner 13 922062 12
owner 13 916061 12
owner 13 910061 12
owner 13 922061 12
owner 13 916060 12
owner 13 910060 12
owner 13 922060 12
owner 13 916059 12
owner 13 922059 12
owner 13 928059 12
owner 13 934059 12
owner 13 928060 12
owner 13 934060 12
owner 13 928061 12
owner 13 934061 12
owner 13 940061 12
owner 13 934062 12
owner 13 940062 12
owner 13 946062 12
owner 13 940063 12
owner 13 946063 12
owner 13 940064 12
owner 13 946064 12
owner 13 940065 12
owner 13 946061 12
owner 13 940060 12
owner 13 904061 12
owner 13 904062 12
owner 13 904063 12
owner 13 904064 12
owner 13 950882 13
owner 13 944882 13
owner 13 956882 13
owner 13 950881 13
owner 13 950883 13
owner 13 944883 13
owner 13 956883 13
owner 13 950884 13
owner 13 944884 13
owner 13 956884 13
owner 13 950885 13
owner 13 944885 13
owner 13 956885 13
owner 13 938885 13
owner 13 938884 13
owner 13 932884 13
owner 13 938883 13
owner 13 932883 13
owner 13 938882 13
owner 13 932882 13
owner 13 938881 13
owner 13 932881 13
owner 13 944881 13
owner 13 938880 13
owner 13 932880 13
owner 13 944880 13
owner 13 938879 13
owner 13 932879 13
owner 13 944879 13
owner 13 938878 13
owner 13 944878 13
owner 13 950878 13
owner 13 956878 13
owner 13 950879 13
owner 13 956879 13
owner 13 950880 13
owner 13 956880 13
owner 13 962880 13
owner 13 956881 13
owner 13 962881 13
owner 13 968881 13
owner 13 962882 13
owner 13 968882 13
owner 13 962883 13
owner 13 968883 13
owner 13 962884 13
owner 13 968880 13
owner 13 962879 13
owner 13 926880 13
owner 13 926881 13
owner 13 926882 13
owner 13 926883 13
owner 13 1532334 14
owner 13 1526334 14
owner 13 1538334 14
owner 13 1532333 14
owner 13 1532335 14
owner 13 1526335 14
owner 13 1538335 14
owner 13 1532336 14
owner 13 1526336 14
owner 13 1538336 14
owner 13 1532337 14
owner 13 1526337 14
owner 13 1538337 14
owner 13 1520337 14
owner 13 1520336 14
owner 13 1514336 14
owner 13 1520335 14
owner 13 1514335 14
owner 13 1520334 14
owner 13 1514334 14
owner 13 1520333 14
owner 13 1514333 14
owner 13 1526333 14
owner 13 1520332 14
owner 13 1514332 14
owner 13 1526332 14
owner 13 1520331 14
owner 13 1514331 14
owner 13 1526331 14
owner 13 1520330 14
owner 13 1526330 14
owner 13 1532330 14
owner 13 1538330 14
owner 13 1532331 14
owner 13 1538331 14
owner 13 1532332 14
owner 13 1538332 14
owner 13 1544332 14
owner 13 1538333 14
owner 13 1544333 14
owner 13 1550333 14
owner 13 1544334 14
owner 13 1550334 14
owner 13 1544335 14
owner 13 1550335 14
owner 13 1544336 14
owner 13 1550332 14
owner 13 1544331 14
owner 13 1508332 14
owner 13 1508333 14
owner 13 1508334 14
owner 13 1508335 14
prev 13 1148486
prev 13 1028778
prev 13 1050104
prev 13 1031402
prev 13 216357
prev 13 1011646
prev 13 1034282
prev 13 935422
prev 13 826521
prev 13 174494
prev 13 928063
prev 13 950882
prev 13 1532334
owned 13 1875178
owned 13 1875179
owned 13 1875180
owned 13 1875181
owned 13 1881177
owned 13 1881178
owned 13 1881179
owned 13 1881180
owned 13 1881181
owned 13 1881182
owned 13 1887176
owned 13 1887177
owned 13 1887178
owned 13 1887179
owned 13 1887180
owned 13 1887181
owned 13 1887182
owned 13 1887183
owned 13 1893176
owned 13 1893177
owned 13 1893178
owned 13 1893179
owned 13 1893180
owned 13 1893181
owned 13 1893182
owned 13 1893183
owned 13 1899176
owned 13 1899177
owned 13 1899178
owned 13 1899179
owned 13 1899180
owned 13 1899181
owned 13 1899182
owned 13 1899183
owned 13 1905176
owned 13 1905177
owned 13 1905178
owned 13 1905179
owned 13 1905180
owned 13 1905181
owned 13 1905182
owned 13 1905183
owned 13 1911177
owned 13 1911178
owned 13 1911179
owned 13 1911180
owned 13 1911181
owned 13 1911182
owned 13 1917178
owned 13 1917179
owned 13 1917180
owned 13 1917181
bot 14 16 tlx2iciq 1076827768 879894 3894 146 52
owner 14 1148486 2
owner 14 1142486 2
owner 14 1154486 2
owner 14 1148485 2
owner 14 1148487 2
owner 14 1142487 2
owner 14 1154487 2
owner 14 1148488 2
owner 14 1142488 2
owner 14 1154488 2
owner 14 1148489 2
owner 14 1142489 2
owner 14 1154489 2
owner 14 1136489 2
owner 14 1136488 2
owner 14 1130488 2
owner 14 1136487 2
owner 14 1130487 2
owner 14 1136486 2
owner 14 1130486 2
owner 14 1136485 2
owner 14 1130485 2
owner 14 1142485 2
owner 14 1136484 2
owner 14 1130484 2
owner 14 1142484 2
owner 14 1136483 2
owner 14 1130483 2
owner 14 1142483 2
owner 14 1136482 2
owner 14 1142482 2
owner 14 1148482 2
owner 14 1154482 2
owner 14 1148483 2
owner 14 1154483 2
owner 14 1148484 2
owner 14 1154484 2
owner 14 1160484 2
owner 14 1154485 2
owner 14 1160485 2
owner 14 1166485 2
owner 14 1160486 2
owner 14 1166486 2
owner 14 1160487 2
owner 14 1166487 2
owner 14 1160488 2
owner 14 1166484 2
owner 14 1160483 2
owner 14 1124484 2
owner 14 1124485 2
owner 14 1124486 2
owner 14 1124487 2
owner 14 1028778 3
owner 14 1022778 3
owner 14 1034778 3
owner 14 1028777 3
owner 14 1028779 3
owner 14 1022779 3
owner 14 1034779 3
owner 14 1028780 3
owner 14 1022780 3
owner 14 1034780 3
owner 14 1028781 3
owner 14 1022781 3
owner 14 1034781 3
owner 14 1016781 3
owner 14 1016780 3
owner 14 1010780 3
owner 14 1016779 3
owner 14 1010779 3
owner 14 1016778 3
owner 14 1010778 3
owner 14 1016777 3
owner 14 1010777 3
owner 14 1022777 3
owner 14 1016776 3
owner 14 1010776 3
owner 14 1022776 3
owner 14 1016775 3
owner 14 1010775 3
owner 14 1022775 3
owner 14 1016774 3
owner 14 1022774 3
owner 14 1028774 3
owner 14 1034774 3
owner 14 1028775 3
owner 14 1034775 3
owner 14 1028776 3
owner 14 1034776 3
owner 14 1040776 3
owner 14 1034777 3
owner 14 1040777 3
owner 14 1046777 3
owner 14 1040778 3
owner 14 1046778 3
owner 14 1040779 3
owner 14 1046779 3
owner 14 1040780 3
owner 14 1046776 3
owner 14 1040775 3
owner 14 1004776 3
owner 14 1004777 3
owner 14 1004778 3
owner 14 1004779 3
owner 14 1050104 4
owner 14 1044104 4
owner 14 1056104 4
owner 14 1050103 4
owner 14 1050105 4
owner 14 1044105 4
owner 14 1056105 4
owner 14 1050106 4
owner 14 1044106 4
owner 14 1056106 4
owner 14 1050107 4
owner 14 1044107 4
owner 14 1056107 4
owner 14 1038107 4
owner 14 1038106 4
owner 14 1032106 4
owner 14 1038105 4
owner 14 1032105 4
owner 14 1038104 4
owner 14 1032104 4
owner 14 1038103 4
owner 14 1032103 4
owner 14 1044103 4
owner 14 1038102 4
owner 14 1032102 4
owner 14 1044102 4
owner 14 1038101 4
owner 14 1032101 4
owner 14 1044101 4
owner 14 1038100 4
owner 14 1044100 4
owner 14 1050100 4
owner 14 1056100 4
owner 14 1050101 4
owner 14 1056101 4
owner 14 1050102 4
owner 14 1056102 4
owner 14 1062102 4
owner 14 1056103 4
owner 14 1062103 4
owner 14 1068103 4
owner 14 1062104 4
owner 14 1068104 4
owner 14 1062105 4
owner 14 1068105 4
owner 14 1062106 4
owner 14 1068102 4
owner 14 1062101 4
owner 14 1026102 4
owner 14 1026103 4
owner 14 1026104 4
owner 14 1026105 4
owner 14 1031402 5
owner 14 1025402 5
owner 14 1037402 5
owner 14 1031401 5
owner 14 1031403 5
owner 14 1025403 5
owner 14 1037403 5
owner 14 1031404 5
owner 14 1025404 5
owner 14 1037404 5
owner 14 1031405 5
owner 14 1025405 5
owner 14 1037405 5
owner 14 1019405 5
owner 14 1019404 5
owner 14 1013404 5
owner 14 1019403 5
owner 14 1013403 5
owner 14 1019402 5
owner 14 1013402 5
owner 14 1019401 5
owner 14 1013401 5
owner 14 1025401 5
owner 14 1019400 5
owner 14 1013400 5
owner 14 1025400 5
owner 14 1019399 5
owner 14 1013399 5
owner 14 1025399 5
owner 14 1019398 5
owner 14 1025398 5
owner 14 1031398 5
owner 14 1037398 5
owner 14 1031399 5
owner 14 1037399 5
owner 14 1031400 5
owner 14 1037400 5
owner 14 1043400 5
owner 14 1037401 5
owner 14 1043401 5
owner 14 1049401 5
owner 14 1043402 5
owner 14 1049402 5
owner 14 1043403 5
owner 14 1049403 5
owner 14 1043404 5
owner 14 1049400 5
owner 14 1043399 5
owner 14 1007400 5
owner 14 1007401 5
owner 14 1007402 5
owner 14 1007403 5
owner 14 216357 6
owner 14 210357 6
owner 14 222357 6
owner 14 216356 6
owner 14 216358 6
owner 14 210358 6
owner 14 222358 6
owner 14 216359 6
owner 14 210359 6
owner 14 222359 6
owner 14 216360 6
owner 14 210360 6
owner 14 222360 6
owner 14 204360 6
owner 14 204359 6
owner 14 198359 6
owner 14 204358 6
owner 14 198358 6
owner 14 204357 6
owner 14 198357 6
owner 14 204356 6
owner 14 198356 6
owner 14 210356 6
owner 14 204355 6
owner 14 198355 6
owner 14 210355 6
owner 14 204354 6
owner 14 198354 6
owner 14 210354 6
owner 14 204353 6
owner 14 210353 6
owner 14 216353 6
owner 14 222353 6
owner 14 216354 6
owner 14 222354 6
owner 14 216355 6
owner 14 222355 6
owner 14 228355 6
owner 14 222356 6
owner 14 228356 6
owner 14 234356 6
owner 14 228357 6
owner 14 234357 6
owner 14 228358 6
owner 14 234358 6
owner 14 228359 6
owner 14 234355 6
owner 14 228354 6
owner 14 192355 6
owner 14 192356 6
owner 14 192357 6
owner 14 192358 6
owner 14 1011646 7
owner 14 1005646 7
owner 14 1017646 7
owner 14 1011645 7
owner 14 1011647 7
owner 14 1005647 7
owner 14 1017647 7
owner 14 1011648 7
owner 14 1005648 7
owner 14 1017648 7
owner 14 1011649 7
owner 14 1005649 7
owner 14 1017649 7
owner 14 999649 7
owner 14 999648 7
owner 14 993648 7
owner 14 999647 7
owner 14 993647 7
owner 14 999646 7
owner 14 993646 7
owner 14 999645 7
owner 14 993645 7
owner 14 1005645 7
owner 14 999644 7
owner 14 993644 7
owner 14 1005644 7
owner 14 999643 7
owner 14 993643 7
owner 14 1005643 7
owner 14 999642 7
owner 14 1005642 7
owner 14 1011642 7
owner 14 1017642 7
owner 14 1011643 7
owner 14 1017643 7
owner 14 1011644 7
owner 14 1017644 7
owner 14 1023644 7
owner 14 1017645 7
owner 14 1023645 7
owner 14 1029645 7
owner 14 1023646 7
owner 14 1029646 7
owner 14 1023647 7
owner 14 1029647 7
owner 14 1023648 7
owner 14 1029644 7
owner 14 1023643 7
owner 14 987644 7
owner 14 987645 7
owner 14 987646 7
owner 14 987647 7
owner 14 1034282 8
owner 14 1028282 8
owner 14 1040282 8
owner 14 1034281 8
owner 14 1034283 8
owner 14 1028283 8
owner 14 1040283 8
owner 14 1034284 8
owner 14 1028284 8
owner 14 1040284 8
owner 14 1034285 8
owner 14 1028285 8
owner 14 1040285 8
owner 14 1022285 8
owner 14 1022284 8
owner 14 1016284 8
owner 14 1022283 8
owner 14 1016283 8
owner 14 1022282 8
owner 14 1016282 8
owner 14 1022281 8
owner 14 1016281 8
owner 14 1028281 8
owner 14 1022280 8
owner 14 1016280 8
owner 14 1028280 8
owner 14 1022279 8
owner 14 1016279 8
owner 14 1028279 8
owner 14 1022278 8
owner 14 1028278 8
owner 14 1034278 8
owner 14 1040278 8
owner 14 1034279 8
owner 14 1040279 8
owner 14 1034280 8
owner 14 1040280 8
owner 14 1046280 8
owner 14 1040281 8
owner 14 1046281 8
owner 14 1052281 8
owner 14 1046282 8
owner 14 1052282 8
owner 14 1046283 8
owner 14 1052283 8
owner 14 1046284 8
owner 14 1052280 8
owner 14 1046279 8
owner 14 1010280 8
owner 14 1010281 8
owner 14 1010282 8
owner 14 1010283 8
owner 14 935422 9
owner 14 929422 9
owner 14 941422 9
owner 14 935421 9
owner 14 935423 9
owner 14 929423 9
owner 14 941423 9
owner 14 935424 9
owner 14 929424 9
owner 14 941424 9
owner 14 935425 9
owner 14 929425 9
owner 14 941425 9
owner 14 923425 9
owner 14 923424 9
owner 14 917424 9
owner 14 923423 9
owner 14 917423 9
owner 14 923422 9
owner 14 917422 9
owner 14 923421 9
owner 14 917421 9
owner 14 929421 9
owner 14 923420 9
owner 14 917420 9
owner 14 929420 9
owner 14 923419 9
owner 14 917419 9
owner 14 929419 9
owner 14 923418 9
owner 14 929418 9
owner 14 935418 9
owner 14 941418 9
owner 14 935419 9
owner 14 941419 9
owner 14 935420 9
owner 14 941420 9
owner 14 947420 9
owner 14 941421 9
owner 14 947421 9
owner 14 953421 9
owner 14 947422 9
owner 14 953422 9
owner 14 947423 9
owner 14 953423 9
owner 14 947424 9
owner 14 953420 9
owner 14 947419 9
owner 14 911420 9
owner 14 911421 9
owner 14 911422 9
owner 14 911423 9
owner 14 826521 10
owner 14 820521 10
owner 14 832521 10
owner 14 826520 10
owner 14 826522 10
owner 14 820522 10
owner 14 832522 10
owner 14 826523 10
owner 14 820523 10
owner 14 832523 10
owner 14 826524 10
owner 14 820524 10
owner 14 832524 10
owner 14 814524 10
owner 14 814523 10
owner 14 808523 10
owner 14 814522 10
owner 14 808522 10
owner 14 814521 10
owner 14 808521 10
owner 14 814520 10
owner 14 808520 10
owner 14 820520 10
owner 14 814519 10
owner 14 808519 10
owner 14 820519 10
owner 14 814518 10
owner 14 808518 10
owner 14 820518 10
owner 14 814517 10
owner 14 820517 10
owner 14 826517 10
owner 14 832517 10
owner 14 826518 10
owner 14 832518 10
owner 14 826519 10
owner 14 832519 10
owner 14 838519 10
owner 14 832520 10
owner 14 838520 10
owner 14 844520 10
owner 14 838521 10
owner 14 844521 10
owner 14 838522 10
owner 14 844522 10
owner 14 838523 10
owner 14 844519 10
owner 14 838518 10
owner 14 802519 10
owner 14 802520 10
owner 14 802521 10
owner 14 802522 10
owner 14 174494 11
owner 14 168494 11
owner 14 180494 11
owner 14 174493 11
owner 14 174495 11
owner 14 168495 11
owner 14 180495 11
owner 14 174496 11
owner 14 168496 11
owner 14 180496 11
owner 14 174497 11
owner 14 168497 11
owner 14 180497 11
owner 14 162497 11
owner 14 162496 11
owner 14 156496 11
owner 14 162495 11
owner 14 156495 11
owner 14 162494 11
owner 14 156494 11
owner 14 162493 11
owner 14 156493 11
owner 14 168493 11
owner 14 162492 11
owner 14 156492 11
owner 14 168492 11
owner 14 162491 11
owner 14 156491 11
owner 14 168491 11
owner 14 162490 11
owner 14 168490 11
owner 14 174490 11
owner 14 180490 11
owner 14 174491 11
owner 14 180491 11
owner 14 174492 11
owner 14 180492 11
owner 14 186492 11
owner 14 180493 11
owner 14 186493 11
owner 14 192493 11
owner 14 186494 11
owner 14 192494 11
owner 14 186495 11
owner 14 192495 11
owner 14 186496 11
owner 14 192492 11
owner 14 186491 11
owner 14 150492 11
owner 14 150493 11
owner 14 150494 11
owner 14 150495 11
owner 14 928063 12
owner 14 922063 12
owner 14 934063 12
owner 14 928062 12
owner 14 928064 12
owner 14 922064 12
owner 14 934064 12
owner 14 928065 12
owner 14 922065 12
owner 14 934065 12
owner 14 928066 12
owner 14 922066 12
owner 14 934066 12
owner 14 916066 12
owner 14 916065 12
owner 14 910065 12
owner 14 916064 12
owner 14 910064 12
owner 14 916063 12
owner 14 910063 12
owner 14 916062 12
owner 14 910062 12
owner 14 922062 12
owner 14 916061 12
owner 14 910061 12
owner 14 922061 12
owner 14 916060 12
owner 14 910060 12
owner 14 922060 12
owner 14 916059 12
owner 14 922059 12
owner 14 928059 12
owner 14 934059 12
owner 14 928060 12
owner 14 934060 12
owner 14 928061 12
owner 14 934061 12
owner 14 940061 12
owner 14 934062 12
owner 14 940062 12
owner 14 946062 12
owner 14 940063 12
owner 14 946063 12
owner 14 940064 12
owner 14 946064 12
owner 14 940065 12
owner 14 946061 12
owner 14 940060 12
owner 14 904061 12
owner 14 904062 12
owner 14 904063 12
owner 14 904064 12
owner 14 950882 13
owner 14 944882 13
owner 14 956882 13
owner 14 950881 13
owner 14 950883 13
owner 14 944883 13
owner 14 956883 13
owner 14 950884 13
owner 14 944884 13
owner 14 956884 13
owner 14 950885 13
owner 14 944885 13
owner 14 956885 13
owner 14 938885 13
owner 14 938884 13
owner 14 932884 13
owner 14 938883 13
owner 14 932883 13
owner 14 938882 13
owner 14 932882 13
owner 14 938881 13
owner 14 932881 13
owner 14 944881 13
owner 14 938880 13
owner 14 932880 13
owner 14 944880 13
owner 14 938879 13
owner 14 932879 13
owner 14 944879 13
owner 14 938878 13
owner 14 944878 13
owner 14 950878 13
owner 14 956878 13
owner 14 950879 13
owner 14 956879 13
owner 14 950880 13
owner 14 956880 13
owner 14 962880 13
owner 14 956881 13
owner 14 962881 13
owner 14 968881 13
owner 14 962882 13
owner 14 968882 13
owner 14 962883 13
owner 14 968883 13
owner 14 962884 13
owner 14 968880 13
owner 14 962879 13
owner 14 926880 13
owner 14 926881 13
owner 14 926882 13
owner 14 926883 13
owner 14 1532334 14
owner 14 1526334 14
owner 14 1538334 14
owner 14 1532333 14
owner 14 1532335 14
owner 14 1526335 14
owner 14 1538335 14
owner 14 1532336 14
owner 14 1526336 14
owner 14 1538336 14
owner 14 1532337 14
owner 14 1526337 14
owner 14 1538337 14
owner 14 1520337 14
owner 14 1520336 14
owner 14 1514336 14
owner 14 1520335 14
owner 14 1514335 14
owner 14 1520334 14
owner 14 1514334 14
owner 14 1520333 14
owner 14 1514333 14
owner 14 1526333 14
owner 14 1520332 14
owner 14 1514332 14
owner 14 1526332 14
owner 14 1520331 14
owner 14 1514331 14
owner 14 1526331 14
owner 14 1520330 14
owner 14 1526330 14
owner 14 1532330 14
owner 14 1538330 14
owner 14 1532331 14
owner 14 1538331 14
owner 14 1532332 14
owner 14 1538332 14
owner 14 1544332 14
owner 14 1538333 14
owner 14 1544333 14
owner 14 1550333 14
owner 14 1544334 14
owner 14 1550334 14
owner 14 1544335 14
owner 14 1550335 14
owner 14 1544336 14
owner 14 1550332 14
owner 14 1544331 14
owner 14 1508332 14
owner 14 1508333 14
owner 14 1508334 14
owner 14 1508335 14
owner 14 1899180 15
owner 14 1893180 15
owner 14 1905180 15
owner 14 1899179 15
owner 14 1899181 15
owner 14 1893181 15
owner 14 1905181 15
owner 14 1899182 15
owner 14 1893182 15
owner 14 1905182 15
owner 14 1899183 15
owner 14 1893183 15
owner 14 1905183 15
owner 14 1887183 15
owner 14 1887182 15
owner 14 1881182 15
owner 14 1887181 15
owner 14 1881181 15
owner 14 1887180 15
owner 14 1881180 15
owner 14 1887179 15
owner 14 1881179 15
owner 14 1893179 15
owner 14 1887178 15
owner 14 1881178 15
owner 14 1893178 15
owner 14 1887177 15
owner 14 1881177 15
owner 14 1893177 15
owner 14 1887176 15
owner 14 1893176 15
owner 14 1899176 15
owner 14 1905176 15
owner 14 1899177 15
owner 14 1905177 15
owner 14 1899178 15
owner 14 1905178 15
owner 14 1911178 15
owner 14 1905179 15
owner 14 1911179 15
owner 14 1917179 15
owner 14 1911180 15
owner 14 1917180 15
owner 14 1911181 15
owner 14 1917181 15
owner 14 1911182 15
owner 14 1917178 15
owner 14 1911177 15
owner 14 1875178 15
owner 14 1875179 15
owner 14 1875180 15
owner 14 1875181 15
prev 14 1148486
prev 14 1028778
prev 14 1050104
prev 14 1031402
prev 14 216357
prev 14 1011646
prev 14 1034282
prev 14 935422
prev 14 826521
prev 14 174494
prev 14 928063
prev 14 950882
prev 14 1532334
prev 14 1899180
owned 14 855892
owned 14 855893
owned 14 855894
owned 14 855895
owned 14 861891
owned 14 861892
owned 14 861893
owned 14 861894
owned 14 861895
owned 14 861896
owned 14 867890
owned 14 867891
owned 14 867892
owned 14 867893
owned 14 867894
owned 14 867895
owned 14 867896
owned 14 867897
owned 14 873890
owned 14 873891
owned 14 873892
owned 14 873893
owned 14 873894
owned 14 873895
owned 14 873896
owned 14 873897
owned 14 879890
owned 14 879891
owned 14 879892
owned 14 879893
owned 14 879894
owned 14 879895
owned 14 879896
owned 14 879897
owned 14 885890
owned 14 885891
owned 14 885892
owned 14 885893
owned 14 885894
owned 14 885895
owned 14 885896
owned 14 885897
owned 14 891891
owned 14 891892
owned 14 891893
owned 14 891894
owned 14 891895
owned 14 891896
owned 14 897892
owned 14 897893
owned 14 897894
owned 14 897895
bot 15 17 8i7cuo9t 1041878418 384008 8 64 52
owner 15 1148486 2
owner 15 1142486 2
owner 15 1154486 2
owner 15 1148485 2
owner 15 1148487 2
owner 15 1142487 2
owner 15 1154487 2
owner 15 1148488 2
owner 15 1142488 2
owner 15 1154488 2
owner 15 1148489 2
owner 15 1142489 2
owner 15 1154489 2
owner 15 1136489 2
owner 15 1136488 2
owner 15 1130488 2
owner 15 1136487 2
owner 15 1130487 2
owner 15 1136486 2
owner 15 1130486 2
owner 15 1136485 2
owner 15 1130485 2
owner 15 1142485 2
owner 15 1136484 2
owner 15 1130484 2
owner 15 1142484 2
owner 15 1136483 2
owner 15 1130483 2
owner 15 1142483 2
owner 15 1136482 2
owner 15 1142482 2
owner 15 1148482 2
owner 15 1154482 2
owner 15 1148483 2
owner 15 1154483 2
owner 15 1148484 2
owner 15 1154484 2
owner 15 1160484 2
owner 15 1154485 2
owner 15 1160485 2
owner 15 1166485 2
owner 15 1160486 2
owner 15 1166486 2
owner 15 1160487 2
owner 15 1166487 2
owner 15 1160488 2
owner 15 1166484 2
owner 15 1160483 2
owner 15 1124484 2
owner 15 1124485 2
owner 15 1124486 2
owner 15 1124487 2
owner 15 1028778 3
owner 15 1022778 3
owner 15 1034778 3
owner 15 1028777 3
owner 15 1028779 3
owner 15 1022779 3
owner 15 1034779 3
owner 15 1028780 3
owner 15 1022780 3
owner 15 1034780 3
owner 15 1028781 3
owner 15 1022781 3
owner 15 1034781 3
owner 15 1016781 3
owner 15 1016780 3
owner 15 1010780 3
owner 15 1016779 3
owner 15 1010779 3
owner 15 1016778 3
owner 15 1010778 3
owner 15 1016777 3
owner 15 1010777 3
owner 15 1022777 3
owner 15 1016776 3
owner 15 1010776 3
owner 15 1022776 3
owner 15 1016775 3
owner 15 1010775 3
owner 15 1022775 3
owner 15 1016774 3
owner 15 1022774 3
owner 15 1028774 3
owner 15 1034774 3
owner 15 1028775 3
owner 15 1034775 3
owner 15 1028776 3
owner 15 1034776 3
owner 15 1040776 3
owner 15 1034777 3
owner 15 1040777 3
owner 15 1046777 3
owner 15 1040778 3
owner 15 1046778 3
owner 15 1040779 3
owner 15 1046779 3
owner 15 1040780 3
owner 15 1046776 3
owner 15 1040775 3
owner 15 1004776 3
owner 15 1004777 3
owner 15 1004778 3
owner 15 1004779 3
owner 15 1050104 4
owner 15 1044104 4
owner 15 1056104 4
owner 15 1050103 4
owner 15 1050105 4
owner 15 1044105 4
owner 15 1056105 4
owner 15 1050106 4
owner 15 1044106 4
owner 15 1056106 4
owner 15 1050107 4
owner 15 1044107 4
owner 15 1056107 4
owner 15 1038107 4
owner 15 1038106 4
owner 15 1032106 4
owner 15 1038105 4
owner 15 1032105 4
owner 15 1038104 4
owner 15 1032104 4
owner 15 1038103 4
owner 15 1032103 4
owner 15 1044103 4
owner 15 1038102 4
owner 15 1032102 4
owner 15 1044102 4
owner 15 1038101 4
owner 15 1032101 4
owner 15 1044101 4
owner 15 1038100 4
owner 15 1044100 4
owner 15 1050100 4
owner 15 1056100 4
owner 15 1050101 4
owner 15 1056101 4
owner 15 1050102 4
owner 15 1056102 4
owner 15 1062102 4
owner 15 1056103 4
owner 15 1062103 4
owner 15 1068103 4
owner 15 1062104 4
owner 15 1068104 4
owner 15 1062105 4
owner 15 1068105 4
owner 15 1062106 4
owner 15 1068102 4
owner 15 1062101 4
owner 15 1026102 4
owner 15 1026103 4
owner 15 1026104 4
owner 15 1026105 4
owner 15 1031402 5
owner 15 1025402 5
owner 15 1037402 5
owner 15 1031401 5
owner 15 1031403 5
owner 15 1025403 5
owner 15 1037403 5
owner 15 1031404 5
owner 15 1025404 5
owner 15 1037404 5
owner 15 1031405 5
owner 15 1025405 5
owner 15 1037405 5
owner 15 1019405 5
owner 15 1019404 5
owner 15 1013404 5
owner 15 1019403 5
owner 15 1013403 5
owner 15 1019402 5
owner 15 1013402 5
owner 15 1019401 5
owner 15 1013401 5
owner 15 1025401 5
owner 15 1019400 5
owner 15 1013400 5
owner 15 1025400 5
owner 15 1019399 5
owner 15 1013399 5
owner 15 1025399 5
owner 15 1019398 5
owner 15 1025398 5
owner 15 1031398 5
owner 15 1037398 5
owner 15 1031399 5
owner 15 1037399 5
owner 15 1031400 5
owner 15 1037400 5
owner 15 1043400 5
owner 15 1037401 5
owner 15 1043401 5
owner 15 1049401 5
owner 15 1043402 5
owner 15 1049402 5
owner 15 1043403 5
owner 15 1049403 5
owner 15 1043404 5
owner 15 1049400 5
owner 15 1043399 5
owner 15 1007400 5
owner 15 1007401 5
owner 15 1007402 5
owner 15 1007403 5
owner 15 216357 6
owner 15 210357 6
owner 15 222357 6
owner 15 216356 6
owner 15 216358 6
owner 15 210358 6
owner 15 222358 6
owner 15 216359 6
owner 15 210359 6
owner 15 222359 6
owner 15 216360 6
owner 15 210360 6
owner 15 222360 6
owner 15 204360 6
owner 15 204359 6
owner 15 198359 6
owner 15 204358 6
owner 15 198358 6
owner 15 204357 6
owner 15 198357 6
owner 15 204356 6
owner 15 198356 6
owner 15 210356 6
owner 15 204355 6
owner 15 198355 6
owner 15 210355 6
owner 15 204354 6
owner 15 198354 6
owner 15 210354 6
owner 15 204353 6
owner 15 210353 6
owner 15 216353 6
owner 15 222353 6
owner 15 216354 6
owner 15 222354 6
owner 15 216355 6
owner 15 222355 6
owner 15 228355 6
owner 15 222356 6
owner 15 228356 6
owner 15 234356 6
owner 15 228357 6
owner 15 234357 6
owner 15 228358 6
owner 15 234358 6
owner 15 228359 6
owner 15 234355 6
owner 15 228354 6
owner 15 192355 6
owner 15 192356 6
owner 15 192357 6
owner 15 192358 6
owner 15 1011646 7
owner 15 1005646 7
owner 15 1017646 7
owner 15 1011645 7
owner 15 1011647 7
owner 15 1005647 7
owner 15 1017647 7
owner 15 1011648 7
owner 15 1005648 7
owner 15 1017648 7
owner 15 1011649 7
owner 15 1005649 7
owner 15 1017649 7
owner 15 999649 7
owner 15 999648 7
owner 15 993648 7
owner 15 999647 7
owner 15 993647 7
owner 15 999646 7
owner 15 993646 7
owner 15 999645 7
owner 15 993645 7
owner 15 1005645 7
owner 15 999644 7
owner 15 993644 7
owner 15 1005644 7
owner 15 999643 7
owner 15 993643 7
owner 15 1005643 7
owner 15 999642 7
owner 15 1005642 7
owner 15 1011642 7
owner 15 1017642 7
owner 15 1011643 7
owner 15 1017643 7
owner 15 1011644 7
owner 15 1017644 7
owner 15 1023644 7
owner 15 1017645 7
owner 15 1023645 7
owner 15 1029645 7
owner 15 1023646 7
owner 15 1029646 7
owner 15 1023647 7
owner 15 1029647 7
owner 15 1023648 7
owner 15 1029644 7
owner 15 1023643 7
owner 15 987644 7
owner 15 987645 7
owner 15 987646 7
owner 15 987647 7
owner 15 1034282 8
owner 15 1028282 8
owner 15 1040282 8
owner 15 1034281 8
owner 15 1034283 8
owner 15 1028283 8
owner 15 1040283 8
owner 15 1034284 8
owner 15 1028284 8
owner 15 1040284 8
owner 15 1034285 8
owner 15 1028285 8
owner 15 1040285 8
owner 15 1022285 8
owner 15 1022284 8
owner 15 1016284 8
owner 15 1022283 8
owner 15 1016283 8
owner 15 1022282 8
owner 15 1016282 8
owner 15 1022281 8
owner 15 1016281 8
owner 15 1028281 8
owner 15 1022280 8
owner 15 1016280 8
owner 15 1028280 8
owner 15 1022279 8
owner 15 1016279 8
owner 15 1028279 8
owner 15 1022278 8
owner 15 1028278 8
owner 15 1034278 8
owner 15 1040278 8
owner 15 1034279 8
owner 15 1040279 8
owner 15 1034280 8
owner 15 1040280 8
owner 15 1046280 8
owner 15 1040281 8
owner 15 1046281 8
owner 15 1052281 8
owner 15 1046282 8
owner 15 1052282 8
owner 15 1046283 8
owner 15 1052283 8
owner 15 1046284 8
owner 15 1052280 8
owner 15 1046279 8
owner 15 1010280 8
owner 15 1010281 8
owner 15 1010282 8
owner 15 1010283 8
owner 15 935422 9
owner 15 929422 9
owner 15 941422 9
owner 15 935421 9
owner 15 935423 9
owner 15 929423 9
owner 15 941423 9
owner 15 935424 9
owner 15 929424 9
owner 15 941424 9
owner 15 935425 9
owner 15 929425 9
owner 15 941425 9
owner 15 923425 9
owner 15 923424 9
owner 15 917424 9
owner 15 923423 9
owner 15 917423 9
owner 15 923422 9
owner 15 917422 9
owner 15 923421 9
owner 15 917421 9
owner 15 929421 9
owner 15 923420 9
owner 15 917420 9
owner 15 929420 9
owner 15 923419 9
owner 15 917419 9
owner 15 929419 9
owner 15 923418 9
owner 15 929418 9
owner 15 935418 9
owner 15 941418 9
owner 15 935419 9
owner 15 941419 9
owner 15 935420 9
owner 15 941420 9
owner 15 947420 9
owner 15 941421 9
owner 15 947421 9
owner 15 953421 9
owner 15 947422 9
owner 15 953422 9
owner 15 947423 9
owner 15 953423 9
owner 15 947424 9
owner 15 953420 9
owner 15 947419 9
owner 15 911420 9
owner 15 911421 9
owner 15 911422 9
owner 15 911423 9
owner 15 826521 10
owner 15 820521 10
owner 15 832521 10
owner 15 826520 10
owner 15 826522 10
owner 15 820522 10
owner 15 832522 10
owner 15 826523 10
owner 15 820523 10
owner 15 832523 10
owner 15 826524 10
owner 15 820524 10
owner 15 832524 10
owner 15 814524 10
owner 15 814523 10
owner 15 808523 10
owner 15 814522 10
owner 15 808522 10
owner 15 814521 10
owner 15 808521 10
owner 15 814520 10
owner 15 808520 10
owner 15 820520 10
owner 15 814519 10
owner 15 808519 10
owner 15 820519 10
owner 15 814518 10
owner 15 808518 10
owner 15 820518 10
owner 15 814517 10
owner 15 820517 10
owner 15 826517 10
owner 15 832517 10
owner 15 826518 10
owner 15 832518 10
owner 15 826519 10
owner 15 832519 10
owner 15 838519 10
owner 15 832520 10
owner 15 838520 10
owner 15 844520 10
owner 15 838521 10
owner 15 844521 10
owner 15 838522 10
owner 15 844522 10
owner 15 838523 10
owner 15 844519 10
owner 15 838518 10
owner 15 802519 10
owner 15 802520 10
owner 15 802521 10
owner 15 802522 10
owner 15 174494 11
owner 15 168494 11
owner 15 180494 11
owner 15 174493 11
owner 15 174495 11
owner 15 168495 11
owner 15 180495 11
owner 15 174496 11
owner 15 168496 11
owner 15 180496 11
owner 15 174497 11
owner 15 168497 11
owner 15 180497 11
owner 15 162497 11
owner 15 162496 11
owner 15 156496 11
owner 15 162495 11
owner 15 156495 11
owner 15 162494 11
owner 15 156494 11
owner 15 162493 11
owner 15 156493 11
owner 15 168493 11
owner 15 162492 11
owner 15 156492 11
owner 15 168492 11
owner 15 162491 11
owner 15 156491 11
owner 15 168491 11
owner 15 162490 11
owner 15 168490 11
owner 15 174490 11
owner 15 180490 11
owner 15 174491 11
owner 15 180491 11
owner 15 174492 11
owner 15 180492 11
owner 15 186492 11
owner 15 180493 11
owner 15 186493 11
owner 15 192493 11
owner 15 186494 11
owner 15 192494 11
owner 15 186495 11
owner 15 192495 11
owner 15 186496 11
owner 15 192492 11
owner 15 186491 11
owner 15 150492 11
owner 15 150493 11
owner 15 150494 11
owner 15 150495 11
owner 15 928063 12
owner 15 922063 12
owner 15 934063 12
owner 15 928062 12
owner 15 928064 12
owner 15 922064 12
owner 15 934064 12
owner 15 928065 12
owner 15 922065 12
owner 15 934065 12
owner 15 928066 12
owner 15 922066 12
owner 15 934066 12
owner 15 916066 12
owner 15 916065 12
owner 15 910065 12
owner 15 916064 12
owner 15 910064 12
owner 15 916063 12
owner 15 910063 12
owner 15 916062 12
owner 15 910062 12
owner 15 922062 12
owner 15 916061 12
owner 15 910061 12
owner 15 922061 12
owner 15 916060 12
owner 15 910060 12
owner 15 922060 12
owner 15 916059 12
owner 15 922059 12
owner 15 928059 12
owner 15 934059 12
owner 15 928060 12
owner 15 934060 12
owner 15 928061 12
owner 15 934061 12
owner 15 940061 12
owner 15 934062 12
owner 15 940062 12
owner 15 946062 12
owner 15 940063 12
owner 15 946063 12
owner 15 940064 12
owner 15 946064 12
owner 15 940065 12
owner 15 946061 12
owner 15 940060 12
owner 15 904061 12
owner 15 904062 12
owner 15 904063 12
owner 15 904064 12
owner 15 950882 13
owner 15 944882 13
owner 15 956882 13
owner 15 950881 13
owner 15 950883 13
owner 15 944883 13
owner 15 956883 13
owner 15 950884 13
owner 15 944884 13
owner 15 956884 13
owner 15 950885 13
owner 15 944885 13
owner 15 956885 13
owner 15 938885 13
owner 15 938884 13
owner 15 932884 13
owner 15 938883 13
owner 15 932883 13
owner 15 938882 13
owner 15 932882 13
owner 15 938881 13
owner 15 932881 13
owner 15 944881 13
owner 15 938880 13
owner 15 932880 13
owner 15 944880 13
owner 15 938879 13
owner 15 932879 13
owner 15 944879 13
owner 15 938878 13
owner 15 944878 13
owner 15 950878 13
owner 15 956878 13
owner 15 950879 13
owner 15 956879 13
owner 15 950880 13
owner 15 956880 13
owner 15 962880 13
owner 15 956881 13
owner 15 962881 13
owner 15 968881 13
owner 15 962882 13
owner 15 968882 13
owner 15 962883 13
owner 15 968883 13
owner 15 962884 13
owner 15 968880 13
owner 15 962879 13
owner 15 926880 13
owner 15 926881 13
owner 15 926882 13
owner 15 926883 13
owner 15 1532334 14
owner 15 1526334 14
owner 15 1538334 14
owner 15 1532333 14
owner 15 1532335 14
owner 15 1526335 14
owner 15 1538335 14
owner 15 1532336 14
owner 15 1526336 14
owner 15 1538336 14
owner 15 1532337 14
owner 15 1526337 14
owner 15 1538337 14
owner 15 1520337 14
owner 15 1520336 14
owner 15 1514336 14
owner 15 1520335 14
owner 15 1514335 14
owner 15 1520334 14
owner 15 1514334 14
owner 15 1520333 14
owner 15 1514333 14
owner 15 1526333 14
owner 15 1520332 14
owner 15 1514332 14
owner 15 1526332 14
owner 15 1520331 14
owner 15 1514331 14
owner 15 1526331 14
owner 15 1520330 14
owner 15 1526330 14
owner 15 1532330 14
owner 15 1538330 14
owner 15 1532331 14
owner 15 1538331 14
owner 15 1532332 14
owner 15 1538332 14
owner 15 1544332 14
owner 15 1538333 14
owner 15 1544333 14
owner 15 1550333 14
owner 15 1544334 14
owner 15 1550334 14
owner 15 1544335 14
owner 15 1550335 14
owner 15 1544336 14
owner 15 1550332 14
owner 15 1544331 14
owner 15 1508332 14
owner 15 1508333 14
owner 15 1508334 14
owner 15 1508335 14
owner 15 1899180 15
owner 15 1893180 15
owner 15 1905180 15
owner 15 1899179 15
owner 15 1899181 15
owner 15 1893181 15
owner 15 1905181 15
owner 15 1899182 15
owner 15 1893182 15
owner 15 1905182 15
owner 15 1899183 15
owner 15 1893183 15
owner 15 1905183 15
owner 15 1887183 15
owner 15 1887182 15
owner 15 1881182 15
owner 15 1887181 15
owner 15 1881181 15
owner 15 1887180 15
owner 15 1881180 15
owner 15 1887179 15
owner 15 1881179 15
owner 15 1893179 15
owner 15 1887178 15
owner 15 1881178 15
owner 15 1893178 15
owner 15 1887177 15
owner 15 1881177 15
owner 15 1893177 15
owner 15 1887176 15
owner 15 1893176 15
owner 15 1899176 15
owner 15 1905176 15
owner 15 1899177 15
owner 15 1905177 15
owner 15 1899178 15
owner 15 1905178 15
owner 15 1911178 15
owner 15 1905179 15
owner 15 1911179 15
owner 15 1917179 15
owner 15 1911180 15
owner 15 1917180 15
owner 15 1911181 15
owner 15 1917181 15
owner 15 1911182 15
owner 15 1917178 15
owner 15 1911177 15
owner 15 1875178 15
owner 15 1875179 15
owner 15 1875180 15
owner 15 1875181 15
owner 15 879894 16
owner 15 873894 16
owner 15 885894 16
owner 15 879893 16
owner 15 879895 16
owner 15 873895 16
owner 15 885895 16
owner 15 879896 16
owner 15 873896 16
owner 15 885896 16
owner 15 879897 16
owner 15 873897 16
owner 15 885897 16
owner 15 867897 16
owner 15 867896 16
owner 15 861896 16
owner 15 867895 16
owner 15 861895 16
owner 15 867894 16
owner 15 861894 16
owner 15 867893 16
owner 15 861893 16
owner 15 873893 16
owner 15 867892 16
owner 15 861892 16
owner 15 873892 16
owner 15 867891 16
owner 15 861891 16
owner 15 873891 16
owner 15 867890 16
owner 15 873890 16
owner 15 879890 16
owner 15 885890 16
owner 15 879891 16
owner 15 885891 16
owner 15 879892 16
owner 15 885892 16
owner 15 891892 16
owner 15 885893 16
owner 15 891893 16
owner 15 897893 16
owner 15 891894 16
owner 15 897894 16
owner 15 891895 16
owner 15 897895 16
owner 15 891896 16
owner 15 897892 16
owner 15 891891 16
owner 15 855892 16
owner 15 855893 16
owner 15 855894 16
owner 15 855895 16
prev 15 1148486
prev 15 1028778
prev 15 1050104
prev 15 1031402
prev 15 216357
prev 15 1011646
prev 15 1034282
prev 15 935422
prev 15 826521
prev 15 174494
prev 15 928063
prev 15 950882
prev 15 1532334
prev 15 1899180
prev 15 879894
owned 15 360006
owned 15 360007
owned 15 360008
owned 15 360009
owned 15 366005
owned 15 366006
owned 15 366007
owned 15 366008
owned 15 366009
owned 15 366010
owned 15 372004
owned 15 372005
owned 15 372006
owned 15 372007
owned 15 372008
owned 15 372009
owned 15 372010
owned 15 372011
owned 15 378004
owned 15 378005
owned 15 378006
owned 15 378007
owned 15 378008
owned 15 378009
owned 15 378010
owned 15 378011
owned 15 384004
owned 15 384005
owned 15 384006
owned 15 384007
owned 15 384008
owned 15 384009
owned 15 384010
owned 15 384011
owned 15 390004
owned 15 390005
owned 15 390006
owned 15 390007
owned 15 390008
owned 15 390009
owned 15 390010
owned 15 390011
owned 15 396005
owned 15 396006
owned 15 396007
owned 15 396008
owned 15 396009
owned 15 396010
owned 15 402006
owned 15 402007
owned 15 402008
owned 15 402009
bot 16 18 ay8xa67r 1238569276 1270632 4632 211 52
owner 16 1148486 2
owner 16 1142486 2
owner 16 1154486 2
owner 16 1148485 2
owner 16 1148487 2
owner 16 1142487 2
owner 16 1154487 2
owner 16 1148488 2
owner 16 1142488 2
owner 16 1154488 2
owner 16 1148489 2
owner 16 1142489 2
owner 16 1154489 2
owner 16 1136489 2
owner 16 1136488 2
owner 16 1130488 2
owner 16 1136487 2
owner 16 1130487 2
owner 16 1136486 2
owner 16 1130486 2
owner 16 1136485 2
owner 16 1130485 2
owner 16 1142485 2
owner 16 1136484 2
owner 16 1130484 2
owner 16 1142484 2
owner 16 1136483 2
owner 16 1130483 2
owner 16 1142483 2
owner 16 1136482 2
owner 16 1142482 2
owner 16 1148482 2
owner 16 1154482 2
owner 16 1148483 2
owner 16 1154483 2
owner 16 1148484 2
owner 16 1154484 2
owner 16 1160484 2
owner 16 1154485 2
owner 16 1160485 2
owner 16 1166485 2
owner 16 1160486 2
owner 16 1166486 2
owner 16 1160487 2
owner 16 1166487 2
owner 16 1160488 2
owner 16 1166484 2
owner 16 1160483 2
owner 16 1124484 2
owner 16 1124485 2
owner 16 1124486 2
owner 16 1124487 2
owner 16 1028778 3
owner 16 1022778 3
owner 16 1034778 3
owner 16 1028777 3
owner 16 1028779 3
owner 16 1022779 3
owner 16 1034779 3
owner 16 1028780 3
owner 16 1022780 3
owner 16 1034780 3
owner 16 1028781 3
owner 16 1022781 3
owner 16 1034781 3
owner 16 1016781 3
owner 16 1016780 3
owner 16 1010780 3
owner 16 1016779 3
owner 16 1010779 3
owner 16 1016778 3
owner 16 1010778 3
owner 16 1016777 3
owner 16 1010777 3
owner 16 1022777 3
owner 16 1016776 3
owner 16 1010776 3
owner 16 1022776 3
owner 16 1016775 3
owner 16 1010775 3
owner 16 1022775 3
owner 16 1016774 3
owner 16 1022774 3
owner 16 1028774 3
owner 16 1034774 3
owner 16 1028775 3
owner 16 1034775 3
owner 16 1028776 3
owner 16 1034776 3
owner 16 1040776 3
owner 16 1034777 3
owner 16 1040777 3
owner 16 1046777 3
owner 16 1040778 3
owner 16 1046778 3
owner 16 1040779 3
owner 16 1046779 3
owner 16 1040780 3
owner 16 1046776 3
owner 16 1040775 3
owner 16 1004776 3
owner 16 1004777 3
owner 16 1004778 3
owner 16 1004779 3
owner 16 1050104 4
owner 16 1044104 4
owner 16 1056104 4
owner 16 1050103 4
owner 16 1050105 4
owner 16 1044105 4
owner 16 1056105 4
owner 16 1050106 4
owner 16 1044106 4
owner 16 1056106 4
owner 16 1050107 4
owner 16 1044107 4
owner 16 1056107 4
owner 16 1038107 4
owner 16 1038106 4
owner 16 1032106 4
owner 16 1038105 4
owner 16 1032105 4
owner 16 1038104 4
owner 16 1032104 4
owner 16 1038103 4
owner 16 1032103 4
owner 16 1044103 4
owner 16 1038102 4
owner 16 1032102 4
owner 16 1044102 4
owner 16 1038101 4
owner 16 1032101 4
owner 16 1044101 4
owner 16 1038100 4
owner 16 1044100 4
owner 16 1050100 4
owner 16 1056100 4
owner 16 1050101 4
owner 16 1056101 4
owner 16 1050102 4
owner 16 1056102 4
owner 16 1062102 4
owner 16 1056103 4
owner 16 1062103 4
owner 16 1068103 4
owner 16 1062104 4
owner 16 1068104 4
owner 16 1062105 4
owner 16 1068105 4
owner 16 1062106 4
owner 16 1068102 4
owner 16 1062101 4
owner 16 1026102 4
owner 16 1026103 4
owner 16 1026104 4
owner 16 1026105 4
owner 16 1031402 5
owner 16 1025402 5
owner 16 1037402 5
owner 16 1031401 5
owner 16 1031403 5
owner 16 1025403 5
owner 16 1037403 5
owner 16 1031404 5
owner 16 1025404 5
owner 16 1037404 5
owner 16 1031405 5
owner 16 1025405 5
owner 16 1037405 5
owner 16 1019405 5
owner 16 1019404 5
owner 16 1013404 5
owner 16 1019403 5
owner 16 1013403 5
owner 16 1019402 5
owner 16 1013402 5
owner 16 1019401 5
owner 16 1013401 5
owner 16 1025401 5
owner 16 1019400 5
owner 16 1013400 5
owner 16 1025400 5
owner 16 1019399 5
owner 16 1013399 5
owner 16 1025399 5
owner 16 1019398 5
owner 16 1025398 5
owner 16 1031398 5
owner 16 1037398 5
owner 16 1031399 5
owner 16 1037399 5
owner 16 1031400 5
owner 16 1037400 5
owner 16 1043400 5
owner 16 1037401 5
owner 16 1043401 5
owner 16 1049401 5
owner 16 1043402 5
owner 16 1049402 5
owner 16 1043403 5
owner 16 1049403 5
owner 16 1043404 5
owner 16 1049400 5
owner 16 1043399 5
owner 16 1007400 5
owner 16 1007401 5
owner 16 1007402 5
owner 16 1007403 5
owner 16 216357 6
owner 16 210357 6
owner 16 222357 6
owner 16 216356 6
owner 16 216358 6
owner 16 210358 6
owner 16 222358 6
owner 16 216359 6
owner 16 210359 6
owner 16 222359 6
owner 16 216360 6
owner 16 210360 6
owner 16 222360 6
owner 16 204360 6
owner 16 204359 6
owner 16 198359 6
owner 16 204358 6
owner 16 198358 6
owner 16 204357 6
owner 16 198357 6
owner 16 204356 6
owner 16 198356 6
owner 16 210356 6
owner 16 204355 6
owner 16 198355 6
owner 16 210355 6
owner 16 204354 6
owner 16 198354 6
owner 16 210354 6
owner 16 204353 6
owner 16 210353 6
owner 16 216353 6
owner 16 222353 6
owner 16 216354 6
owner 16 222354 6
owner 16 216355 6
owner 16 222355 6
owner 16 228355 6
owner 16 222356 6
owner 16 228356 6
owner 16 234356 6
owner 16 228357 6
owner 16 234357 6
owner 16 228358 6
owner 16 234358 6
owner 16 228359 6
owner 16 234355 6
owner 16 228354 6
owner 16 192355 6
owner 16 192356 6
owner 16 192357 6
owner 16 192358 6
owner 16 1011646 7
owner 16 1005646 7
owner 16 1017646 7
owner 16 1011645 7
owner 16 1011647 7
owner 16 1005647 7
owner 16 1017647 7
owner 16 1011648 7
owner 16 1005648 7
owner 16 1017648 7
owner 16 1011649 7
owner 16 1005649 7
owner 16 1017649 7
owner 16 999649 7
owner 16 999648 7
owner 16 993648 7
owner 16 999647 7
owner 16 993647 7
owner 16 999646 7
owner 16 993646 7
owner 16 999645 7
owner 16 993645 7
owner 16 1005645 7
owner 16 999644 7
owner 16 993644 7
owner 16 1005644 7
owner 16 999643 7
owner 16 993643 7
owner 16 1005643 7
owner 16 999642 7
owner 16 1005642 7
owner 16 1011642 7
owner 16 1017642 7
owner 16 1011643 7
owner 16 1017643 7
owner 16 1011644 7
owner 16 1017644 7
owner 16 1023644 7
owner 16 1017645 7
owner 16 1023645 7
owner 16 1029645 7
owner 16 1023646 7
owner 16 1029646 7
owner 16 1023647 7
owner 16 1029647 7
owner 16 1023648 7
owner 16 1029644 7
owner 16 1023643 7
owner 16 987644 7
owner 16 987645 7
owner 16 987646 7
owner 16 987647 7
owner 16 1034282 8
owner 16 1028282 8
owner 16 1040282 8
owner 16 1034281 8
owner 16 1034283 8
owner 16 1028283 8
owner 16 1040283 8
owner 16 1034284 8
owner 16 1028284 8
owner 16 1040284 8
owner 16 1034285 8
owner 16 1028285 8
owner 16 1040285 8
owner 16 1022285 8
owner 16 1022284 8
owner 16 1016284 8
owner 16 1022283 8
owner 16 1016283 8
owner 16 1022282 8
owner 16 1016282 8
owner 16 1022281 8
owner 16 1016281 8
owner 16 1028281 8
owner 16 1022280 8
owner 16 1016280 8
owner 16 1028280 8
owner 16 1022279 8
owner 16 1016279 8
owner 16 1028279 8
owner 16 1022278 8
owner 16 1028278 8
owner 16 1034278 8
owner 16 1040278 8
owner 16 1034279 8
owner 16 1040279 8
owner 16 1034280 8
owner 16 1040280 8
owner 16 1046280 8
owner 16 1040281 8
owner 16 1046281 8
owner 16 1052281 8
owner 16 1046282 8
owner 16 1052282 8
owner 16 1046283 8
owner 16 1052283 8
owner 16 1046284 8
owner 16 1052280 8
owner 16 1046279 8
owner 16 1010280 8
owner 16 1010281 8
owner 16 1010282 8
owner 16 1010283 8
owner 16 935422 9
owner 16 929422 9
owner 16 941422 9
owner 16 935421 9
owner 16 935423 9
owner 16 929423 9
owner 16 941423 9
owner 16 935424 9
owner 16 929424 9
owner 16 941424 9
owner 16 935425 9
owner 16 929425 9
owner 16 941425 9
owner 16 923425 9
owner 16 923424 9
owner 16 917424 9
owner 16 923423 9
owner 16 917423 9
owner 16 923422 9
owner 16 917422 9
owner 16 923421 9
owner 16 917421 9
owner 16 929421 9
owner 16 923420 9
owner 16 917420 9
owner 16 929420 9
owner 16 923419 9
owner 16 917419 9
owner 16 929419 9
owner 16 923418 9
owner 16 929418 9
owner 16 935418 9
owner 16 941418 9
owner 16 935419 9
owner 16 941419 9
owner 16 935420 9
owner 16 941420 9
owner 16 947420 9
owner 16 941421 9
owner 16 947421 9
owner 16 953421 9
owner 16 947422 9
owner 16 953422 9
owner 16 947423 9
owner 16 953423 9
owner 16 947424 9
owner 16 953420 9
owner 16 947419 9
owner 16 911420 9
owner 16 911421 9
owner 16 911422 9
owner 16 911423 9
owner 16 826521 10
owner 16 820521 10
owner 16 832521 10
owner 16 826520 10
owner 16 826522 10
owner 16 820522 10
owner 16 832522 10
owner 16 826523 10
owner 16 820523 10
owner 16 832523 10
owner 16 826524 10
owner 16 820524 10
owner 16 832524 10
owner 16 814524 10
owner 16 814523 10
owner 16 808523 10
owner 16 814522 10
owner 16 808522 10
owner 16 814521 10
owner 16 808521 10
owner 16 814520 10
owner 16 808520 10
owner 16 820520 10
owner 16 814519 10
owner 16 808519 10
owner 16 820519 10
owner 16 814518 10
owner 16 808518 10
owner 16 820518 10
owner 16 814517 10
owner 16 820517 10
owner 16 826517 10
owner 16 832517 10
owner 16 826518 10
owner 16 832518 10
owner 16 826519 10
owner 16 832519 10
owner 16 838519 10
owner 16 832520 10
owner 16 838520 10
owner 16 844520 10
owner 16 838521 10
owner 16 844521 10
owner 16 838522 10
owner 16 844522 10
owner 16 838523 10
owner 16 844519 10
owner 16 838518 10
owner 16 802519 10
owner 16 802520 10
owner 16 802521 10
owner 16 802522 10
owner 16 174494 11
owner 16 168494 11
owner 16 180494 11
owner 16 174493 11
owner 16 174495 11
owner 16 168495 11
owner 16 180495 11
owner 16 174496 11
owner 16 168496 11
owner 16 180496 11
owner 16 174497 11
owner 16 168497 11
owner 16 180497 11
owner 16 162497 11
owner 16 162496 11
owner 16 156496 11
owner 16 162495 11
owner 16 156495 11
owner 16 162494 11
owner 16 156494 11
owner 16 162493 11
owner 16 156493 11
owner 16 168493 11
owner 16 162492 11
owner 16 156492 11
owner 16 168492 11
owner 16 162491 11
owner 16 156491 11
owner 16 168491 11
owner 16 162490 11
owner 16 168490 11
owner 16 174490 11
owner 16 180490 11
owner 16 174491 11
owner 16 180491 11
owner 16 174492 11
owner 16 180492 11
owner 16 186492 11
owner 16 180493 11
owner 16 186493 11
owner 16 192493 11
owner 16 186494 11
owner 16 192494 11
owner 16 186495 11
owner 16 192495 11
owner 16 186496 11
owner 16 192492 11
owner 16 186491 11
owner 16 150492 11
owner 16 150493 11
owner 16 150494 11
owner 16 150495 11
owner 16 928063 12
owner 16 922063 12
owner 16 934063 12
owner 16 928062 12
owner 16 928064 12
owner 16 922064 12
owner 16 934064 12
owner 16 928065 12
owner 16 922065 12
owner 16 934065 12
owner 16 928066 12
owner 16 922066 12
owner 16 934066 12
owner 16 916066 12
owner 16 916065 12
owner 16 910065 12
owner 16 916064 12
owner 16 910064 12
owner 16 916063 12
owner 16 910063 12
owner 16 916062 12
owner 16 910062 12
owner 16 922062 12
owner 16 916061 12
owner 16 910061 12
owner 16 922061 12
owner 16 916060 12
owner 16 910060 12
owner 16 922060 12
owner 16 916059 12
owner 16 922059 12
owner 16 928059 12
owner 16 934059 12
owner 16 928060 12
owner 16 934060 12
owner 16 928061 12
owner 16 934061 12
owner 16 940061 12
owner 16 934062 12
owner 16 940062 12
owner 16 946062 12
owner 16 940063 12
owner 16 946063 12
owner 16 940064 12
owner 16 946064 12
owner 16 940065 12
owner 16 946061 12
owner 16 940060 12
owner 16 904061 12
owner 16 904062 12
owner 16 904063 12
owner 16 904064 12
owner 16 950882 13
owner 16 944882 13
owner 16 956882 13
owner 16 950881 13
owner 16 950883 13
owner 16 944883 13
owner 16 956883 13
owner 16 950884 13
owner 16 944884 13
owner 16 956884 13
owner 16 950885 13
owner 16 944885 13
owner 16 956885 13
owner 16 938885 13
owner 16 938884 13
owner 16 932884 13
owner 16 938883 13
owner 16 932883 13
owner 16 938882 13
owner 16 932882 13
owner 16 938881 13
owner 16 932881 13
owner 16 944881 13
owner 16 938880 13
owner 16 932880 13
owner 16 944880 13
owner 16 938879 13
owner 16 932879 13
owner 16 944879 13
owner 16 938878 13
owner 16 944878 13
owner 16 950878 13
owner 16 956878 13
owner 16 950879 13
owner 16 956879 13
owner 16 950880 13
owner 16 956880 13
owner 16 962880 13
owner 16 956881 13
owner 16 962881 13
owner 16 968881 13
owner 16 962882 13
owner 16 968882 13
owner 16 962883 13
owner 16 968883 13
owner 16 962884 13
owner 16 968880 13
owner 16 962879 13
owner 16 926880 13
owner 16 926881 13
owner 16 926882 13
owner 16 926883 13
owner 16 1532334 14
owner 16 1526334 14
owner 16 1538334 14
owner 16 1532333 14
owner 16 1532335 14
owner 16 1526335 14
owner 16 1538335 14
owner 16 1532336 14
owner 16 1526336 14
owner 16 1538336 14
owner 16 1532337 14
owner 16 1526337 14
owner 16 1538337 14
owner 16 1520337 14
owner 16 1520336 14
owner 16 1514336 14
owner 16 1520335 14
owner 16 1514335 14
owner 16 1520334 14
owner 16 1514334 14
owner 16 1520333 14
owner 16 1514333 14
owner 16 1526333 14
owner 16 1520332 14
owner 16 1514332 14
owner 16 1526332 14
owner 16 1520331 14
owner 16 1514331 14
owner 16 1526331 14
owner 16 1520330 14
owner 16 1526330 14
owner 16 1532330 14
owner 16 1538330 14
owner 16 1532331 14
owner 16 1538331 14
owner 16 1532332 14
owner 16 1538332 14
owner 16 1544332 14
owner 16 1538333 14
owner 16 1544333 14
owner 16 1550333 14
owner 16 1544334 14
owner 16 1550334 14
owner 16 1544335 14
owner 16 1550335 14
owner 16 1544336 14
owner 16 1550332 14
owner 16 1544331 14
owner 16 1508332 14
owner 16 1508333 14
owner 16 1508334 14
owner 16 1508335 14
owner 16 1899180 15
owner 16 1893180 15
owner 16 1905180 15
owner 16 1899179 15
owner 16 1899181 15
owner 16 1893181 15
owner 16 1905181 15
owner 16 1899182 15
owner 16 1893182 15
owner 16 1905182 15
owner 16 1899183 15
owner 16 1893183 15
owner 16 1905183 15
owner 16 1887183 15
owner 16 1887182 15
owner 16 1881182 15
owner 16 1887181 15
owner 16 1881181 15
owner 16 1887180 15
owner 16 1881180 15
owner 16 1887179 15
owner 16 1881179 15
owner 16 1893179 15
owner 16 1887178 15
owner 16 1881178 15
owner 16 1893178 15
owner 16 1887177 15
owner 16 1881177 15
owner 16 1893177 15
owner 16 1887176 15
owner 16 1893176 15
owner 16 1899176 15
owner 16 1905176 15
owner 16 1899177 15
owner 16 1905177 15
owner 16 1899178 15
owner 16 1905178 15
owner 16 1911178 15
owner 16 1905179 15
owner 16 1911179 15
owner 16 1917179 15
owner 16 1911180 15
owner 16 1917180 15
owner 16 1911181 15
owner 16 1917181 15
owner 16 1911182 15
owner 16 1917178 15
owner 16 1911177 15
owner 16 1875178 15
owner 16 1875179 15
owner 16 1875180 15
owner 16 1875181 15
owner 16 879894 16
owner 16 873894 16
owner 16 885894 16
owner 16 879893 16
owner 16 879895 16
owner 16 873895 16
owner 16 885895 16
owner 16 879896 16
owner 16 873896 16
owner 16 885896 16
owner 16 879897 16
owner 16 873897 16
owner 16 885897 16
owner 16 867897 16
owner 16 867896 16
owner 16 861896 16
owner 16 867895 16
owner 16 861895 16
owner 16 867894 16
owner 16 861894 16
owner 16 867893 16
owner 16 861893 16
owner 16 873893 16
owner 16 867892 16
owner 16 861892 16
owner 16 873892 16
owner 16 867891 16
owner 16 861891 16
owner 16 873891 16
owner 16 867890 16
owner 16 873890 16
owner 16 879890 16
owner 16 885890 16
owner 16 879891 16
owner 16 885891 16
owner 16 879892 16
owner 16 885892 16
owner 16 891892 16
owner 16 885893 16
owner 16 891893 16
owner 16 897893 16
owner 16 891894 16
owner 16 897894 16
owner 16 891895 16
owner 16 897895 16
owner 16 891896 16
owner 16 897892 16
owner 16 891891 16
owner 16 855892 16
owner 16 855893 16
owner 16 855894 16
owner 16 855895 16
owner 16 384008 17
owner 16 378008 17
owner 16 390008 17
owner 16 384007 17
owner 16 384009 17
owner 16 378009 17
owner 16 390009 17
owner 16 384010 17
owner 16 378010 17
owner 16 390010 17
owner 16 384011 17
owner 16 378011 17
owner 16 390011 17
owner 16 372011 17
owner 16 372010 17
owner 16 366010 17
owner 16 372009 17
owner 16 366009 17
owner 16 372008 17
owner 16 366008 17
owner 16 372007 17
owner 16 366007 17
owner 16 378007 17
owner 16 372006 17
owner 16 366006 17
owner 16 378006 17
owner 16 372005 17
owner 16 366005 17
owner 16 378005 17
owner 16 372004 17
owner 16 378004 17
owner 16 384004 17
owner 16 390004 17
owner 16 384005 17
owner 16 390005 17
owner 16 384006 17
owner 16 390006 17
owner 16 396006 17
owner 16 390007 17
owner 16 396007 17
owner 16 402007 17
owner 16 396008 17
owner 16 402008 17
owner 16 396009 17
owner 16 402009 17
owner 16 396010 17
owner 16 402006 17
owner 16 396005 17
owner 16 360006 17
owner 16 360007 17
owner 16 360008 17
owner 16 360009 17
prev 16 1148486
prev 16 1028778
prev 16 1050104
prev 16 1031402
prev 16 216357
prev 16 1011646
prev 16 1034282
prev 16 935422
prev 16 826521
prev 16 174494
prev 16 928063
prev 16 950882
prev 16 1532334
prev 16 1899180
prev 16 879894
prev 16 384008
owned 16 1246630
owned 16 1246631
owned 16 1246632
owned 16 1246633
owned 16 1252629
owned 16 1252630
owned 16 1252631
owned 16 1252632
owned 16 1252633
owned 16 1252634
owned 16 1258628
owned 16 1258629
owned 16 1258630
owned 16 1258631
owned 16 1258632
owned 16 1258633
owned 16 1258634
owned 16 1258635
owned 16 1264628
owned 16 1264629
owned 16 1264630
owned 16 1264631
owned 16 1264632
owned 16 1264633
owned 16 1264634
owned 16 1264635
owned 16 1270628
owned 16 1270629
owned 16 1270630
owned 16 1270631
owned 16 1270632
owned 16 1270633
owned 16 1270634
owned 16 1270635
owned 16 1276628
owned 16 1276629
owned 16 1276630
owned 16 1276631
owned 16 1276632
owned 16 1276633
owned 16 1276634
owned 16 1276635
owned 16 1282629
owned 16 1282630
owned 16 1282631
owned 16 1282632
owned 16 1282633
owned 16 1282634
owned 16 1288630
owned 16 1288631
owned 16 1288632
owned 16 1288633
bot 17 19 fha1xhrw -2086814691 920499 2499 153 52
owner 17 1148486 2
owner 17 1142486 2
owner 17 1154486 2
owner 17 1148485 2
owner 17 1148487 2
owner 17 1142487 2
owner 17 1154487 2
owner 17 1148488 2
owner 17 1142488 2
owner 17 1154488 2
owner 17 1148489 2
owner 17 1142489 2
owner 17 1154489 2
owner 17 1136489 2
owner 17 1136488 2
owner 17 1130488 2
owner 17 1136487 2
owner 17 1130487 2
owner 17 1136486 2
owner 17 1130486 2
owner 17 1136485 2
owner 17 1130485 2
owner 17 1142485 2
owner 17 1136484 2
owner 17 1130484 2
owner 17 1142484 2
owner 17 1136483 2
owner 17 1130483 2
owner 17 1142483 2
owner 17 1136482 2
owner 17 1142482 2
owner 17 1148482 2
owner 17 1154482 2
owner 17 1148483 2
owner 17 1154483 2
owner 17 1148484 2
owner 17 1154484 2
owner 17 1160484 2
owner 17 1154485 2
owner 17 1160485 2
owner 17 1166485 2
owner 17 1160486 2
owner 17 1166486 2
owner 17 1160487 2
owner 17 1166487 2
owner 17 1160488 2
owner 17 1166484 2
owner 17 1160483 2
owner 17 1124484 2
owner 17 1124485 2
owner 17 1124486 2
owner 17 1124487 2
owner 17 1028778 3
owner 17 1022778 3
owner 17 1034778 3
owner 17 1028777 3
owner 17 1028779 3
owner 17 1022779 3
owner 17 1034779 3
owner 17 1028780 3
owner 17 1022780 3
owner 17 1034780 3
owner 17 1028781 3
owner 17 1022781 3
owner 17 1034781 3
owner 17 1016781 3
owner 17 1016780 3
owner 17 1010780 3
owner 17 1016779 3
owner 17 1010779 3
owner 17 1016778 3
owner 17 1010778 3
owner 17 1016777 3
owner 17 1010777 3
owner 17 1022777 3
owner 17 1016776 3
owner 17 1010776 3
owner 17 1022776 3
owner 17 1016775 3
owner 17 1010775 3
owner 17 1022775 3
owner 17 1016774 3
owner 17 1022774 3
owner 17 1028774 3
owner 17 1034774 3
owner 17 1028775 3
owner 17 1034775 3
owner 17 1028776 3
owner 17 1034776 3
owner 17 1040776 3
owner 17 1034777 3
owner 17 1040777 3
owner 17 1046777 3
owner 17 1040778 3
owner 17 1046778 3
owner 17 1040779 3
owner 17 1046779 3
owner 17 1040780 3
owner 17 1046776 3
owner 17 1040775 3
owner 17 1004776 3
owner 17 1004777 3
owner 17 1004778 3
owner 17 1004779 3
owner 17 1050104 4
owner 17 1044104 4
owner 17 1056104 4
owner 17 1050103 4
owner 17 1050105 4
owner 17 1044105 4
owner 17 1056105 4
owner 17 1050106 4
owner 17 1044106 4
owner 17 1056106 4
owner 17 1050107 4
owner 17 1044107 4
owner 17 1056107 4
owner 17 1038107 4
owner 17 1038106 4
owner 17 1032106 4
owner 17 1038105 4
owner 17 1032105 4
owner 17 1038104 4
owner 17 1032104 4
owner 17 1038103 4
owner 17 1032103 4
owner 17 1044103 4
owner 17 1038102 4
owner 17 1032102 4
owner 17 1044102 4
owner 17 1038101 4
owner 17 1032101 4
owner 17 1044101 4
owner 17 1038100 4
owner 17 1044100 4
owner 17 1050100 4
owner 17 1056100 4
owner 17 1050101 4
owner 17 1056101 4
owner 17 1050102 4
owner 17 1056102 4
owner 17 1062102 4
owner 17 1056103 4
owner 17 1062103 4
owner 17 1068103 4
owner 17 1062104 4
owner 17 1068104 4
owner 17 1062105 4
owner 17 1068105 4
owner 17 1062106 4
owner 17 1068102 4
owner 17 1062101 4
owner 17 1026102 4
owner 17 1026103 4
owner 17 1026104 4
owner 17 1026105 4
owner 17 1031402 5
owner 17 1025402 5
owner 17 1037402 5
owner 17 1031401 5
owner 17 1031403 5
owner 17 1025403 5
owner 17 1037403 5
owner 17 1031404 5
owner 17 1025404 5
owner 17 1037404 5
owner 17 1031405 5
owner 17 1025405 5
owner 17 1037405 5
owner 17 1019405 5
owner 17 1019404 5
owner 17 1013404 5
owner 17 1019403 5
owner 17 1013403 5
owner 17 1019402 5
owner 17 1013402 5
owner 17 1019401 5
owner 17 1013401 5
owner 17 1025401 5
owner 17 1019400 5
owner 17 1013400 5
owner 17 1025400 5
owner 17 1019399 5
owner 17 1013399 5
owner 17 1025399 5
owner 17 1019398 5
owner 17 1025398 5
owner 17 1031398 5
owner 17 1037398 5
owner 17 1031399 5
owner 17 1037399 5
owner 17 1031400 5
owner 17 1037400 5
owner 17 1043400 5
owner 17 1037401 5
owner 17 1043401 5
owner 17 1049401 5
owner 17 1043402 5
owner 17 1049402 5
owner 17 1043403 5
owner 17 1049403 5
owner 17 1043404 5
owner 17 1049400 5
owner 17 1043399 5
owner 17 1007400 5
owner 17 1007401 5
owner 17 1007402 5
owner 17 1007403 5
owner 17 216357 6
owner 17 210357 6
owner 17 222357 6
owner 17 216356 6
owner 17 216358 6
owner 17 210358 6
owner 17 222358 6
owner 17 216359 6
owner 17 210359 6
owner 17 222359 6
owner 17 216360 6
owner 17 210360 6
owner 17 222360 6
owner 17 204360 6
owner 17 204359 6
owner 17 198359 6
owner 17 204358 6
owner 17 198358 6
owner 17 204357 6
owner 17 198357 6
owner 17 204356 6
owner 17 198356 6
owner 17 210356 6
owner 17 204355 6
owner 17 198355 6
owner 17 210355 6
owner 17 204354 6
owner 17 198354 6
owner 17 210354 6
owner 17 204353 6
owner 17 210353 6
owner 17 216353 6
owner 17 222353 6
owner 17 216354 6
owner 17 222354 6
owner 17 216355 6
owner 17 222355 6
owner 17 228355 6
owner 17 222356 6
owner 17 228356 6
owner 17 234356 6
owner 17 228357 6
owner 17 234357 6
owner 17 228358 6
owner 17 234358 6
owner 17 228359 6
owner 17 234355 6
owner 17 228354 6
owner 17 192355 6
owner 17 192356 6
owner 17 192357 6
owner 17 192358 6
owner 17 1011646 7
owner 17 1005646 7
owner 17 1017646 7
owner 17 1011645 7
owner 17 1011647 7
owner 17 1005647 7
owner 17 1017647 7
owner 17 1011648 7
owner 17 1005648 7
owner 17 1017648 7
owner 17 1011649 7
owner 17 1005649 7
owner 17 1017649 7
owner 17 999649 7
owner 17 999648 7
owner 17 993648 7
owner 17 999647 7
owner 17 993647 7
owner 17 999646 7
owner 17 993646 7
owner 17 999645 7
owner 17 993645 7
owner 17 1005645 7
owner 17 999644 7
owner 17 993644 7
owner 17 1005644 7
owner 17 999643 7
owner 17 993643 7
owner 17 1005643 7
owner 17 999642 7
owner 17 1005642 7
owner 17 1011642 7
owner 17 1017642 7
owner 17 1011643 7
owner 17 1017643 7
owner 17 1011644 7
owner 17 1017644 7
owner 17 1023644 7
owner 17 1017645 7
owner 17 1023645 7
owner 17 1029645 7
owner 17 1023646 7
owner 17 1029646 7
owner 17 1023647 7
owner 17 1029647 7
owner 17 1023648 7
owner 17 1029644 7
owner 17 1023643 7
owner 17 987644 7
owner 17 987645 7
owner 17 987646 7
owner 17 987647 7
owner 17 1034282 8
owner 17 1028282 8
owner 17 1040282 8
owner 17 1034281 8
owner 17 1034283 8
owner 17 1028283 8
owner 17 1040283 8
owner 17 1034284 8
owner 17 1028284 8
owner 17 1040284 8
owner 17 1034285 8
owner 17 1028285 8
owner 17 1040285 8
owner 17 1022285 8
owner 17 1022284 8
owner 17 1016284 8
owner 17 1022283 8
owner 17 1016283 8
owner 17 1022282 8
owner 17 1016282 8
owner 17 1022281 8
owner 17 1016281 8
owner 17 1028281 8
owner 17 1022280 8
owner 17 1016280 8
owner 17 1028280 8
owner 17 1022279 8
owner 17 1016279 8
owner 17 1028279 8
owner 17 1022278 8
owner 17 1028278 8
owner 17 1034278 8
owner 17 1040278 8
owner 17 1034279 8
owner 17 1040279 8
owner 17 1034280 8
owner 17 1040280 8
owner 17 1046280 8
owner 17 1040281 8
owner 17 1046281 8
owner 17 1052281 8
owner 17 1046282 8
owner 17 1052282 8
owner 17 1046283 8
owner 17 1052283 8
owner 17 1046284 8
owner 17 1052280 8
owner 17 1046279 8
owner 17 1010280 8
owner 17 1010281 8
owner 17 1010282 8
owner 17 1010283 8
owner 17 935422 9
owner 17 929422 9
owner 17 941422 9
owner 17 935421 9
owner 17 935423 9
owner 17 929423 9
owner 17 941423 9
owner 17 935424 9
owner 17 929424 9
owner 17 941424 9
owner 17 935425 9
owner 17 929425 9
owner 17 941425 9
owner 17 923425 9
owner 17 923424 9
owner 17 917424 9
owner 17 923423 9
owner 17 917423 9
owner 17 923422 9
owner 17 917422 9
owner 17 923421 9
owner 17 917421 9
owner 17 929421 9
owner 17 923420 9
owner 17 917420 9
owner 17 929420 9
owner 17 923419 9
owner 17 917419 9
owner 17 929419 9
owner 17 923418 9
owner 17 929418 9
owner 17 935418 9
owner 17 941418 9
owner 17 935419 9
owner 17 941419 9
owner 17 935420 9
owner 17 941420 9
owner 17 947420 9
owner 17 941421 9
owner 17 947421 9
owner 17 953421 9
owner 17 947422 9
owner 17 953422 9
owner 17 947423 9
owner 17 953423 9
owner 17 947424 9
owner 17 953420 9
owner 17 947419 9
owner 17 911420 9
owner 17 911421 9
owner 17 911422 9
owner 17 911423 9
owner 17 826521 10
owner 17 820521 10
owner 17 832521 10
owner 17 826520 10
owner 17 826522 10
owner 17 820522 10
owner 17 832522 10
owner 17 826523 10
owner 17 820523 10
owner 17 832523 10
owner 17 826524 10
owner 17 820524 10
owner 17 832524 10
owner 17 814524 10
owner 17 814523 10
owner 17 808523 10
owner 17 814522 10
owner 17 808522 10
owner 17 814521 10
owner 17 808521 10
owner 17 814520 10
owner 17 808520 10
owner 17 820520 10
owner 17 814519 10
owner 17 808519 10
owner 17 820519 10
owner 17 814518 10
owner 17 808518 10
owner 17 820518 10
owner 17 814517 10
owner 17 820517 10
owner 17 826517 10
owner 17 832517 10
owner 17 826518 10
owner 17 832518 10
owner 17 826519 10
owner 17 832519 10
owner 17 838519 10
owner 17 832520 10
owner 17 838520 10
owner 17 844520 10
owner 17 838521 10
owner 17 844521 10
owner 17 838522 10
owner 17 844522 10
owner 17 838523 10
owner 17 844519 10
owner 17 838518 10
owner 17 802519 10
owner 17 802520 10
owner 17 802521 10
owner 17 802522 10
owner 17 174494 11
owner 17 168494 11
owner 17 180494 11
owner 17 174493 11
owner 17 174495 11
owner 17 168495 11
owner 17 180495 11
owner 17 174496 11
owner 17 168496 11
owner 17 180496 11
owner 17 174497 11
owner 17 168497 11
owner 17 180497 11
owner 17 162497 11
owner 17 162496 11
owner 17 156496 11
owner 17 162495 11
owner 17 156495 11
owner 17 162494 11
owner 17 156494 11
owner 17 162493 11
owner 17 156493 11
owner 17 168493 11
owner 17 162492 11
owner 17 156492 11
owner 17 168492 11
owner 17 162491 11
owner 17 156491 11
owner 17 168491 11
owner 17 162490 11
owner 17 168490 11
owner 17 174490 11
owner 17 180490 11
owner 17 174491 11
owner 17 180491 11
owner 17 174492 11
owner 17 180492 11
owner 17 186492 11
owner 17 180493 11
owner 17 186493 11
owner 17 192493 11
owner 17 186494 11
owner 17 192494 11
owner 17 186495 11
owner 17 192495 11
owner 17 186496 11
owner 17 192492 11
owner 17 186491 11
owner 17 150492 11
owner 17 150493 11
owner 17 150494 11
owner 17 150495 11
owner 17 928063 12
owner 17 922063 12
owner 17 934063 12
owner 17 928062 12
owner 17 928064 12
owner 17 922064 12
owner 17 934064 12
owner 17 928065 12
owner 17 922065 12
owner 17 934065 12
owner 17 928066 12
owner 17 922066 12
owner 17 934066 12
owner 17 916066 12
owner 17 916065 12
owner 17 910065 12
owner 17 916064 12
owner 17 910064 12
owner 17 916063 12
owner 17 910063 12
owner 17 916062 12
owner 17 910062 12
owner 17 922062 12
owner 17 916061 12
owner 17 910061 12
owner 17 922061 12
owner 17 916060 12
owner 17 910060 12
owner 17 922060 12
owner 17 916059 12
owner 17 922059 12
owner 17 928059 12
owner 17 934059 12
owner 17 928060 12
owner 17 934060 12
owner 17 928061 12
owner 17 934061 12
owner 17 940061 12
owner 17 934062 12
owner 17 940062 12
owner 17 946062 12
owner 17 940063 12
owner 17 946063 12
owner 17 940064 12
owner 17 946064 12
owner 17 940065 12
owner 17 946061 12
owner 17 940060 12
owner 17 904061 12
owner 17 904062 12
owner 17 904063 12
owner 17 904064 12
owner 17 950882 13
owner 17 944882 13
owner 17 956882 13
owner 17 950881 13
owner 17 950883 13
owner 17 944883 13
owner 17 956883 13
owner 17 950884 13
owner 17 944884 13
owner 17 956884 13
owner 17 950885 13
owner 17 944885 13
owner 17 956885 13
owner 17 938885 13
owner 17 938884 13
owner 17 932884 13
owner 17 938883 13
owner 17 932883 13
owner 17 938882 13
owner 17 932882 13
owner 17 938881 13
owner 17 932881 13
owner 17 944881 13
owner 17 938880 13
owner 17 932880 13
owner 17 944880 13
owner 17 938879 13
owner 17 932879 13
owner 17 944879 13
owner 17 938878 13
owner 17 944878 13
owner 17 950878 13
owner 17 956878 13
owner 17 950879 13
owner 17 956879 13
owner 17 950880 13
owner 17 956880 13
owner 17 962880 13
owner 17 956881 13
owner 17 962881 13
owner 17 968881 13
owner 17 962882 13
owner 17 968882 13
owner 17 962883 13
owner 17 968883 13
owner 17 962884 13
owner 17 968880 13
owner 17 962879 13
owner 17 926880 13
owner 17 926881 13
owner 17 926882 13
owner 17 926883 13
owner 17 1532334 14
owner 17 1526334 14
owner 17 1538334 14
owner 17 1532333 14
owner 17 1532335 14
owner 17 1526335 14
owner 17 1538335 14
owner 17 1532336 14
owner 17 1526336 14
owner 17 1538336 14
owner 17 1532337 14
owner 17 1526337 14
owner 17 1538337 14
owner 17 1520337 14
owner 17 1520336 14
owner 17 1514336 14
owner 17 1520335 14
owner 17 1514335 14
owner 17 1520334 14
owner 17 1514334 14
owner 17 1520333 14
owner 17 1514333 14
owner 17 1526333 14
owner 17 1520332 14
owner 17 1514332 14
owner 17 1526332 14
owner 17 1520331 14
owner 17 1514331 14
owner 17 1526331 14
owner 17 1520330 14
owner 17 1526330 14
owner 17 1532330 14
owner 17 1538330 14
owner 17 1532331 14
owner 17 1538331 14
owner 17 1532332 14
owner 17 1538332 14
owner 17 1544332 14
owner 17 1538333 14
owner 17 1544333 14
owner 17 1550333 14
owner 17 1544334 14
owner 17 1550334 14
owner 17 1544335 14
owner 17 1550335 14
owner 17 1544336 14
owner 17 1550332 14
owner 17 1544331 14
owner 17 1508332 14
owner 17 1508333 14
owner 17 1508334 14
owner 17 1508335 14
owner 17 1899180 15
owner 17 1893180 15
owner 17 1905180 15
owner 17 1899179 15
owner 17 1899181 15
owner 17 1893181 15
owner 17 1905181 15
owner 17 1899182 15
owner 17 1893182 15
owner 17 1905182 15
owner 17 1899183 15
owner 17 1893183 15
owner 17 1905183 15
owner 17 1887183 15
owner 17 1887182 15
owner 17 1881182 15
owner 17 1887181 15
owner 17 1881181 15
owner 17 1887180 15
owner 17 1881180 15
owner 17 1887179 15
owner 17 1881179 15
owner 17 1893179 15
owner 17 1887178 15
owner 17 1881178 15
owner 17 1893178 15
owner 17 1887177 15
owner 17 1881177 15
owner 17 1893177 15
owner 17 1887176 15
owner 17 1893176 15
owner 17 1899176 15
owner 17 1905176 15
owner 17 1899177 15
owner 17 1905177 15
owner 17 1899178 15
owner 17 1905178 15
owner 17 1911178 15
owner 17 1905179 15
owner 17 1911179 15
owner 17 1917179 15
owner 17 1911180 15
owner 17 1917180 15
owner 17 1911181 15
owner 17 1917181 15
owner 17 1911182 15
owner 17 1917178 15
owner 17 1911177 15
owner 17 1875178 15
owner 17 1875179 15
owner 17 1875180 15
owner 17 1875181 15
owner 17 879894 16
owner 17 873894 16
owner 17 885894 16
owner 17 879893 16
owner 17 879895 16
owner 17 873895 16
owner 17 885895 16
owner 17 879896 16
owner 17 873896 16
owner 17 885896 16
owner 17 879897 16
owner 17 873897 16
owner 17 885897 16
owner 17 867897 16
owner 17 867896 16
owner 17 861896 16
owner 17 867895 16
owner 17 861895 16
owner 17 867894 16
owner 17 861894 16
owner 17 867893 16
owner 17 861893 16
owner 17 873893 16
owner 17 867892 16
owner 17 861892 16
owner 17 873892 16
owner 17 867891 16
owner 17 861891 16
owner 17 873891 16
owner 17 867890 16
owner 17 873890 16
owner 17 879890 16
owner 17 885890 16
owner 17 879891 16
owner 17 885891 16
owner 17 879892 16
owner 17 885892 16
owner 17 891892 16
owner 17 885893 16
owner 17 891893 16
owner 17 897893 16
owner 17 891894 16
owner 17 897894 16
owner 17 891895 16
owner 17 897895 16
owner 17 891896 16
owner 17 897892 16
owner 17 891891 16
owner 17 855892 16
owner 17 855893 16
owner 17 855894 16
owner 17 855895 16
owner 17 384008 17
owner 17 378008 17
owner 17 390008 17
owner 17 384007 17
owner 17 384009 17
owner 17 378009 17
owner 17 390009 17
owner 17 384010 17
owner 17 378010 17
owner 17 390010 17
owner 17 384011 17
owner 17 378011 17
owner 17 390011 17
owner 17 372011 17
owner 17 372010 17
owner 17 366010 17
owner 17 372009 17
owner 17 366009 17
owner 17 372008 17
owner 17 366008 17
owner 17 372007 17
owner 17 366007 17
owner 17 378007 17
owner 17 372006 17
owner 17 366006 17
owner 17 378006 17
owner 17 372005 17
owner 17 366005 17
owner 17 378005 17
owner 17 372004 17
owner 17 378004 17
owner 17 384004 17
owner 17 390004 17
owner 17 384005 17
owner 17 390005 17
owner 17 384006 17
owner 17 390006 17
owner 17 396006 17
owner 17 390007 17
owner 17 396007 17
owner 17 402007 17
owner 17 396008 17
owner 17 402008 17
owner 17 396009 17
owner 17 402009 17
owner 17 396010 17
owner 17 402006 17
owner 17 396005 17
owner 17 360006 17
owner 17 360007 17
owner 17 360008 17
owner 17 360009 17
owner 17 1270632 18
owner 17 1264632 18
owner 17 1276632 18
owner 17 1270631 18
owner 17 1270633 18
owner 17 1264633 18
owner 17 1276633 18
owner 17 1270634 18
owner 17 1264634 18
owner 17 1276634 18
owner 17 1270635 18
owner 17 1264635 18
owner 17 1276635 18
owner 17 1258635 18
owner 17 1258634 18
owner 17 1252634 18
owner 17 1258633 18
owner 17 1252633 18
owner 17 1258632 18
owner 17 1252632 18
owner 17 1258631 18
owner 17 1252631 18
owner 17 1264631 18
owner 17 1258630 18
owner 17 1252630 18
owner 17 1264630 18
owner 17 1258629 18
owner 17 1252629 18
owner 17 1264629 18
owner 17 1258628 18
owner 17 1264628 18
owner 17 1270628 18
owner 17 1276628 18
owner 17 1270629 18
owner 17 1276629 18
owner 17 1270630 18
owner 17 1276630 18
owner 17 1282630 18
owner 17 1276631 18
owner 17 1282631 18
owner 17 1288631 18
owner 17 1282632 18
owner 17 1288632 18
owner 17 1282633 18
owner 17 1288633 18
owner 17 1282634 18
owner 17 1288630 18
owner 17 1282629 18
owner 17 1246630 18
owner 17 1246631 18
owner 17 1246632 18
owner 17 1246633 18
prev 17 1148486
prev 17 1028778
prev 17 1050104
prev 17 1031402
prev 17 216357
prev 17 1011646
prev 17 1034282
prev 17 935422
prev 17 826521
prev 17 174494
prev 17 928063
prev 17 950882
prev 17 1532334
prev 17 1899180
prev 17 879894
prev 17 384008
prev 17 1270632
owned 17 896497
owned 17 896498
owned 17 896499
owned 17 896500
owned 17 902496
owned 17 902497
owned 17 902498
owned 17 902499
owned 17 902500
owned 17 902501
owned 17 908495
owned 17 908496
owned 17 908497
owned 17 908498
owned 17 908499
owned 17 908500
owned 17 908501
owned 17 908502
owned 17 914495
owned 17 914496
owned 17 914497
owned 17 914498
owned 17 914499
owned 17 914500
owned 17 914501
owned 17 914502
owned 17 920495
owned 17 920496
owned 17 920497
owned 17 920498
owned 17 920499
owned 17 920500
owned 17 920501
owned 17 920502
owned 17 926495
owned 17 926496
owned 17 926497
owned 17 926498
owned 17 926499
owned 17 926500
owned 17 926501
owned 17 926502
owned 17 932496
owned 17 932497
owned 17 932498
owned 17 932499
owned 17 932500
owned 17 932501
owned 17 938497
owned 17 938498
owned 17 938499
owned 17 938500
