# ofcuda_prng initial-state v1 (port spawn/initial state; engine-bit-exact)
# source reference /opt/data/workspaces/skg/ofcuda_matrix/out/matrix/refs/thebox_a488_nat0.spawn.txt
map thebox
seed parity
game_id QqkIuyke
game_hash 223241348
agents 488
nations 0
human_agents 1
width 2048
height 2048
min_dist 30
player 1 H nd8079oo -1 0 0
player 2 B 7kmb47oc 449033 1 52
player 3 B su965kfe 1794996 1 52
player 4 B 4918e5rs 3328214 1 52
player 5 B 0grah7qg 1250299 1 52
player 6 B 79lbhuod 127246 1 52
player 7 B 0eay8wsu 1770716 1 52
player 8 B l4g4juu8 2107776 1 52
player 9 B gsw4n5km 3754482 1 52
player 10 B ooz4f963 3643254 1 52
player 11 B g49bog52 1320508 1 52
player 12 B vl3arc4y 1962439 1 52
player 13 B 26spmsu2 1661911 1 52
player 14 B 666fmd2f 1181048 1 52
player 15 B vybu8oes 2434750 1 52
player 16 B tlx2iciq 534900 1 52
player 17 B 8i7cuo9t 1611090 1 52
player 18 B ay8xa67r 2215469 1 52
player 19 B fha1xhrw 1845038 1 52
player 20 B 0n5m7v7w 1723818 1 52
player 21 B g1kcotxi 2740325 1 52
player 22 B onu80sk7 1606520 1 52
player 23 B mt378h9n 3779250 1 52
player 24 B bo2xv2tw 1656424 1 52
player 25 B 4j0jwl8e 1000707 1 52
player 26 B 2q1yboxl 4183066 1 52
player 27 B uf1afynu 2576127 1 52
player 28 B hnp5jsyu 355594 1 52
player 29 B 3ks2xdvj 4105850 1 52
player 30 B 6udu18l9 759466 1 52
player 31 B u9qkgxb0 261434 1 52
player 32 B gxzvzcy1 890169 1 52
player 33 B soumc8lx 3730665 1 52
player 34 B pbtdxhy8 1978614 1 52
player 35 B 7qca320q 685963 1 52
player 36 B qu4dw13r 3086598 1 52
player 37 B uf42rmom 854356 1 52
player 38 B 5pzo5nyp 2126286 1 52
player 39 B lpeu6a40 3245972 1 52
player 40 B m01qyq41 1657066 1 52
player 41 B qp5j7mcl 3093580 1 52
player 42 B daoks386 2474934 1 52
player 43 B 1adrc0if 625126 1 52
player 44 B z2sjy7tl 2517903 1 52
player 45 B 2a2pcqq2 1114036 1 52
player 46 B 965x3zic 1794270 1 52
player 47 B yytwuuvv 2681750 1 52
player 48 B 0bq4zvkx 2405432 1 52
player 49 B fqo7elia 1899327 1 52
player 50 B xb2eodru 3545945 1 52
player 51 B dn2a1fmz 909646 1 52
player 52 B c657fqi1 2402619 1 52
player 53 B 3oa0wbik 1202722 1 52
player 54 B bbor86ta 2527875 1 52
player 55 B ke481hq3 353450 1 52
player 56 B 1p7me35b 1871961 1 52
player 57 B ros1fefm 1500478 1 52
player 58 B bbj4439d 185279 1 52
player 59 B 50euwmgf 907946 1 52
player 60 B 6ifrrqwg 2856043 1 52
player 61 B t3qojvzx 513247 1 52
player 62 B e39s2b1x 724374 1 52
player 63 B 8elalp3o 4048480 1 52
player 64 B drzdgt29 3485201 1 52
player 65 B a5l13l40 4055722 1 52
player 66 B 15jsgukl 1852279 1 52
player 67 B 457rtifd 87473 1 52
player 68 B nvln8mx2 2208120 1 52
player 69 B xdf4q9ey 200334 1 52
player 70 B aehphxxq 3199618 1 52
player 71 B r69884b7 1496788 1 52
player 72 B 1fi956n2 2204178 1 52
player 73 B x0s75hnx 435577 1 52
player 74 B jjcxe8w7 289747 1 52
player 75 B pa9du0an 964259 1 52
player 76 B wr1iodtv 3887230 1 52
player 77 B q4t061qn 901484 1 52
player 78 B 5walu3qw 2904560 1 52
player 79 B 9qsdvg22 445553 1 52
player 80 B kxhibxlj 3326230 1 52
player 81 B 3lvh3hh1 3703893 1 52
player 82 B hhxd8zhc 2548050 1 52
player 83 B 68hvehkn 622795 1 52
player 84 B 0ysk38le 900734 1 52
player 85 B p9mtmjen 713658 1 52
player 86 B vtv2qiiq 1884329 1 52
player 87 B npcd7vse 556450 1 52
player 88 B fyrg30wr 2419195 1 52
player 89 B qg4cg39i 1142356 1 52
player 90 B kqu8z0ef 2839502 1 52
player 91 B bdv4tpd7 3218650 1 52
player 92 B ok13k4z3 28828 1 52
player 93 B hkwcx197 1171093 1 52
player 94 B ko4t02h4 1907709 1 52
player 95 B a769y4e5 1433106 1 52
player 96 B po0wxlw1 1510909 1 52
player 97 B o8264l3e 536796 1 52
player 98 B 9rke6fm3 1032669 1 52
player 99 B gyjc9x52 3353263 1 52
player 100 B x793lc6c 3282556 1 52
player 101 B 93k3li8n 738336 1 52
player 102 B a1hte6qb 2965978 1 52
player 103 B jklgnd18 4126182 1 52
player 104 B vfadfhgj 2124684 1 52
player 105 B cwni1kcb 18421 1 52
player 106 B 8z4z0zds 2716056 1 52
player 107 B cdzck1ki 1219544 1 52
player 108 B zbaa3l3a 417788 1 52
player 109 B xm369xbs 3245471 1 52
player 110 B e4dqhzo1 2035373 1 52
player 111 B fepimk2i 245303 1 52
player 112 B o2es7ebc 3136454 1 52
player 113 B l4opv4e9 1472412 1 52
player 114 B 4b3f45hy 1045133 1 52
player 115 B r3pvfglh 2342542 1 52
player 116 B fnl5ocw8 3967851 1 52
player 117 B 7391zjkf 3530539 1 52
player 118 B ow5basj8 793714 1 52
player 119 B olinuy4r 2911151 1 52
player 120 B 2e2jcypv 1453192 1 52
player 121 B nx0it9ss 1945142 1 52
player 122 B tt57j91k 1031306 1 52
player 123 B 87aoci2n 293437 1 52
player 124 B wk147shp 2842875 1 52
player 125 B q8jb2dnz 931001 1 52
player 126 B 4yzxt2gp 504466 1 52
player 127 B 755xej7w 4112520 1 52
player 128 B hjhprwfn 185834 1 52
player 129 B n66i0csf 3000838 1 52
player 130 B am3stnxi 3500818 1 52
player 131 B pmeqlcvs 3478482 1 52
player 132 B xl8vnvj2 3587102 1 52
player 133 B 0f3l9cg5 273015 1 52
player 134 B siocmotr 4052985 1 52
player 135 B uf75fjkr 1853347 1 52
player 136 B 3nuksgyo 1267985 1 52
player 137 B isfwwr01 3887137 1 52
player 138 B auuv9uim 2217464 1 52
player 139 B mdro7fya 1854901 1 52
player 140 B 8qfmz7a7 3705159 1 52
player 141 B m8j6zoax 946339 1 52
player 142 B 7236xcde 1642437 1 52
player 143 B n4vtdnwp 3341944 1 52
player 144 B yggevgbl 3422792 1 52
player 145 B beijdl2w 3624692 1 52
player 146 B d2oo7mhj 2353827 1 52
player 147 B wrheiirw 3985210 1 52
player 148 B d03y3hz5 3207677 1 52
player 149 B 5xaek3av 4006029 1 52
player 150 B gz34o9hq 602362 1 52
player 151 B 37xw489f 2549566 1 52
player 152 B k3srrvn9 148092 1 52
player 153 B 5isbkj04 2513260 1 52
player 154 B r73y2vzl 1796351 1 52
player 155 B 36x3kyhk 194966 1 52
player 156 B 01ob2tlo 193197 1 52
player 157 B cb13fbp5 2923720 1 52
player 158 B vmmrq63s 2476695 1 52
player 159 B nkjckjq8 3873166 1 52
player 160 B wcggivof 2866238 1 52
player 161 B 1w1ciciy 3794807 1 52
player 162 B 2a0v7iem 1407584 1 52
player 163 B jcz64pkr 993923 1 52
player 164 B v0ljq6tk 3828411 1 52
player 165 B adg8798c 2699632 1 52
player 166 B 5ghp3e6u 1806275 1 52
player 167 B h5bdt6q4 1794544 1 52
player 168 B 5oce5zsz 878077 1 52
player 169 B xka3bnm9 2864904 1 52
player 170 B 3w1tydq6 1562667 1 52
player 171 B upd1qyae 216133 1 52
player 172 B v4u31rox 24412 1 52
player 173 B q9vm95if 2589692 1 52
player 174 B 0yu8n2tu 2911509 1 52
player 175 B sc2ctn85 55232 1 52
player 176 B z0gmspsi 2162735 1 52
player 177 B z7avk2un 3655242 1 52
player 178 B 8efmeybn 2425650 1 52
player 179 B bifxmou2 2333753 1 52
player 180 B plh6en5t 2693243 1 52
player 181 B ay3m2wg5 2200661 1 52
player 182 B 1zmogxmk 946280 1 52
player 183 B 55yraoi7 3043885 1 52
player 184 B 1sc05h43 3493049 1 52
player 185 B 37ibwik8 3272722 1 52
player 186 B uec16uxz 74651 1 52
player 187 B 9fd5ewrs 4079712 1 52
player 188 B pe2p79c6 2121742 1 52
player 189 B h1r85byk 413992 1 52
player 190 B exulggll 19009 1 52
player 191 B zouqcp7v 1072056 1 52
player 192 B k39sgybe 2847964 1 52
player 193 B orxhfzvz 3571692 1 52
player 194 B uz8ynaez 921573 1 52
player 195 B ubigewsr 3939412 1 52
player 196 B w0ozvjdh 3595043 1 52
player 197 B f7yj98q8 503960 1 52
player 198 B 2xzw4gp3 914654 1 52
player 199 B 9rkdgj28 123451 1 52
player 200 B aw987uy7 1008843 1 52
player 201 B gr243zlh 2033679 1 52
player 202 B zowu9kf4 2863320 1 52
player 203 B 2dtf8q4x 1877470 1 52
player 204 B y9oft8w2 27447 1 52
player 205 B ed7kjxq3 2426683 1 52
player 206 B nxt1ptsi 87752 1 52
player 207 B p825v2fd 1942418 1 52
player 208 B wyarb4qo 3703078 1 52
player 209 B qfs7b4z4 2805176 1 52
player 210 B ms13gmzm 2931523 1 52
player 211 B ym8zggo3 1543215 1 52
player 212 B 8jahbnpg 92278 1 52
player 213 B b0djjiez 2969158 1 52
player 214 B s9xysw8i 286784 1 52
player 215 B t3s2qgvc 3248714 1 52
player 216 B aquue8ni 3357137 1 52
player 217 B u3k8ktyr 1449698 1 52
player 218 B i7egn3zz 2679077 1 52
player 219 B o3vgfhge 1037771 1 52
player 220 B m4aem5hx 4094425 1 52
player 221 B p6i95qgo 2458995 1 52
player 222 B gvho8qeo 3067691 1 52
player 223 B 9iatvpoi 2678797 1 52
player 224 B zd9jsqbj 1399453 1 52
player 225 B zw1dwnig 3650958 1 52
player 226 B be5xt98q 2292416 1 52
player 227 B 522b0ju8 1938963 1 52
player 228 B ibxwtyy7 975436 1 52
player 229 B zjhashkb 1252203 1 52
player 230 B 89ttdia6 3557452 1 52
player 231 B 6o2o0nvl 1833948 1 52
player 232 B xldl70se 497678 1 52
player 233 B qrwgzvzz 734660 1 52
player 234 B h711p697 1870049 1 52
player 235 B g4ulqqm0 1306195 1 52
player 236 B v18jrx10 1706092 1 52
player 237 B 8sd3i7p8 976719 1 52
player 238 B l5o27mtm 2789228 1 52
player 239 B b6f6r0t2 1406290 1 52
player 240 B 7j5a3pfw 2005411 1 52
player 241 B m5sg1z4l 3578205 1 52
player 242 B ehpglvfz 1682778 1 52
player 243 B wu3zthbo 2806970 1 52
player 244 B yeh875u5 2925275 1 52
player 245 B 8nuwzyn1 646303 1 52
player 246 B t0zwn9eb 327067 1 52
player 247 B 8zjwwdck 1269291 1 52
player 248 B jwrhd5ij 4105063 1 52
player 249 B jyb8rp14 2798057 1 52
player 250 B wl7sxu3v 825335 1 52
player 251 B y0r0fu1j 4014420 1 52
player 252 B kneohbbr 91396 1 52
player 253 B qc8m814x 1477793 1 52
player 254 B ix3jngmf 1169461 1 52
player 255 B 9mzpcgft 3522409 1 52
player 256 B l5z5w588 913312 1 52
player 257 B pt0jqntf 3832056 1 52
player 258 B 2e8alk85 2830376 1 52
player 259 B hwe3kfal 3608415 1 52
player 260 B 47li627l 3841324 1 52
player 261 B 3asdumaj 1104320 1 52
player 262 B l75txeu7 1316476 1 52
player 263 B tbcz7mf1 3817978 1 52
player 264 B o1ilw638 2765854 1 52
player 265 B la4ytzgl 3408328 1 52
player 266 B in2bq49j 2584629 1 52
player 267 B 5irnw7ij 1442518 1 52
player 268 B noxeflvy 528285 1 52
player 269 B 8gn7568f 3831785 1 52
player 270 B 5c1omdu5 265348 1 52
player 271 B yc2b3pvx 940846 1 52
player 272 B lml55dcl 1101703 1 52
player 273 B 1o5etbis 2502574 1 52
player 274 B bulnhjw5 1244910 1 52
player 275 B c6y4cfry 3667317 1 52
player 276 B kbpw8sak 1337003 1 52
player 277 B 65e8qmsr 530392 1 52
player 278 B furhe0mp 501413 1 52
player 279 B 92npvjrt 1980753 1 52
player 280 B c56xdfdl 1431543 1 52
player 281 B jul4zb4e 2040866 1 52
player 282 B mpuzdlvw 2088393 1 52
player 283 B plrlx715 164691 1 52
player 284 B yl9vsjpk 1656295 1 52
player 285 B mkfgkn7r 1484384 1 52
player 286 B v5nlafkw 1522162 1 52
player 287 B 2p3gb961 3704955 1 52
player 288 B uc4jshlt 2855240 1 52
player 289 B 6xdips73 1037285 1 52
player 290 B fqxqj0bu 1764296 1 52
player 291 B yen0iwte 4136321 1 52
player 292 B 77ucsgzt 2938866 1 52
player 293 B 4c1d18ro 4082226 1 52
player 294 B bz5je7hx 3116781 1 52
player 295 B fn7ax8sx 1115492 1 52
player 296 B owdtos2u 1878313 1 52
player 297 B f33f3rln 392720 1 52
player 298 B shy7v4eo 3782805 1 52
player 299 B qi05x4jp 790781 1 52
player 300 B rtwhvg9g 3020023 1 52
player 301 B xebmdu02 2636268 1 52
player 302 B minv0qzi 917363 1 52
player 303 B s3tsi6x9 2765795 1 52
player 304 B k4ol3ovv 2423680 1 52
player 305 B my4alddo 149293 1 52
player 306 B j2kjyzt1 3530442 1 52
player 307 B x5ff4utp 3868416 1 52
player 308 B lokk2xdf 1665718 1 52
player 309 B sylg30cf 1795170 1 52
player 310 B sahbcu7b 2080557 1 52
player 311 B zuvsbbzm 3330573 1 52
player 312 B n4n57mjy 1186185 1 52
player 313 B 8s3w15kq 3347698 1 52
player 314 B a6z0gp5d 802052 1 52
player 315 B momzwuew 1901288 1 52
player 316 B swknlr19 1548921 1 52
player 317 B 68tli42a 3374433 1 52
player 318 B 43wn7pvq 3598780 1 52
player 319 B ssod81st 3813213 1 52
player 320 B 9fudx3o3 3105790 1 52
player 321 B cm4ig7bz 606055 1 52
player 322 B ajwm3pcu 1565003 1 52
player 323 B wcn2fdks 1266347 1 52
player 324 B 0a4r00hz 2928526 1 52
player 325 B 548y287t 250302 1 52
player 326 B rkqmpoqo 2522233 1 52
player 327 B nrv83khf 1989274 1 52
player 328 B 00wyr0st 3161805 1 52
player 329 B dhvz0u2j 937044 1 52
player 330 B 87uy1srx 2253725 1 52
player 331 B 26wgkglj 814942 1 52
player 332 B s4otxlhb 278500 1 52
player 333 B 65ikynwk 3058922 1 52
player 334 B goxpy54y 3990793 1 52
player 335 B etvrjl78 2575925 1 52
player 336 B y58lji80 3214918 1 52
player 337 B 13dy28ag 3311396 1 52
player 338 B 0dg1h5h5 1425639 1 52
player 339 B e9ncqhcw 7839 1 48
player 340 B uhxjrdbv 3593091 1 52
player 341 B gv359a4k 284480 1 52
player 342 B p4ehczm2 974974 1 52
player 343 B p2xbynef 148275 1 52
player 344 B co561w2j 1148340 1 52
player 345 B wz0zkd1s 2658028 1 52
player 346 B m7jnfagf 90167 1 52
player 347 B rq439wc6 3457161 1 52
player 348 B lkklizjr 3642460 1 52
player 349 B 2uyam605 28935 1 52
player 350 B er3wo1bg 809450 1 52
player 351 B ezt35u0l 3390143 1 52
player 352 B 593d2qcb 2803946 1 52
player 353 B y51cphtm 3557694 1 52
player 354 B g94go6fd 3288197 1 52
player 355 B 9ksqwgqt 3109386 1 52
player 356 B ykirk4lg 3121725 1 52
player 357 B jurxvo26 2932166 1 52
player 358 B to8bcohn 2432658 1 52
player 359 B ensatih4 1620162 1 52
player 360 B nbbu08hb 3547182 1 52
player 361 B rxlhv8ic 1322129 1 52
player 362 B aiowrq52 3552506 1 52
player 363 B bo94our7 3047868 1 52
player 364 B jxqkb7y6 2092521 1 52
player 365 B ikezntfk 2862484 1 52
player 366 B j4e63dwu 3321607 1 52
player 367 B t0b9mavx 3217797 1 52
player 368 B bu0hz5bz 667655 1 52
player 369 B 368l6a1p 2727746 1 52
player 370 B 6cr9h8xa 1739009 1 52
player 371 B 8y4zfq0g 1615779 1 52
player 372 B tz0sezi7 3631831 1 52
player 373 B dazr70tn 2781169 1 52
player 374 B tx1pjsyg 2716824 1 52
player 375 B ndjtlp8r 1733670 1 52
player 376 B bsklet6g 2765703 1 52
player 377 B hsozrzu4 2618494 1 52
player 378 B otmybkm3 1342226 1 52
player 379 B yfm1nyqy 2763590 1 52
player 380 B kr6ytu3l 2622632 1 52
player 381 B 3pagyfng 1658968 1 52
player 382 B w1mobjvk 1606042 1 52
player 383 B xm7i5x3m 1835731 1 52
player 384 B 8u02tf2g 769632 1 52
player 385 B lp6sri88 4049820 1 52
player 386 B sb1tap3p 3465826 1 52
player 387 B mv01333k 3855119 1 52
player 388 B g9mp2ife 732957 1 52
player 389 B jtq0seut 432958 1 52
player 390 B 525mh9ql 2269173 1 52
player 391 B fvbpmsvz 3360339 1 52
player 392 B xwn3ivem 87893 1 52
player 393 B fqbyj4jd 3107127 1 52
player 394 B xfiw8ywg 852187 1 52
player 395 B iw3dqxmq 3546618 1 52
player 396 B yc0ao6et 2541023 1 52
player 397 B ixj6ihi7 3367241 1 52
player 398 B 9l5wwvr3 3517299 1 52
player 399 B 2w6i33lv 2490403 1 52
player 400 B sba949vb 4081832 1 52
player 401 B ijcmefns 1473119 1 52
player 402 B isnsszoo 3755405 1 52
player 403 B 9z76va23 3177550 1 52
player 404 B h1wbhdhm 3420102 1 52
player 405 B tewvulrm 1210882 1 52
player 406 B wp3bxzsu 672960 1 52
player 407 B d0g6avrv 808137 1 52
player 408 B hsyivnsn 3347159 1 52
player 409 B ox9ept1k 3407416 1 52
player 410 B ny87grni 3879432 1 52
player 411 B k2th9538 308681 1 52
player 412 B ysltjm94 3874427 1 52
player 413 B u5klj2eh 3239642 1 52
player 414 B k7ka2ci1 149616 1 52
player 415 B qtul4azs 846236 1 52
player 416 B ll69i57o 1572457 1 52
player 417 B 9vuokjnw 2523407 1 52
player 418 B ggb3bab1 1026247 1 52
player 419 B drdo3t90 1280564 1 52
player 420 B xieaxa2f 944074 1 52
player 421 B kqp7ewus 3438771 1 52
player 422 B 3kitma91 3076030 1 52
player 423 B m7y3u0aw 443143 1 52
player 424 B epuw8vpi 2787399 1 52
player 425 B nzx54fm6 3936314 1 52
player 426 B fsk2kd7w 497776 1 52
player 427 B p8jddnkm 2371038 1 52
player 428 B wvgzie3u 2184139 1 52
player 429 B mwh2z96c 3785034 1 52
player 430 B l4ku27pt 4181482 1 52
player 431 B jpvsmxxx 1897008 1 52
player 432 B s4xo3abv 3543995 1 52
player 433 B zte7u069 851837 1 52
player 434 B azlpbpke 3556913 1 52
player 435 B 0pmbiw8o 4142062 1 52
player 436 B rygf4mvr 1429866 1 52
player 437 B mg9pgnw7 1787073 1 52
player 438 B 8olnebf1 2986003 1 52
player 439 B rzlsw9x1 880470 1 52
player 440 B o0jhfyxc 66731 1 52
player 441 B vki91ouc 3579022 1 52
player 442 B 0onssx3n 131596 1 52
player 443 B ymrho9y4 3997992 1 52
player 444 B 4jjh2h8g 404198 1 52
player 445 B af8k17d8 1525141 1 52
player 446 B qt2a41r9 602972 1 52
player 447 B dmqr8rk9 540860 1 52
player 448 B gdvex2np 1934405 1 52
player 449 B z6dhj6lz 1614650 1 52
player 450 B ztlqrwwc 1023793 1 52
player 451 B qk845cyd 3762946 1 52
player 452 B g5ubwqld 465813 1 52
player 453 B voc18itg 4146371 1 52
player 454 B 3noal342 2692137 1 52
player 455 B r8slsgxy 1240968 1 52
player 456 B kwh9u6xu 3218369 1 52
player 457 B 8k335xf9 1645033 1 52
player 458 B r8oeocye 3975285 1 52
player 459 B aux9eznz 3880150 1 52
player 460 B tl8i4sqm 247264 1 52
player 461 B 5tvnmw0x 3714716 1 52
player 462 B iaxyjwg2 1871607 1 52
player 463 B vsouyzqb 1097160 1 52
player 464 B qo2yiqyt 1570296 1 52
player 465 B 4b0bsp77 2021601 1 52
player 466 B zt5za47g 2474090 1 52
player 467 B ialnkrtf 94223 1 52
player 468 B euhp0q2h 3786872 1 52
player 469 B hxtuit3a 434183 1 52
player 470 B cfqynmub 2965450 1 52
player 471 B kp4qpq36 1295144 1 52
player 472 B m4sv56ts 3233393 1 52
player 473 B 90lwnghk 606890 1 52
player 474 B 6s4qrb66 1619256 1 52
player 475 B zm2durya 3211482 1 52
player 476 B r78jt2dp 3385221 1 52
player 477 B 2l6px65c 3274239 1 52
player 478 B 8m9tfbvi 3076804 1 52
player 479 B 9mt34ypn 1137849 1 52
player 480 B 7q708nxs 2443645 1 52
player 481 B vaum2ag5 217257 1 52
player 482 B lhw012op 1724780 1 52
player 483 B ov7icohk 3120297 1 52
player 484 B wdgpft73 3091048 1 52
player 485 B 77xjevxo 269749 1 52
player 486 B oqm2d2ls 3249522 1 52
player 487 B s4bnz7gf 1592009 1 52
player 488 B qareow7n 2774776 1 52
player 489 B 0qjiaqhk 23774 1 52
bot 0 2 7kmb47oc 979863364 449033 52
owned 0 449033 449034 449035 449036 451084 446988 444940 444939 444938 444937 444936 444935 444934 444933 446981 449029 449030 449031 451079 451080 453128 453129 453130 453131 455178 455177 455176 455175 453127 453126 451078 451077 446982 442886 446983 442887 440839 440840 440841 440842 446984 442888 442889 442890 442891 451083 446987 451082 446986 449032 451081 446985
bot 1 3 su965kfe 1225099288 1794996 52
owned 1 1794996 1794997 1794998 1794999 1797047 1792951 1790903 1790902 1790901 1790900 1790899 1790898 1790897 1790896 1792944 1794992 1794993 1794994 1797042 1797043 1799091 1799092 1799093 1799094 1801141 1801140 1801139 1801138 1799090 1799089 1797041 1797040 1792945 1788849 1792946 1788850 1786802 1786803 1786804 1786805 1792947 1788851 1788852 1788853 1788854 1797046 1792950 1797045 1792949 1794995 1797044 1792948
bot 2 4 4918e5rs 1160776865 3328214 52
owned 2 3328214 3328215 3328216 3328217 3330265 3326169 3324121 3324120 3324119 3324118 3324117 3324116 3324115 3324114 3326162 3328210 3328211 3328212 3330260 3330261 3332309 3332310 3332311 3332312 3334359 3334358 3334357 3334356 3332308 3332307 3330259 3330258 3326163 3322067 3326164 3322068 3320020 3320021 3320022 3320023 3326165 3322069 3322070 3322071 3322072 3330264 3326168 3330263 3326167 3328213 3330262 3326166
bot 3 5 0grah7qg -2107334215 1250299 52
owned 3 1250299 1250300 1250301 1250302 1252350 1248254 1246206 1246205 1246204 1246203 1246202 1246201 1246200 1246199 1248247 1250295 1250296 1250297 1252345 1252346 1254394 1254395 1254396 1254397 1256444 1256443 1256442 1256441 1254393 1254392 1252344 1252343 1248248 1244152 1248249 1244153 1242105 1242106 1242107 1242108 1248250 1244154 1244155 1244156 1244157 1252349 1248253 1252348 1248252 1250298 1252347 1248251
bot 4 6 79lbhuod 919150858 127246 52
owned 4 127246 127247 127248 127249 129297 125201 123153 123152 123151 123150 123149 123148 123147 123146 125194 127242 127243 127244 129292 129293 131341 131342 131343 131344 133391 133390 133389 133388 131340 131339 129291 129290 125195 121099 125196 121100 119052 119053 119054 119055 125197 121101 121102 121103 121104 129296 125200 129295 125199 127245 129294 125198
bot 5 7 0eay8wsu 312910098 1770716 52
owned 5 1770716 1770717 1770718 1770719 1772767 1768671 1766623 1766622 1766621 1766620 1766619 1766618 1766617 1766616 1768664 1770712 1770713 1770714 1772762 1772763 1774811 1774812 1774813 1774814 1776861 1776860 1776859 1776858 1774810 1774809 1772761 1772760 1768665 1764569 1768666 1764570 1762522 1762523 1762524 1762525 1768667 1764571 1764572 1764573 1764574 1772766 1768670 1772765 1768669 1770715 1772764 1768668
bot 6 8 l4g4juu8 1373847271 2107776 52
owned 6 2107776 2107777 2107778 2107779 2109827 2105731 2103683 2103682 2103681 2103680 2103679 2103678 2103677 2103676 2105724 2107772 2107773 2107774 2109822 2109823 2111871 2111872 2111873 2111874 2113921 2113920 2113919 2113918 2111870 2111869 2109821 2109820 2105725 2101629 2105726 2101630 2099582 2099583 2099584 2099585 2105727 2101631 2101632 2101633 2101634 2109826 2105730 2109825 2105729 2107775 2109824 2105728
bot 7 9 gsw4n5km 1786011062 3754482 52
owned 7 3754482 3754483 3754484 3754485 3756533 3752437 3750389 3750388 3750387 3750386 3750385 3750384 3750383 3750382 3752430 3754478 3754479 3754480 3756528 3756529 3758577 3758578 3758579 3758580 3760627 3760626 3760625 3760624 3758576 3758575 3756527 3756526 3752431 3748335 3752432 3748336 3746288 3746289 3746290 3746291 3752433 3748337 3748338 3748339 3748340 3756532 3752436 3756531 3752435 3754481 3756530 3752434
bot 8 10 ooz4f963 1067254298 3643254 52
owned 8 3643254 3643255 3643256 3643257 3645305 3641209 3639161 3639160 3639159 3639158 3639157 3639156 3639155 3639154 3641202 3643250 3643251 3643252 3645300 3645301 3647349 3647350 3647351 3647352 3649399 3649398 3649397 3649396 3647348 3647347 3645299 3645298 3641203 3637107 3641204 3637108 3635060 3635061 3635062 3635063 3641205 3637109 3637110 3637111 3637112 3645304 3641208 3645303 3641207 3643253 3645302 3641206
bot 9 11 g49bog52 471077977 1320508 52
owned 9 1320508 1320509 1320510 1320511 1322559 1318463 1316415 1316414 1316413 1316412 1316411 1316410 1316409 1316408 1318456 1320504 1320505 1320506 1322554 1322555 1324603 1324604 1324605 1324606 1326653 1326652 1326651 1326650 1324602 1324601 1322553 1322552 1318457 1314361 1318458 1314362 1312314 1312315 1312316 1312317 1318459 1314363 1314364 1314365 1314366 1322558 1318462 1322557 1318461 1320507 1322556 1318460
bot 10 12 vl3arc4y 2110741002 1962439 52
owned 10 1962439 1962440 1962441 1962442 1964490 1960394 1958346 1958345 1958344 1958343 1958342 1958341 1958340 1958339 1960387 1962435 1962436 1962437 1964485 1964486 1966534 1966535 1966536 1966537 1968584 1968583 1968582 1968581 1966533 1966532 1964484 1964483 1960388 1956292 1960389 1956293 1954245 1954246 1954247 1954248 1960390 1956294 1956295 1956296 1956297 1964489 1960393 1964488 1960392 1962438 1964487 1960391
bot 11 13 26spmsu2 1249151528 1661911 52
owned 11 1661911 1661912 1661913 1661914 1663962 1659866 1657818 1657817 1657816 1657815 1657814 1657813 1657812 1657811 1659859 1661907 1661908 1661909 1663957 1663958 1666006 1666007 1666008 1666009 1668056 1668055 1668054 1668053 1666005 1666004 1663956 1663955 1659860 1655764 1659861 1655765 1653717 1653718 1653719 1653720 1659862 1655766 1655767 1655768 1655769 1663961 1659865 1663960 1659864 1661910 1663959 1659863
bot 12 14 666fmd2f -2125171585 1181048 52
owned 12 1181048 1181049 1181050 1181051 1183099 1179003 1176955 1176954 1176953 1176952 1176951 1176950 1176949 1176948 1178996 1181044 1181045 1181046 1183094 1183095 1185143 1185144 1185145 1185146 1187193 1187192 1187191 1187190 1185142 1185141 1183093 1183092 1178997 1174901 1178998 1174902 1172854 1172855 1172856 1172857 1178999 1174903 1174904 1174905 1174906 1183098 1179002 1183097 1179001 1181047 1183096 1179000
bot 13 15 vybu8oes 2095769353 2434750 52
owned 13 2434750 2434751 2434752 2434753 2436801 2432705 2430657 2430656 2430655 2430654 2430653 2430652 2430651 2430650 2432698 2434746 2434747 2434748 2436796 2436797 2438845 2438846 2438847 2438848 2440895 2440894 2440893 2440892 2438844 2438843 2436795 2436794 2432699 2428603 2432700 2428604 2426556 2426557 2426558 2426559 2432701 2428605 2428606 2428607 2428608 2436800 2432704 2436799 2432703 2434749 2436798 2432702
bot 14 16 tlx2iciq 1076827768 534900 52
owned 14 534900 534901 534902 534903 536951 532855 530807 530806 530805 530804 530803 530802 530801 530800 532848 534896 534897 534898 536946 536947 538995 538996 538997 538998 541045 541044 541043 541042 538994 538993 536945 536944 532849 528753 532850 528754 526706 526707 526708 526709 532851 528755 528756 528757 528758 536950 532854 536949 532853 534899 536948 532852
bot 15 17 8i7cuo9t 1041878418 1611090 52
owned 15 1611090 1611091 1611092 1611093 1613141 1609045 1606997 1606996 1606995 1606994 1606993 1606992 1606991 1606990 1609038 1611086 1611087 1611088 1613136 1613137 1615185 1615186 1615187 1615188 1617235 1617234 1617233 1617232 1615184 1615183 1613135 1613134 1609039 1604943 1609040 1604944 1602896 1602897 1602898 1602899 1609041 1604945 1604946 1604947 1604948 1613140 1609044 1613139 1609043 1611089 1613138 1609042
bot 16 18 ay8xa67r 1238569276 2215469 52
owned 16 2215469 2215470 2215471 2215472 2217520 2213424 2211376 2211375 2211374 2211373 2211372 2211371 2211370 2211369 2213417 2215465 2215466 2215467 2217515 2217516 2219564 2219565 2219566 2219567 2221614 2221613 2221612 2221611 2219563 2219562 2217514 2217513 2213418 2209322 2213419 2209323 2207275 2207276 2207277 2207278 2213420 2209324 2209325 2209326 2209327 2217519 2213423 2217518 2213422 2215468 2217517 2213421
bot 17 19 fha1xhrw -2086814691 1845038 52
owned 17 1845038 1845039 1845040 1845041 1847089 1842993 1840945 1840944 1840943 1840942 1840941 1840940 1840939 1840938 1842986 1845034 1845035 1845036 1847084 1847085 1849133 1849134 1849135 1849136 1851183 1851182 1851181 1851180 1849132 1849131 1847083 1847082 1842987 1838891 1842988 1838892 1836844 1836845 1836846 1836847 1842989 1838893 1838894 1838895 1838896 1847088 1842992 1847087 1842991 1845037 1847086 1842990
bot 18 20 0n5m7v7w 2006771567 1723818 52
owned 18 1723818 1723819 1723820 1723821 1725869 1721773 1719725 1719724 1719723 1719722 1719721 1719720 1719719 1719718 1721766 1723814 1723815 1723816 1725864 1725865 1727913 1727914 1727915 1727916 1729963 1729962 1729961 1729960 1727912 1727911 1725863 1725862 1721767 1717671 1721768 1717672 1715624 1715625 1715626 1715627 1721769 1717673 1717674 1717675 1717676 1725868 1721772 1725867 1721771 1723817 1725866 1721770
bot 19 21 g1kcotxi 1701193324 2740325 52
owned 19 2740325 2740326 2740327 2740328 2742376 2738280 2736232 2736231 2736230 2736229 2736228 2736227 2736226 2736225 2738273 2740321 2740322 2740323 2742371 2742372 2744420 2744421 2744422 2744423 2746470 2746469 2746468 2746467 2744419 2744418 2742370 2742369 2738274 2734178 2738275 2734179 2732131 2732132 2732133 2732134 2738276 2734180 2734181 2734182 2734183 2742375 2738279 2742374 2738278 2740324 2742373 2738277
bot 20 22 onu80sk7 2095760979 1606520 52
owned 20 1606520 1606521 1606522 1606523 1608571 1604475 1602427 1602426 1602425 1602424 1602423 1602422 1602421 1602420 1604468 1606516 1606517 1606518 1608566 1608567 1610615 1610616 1610617 1610618 1612665 1612664 1612663 1612662 1610614 1610613 1608565 1608564 1604469 1600373 1604470 1600374 1598326 1598327 1598328 1598329 1604471 1600375 1600376 1600377 1600378 1608570 1604474 1608569 1604473 1606519 1608568 1604472
bot 21 23 mt378h9n 2146580788 3779250 52
owned 21 3779250 3779251 3779252 3779253 3781301 3777205 3775157 3775156 3775155 3775154 3775153 3775152 3775151 3775150 3777198 3779246 3779247 3779248 3781296 3781297 3783345 3783346 3783347 3783348 3785395 3785394 3785393 3785392 3783344 3783343 3781295 3781294 3777199 3773103 3777200 3773104 3771056 3771057 3771058 3771059 3777201 3773105 3773106 3773107 3773108 3781300 3777204 3781299 3777203 3779249 3781298 3777202
bot 22 24 bo2xv2tw 494470294 1656424 52
owned 22 1656424 1656425 1656426 1656427 1658475 1654379 1652331 1652330 1652329 1652328 1652327 1652326 1652325 1652324 1654372 1656420 1656421 1656422 1658470 1658471 1660519 1660520 1660521 1660522 1662569 1662568 1662567 1662566 1660518 1660517 1658469 1658468 1654373 1650277 1654374 1650278 1648230 1648231 1648232 1648233 1654375 1650279 1650280 1650281 1650282 1658474 1654378 1658473 1654377 1656423 1658472 1654376
bot 23 25 4j0jwl8e 1716918454 1000707 52
owned 23 1000707 1000708 1000709 1000710 1002758 998662 996614 996613 996612 996611 996610 996609 996608 996607 998655 1000703 1000704 1000705 1002753 1002754 1004802 1004803 1004804 1004805 1006852 1006851 1006850 1006849 1004801 1004800 1002752 1002751 998656 994560 998657 994561 992513 992514 992515 992516 998658 994562 994563 994564 994565 1002757 998661 1002756 998660 1000706 1002755 998659
bot 24 26 2q1yboxl 255765212 4183066 52
owned 24 4183066 4183067 4183068 4183069 4185117 4181021 4178973 4178972 4178971 4178970 4178969 4178968 4178967 4178966 4181014 4183062 4183063 4183064 4185112 4185113 4187161 4187162 4187163 4187164 4189211 4189210 4189209 4189208 4187160 4187159 4185111 4185110 4181015 4176919 4181016 4176920 4174872 4174873 4174874 4174875 4181017 4176921 4176922 4176923 4176924 4185116 4181020 4185115 4181019 4183065 4185114 4181018
bot 25 27 uf1afynu 646231689 2576127 52
owned 25 2576127 2576128 2576129 2576130 2578178 2574082 2572034 2572033 2572032 2572031 2572030 2572029 2572028 2572027 2574075 2576123 2576124 2576125 2578173 2578174 2580222 2580223 2580224 2580225 2582272 2582271 2582270 2582269 2580221 2580220 2578172 2578171 2574076 2569980 2574077 2569981 2567933 2567934 2567935 2567936 2574078 2569982 2569983 2569984 2569985 2578177 2574081 2578176 2574080 2576126 2578175 2574079
bot 26 28 hnp5jsyu 1554719380 355594 52
owned 26 355594 355595 355596 355597 357645 353549 351501 351500 351499 351498 351497 351496 351495 351494 353542 355590 355591 355592 357640 357641 359689 359690 359691 359692 361739 361738 361737 361736 359688 359687 357639 357638 353543 349447 353544 349448 347400 347401 347402 347403 353545 349449 349450 349451 349452 357644 353548 357643 353547 355593 357642 353546
bot 27 29 3ks2xdvj 2013378221 4105850 52
owned 27 4105850 4105851 4105852 4105853 4107901 4103805 4101757 4101756 4101755 4101754 4101753 4101752 4101751 4101750 4103798 4105846 4105847 4105848 4107896 4107897 4109945 4109946 4109947 4109948 4111995 4111994 4111993 4111992 4109944 4109943 4107895 4107894 4103799 4099703 4103800 4099704 4097656 4097657 4097658 4097659 4103801 4099705 4099706 4099707 4099708 4107900 4103804 4107899 4103803 4105849 4107898 4103802
bot 28 30 6udu18l9 1164531456 759466 52
owned 28 759466 759467 759468 759469 761517 757421 755373 755372 755371 755370 755369 755368 755367 755366 757414 759462 759463 759464 761512 761513 763561 763562 763563 763564 765611 765610 765609 765608 763560 763559 761511 761510 757415 753319 757416 753320 751272 751273 751274 751275 757417 753321 753322 753323 753324 761516 757420 761515 757419 759465 761514 757418
bot 29 31 u9qkgxb0 358820289 261434 52
owned 29 261434 261435 261436 261437 263485 259389 257341 257340 257339 257338 257337 257336 257335 257334 259382 261430 261431 261432 263480 263481 265529 265530 265531 265532 267579 267578 267577 267576 265528 265527 263479 263478 259383 255287 259384 255288 253240 253241 253242 253243 259385 255289 255290 255291 255292 263484 259388 263483 259387 261433 263482 259386
bot 30 32 gxzvzcy1 2075804082 890169 52
owned 30 890169 890170 890171 890172 892220 888124 886076 886075 886074 886073 886072 886071 886070 886069 888117 890165 890166 890167 892215 892216 894264 894265 894266 894267 896314 896313 896312 896311 894263 894262 892214 892213 888118 884022 888119 884023 881975 881976 881977 881978 888120 884024 884025 884026 884027 892219 888123 892218 888122 890168 892217 888121
bot 31 33 soumc8lx 1964908793 3730665 52
owned 31 3730665 3730666 3730667 3730668 3732716 3728620 3726572 3726571 3726570 3726569 3726568 3726567 3726566 3726565 3728613 3730661 3730662 3730663 3732711 3732712 3734760 3734761 3734762 3734763 3736810 3736809 3736808 3736807 3734759 3734758 3732710 3732709 3728614 3724518 3728615 3724519 3722471 3722472 3722473 3722474 3728616 3724520 3724521 3724522 3724523 3732715 3728619 3732714 3728618 3730664 3732713 3728617
bot 32 34 pbtdxhy8 -1952436939 1978614 52
owned 32 1978614 1978615 1978616 1978617 1980665 1976569 1974521 1974520 1974519 1974518 1974517 1974516 1974515 1974514 1976562 1978610 1978611 1978612 1980660 1980661 1982709 1982710 1982711 1982712 1984759 1984758 1984757 1984756 1982708 1982707 1980659 1980658 1976563 1972467 1976564 1972468 1970420 1970421 1970422 1970423 1976565 1972469 1972470 1972471 1972472 1980664 1976568 1980663 1976567 1978613 1980662 1976566
bot 33 35 7qca320q 1722666588 685963 52
owned 33 685963 685964 685965 685966 688014 683918 681870 681869 681868 681867 681866 681865 681864 681863 683911 685959 685960 685961 688009 688010 690058 690059 690060 690061 692108 692107 692106 692105 690057 690056 688008 688007 683912 679816 683913 679817 677769 677770 677771 677772 683914 679818 679819 679820 679821 688013 683917 688012 683916 685962 688011 683915
bot 34 36 qu4dw13r 1935691025 3086598 52
owned 34 3086598 3086599 3086600 3086601 3088649 3084553 3082505 3082504 3082503 3082502 3082501 3082500 3082499 3082498 3084546 3086594 3086595 3086596 3088644 3088645 3090693 3090694 3090695 3090696 3092743 3092742 3092741 3092740 3090692 3090691 3088643 3088642 3084547 3080451 3084548 3080452 3078404 3078405 3078406 3078407 3084549 3080453 3080454 3080455 3080456 3088648 3084552 3088647 3084551 3086597 3088646 3084550
bot 35 37 uf42rmom 603403740 854356 52
owned 35 854356 854357 854358 854359 856407 852311 850263 850262 850261 850260 850259 850258 850257 850256 852304 854352 854353 854354 856402 856403 858451 858452 858453 858454 860501 860500 860499 860498 858450 858449 856401 856400 852305 848209 852306 848210 846162 846163 846164 846165 852307 848211 848212 848213 848214 856406 852310 856405 852309 854355 856404 852308
bot 36 38 5pzo5nyp -1978938492 2126286 52
owned 36 2126286 2126287 2126288 2126289 2128337 2124241 2122193 2122192 2122191 2122190 2122189 2122188 2122187 2122186 2124234 2126282 2126283 2126284 2128332 2128333 2130381 2130382 2130383 2130384 2132431 2132430 2132429 2132428 2130380 2130379 2128331 2128330 2124235 2120139 2124236 2120140 2118092 2118093 2118094 2118095 2124237 2120141 2120142 2120143 2120144 2128336 2124240 2128335 2124239 2126285 2128334 2124238
bot 37 39 lpeu6a40 1655789225 3245972 52
owned 37 3245972 3245973 3245974 3245975 3248023 3243927 3241879 3241878 3241877 3241876 3241875 3241874 3241873 3241872 3243920 3245968 3245969 3245970 3248018 3248019 3250067 3250068 3250069 3250070 3252117 3252116 3252115 3252114 3250066 3250065 3248017 3248016 3243921 3239825 3243922 3239826 3237778 3237779 3237780 3237781 3243923 3239827 3239828 3239829 3239830 3248022 3243926 3248021 3243925 3245971 3248020 3243924
bot 38 40 m01qyq41 -1925929108 1657066 52
owned 38 1657066 1657067 1657068 1657069 1659117 1655021 1652973 1652972 1652971 1652970 1652969 1652968 1652967 1652966 1655014 1657062 1657063 1657064 1659112 1659113 1661161 1661162 1661163 1661164 1663211 1663210 1663209 1663208 1661160 1661159 1659111 1659110 1655015 1650919 1655016 1650920 1648872 1648873 1648874 1648875 1655017 1650921 1650922 1650923 1650924 1659116 1655020 1659115 1655019 1657065 1659114 1655018
bot 39 41 qp5j7mcl 1825462711 3093580 52
owned 39 3093580 3093581 3093582 3093583 3095631 3091535 3089487 3089486 3089485 3089484 3089483 3089482 3089481 3089480 3091528 3093576 3093577 3093578 3095626 3095627 3097675 3097676 3097677 3097678 3099725 3099724 3099723 3099722 3097674 3097673 3095625 3095624 3091529 3087433 3091530 3087434 3085386 3085387 3085388 3085389 3091531 3087435 3087436 3087437 3087438 3095630 3091534 3095629 3091533 3093579 3095628 3091532
bot 40 42 daoks386 1879256123 2474934 52
owned 40 2474934 2474935 2474936 2474937 2476985 2472889 2470841 2470840 2470839 2470838 2470837 2470836 2470835 2470834 2472882 2474930 2474931 2474932 2476980 2476981 2479029 2479030 2479031 2479032 2481079 2481078 2481077 2481076 2479028 2479027 2476979 2476978 2472883 2468787 2472884 2468788 2466740 2466741 2466742 2466743 2472885 2468789 2468790 2468791 2468792 2476984 2472888 2476983 2472887 2474933 2476982 2472886
bot 41 43 1adrc0if 1860141724 625126 52
owned 41 625126 625127 625128 625129 627177 623081 621033 621032 621031 621030 621029 621028 621027 621026 623074 625122 625123 625124 627172 627173 629221 629222 629223 629224 631271 631270 631269 631268 629220 629219 627171 627170 623075 618979 623076 618980 616932 616933 616934 616935 623077 618981 618982 618983 618984 627176 623080 627175 623079 625125 627174 623078
bot 42 44 z2sjy7tl 1824294623 2517903 52
owned 42 2517903 2517904 2517905 2517906 2519954 2515858 2513810 2513809 2513808 2513807 2513806 2513805 2513804 2513803 2515851 2517899 2517900 2517901 2519949 2519950 2521998 2521999 2522000 2522001 2524048 2524047 2524046 2524045 2521997 2521996 2519948 2519947 2515852 2511756 2515853 2511757 2509709 2509710 2509711 2509712 2515854 2511758 2511759 2511760 2511761 2519953 2515857 2519952 2515856 2517902 2519951 2515855
bot 43 45 2a2pcqq2 1550573320 1114036 52
owned 43 1114036 1114037 1114038 1114039 1116087 1111991 1109943 1109942 1109941 1109940 1109939 1109938 1109937 1109936 1111984 1114032 1114033 1114034 1116082 1116083 1118131 1118132 1118133 1118134 1120181 1120180 1120179 1120178 1118130 1118129 1116081 1116080 1111985 1107889 1111986 1107890 1105842 1105843 1105844 1105845 1111987 1107891 1107892 1107893 1107894 1116086 1111990 1116085 1111989 1114035 1116084 1111988
bot 44 46 965x3zic 1651901379 1794270 52
owned 44 1794270 1794271 1794272 1794273 1796321 1792225 1790177 1790176 1790175 1790174 1790173 1790172 1790171 1790170 1792218 1794266 1794267 1794268 1796316 1796317 1798365 1798366 1798367 1798368 1800415 1800414 1800413 1800412 1798364 1798363 1796315 1796314 1792219 1788123 1792220 1788124 1786076 1786077 1786078 1786079 1792221 1788125 1788126 1788127 1788128 1796320 1792224 1796319 1792223 1794269 1796318 1792222
bot 45 47 yytwuuvv 643310337 2681750 52
owned 45 2681750 2681751 2681752 2681753 2683801 2679705 2677657 2677656 2677655 2677654 2677653 2677652 2677651 2677650 2679698 2681746 2681747 2681748 2683796 2683797 2685845 2685846 2685847 2685848 2687895 2687894 2687893 2687892 2685844 2685843 2683795 2683794 2679699 2675603 2679700 2675604 2673556 2673557 2673558 2673559 2679701 2675605 2675606 2675607 2675608 2683800 2679704 2683799 2679703 2681749 2683798 2679702
bot 46 48 0bq4zvkx -1953292478 2405432 52
owned 46 2405432 2405433 2405434 2405435 2407483 2403387 2401339 2401338 2401337 2401336 2401335 2401334 2401333 2401332 2403380 2405428 2405429 2405430 2407478 2407479 2409527 2409528 2409529 2409530 2411577 2411576 2411575 2411574 2409526 2409525 2407477 2407476 2403381 2399285 2403382 2399286 2397238 2397239 2397240 2397241 2403383 2399287 2399288 2399289 2399290 2407482 2403386 2407481 2403385 2405431 2407480 2403384
bot 47 49 fqo7elia -1958284618 1899327 52
owned 47 1899327 1899328 1899329 1899330 1901378 1897282 1895234 1895233 1895232 1895231 1895230 1895229 1895228 1895227 1897275 1899323 1899324 1899325 1901373 1901374 1903422 1903423 1903424 1903425 1905472 1905471 1905470 1905469 1903421 1903420 1901372 1901371 1897276 1893180 1897277 1893181 1891133 1891134 1891135 1891136 1897278 1893182 1893183 1893184 1893185 1901377 1897281 1901376 1897280 1899326 1901375 1897279
bot 48 50 xb2eodru 1511238585 3545945 52
owned 48 3545945 3545946 3545947 3545948 3547996 3543900 3541852 3541851 3541850 3541849 3541848 3541847 3541846 3541845 3543893 3545941 3545942 3545943 3547991 3547992 3550040 3550041 3550042 3550043 3552090 3552089 3552088 3552087 3550039 3550038 3547990 3547989 3543894 3539798 3543895 3539799 3537751 3537752 3537753 3537754 3543896 3539800 3539801 3539802 3539803 3547995 3543899 3547994 3543898 3545944 3547993 3543897
bot 49 51 dn2a1fmz 1672109513 909646 52
owned 49 909646 909647 909648 909649 911697 907601 905553 905552 905551 905550 905549 905548 905547 905546 907594 909642 909643 909644 911692 911693 913741 913742 913743 913744 915791 915790 915789 915788 913740 913739 911691 911690 907595 903499 907596 903500 901452 901453 901454 901455 907597 903501 903502 903503 903504 911696 907600 911695 907599 909645 911694 907598
bot 50 52 c657fqi1 1526829564 2402619 52
owned 50 2402619 2402620 2402621 2402622 2404670 2400574 2398526 2398525 2398524 2398523 2398522 2398521 2398520 2398519 2400567 2402615 2402616 2402617 2404665 2404666 2406714 2406715 2406716 2406717 2408764 2408763 2408762 2408761 2406713 2406712 2404664 2404663 2400568 2396472 2400569 2396473 2394425 2394426 2394427 2394428 2400570 2396474 2396475 2396476 2396477 2404669 2400573 2404668 2400572 2402618 2404667 2400571
bot 51 53 3oa0wbik 1465915324 1202722 52
owned 51 1202722 1202723 1202724 1202725 1204773 1200677 1198629 1198628 1198627 1198626 1198625 1198624 1198623 1198622 1200670 1202718 1202719 1202720 1204768 1204769 1206817 1206818 1206819 1206820 1208867 1208866 1208865 1208864 1206816 1206815 1204767 1204766 1200671 1196575 1200672 1196576 1194528 1194529 1194530 1194531 1200673 1196577 1196578 1196579 1196580 1204772 1200676 1204771 1200675 1202721 1204770 1200674
bot 52 54 bbor86ta 1160631798 2527875 52
owned 52 2527875 2527876 2527877 2527878 2529926 2525830 2523782 2523781 2523780 2523779 2523778 2523777 2523776 2523775 2525823 2527871 2527872 2527873 2529921 2529922 2531970 2531971 2531972 2531973 2534020 2534019 2534018 2534017 2531969 2531968 2529920 2529919 2525824 2521728 2525825 2521729 2519681 2519682 2519683 2519684 2525826 2521730 2521731 2521732 2521733 2529925 2525829 2529924 2525828 2527874 2529923 2525827
bot 53 55 ke481hq3 1735541677 353450 52
owned 53 353450 353451 353452 353453 355501 351405 349357 349356 349355 349354 349353 349352 349351 349350 351398 353446 353447 353448 355496 355497 357545 357546 357547 357548 359595 359594 359593 359592 357544 357543 355495 355494 351399 347303 351400 347304 345256 345257 345258 345259 351401 347305 347306 347307 347308 355500 351404 355499 351403 353449 355498 351402
bot 54 56 1p7me35b 2016093044 1871961 52
owned 54 1871961 1871962 1871963 1871964 1874012 1869916 1867868 1867867 1867866 1867865 1867864 1867863 1867862 1867861 1869909 1871957 1871958 1871959 1874007 1874008 1876056 1876057 1876058 1876059 1878106 1878105 1878104 1878103 1876055 1876054 1874006 1874005 1869910 1865814 1869911 1865815 1863767 1863768 1863769 1863770 1869912 1865816 1865817 1865818 1865819 1874011 1869915 1874010 1869914 1871960 1874009 1869913
bot 55 57 ros1fefm 336921379 1500478 52
owned 55 1500478 1500479 1500480 1500481 1502529 1498433 1496385 1496384 1496383 1496382 1496381 1496380 1496379 1496378 1498426 1500474 1500475 1500476 1502524 1502525 1504573 1504574 1504575 1504576 1506623 1506622 1506621 1506620 1504572 1504571 1502523 1502522 1498427 1494331 1498428 1494332 1492284 1492285 1492286 1492287 1498429 1494333 1494334 1494335 1494336 1502528 1498432 1502527 1498431 1500477 1502526 1498430
bot 56 58 bbj4439d 1361159728 185279 52
owned 56 185279 185280 185281 185282 187330 183234 181186 181185 181184 181183 181182 181181 181180 181179 183227 185275 185276 185277 187325 187326 189374 189375 189376 189377 191424 191423 191422 191421 189373 189372 187324 187323 183228 179132 183229 179133 177085 177086 177087 177088 183230 179134 179135 179136 179137 187329 183233 187328 183232 185278 187327 183231
bot 57 59 50euwmgf 756661700 907946 52
owned 57 907946 907947 907948 907949 909997 905901 903853 903852 903851 903850 903849 903848 903847 903846 905894 907942 907943 907944 909992 909993 912041 912042 912043 912044 914091 914090 914089 914088 912040 912039 909991 909990 905895 901799 905896 901800 899752 899753 899754 899755 905897 901801 901802 901803 901804 909996 905900 909995 905899 907945 909994 905898
bot 58 60 6ifrrqwg 1573288274 2856043 52
owned 58 2856043 2856044 2856045 2856046 2858094 2853998 2851950 2851949 2851948 2851947 2851946 2851945 2851944 2851943 2853991 2856039 2856040 2856041 2858089 2858090 2860138 2860139 2860140 2860141 2862188 2862187 2862186 2862185 2860137 2860136 2858088 2858087 2853992 2849896 2853993 2849897 2847849 2847850 2847851 2847852 2853994 2849898 2849899 2849900 2849901 2858093 2853997 2858092 2853996 2856042 2858091 2853995
bot 59 61 t3qojvzx 1884704811 513247 52
owned 59 513247 513248 513249 513250 515298 511202 509154 509153 509152 509151 509150 509149 509148 509147 511195 513243 513244 513245 515293 515294 517342 517343 517344 517345 519392 519391 519390 519389 517341 517340 515292 515291 511196 507100 511197 507101 505053 505054 505055 505056 511198 507102 507103 507104 507105 515297 511201 515296 511200 513246 515295 511199
bot 60 62 e39s2b1x 535357285 724374 52
owned 60 724374 724375 724376 724377 726425 722329 720281 720280 720279 720278 720277 720276 720275 720274 722322 724370 724371 724372 726420 726421 728469 728470 728471 728472 730519 730518 730517 730516 728468 728467 726419 726418 722323 718227 722324 718228 716180 716181 716182 716183 722325 718229 718230 718231 718232 726424 722328 726423 722327 724373 726422 722326
bot 61 63 8elalp3o 1664787462 4048480 52
owned 61 4048480 4048481 4048482 4048483 4050531 4046435 4044387 4044386 4044385 4044384 4044383 4044382 4044381 4044380 4046428 4048476 4048477 4048478 4050526 4050527 4052575 4052576 4052577 4052578 4054625 4054624 4054623 4054622 4052574 4052573 4050525 4050524 4046429 4042333 4046430 4042334 4040286 4040287 4040288 4040289 4046431 4042335 4042336 4042337 4042338 4050530 4046434 4050529 4046433 4048479 4050528 4046432
bot 62 64 drzdgt29 351372376 3485201 52
owned 62 3485201 3485202 3485203 3485204 3487252 3483156 3481108 3481107 3481106 3481105 3481104 3481103 3481102 3481101 3483149 3485197 3485198 3485199 3487247 3487248 3489296 3489297 3489298 3489299 3491346 3491345 3491344 3491343 3489295 3489294 3487246 3487245 3483150 3479054 3483151 3479055 3477007 3477008 3477009 3477010 3483152 3479056 3479057 3479058 3479059 3487251 3483155 3487250 3483154 3485200 3487249 3483153
bot 63 65 a5l13l40 409032466 4055722 52
owned 63 4055722 4055723 4055724 4055725 4057773 4053677 4051629 4051628 4051627 4051626 4051625 4051624 4051623 4051622 4053670 4055718 4055719 4055720 4057768 4057769 4059817 4059818 4059819 4059820 4061867 4061866 4061865 4061864 4059816 4059815 4057767 4057766 4053671 4049575 4053672 4049576 4047528 4047529 4047530 4047531 4053673 4049577 4049578 4049579 4049580 4057772 4053676 4057771 4053675 4055721 4057770 4053674
bot 64 66 15jsgukl 2082714056 1852279 52
owned 64 1852279 1852280 1852281 1852282 1854330 1850234 1848186 1848185 1848184 1848183 1848182 1848181 1848180 1848179 1850227 1852275 1852276 1852277 1854325 1854326 1856374 1856375 1856376 1856377 1858424 1858423 1858422 1858421 1856373 1856372 1854324 1854323 1850228 1846132 1850229 1846133 1844085 1844086 1844087 1844088 1850230 1846134 1846135 1846136 1846137 1854329 1850233 1854328 1850232 1852278 1854327 1850231
bot 65 67 457rtifd 2131565011 87473 52
owned 65 87473 87474 87475 87476 89524 85428 83380 83379 83378 83377 83376 83375 83374 83373 85421 87469 87470 87471 89519 89520 91568 91569 91570 91571 93618 93617 93616 93615 91567 91566 89518 89517 85422 81326 85423 81327 79279 79280 79281 79282 85424 81328 81329 81330 81331 89523 85427 89522 85426 87472 89521 85425
bot 66 68 nvln8mx2 1241068427 2208120 52
owned 66 2208120 2208121 2208122 2208123 2210171 2206075 2204027 2204026 2204025 2204024 2204023 2204022 2204021 2204020 2206068 2208116 2208117 2208118 2210166 2210167 2212215 2212216 2212217 2212218 2214265 2214264 2214263 2214262 2212214 2212213 2210165 2210164 2206069 2201973 2206070 2201974 2199926 2199927 2199928 2199929 2206071 2201975 2201976 2201977 2201978 2210170 2206074 2210169 2206073 2208119 2210168 2206072
bot 67 69 xdf4q9ey 434759834 200334 52
owned 67 200334 200335 200336 200337 202385 198289 196241 196240 196239 196238 196237 196236 196235 196234 198282 200330 200331 200332 202380 202381 204429 204430 204431 204432 206479 206478 206477 206476 204428 204427 202379 202378 198283 194187 198284 194188 192140 192141 192142 192143 198285 194189 194190 194191 194192 202384 198288 202383 198287 200333 202382 198286
bot 68 70 aehphxxq 441688655 3199618 52
owned 68 3199618 3199619 3199620 3199621 3201669 3197573 3195525 3195524 3195523 3195522 3195521 3195520 3195519 3195518 3197566 3199614 3199615 3199616 3201664 3201665 3203713 3203714 3203715 3203716 3205763 3205762 3205761 3205760 3203712 3203711 3201663 3201662 3197567 3193471 3197568 3193472 3191424 3191425 3191426 3191427 3197569 3193473 3193474 3193475 3193476 3201668 3197572 3201667 3197571 3199617 3201666 3197570
bot 69 71 r69884b7 1040467408 1496788 52
owned 69 1496788 1496789 1496790 1496791 1498839 1494743 1492695 1492694 1492693 1492692 1492691 1492690 1492689 1492688 1494736 1496784 1496785 1496786 1498834 1498835 1500883 1500884 1500885 1500886 1502933 1502932 1502931 1502930 1500882 1500881 1498833 1498832 1494737 1490641 1494738 1490642 1488594 1488595 1488596 1488597 1494739 1490643 1490644 1490645 1490646 1498838 1494742 1498837 1494741 1496787 1498836 1494740
bot 70 72 1fi956n2 1628450074 2204178 52
owned 70 2204178 2204179 2204180 2204181 2206229 2202133 2200085 2200084 2200083 2200082 2200081 2200080 2200079 2200078 2202126 2204174 2204175 2204176 2206224 2206225 2208273 2208274 2208275 2208276 2210323 2210322 2210321 2210320 2208272 2208271 2206223 2206222 2202127 2198031 2202128 2198032 2195984 2195985 2195986 2195987 2202129 2198033 2198034 2198035 2198036 2206228 2202132 2206227 2202131 2204177 2206226 2202130
bot 71 73 x0s75hnx 1902416189 435577 52
owned 71 435577 435578 435579 435580 437628 433532 431484 431483 431482 431481 431480 431479 431478 431477 433525 435573 435574 435575 437623 437624 439672 439673 439674 439675 441722 441721 441720 441719 439671 439670 437622 437621 433526 429430 433527 429431 427383 427384 427385 427386 433528 429432 429433 429434 429435 437627 433531 437626 433530 435576 437625 433529
bot 72 74 jjcxe8w7 1929622268 289747 52
owned 72 289747 289748 289749 289750 291798 287702 285654 285653 285652 285651 285650 285649 285648 285647 287695 289743 289744 289745 291793 291794 293842 293843 293844 293845 295892 295891 295890 295889 293841 293840 291792 291791 287696 283600 287697 283601 281553 281554 281555 281556 287698 283602 283603 283604 283605 291797 287701 291796 287700 289746 291795 287699
bot 73 75 pa9du0an 680719808 964259 52
owned 73 964259 964260 964261 964262 966310 962214 960166 960165 960164 960163 960162 960161 960160 960159 962207 964255 964256 964257 966305 966306 968354 968355 968356 968357 970404 970403 970402 970401 968353 968352 966304 966303 962208 958112 962209 958113 956065 956066 956067 956068 962210 958114 958115 958116 958117 966309 962213 966308 962212 964258 966307 962211
bot 74 76 wr1iodtv 1058650254 3887230 52
owned 74 3887230 3887231 3887232 3887233 3889281 3885185 3883137 3883136 3883135 3883134 3883133 3883132 3883131 3883130 3885178 3887226 3887227 3887228 3889276 3889277 3891325 3891326 3891327 3891328 3893375 3893374 3893373 3893372 3891324 3891323 3889275 3889274 3885179 3881083 3885180 3881084 3879036 3879037 3879038 3879039 3885181 3881085 3881086 3881087 3881088 3889280 3885184 3889279 3885183 3887229 3889278 3885182
bot 75 77 q4t061qn 1864834683 901484 52
owned 75 901484 901485 901486 901487 903535 899439 897391 897390 897389 897388 897387 897386 897385 897384 899432 901480 901481 901482 903530 903531 905579 905580 905581 905582 907629 907628 907627 907626 905578 905577 903529 903528 899433 895337 899434 895338 893290 893291 893292 893293 899435 895339 895340 895341 895342 903534 899438 903533 899437 901483 903532 899436
bot 76 78 5walu3qw 1224512371 2904560 52
owned 76 2904560 2904561 2904562 2904563 2906611 2902515 2900467 2900466 2900465 2900464 2900463 2900462 2900461 2900460 2902508 2904556 2904557 2904558 2906606 2906607 2908655 2908656 2908657 2908658 2910705 2910704 2910703 2910702 2908654 2908653 2906605 2906604 2902509 2898413 2902510 2898414 2896366 2896367 2896368 2896369 2902511 2898415 2898416 2898417 2898418 2906610 2902514 2906609 2902513 2904559 2906608 2902512
bot 77 79 9qsdvg22 1376203870 445553 52
owned 77 445553 445554 445555 445556 447604 443508 441460 441459 441458 441457 441456 441455 441454 441453 443501 445549 445550 445551 447599 447600 449648 449649 449650 449651 451698 451697 451696 451695 449647 449646 447598 447597 443502 439406 443503 439407 437359 437360 437361 437362 443504 439408 439409 439410 439411 447603 443507 447602 443506 445552 447601 443505
bot 78 80 kxhibxlj 517397506 3326230 52
owned 78 3326230 3326231 3326232 3326233 3328281 3324185 3322137 3322136 3322135 3322134 3322133 3322132 3322131 3322130 3324178 3326226 3326227 3326228 3328276 3328277 3330325 3330326 3330327 3330328 3332375 3332374 3332373 3332372 3330324 3330323 3328275 3328274 3324179 3320083 3324180 3320084 3318036 3318037 3318038 3318039 3324181 3320085 3320086 3320087 3320088 3328280 3324184 3328279 3324183 3326229 3328278 3324182
bot 79 81 3lvh3hh1 992169179 3703893 52
owned 79 3703893 3703894 3703895 3703896 3705944 3701848 3699800 3699799 3699798 3699797 3699796 3699795 3699794 3699793 3701841 3703889 3703890 3703891 3705939 3705940 3707988 3707989 3707990 3707991 3710038 3710037 3710036 3710035 3707987 3707986 3705938 3705937 3701842 3697746 3701843 3697747 3695699 3695700 3695701 3695702 3701844 3697748 3697749 3697750 3697751 3705943 3701847 3705942 3701846 3703892 3705941 3701845
bot 80 82 hhxd8zhc -1981148453 2548050 52
owned 80 2548050 2548051 2548052 2548053 2550101 2546005 2543957 2543956 2543955 2543954 2543953 2543952 2543951 2543950 2545998 2548046 2548047 2548048 2550096 2550097 2552145 2552146 2552147 2552148 2554195 2554194 2554193 2554192 2552144 2552143 2550095 2550094 2545999 2541903 2546000 2541904 2539856 2539857 2539858 2539859 2546001 2541905 2541906 2541907 2541908 2550100 2546004 2550099 2546003 2548049 2550098 2546002
bot 81 83 68hvehkn 1095836954 622795 52
owned 81 622795 622796 622797 622798 624846 620750 618702 618701 618700 618699 618698 618697 618696 618695 620743 622791 622792 622793 624841 624842 626890 626891 626892 626893 628940 628939 628938 628937 626889 626888 624840 624839 620744 616648 620745 616649 614601 614602 614603 614604 620746 616650 616651 616652 616653 624845 620749 624844 620748 622794 624843 620747
bot 82 84 0ysk38le 1385300227 900734 52
owned 82 900734 900735 900736 900737 902785 898689 896641 896640 896639 896638 896637 896636 896635 896634 898682 900730 900731 900732 902780 902781 904829 904830 904831 904832 906879 906878 906877 906876 904828 904827 902779 902778 898683 894587 898684 894588 892540 892541 892542 892543 898685 894589 894590 894591 894592 902784 898688 902783 898687 900733 902782 898686
bot 83 85 p9mtmjen 317818958 713658 52
owned 83 713658 713659 713660 713661 715709 711613 709565 709564 709563 709562 709561 709560 709559 709558 711606 713654 713655 713656 715704 715705 717753 717754 717755 717756 719803 719802 719801 719800 717752 717751 715703 715702 711607 707511 711608 707512 705464 705465 705466 705467 711609 707513 707514 707515 707516 715708 711612 715707 711611 713657 715706 711610
bot 84 86 vtv2qiiq 1725920906 1884329 52
owned 84 1884329 1884330 1884331 1884332 1886380 1882284 1880236 1880235 1880234 1880233 1880232 1880231 1880230 1880229 1882277 1884325 1884326 1884327 1886375 1886376 1888424 1888425 1888426 1888427 1890474 1890473 1890472 1890471 1888423 1888422 1886374 1886373 1882278 1878182 1882279 1878183 1876135 1876136 1876137 1876138 1882280 1878184 1878185 1878186 1878187 1886379 1882283 1886378 1882282 1884328 1886377 1882281
bot 85 87 npcd7vse -2091559336 556450 52
owned 85 556450 556451 556452 556453 558501 554405 552357 552356 552355 552354 552353 552352 552351 552350 554398 556446 556447 556448 558496 558497 560545 560546 560547 560548 562595 562594 562593 562592 560544 560543 558495 558494 554399 550303 554400 550304 548256 548257 548258 548259 554401 550305 550306 550307 550308 558500 554404 558499 554403 556449 558498 554402
bot 86 88 fyrg30wr 975447236 2419195 52
owned 86 2419195 2419196 2419197 2419198 2421246 2417150 2415102 2415101 2415100 2415099 2415098 2415097 2415096 2415095 2417143 2419191 2419192 2419193 2421241 2421242 2423290 2423291 2423292 2423293 2425340 2425339 2425338 2425337 2423289 2423288 2421240 2421239 2417144 2413048 2417145 2413049 2411001 2411002 2411003 2411004 2417146 2413050 2413051 2413052 2413053 2421245 2417149 2421244 2417148 2419194 2421243 2417147
bot 87 89 qg4cg39i -1947660605 1142356 52
owned 87 1142356 1142357 1142358 1142359 1144407 1140311 1138263 1138262 1138261 1138260 1138259 1138258 1138257 1138256 1140304 1142352 1142353 1142354 1144402 1144403 1146451 1146452 1146453 1146454 1148501 1148500 1148499 1148498 1146450 1146449 1144401 1144400 1140305 1136209 1140306 1136210 1134162 1134163 1134164 1134165 1140307 1136211 1136212 1136213 1136214 1144406 1140310 1144405 1140309 1142355 1144404 1140308
bot 88 90 kqu8z0ef 2107383972 2839502 52
owned 88 2839502 2839503 2839504 2839505 2841553 2837457 2835409 2835408 2835407 2835406 2835405 2835404 2835403 2835402 2837450 2839498 2839499 2839500 2841548 2841549 2843597 2843598 2843599 2843600 2845647 2845646 2845645 2845644 2843596 2843595 2841547 2841546 2837451 2833355 2837452 2833356 2831308 2831309 2831310 2831311 2837453 2833357 2833358 2833359 2833360 2841552 2837456 2841551 2837455 2839501 2841550 2837454
bot 89 91 bdv4tpd7 1205846675 3218650 52
owned 89 3218650 3218651 3218652 3218653 3220701 3216605 3214557 3214556 3214555 3214554 3214553 3214552 3214551 3214550 3216598 3218646 3218647 3218648 3220696 3220697 3222745 3222746 3222747 3222748 3224795 3224794 3224793 3224792 3222744 3222743 3220695 3220694 3216599 3212503 3216600 3212504 3210456 3210457 3210458 3210459 3216601 3212505 3212506 3212507 3212508 3220700 3216604 3220699 3216603 3218649 3220698 3216602
bot 90 92 ok13k4z3 -1966524316 28828 52
owned 90 28828 28829 28830 28831 30879 26783 24735 24734 24733 24732 24731 24730 24729 24728 26776 28824 28825 28826 30874 30875 32923 32924 32925 32926 34973 34972 34971 34970 32922 32921 30873 30872 26777 22681 26778 22682 20634 20635 20636 20637 26779 22683 22684 22685 22686 30878 26782 30877 26781 28827 30876 26780
bot 91 93 hkwcx197 767457194 1171093 52
owned 91 1171093 1171094 1171095 1171096 1173144 1169048 1167000 1166999 1166998 1166997 1166996 1166995 1166994 1166993 1169041 1171089 1171090 1171091 1173139 1173140 1175188 1175189 1175190 1175191 1177238 1177237 1177236 1177235 1175187 1175186 1173138 1173137 1169042 1164946 1169043 1164947 1162899 1162900 1162901 1162902 1169044 1164948 1164949 1164950 1164951 1173143 1169047 1173142 1169046 1171092 1173141 1169045
bot 92 94 ko4t02h4 1395110162 1907709 52
owned 92 1907709 1907710 1907711 1907712 1909760 1905664 1903616 1903615 1903614 1903613 1903612 1903611 1903610 1903609 1905657 1907705 1907706 1907707 1909755 1909756 1911804 1911805 1911806 1911807 1913854 1913853 1913852 1913851 1911803 1911802 1909754 1909753 1905658 1901562 1905659 1901563 1899515 1899516 1899517 1899518 1905660 1901564 1901565 1901566 1901567 1909759 1905663 1909758 1905662 1907708 1909757 1905661
bot 93 95 a769y4e5 647486920 1433106 52
owned 93 1433106 1433107 1433108 1433109 1435157 1431061 1429013 1429012 1429011 1429010 1429009 1429008 1429007 1429006 1431054 1433102 1433103 1433104 1435152 1435153 1437201 1437202 1437203 1437204 1439251 1439250 1439249 1439248 1437200 1437199 1435151 1435150 1431055 1426959 1431056 1426960 1424912 1424913 1424914 1424915 1431057 1426961 1426962 1426963 1426964 1435156 1431060 1435155 1431059 1433105 1435154 1431058
bot 94 96 po0wxlw1 1380537968 1510909 52
owned 94 1510909 1510910 1510911 1510912 1512960 1508864 1506816 1506815 1506814 1506813 1506812 1506811 1506810 1506809 1508857 1510905 1510906 1510907 1512955 1512956 1515004 1515005 1515006 1515007 1517054 1517053 1517052 1517051 1515003 1515002 1512954 1512953 1508858 1504762 1508859 1504763 1502715 1502716 1502717 1502718 1508860 1504764 1504765 1504766 1504767 1512959 1508863 1512958 1508862 1510908 1512957 1508861
bot 95 97 o8264l3e 401241613 536796 52
owned 95 536796 536797 536798 536799 538847 534751 532703 532702 532701 532700 532699 532698 532697 532696 534744 536792 536793 536794 538842 538843 540891 540892 540893 540894 542941 542940 542939 542938 540890 540889 538841 538840 534745 530649 534746 530650 528602 528603 528604 528605 534747 530651 530652 530653 530654 538846 534750 538845 534749 536795 538844 534748
bot 96 98 9rke6fm3 2033692109 1032669 52
owned 96 1032669 1032670 1032671 1032672 1034720 1030624 1028576 1028575 1028574 1028573 1028572 1028571 1028570 1028569 1030617 1032665 1032666 1032667 1034715 1034716 1036764 1036765 1036766 1036767 1038814 1038813 1038812 1038811 1036763 1036762 1034714 1034713 1030618 1026522 1030619 1026523 1024475 1024476 1024477 1024478 1030620 1026524 1026525 1026526 1026527 1034719 1030623 1034718 1030622 1032668 1034717 1030621
bot 97 99 gyjc9x52 -2039293411 3353263 52
owned 97 3353263 3353264 3353265 3353266 3355314 3351218 3349170 3349169 3349168 3349167 3349166 3349165 3349164 3349163 3351211 3353259 3353260 3353261 3355309 3355310 3357358 3357359 3357360 3357361 3359408 3359407 3359406 3359405 3357357 3357356 3355308 3355307 3351212 3347116 3351213 3347117 3345069 3345070 3345071 3345072 3351214 3347118 3347119 3347120 3347121 3355313 3351217 3355312 3351216 3353262 3355311 3351215
bot 98 100 x793lc6c -2137545535 3282556 52
owned 98 3282556 3282557 3282558 3282559 3284607 3280511 3278463 3278462 3278461 3278460 3278459 3278458 3278457 3278456 3280504 3282552 3282553 3282554 3284602 3284603 3286651 3286652 3286653 3286654 3288701 3288700 3288699 3288698 3286650 3286649 3284601 3284600 3280505 3276409 3280506 3276410 3274362 3274363 3274364 3274365 3280507 3276411 3276412 3276413 3276414 3284606 3280510 3284605 3280509 3282555 3284604 3280508
bot 99 101 93k3li8n 1910969017 738336 52
owned 99 738336 738337 738338 738339 740387 736291 734243 734242 734241 734240 734239 734238 734237 734236 736284 738332 738333 738334 740382 740383 742431 742432 742433 742434 744481 744480 744479 744478 742430 742429 740381 740380 736285 732189 736286 732190 730142 730143 730144 730145 736287 732191 732192 732193 732194 740386 736290 740385 736289 738335 740384 736288
bot 100 102 a1hte6qb 1102783938 2965978 52
owned 100 2965978 2965979 2965980 2965981 2968029 2963933 2961885 2961884 2961883 2961882 2961881 2961880 2961879 2961878 2963926 2965974 2965975 2965976 2968024 2968025 2970073 2970074 2970075 2970076 2972123 2972122 2972121 2972120 2970072 2970071 2968023 2968022 2963927 2959831 2963928 2959832 2957784 2957785 2957786 2957787 2963929 2959833 2959834 2959835 2959836 2968028 2963932 2968027 2963931 2965977 2968026 2963930
bot 101 103 jklgnd18 799847851 4126182 52
owned 101 4126182 4126183 4126184 4126185 4128233 4124137 4122089 4122088 4122087 4122086 4122085 4122084 4122083 4122082 4124130 4126178 4126179 4126180 4128228 4128229 4130277 4130278 4130279 4130280 4132327 4132326 4132325 4132324 4130276 4130275 4128227 4128226 4124131 4120035 4124132 4120036 4117988 4117989 4117990 4117991 4124133 4120037 4120038 4120039 4120040 4128232 4124136 4128231 4124135 4126181 4128230 4124134
bot 102 104 vfadfhgj 1821435404 2124684 52
owned 102 2124684 2124685 2124686 2124687 2126735 2122639 2120591 2120590 2120589 2120588 2120587 2120586 2120585 2120584 2122632 2124680 2124681 2124682 2126730 2126731 2128779 2128780 2128781 2128782 2130829 2130828 2130827 2130826 2128778 2128777 2126729 2126728 2122633 2118537 2122634 2118538 2116490 2116491 2116492 2116493 2122635 2118539 2118540 2118541 2118542 2126734 2122638 2126733 2122637 2124683 2126732 2122636
bot 103 105 cwni1kcb -2002787684 18421 52
owned 103 18421 18422 18423 18424 20472 16376 14328 14327 14326 14325 14324 14323 14322 14321 16369 18417 18418 18419 20467 20468 22516 22517 22518 22519 24566 24565 24564 24563 22515 22514 20466 20465 16370 12274 16371 12275 10227 10228 10229 10230 16372 12276 12277 12278 12279 20471 16375 20470 16374 18420 20469 16373
bot 104 106 8z4z0zds 1540574821 2716056 52
owned 104 2716056 2716057 2716058 2716059 2718107 2714011 2711963 2711962 2711961 2711960 2711959 2711958 2711957 2711956 2714004 2716052 2716053 2716054 2718102 2718103 2720151 2720152 2720153 2720154 2722201 2722200 2722199 2722198 2720150 2720149 2718101 2718100 2714005 2709909 2714006 2709910 2707862 2707863 2707864 2707865 2714007 2709911 2709912 2709913 2709914 2718106 2714010 2718105 2714009 2716055 2718104 2714008
bot 105 107 cdzck1ki 1635199286 1219544 52
owned 105 1219544 1219545 1219546 1219547 1221595 1217499 1215451 1215450 1215449 1215448 1215447 1215446 1215445 1215444 1217492 1219540 1219541 1219542 1221590 1221591 1223639 1223640 1223641 1223642 1225689 1225688 1225687 1225686 1223638 1223637 1221589 1221588 1217493 1213397 1217494 1213398 1211350 1211351 1211352 1211353 1217495 1213399 1213400 1213401 1213402 1221594 1217498 1221593 1217497 1219543 1221592 1217496
bot 106 108 zbaa3l3a 2041986227 417788 52
owned 106 417788 417789 417790 417791 419839 415743 413695 413694 413693 413692 413691 413690 413689 413688 415736 417784 417785 417786 419834 419835 421883 421884 421885 421886 423933 423932 423931 423930 421882 421881 419833 419832 415737 411641 415738 411642 409594 409595 409596 409597 415739 411643 411644 411645 411646 419838 415742 419837 415741 417787 419836 415740
bot 107 109 xm369xbs 2073971836 3245471 52
owned 107 3245471 3245472 3245473 3245474 3247522 3243426 3241378 3241377 3241376 3241375 3241374 3241373 3241372 3241371 3243419 3245467 3245468 3245469 3247517 3247518 3249566 3249567 3249568 3249569 3251616 3251615 3251614 3251613 3249565 3249564 3247516 3247515 3243420 3239324 3243421 3239325 3237277 3237278 3237279 3237280 3243422 3239326 3239327 3239328 3239329 3247521 3243425 3247520 3243424 3245470 3247519 3243423
bot 108 110 e4dqhzo1 2029469172 2035373 52
owned 108 2035373 2035374 2035375 2035376 2037424 2033328 2031280 2031279 2031278 2031277 2031276 2031275 2031274 2031273 2033321 2035369 2035370 2035371 2037419 2037420 2039468 2039469 2039470 2039471 2041518 2041517 2041516 2041515 2039467 2039466 2037418 2037417 2033322 2029226 2033323 2029227 2027179 2027180 2027181 2027182 2033324 2029228 2029229 2029230 2029231 2037423 2033327 2037422 2033326 2035372 2037421 2033325
bot 109 111 fepimk2i 351613969 245303 52
owned 109 245303 245304 245305 245306 247354 243258 241210 241209 241208 241207 241206 241205 241204 241203 243251 245299 245300 245301 247349 247350 249398 249399 249400 249401 251448 251447 251446 251445 249397 249396 247348 247347 243252 239156 243253 239157 237109 237110 237111 237112 243254 239158 239159 239160 239161 247353 243257 247352 243256 245302 247351 243255
bot 110 112 o2es7ebc 531691876 3136454 52
owned 110 3136454 3136455 3136456 3136457 3138505 3134409 3132361 3132360 3132359 3132358 3132357 3132356 3132355 3132354 3134402 3136450 3136451 3136452 3138500 3138501 3140549 3140550 3140551 3140552 3142599 3142598 3142597 3142596 3140548 3140547 3138499 3138498 3134403 3130307 3134404 3130308 3128260 3128261 3128262 3128263 3134405 3130309 3130310 3130311 3130312 3138504 3134408 3138503 3134407 3136453 3138502 3134406
bot 111 113 l4opv4e9 1658586271 1472412 52
owned 111 1472412 1472413 1472414 1472415 1474463 1470367 1468319 1468318 1468317 1468316 1468315 1468314 1468313 1468312 1470360 1472408 1472409 1472410 1474458 1474459 1476507 1476508 1476509 1476510 1478557 1478556 1478555 1478554 1476506 1476505 1474457 1474456 1470361 1466265 1470362 1466266 1464218 1464219 1464220 1464221 1470363 1466267 1466268 1466269 1466270 1474462 1470366 1474461 1470365 1472411 1474460 1470364
bot 112 114 4b3f45hy 1454480369 1045133 52
owned 112 1045133 1045134 1045135 1045136 1047184 1043088 1041040 1041039 1041038 1041037 1041036 1041035 1041034 1041033 1043081 1045129 1045130 1045131 1047179 1047180 1049228 1049229 1049230 1049231 1051278 1051277 1051276 1051275 1049227 1049226 1047178 1047177 1043082 1038986 1043083 1038987 1036939 1036940 1036941 1036942 1043084 1038988 1038989 1038990 1038991 1047183 1043087 1047182 1043086 1045132 1047181 1043085
bot 113 115 r3pvfglh 2069697088 2342542 52
owned 113 2342542 2342543 2342544 2342545 2344593 2340497 2338449 2338448 2338447 2338446 2338445 2338444 2338443 2338442 2340490 2342538 2342539 2342540 2344588 2344589 2346637 2346638 2346639 2346640 2348687 2348686 2348685 2348684 2346636 2346635 2344587 2344586 2340491 2336395 2340492 2336396 2334348 2334349 2334350 2334351 2340493 2336397 2336398 2336399 2336400 2344592 2340496 2344591 2340495 2342541 2344590 2340494
bot 114 116 fnl5ocw8 859755902 3967851 52
owned 114 3967851 3967852 3967853 3967854 3969902 3965806 3963758 3963757 3963756 3963755 3963754 3963753 3963752 3963751 3965799 3967847 3967848 3967849 3969897 3969898 3971946 3971947 3971948 3971949 3973996 3973995 3973994 3973993 3971945 3971944 3969896 3969895 3965800 3961704 3965801 3961705 3959657 3959658 3959659 3959660 3965802 3961706 3961707 3961708 3961709 3969901 3965805 3969900 3965804 3967850 3969899 3965803
bot 115 117 7391zjkf 1287430659 3530539 52
owned 115 3530539 3530540 3530541 3530542 3532590 3528494 3526446 3526445 3526444 3526443 3526442 3526441 3526440 3526439 3528487 3530535 3530536 3530537 3532585 3532586 3534634 3534635 3534636 3534637 3536684 3536683 3536682 3536681 3534633 3534632 3532584 3532583 3528488 3524392 3528489 3524393 3522345 3522346 3522347 3522348 3528490 3524394 3524395 3524396 3524397 3532589 3528493 3532588 3528492 3530538 3532587 3528491
bot 116 118 ow5basj8 251269497 793714 52
owned 116 793714 793715 793716 793717 795765 791669 789621 789620 789619 789618 789617 789616 789615 789614 791662 793710 793711 793712 795760 795761 797809 797810 797811 797812 799859 799858 799857 799856 797808 797807 795759 795758 791663 787567 791664 787568 785520 785521 785522 785523 791665 787569 787570 787571 787572 795764 791668 795763 791667 793713 795762 791666
bot 117 119 olinuy4r 579061672 2911151 52
owned 117 2911151 2911152 2911153 2911154 2913202 2909106 2907058 2907057 2907056 2907055 2907054 2907053 2907052 2907051 2909099 2911147 2911148 2911149 2913197 2913198 2915246 2915247 2915248 2915249 2917296 2917295 2917294 2917293 2915245 2915244 2913196 2913195 2909100 2905004 2909101 2905005 2902957 2902958 2902959 2902960 2909102 2905006 2905007 2905008 2905009 2913201 2909105 2913200 2909104 2911150 2913199 2909103
bot 118 120 2e2jcypv -1993908003 1453192 52
owned 118 1453192 1453193 1453194 1453195 1455243 1451147 1449099 1449098 1449097 1449096 1449095 1449094 1449093 1449092 1451140 1453188 1453189 1453190 1455238 1455239 1457287 1457288 1457289 1457290 1459337 1459336 1459335 1459334 1457286 1457285 1455237 1455236 1451141 1447045 1451142 1447046 1444998 1444999 1445000 1445001 1451143 1447047 1447048 1447049 1447050 1455242 1451146 1455241 1451145 1453191 1455240 1451144
bot 119 121 nx0it9ss 1186690332 1945142 52
owned 119 1945142 1945143 1945144 1945145 1947193 1943097 1941049 1941048 1941047 1941046 1941045 1941044 1941043 1941042 1943090 1945138 1945139 1945140 1947188 1947189 1949237 1949238 1949239 1949240 1951287 1951286 1951285 1951284 1949236 1949235 1947187 1947186 1943091 1938995 1943092 1938996 1936948 1936949 1936950 1936951 1943093 1938997 1938998 1938999 1939000 1947192 1943096 1947191 1943095 1945141 1947190 1943094
bot 120 122 tt57j91k 1968342095 1031306 52
owned 120 1031306 1031307 1031308 1031309 1033357 1029261 1027213 1027212 1027211 1027210 1027209 1027208 1027207 1027206 1029254 1031302 1031303 1031304 1033352 1033353 1035401 1035402 1035403 1035404 1037451 1037450 1037449 1037448 1035400 1035399 1033351 1033350 1029255 1025159 1029256 1025160 1023112 1023113 1023114 1023115 1029257 1025161 1025162 1025163 1025164 1033356 1029260 1033355 1029259 1031305 1033354 1029258
bot 121 123 87aoci2n 1254425141 293437 52
owned 121 293437 293438 293439 293440 295488 291392 289344 289343 289342 289341 289340 289339 289338 289337 291385 293433 293434 293435 295483 295484 297532 297533 297534 297535 299582 299581 299580 299579 297531 297530 295482 295481 291386 287290 291387 287291 285243 285244 285245 285246 291388 287292 287293 287294 287295 295487 291391 295486 291390 293436 295485 291389
bot 122 124 wk147shp 1355991785 2842875 52
owned 122 2842875 2842876 2842877 2842878 2844926 2840830 2838782 2838781 2838780 2838779 2838778 2838777 2838776 2838775 2840823 2842871 2842872 2842873 2844921 2844922 2846970 2846971 2846972 2846973 2849020 2849019 2849018 2849017 2846969 2846968 2844920 2844919 2840824 2836728 2840825 2836729 2834681 2834682 2834683 2834684 2840826 2836730 2836731 2836732 2836733 2844925 2840829 2844924 2840828 2842874 2844923 2840827
bot 123 125 q8jb2dnz 879696417 931001 52
owned 123 931001 931002 931003 931004 933052 928956 926908 926907 926906 926905 926904 926903 926902 926901 928949 930997 930998 930999 933047 933048 935096 935097 935098 935099 937146 937145 937144 937143 935095 935094 933046 933045 928950 924854 928951 924855 922807 922808 922809 922810 928952 924856 924857 924858 924859 933051 928955 933050 928954 931000 933049 928953
bot 124 126 4yzxt2gp 465535386 504466 52
owned 124 504466 504467 504468 504469 506517 502421 500373 500372 500371 500370 500369 500368 500367 500366 502414 504462 504463 504464 506512 506513 508561 508562 508563 508564 510611 510610 510609 510608 508560 508559 506511 506510 502415 498319 502416 498320 496272 496273 496274 496275 502417 498321 498322 498323 498324 506516 502420 506515 502419 504465 506514 502418
bot 125 127 755xej7w 1728585790 4112520 52
owned 125 4112520 4112521 4112522 4112523 4114571 4110475 4108427 4108426 4108425 4108424 4108423 4108422 4108421 4108420 4110468 4112516 4112517 4112518 4114566 4114567 4116615 4116616 4116617 4116618 4118665 4118664 4118663 4118662 4116614 4116613 4114565 4114564 4110469 4106373 4110470 4106374 4104326 4104327 4104328 4104329 4110471 4106375 4106376 4106377 4106378 4114570 4110474 4114569 4110473 4112519 4114568 4110472
bot 126 128 hjhprwfn 984070701 185834 52
owned 126 185834 185835 185836 185837 187885 183789 181741 181740 181739 181738 181737 181736 181735 181734 183782 185830 185831 185832 187880 187881 189929 189930 189931 189932 191979 191978 191977 191976 189928 189927 187879 187878 183783 179687 183784 179688 177640 177641 177642 177643 183785 179689 179690 179691 179692 187884 183788 187883 183787 185833 187882 183786
bot 127 129 n66i0csf 983881029 3000838 52
owned 127 3000838 3000839 3000840 3000841 3002889 2998793 2996745 2996744 2996743 2996742 2996741 2996740 2996739 2996738 2998786 3000834 3000835 3000836 3002884 3002885 3004933 3004934 3004935 3004936 3006983 3006982 3006981 3006980 3004932 3004931 3002883 3002882 2998787 2994691 2998788 2994692 2992644 2992645 2992646 2992647 2998789 2994693 2994694 2994695 2994696 3002888 2998792 3002887 2998791 3000837 3002886 2998790
bot 128 130 am3stnxi 1295629627 3500818 52
owned 128 3500818 3500819 3500820 3500821 3502869 3498773 3496725 3496724 3496723 3496722 3496721 3496720 3496719 3496718 3498766 3500814 3500815 3500816 3502864 3502865 3504913 3504914 3504915 3504916 3506963 3506962 3506961 3506960 3504912 3504911 3502863 3502862 3498767 3494671 3498768 3494672 3492624 3492625 3492626 3492627 3498769 3494673 3494674 3494675 3494676 3502868 3498772 3502867 3498771 3500817 3502866 3498770
bot 129 131 pmeqlcvs 1644107559 3478482 52
owned 129 3478482 3478483 3478484 3478485 3480533 3476437 3474389 3474388 3474387 3474386 3474385 3474384 3474383 3474382 3476430 3478478 3478479 3478480 3480528 3480529 3482577 3482578 3482579 3482580 3484627 3484626 3484625 3484624 3482576 3482575 3480527 3480526 3476431 3472335 3476432 3472336 3470288 3470289 3470290 3470291 3476433 3472337 3472338 3472339 3472340 3480532 3476436 3480531 3476435 3478481 3480530 3476434
bot 130 132 xl8vnvj2 1983802758 3587102 52
owned 130 3587102 3587103 3587104 3587105 3589153 3585057 3583009 3583008 3583007 3583006 3583005 3583004 3583003 3583002 3585050 3587098 3587099 3587100 3589148 3589149 3591197 3591198 3591199 3591200 3593247 3593246 3593245 3593244 3591196 3591195 3589147 3589146 3585051 3580955 3585052 3580956 3578908 3578909 3578910 3578911 3585053 3580957 3580958 3580959 3580960 3589152 3585056 3589151 3585055 3587101 3589150 3585054
bot 131 133 0f3l9cg5 575005501 273015 52
owned 131 273015 273016 273017 273018 275066 270970 268922 268921 268920 268919 268918 268917 268916 268915 270963 273011 273012 273013 275061 275062 277110 277111 277112 277113 279160 279159 279158 279157 277109 277108 275060 275059 270964 266868 270965 266869 264821 264822 264823 264824 270966 266870 266871 266872 266873 275065 270969 275064 270968 273014 275063 270967
bot 132 134 siocmotr 754194894 4052985 52
owned 132 4052985 4052986 4052987 4052988 4055036 4050940 4048892 4048891 4048890 4048889 4048888 4048887 4048886 4048885 4050933 4052981 4052982 4052983 4055031 4055032 4057080 4057081 4057082 4057083 4059130 4059129 4059128 4059127 4057079 4057078 4055030 4055029 4050934 4046838 4050935 4046839 4044791 4044792 4044793 4044794 4050936 4046840 4046841 4046842 4046843 4055035 4050939 4055034 4050938 4052984 4055033 4050937
bot 133 135 uf75fjkr 515106218 1853347 52
owned 133 1853347 1853348 1853349 1853350 1855398 1851302 1849254 1849253 1849252 1849251 1849250 1849249 1849248 1849247 1851295 1853343 1853344 1853345 1855393 1855394 1857442 1857443 1857444 1857445 1859492 1859491 1859490 1859489 1857441 1857440 1855392 1855391 1851296 1847200 1851297 1847201 1845153 1845154 1845155 1845156 1851298 1847202 1847203 1847204 1847205 1855397 1851301 1855396 1851300 1853346 1855395 1851299
bot 134 136 3nuksgyo 1205368543 1267985 52
owned 134 1267985 1267986 1267987 1267988 1270036 1265940 1263892 1263891 1263890 1263889 1263888 1263887 1263886 1263885 1265933 1267981 1267982 1267983 1270031 1270032 1272080 1272081 1272082 1272083 1274130 1274129 1274128 1274127 1272079 1272078 1270030 1270029 1265934 1261838 1265935 1261839 1259791 1259792 1259793 1259794 1265936 1261840 1261841 1261842 1261843 1270035 1265939 1270034 1265938 1267984 1270033 1265937
bot 135 137 isfwwr01 552169627 3887137 52
owned 135 3887137 3887138 3887139 3887140 3889188 3885092 3883044 3883043 3883042 3883041 3883040 3883039 3883038 3883037 3885085 3887133 3887134 3887135 3889183 3889184 3891232 3891233 3891234 3891235 3893282 3893281 3893280 3893279 3891231 3891230 3889182 3889181 3885086 3880990 3885087 3880991 3878943 3878944 3878945 3878946 3885088 3880992 3880993 3880994 3880995 3889187 3885091 3889186 3885090 3887136 3889185 3885089
bot 136 138 auuv9uim 1696267609 2217464 52
owned 136 2217464 2217465 2217466 2217467 2219515 2215419 2213371 2213370 2213369 2213368 2213367 2213366 2213365 2213364 2215412 2217460 2217461 2217462 2219510 2219511 2221559 2221560 2221561 2221562 2223609 2223608 2223607 2223606 2221558 2221557 2219509 2219508 2215413 2211317 2215414 2211318 2209270 2209271 2209272 2209273 2215415 2211319 2211320 2211321 2211322 2219514 2215418 2219513 2215417 2217463 2219512 2215416
bot 137 139 mdro7fya 1606413849 1854901 52
owned 137 1854901 1854902 1854903 1854904 1856952 1852856 1850808 1850807 1850806 1850805 1850804 1850803 1850802 1850801 1852849 1854897 1854898 1854899 1856947 1856948 1858996 1858997 1858998 1858999 1861046 1861045 1861044 1861043 1858995 1858994 1856946 1856945 1852850 1848754 1852851 1848755 1846707 1846708 1846709 1846710 1852852 1848756 1848757 1848758 1848759 1856951 1852855 1856950 1852854 1854900 1856949 1852853
bot 138 140 8qfmz7a7 1176881937 3705159 52
owned 138 3705159 3705160 3705161 3705162 3707210 3703114 3701066 3701065 3701064 3701063 3701062 3701061 3701060 3701059 3703107 3705155 3705156 3705157 3707205 3707206 3709254 3709255 3709256 3709257 3711304 3711303 3711302 3711301 3709253 3709252 3707204 3707203 3703108 3699012 3703109 3699013 3696965 3696966 3696967 3696968 3703110 3699014 3699015 3699016 3699017 3707209 3703113 3707208 3703112 3705158 3707207 3703111
bot 139 141 m8j6zoax -2013427167 946339 52
owned 139 946339 946340 946341 946342 948390 944294 942246 942245 942244 942243 942242 942241 942240 942239 944287 946335 946336 946337 948385 948386 950434 950435 950436 950437 952484 952483 952482 952481 950433 950432 948384 948383 944288 940192 944289 940193 938145 938146 938147 938148 944290 940194 940195 940196 940197 948389 944293 948388 944292 946338 948387 944291
bot 140 142 7236xcde 232703150 1642437 52
owned 140 1642437 1642438 1642439 1642440 1644488 1640392 1638344 1638343 1638342 1638341 1638340 1638339 1638338 1638337 1640385 1642433 1642434 1642435 1644483 1644484 1646532 1646533 1646534 1646535 1648582 1648581 1648580 1648579 1646531 1646530 1644482 1644481 1640386 1636290 1640387 1636291 1634243 1634244 1634245 1634246 1640388 1636292 1636293 1636294 1636295 1644487 1640391 1644486 1640390 1642436 1644485 1640389
bot 141 143 n4vtdnwp 1052857899 3341944 52
owned 141 3341944 3341945 3341946 3341947 3343995 3339899 3337851 3337850 3337849 3337848 3337847 3337846 3337845 3337844 3339892 3341940 3341941 3341942 3343990 3343991 3346039 3346040 3346041 3346042 3348089 3348088 3348087 3348086 3346038 3346037 3343989 3343988 3339893 3335797 3339894 3335798 3333750 3333751 3333752 3333753 3339895 3335799 3335800 3335801 3335802 3343994 3339898 3343993 3339897 3341943 3343992 3339896
bot 142 144 yggevgbl 619188651 3422792 52
owned 142 3422792 3422793 3422794 3422795 3424843 3420747 3418699 3418698 3418697 3418696 3418695 3418694 3418693 3418692 3420740 3422788 3422789 3422790 3424838 3424839 3426887 3426888 3426889 3426890 3428937 3428936 3428935 3428934 3426886 3426885 3424837 3424836 3420741 3416645 3420742 3416646 3414598 3414599 3414600 3414601 3420743 3416647 3416648 3416649 3416650 3424842 3420746 3424841 3420745 3422791 3424840 3420744
bot 143 145 beijdl2w 1770559541 3624692 52
owned 143 3624692 3624693 3624694 3624695 3626743 3622647 3620599 3620598 3620597 3620596 3620595 3620594 3620593 3620592 3622640 3624688 3624689 3624690 3626738 3626739 3628787 3628788 3628789 3628790 3630837 3630836 3630835 3630834 3628786 3628785 3626737 3626736 3622641 3618545 3622642 3618546 3616498 3616499 3616500 3616501 3622643 3618547 3618548 3618549 3618550 3626742 3622646 3626741 3622645 3624691 3626740 3622644
bot 144 146 d2oo7mhj 1623230014 2353827 52
owned 144 2353827 2353828 2353829 2353830 2355878 2351782 2349734 2349733 2349732 2349731 2349730 2349729 2349728 2349727 2351775 2353823 2353824 2353825 2355873 2355874 2357922 2357923 2357924 2357925 2359972 2359971 2359970 2359969 2357921 2357920 2355872 2355871 2351776 2347680 2351777 2347681 2345633 2345634 2345635 2345636 2351778 2347682 2347683 2347684 2347685 2355877 2351781 2355876 2351780 2353826 2355875 2351779
bot 145 147 wrheiirw 2112064519 3985210 52
owned 145 3985210 3985211 3985212 3985213 3987261 3983165 3981117 3981116 3981115 3981114 3981113 3981112 3981111 3981110 3983158 3985206 3985207 3985208 3987256 3987257 3989305 3989306 3989307 3989308 3991355 3991354 3991353 3991352 3989304 3989303 3987255 3987254 3983159 3979063 3983160 3979064 3977016 3977017 3977018 3977019 3983161 3979065 3979066 3979067 3979068 3987260 3983164 3987259 3983163 3985209 3987258 3983162
bot 146 148 d03y3hz5 811907394 3207677 52
owned 146 3207677 3207678 3207679 3207680 3209728 3205632 3203584 3203583 3203582 3203581 3203580 3203579 3203578 3203577 3205625 3207673 3207674 3207675 3209723 3209724 3211772 3211773 3211774 3211775 3213822 3213821 3213820 3213819 3211771 3211770 3209722 3209721 3205626 3201530 3205627 3201531 3199483 3199484 3199485 3199486 3205628 3201532 3201533 3201534 3201535 3209727 3205631 3209726 3205630 3207676 3209725 3205629
bot 147 149 5xaek3av 343771744 4006029 52
owned 147 4006029 4006030 4006031 4006032 4008080 4003984 4001936 4001935 4001934 4001933 4001932 4001931 4001930 4001929 4003977 4006025 4006026 4006027 4008075 4008076 4010124 4010125 4010126 4010127 4012174 4012173 4012172 4012171 4010123 4010122 4008074 4008073 4003978 3999882 4003979 3999883 3997835 3997836 3997837 3997838 4003980 3999884 3999885 3999886 3999887 4008079 4003983 4008078 4003982 4006028 4008077 4003981
bot 148 150 gz34o9hq 1756820811 602362 52
owned 148 602362 602363 602364 602365 604413 600317 598269 598268 598267 598266 598265 598264 598263 598262 600310 602358 602359 602360 604408 604409 606457 606458 606459 606460 608507 608506 608505 608504 606456 606455 604407 604406 600311 596215 600312 596216 594168 594169 594170 594171 600313 596217 596218 596219 596220 604412 600316 604411 600315 602361 604410 600314
bot 149 151 37xw489f 714130640 2549566 52
owned 149 2549566 2549567 2549568 2549569 2551617 2547521 2545473 2545472 2545471 2545470 2545469 2545468 2545467 2545466 2547514 2549562 2549563 2549564 2551612 2551613 2553661 2553662 2553663 2553664 2555711 2555710 2555709 2555708 2553660 2553659 2551611 2551610 2547515 2543419 2547516 2543420 2541372 2541373 2541374 2541375 2547517 2543421 2543422 2543423 2543424 2551616 2547520 2551615 2547519 2549565 2551614 2547518
bot 150 152 k3srrvn9 1301902254 148092 52
owned 150 148092 148093 148094 148095 150143 146047 143999 143998 143997 143996 143995 143994 143993 143992 146040 148088 148089 148090 150138 150139 152187 152188 152189 152190 154237 154236 154235 154234 152186 152185 150137 150136 146041 141945 146042 141946 139898 139899 139900 139901 146043 141947 141948 141949 141950 150142 146046 150141 146045 148091 150140 146044
bot 151 153 5isbkj04 258819646 2513260 52
owned 151 2513260 2513261 2513262 2513263 2515311 2511215 2509167 2509166 2509165 2509164 2509163 2509162 2509161 2509160 2511208 2513256 2513257 2513258 2515306 2515307 2517355 2517356 2517357 2517358 2519405 2519404 2519403 2519402 2517354 2517353 2515305 2515304 2511209 2507113 2511210 2507114 2505066 2505067 2505068 2505069 2511211 2507115 2507116 2507117 2507118 2515310 2511214 2515309 2511213 2513259 2515308 2511212
bot 152 154 r73y2vzl 264824291 1796351 52
owned 152 1796351 1796352 1796353 1796354 1798402 1794306 1792258 1792257 1792256 1792255 1792254 1792253 1792252 1792251 1794299 1796347 1796348 1796349 1798397 1798398 1800446 1800447 1800448 1800449 1802496 1802495 1802494 1802493 1800445 1800444 1798396 1798395 1794300 1790204 1794301 1790205 1788157 1788158 1788159 1788160 1794302 1790206 1790207 1790208 1790209 1798401 1794305 1798400 1794304 1796350 1798399 1794303
bot 153 155 36x3kyhk 1662731317 194966 52
owned 153 194966 194967 194968 194969 197017 192921 190873 190872 190871 190870 190869 190868 190867 190866 192914 194962 194963 194964 197012 197013 199061 199062 199063 199064 201111 201110 201109 201108 199060 199059 197011 197010 192915 188819 192916 188820 186772 186773 186774 186775 192917 188821 188822 188823 188824 197016 192920 197015 192919 194965 197014 192918
bot 154 156 01ob2tlo 1786744221 193197 52
owned 154 193197 193198 193199 193200 195248 191152 189104 189103 189102 189101 189100 189099 189098 189097 191145 193193 193194 193195 195243 195244 197292 197293 197294 197295 199342 199341 199340 199339 197291 197290 195242 195241 191146 187050 191147 187051 185003 185004 185005 185006 191148 187052 187053 187054 187055 195247 191151 195246 191150 193196 195245 191149
bot 155 157 cb13fbp5 1249598146 2923720 52
owned 155 2923720 2923721 2923722 2923723 2925771 2921675 2919627 2919626 2919625 2919624 2919623 2919622 2919621 2919620 2921668 2923716 2923717 2923718 2925766 2925767 2927815 2927816 2927817 2927818 2929865 2929864 2929863 2929862 2927814 2927813 2925765 2925764 2921669 2917573 2921670 2917574 2915526 2915527 2915528 2915529 2921671 2917575 2917576 2917577 2917578 2925770 2921674 2925769 2921673 2923719 2925768 2921672
bot 156 158 vmmrq63s 899362917 2476695 52
owned 156 2476695 2476696 2476697 2476698 2478746 2474650 2472602 2472601 2472600 2472599 2472598 2472597 2472596 2472595 2474643 2476691 2476692 2476693 2478741 2478742 2480790 2480791 2480792 2480793 2482840 2482839 2482838 2482837 2480789 2480788 2478740 2478739 2474644 2470548 2474645 2470549 2468501 2468502 2468503 2468504 2474646 2470550 2470551 2470552 2470553 2478745 2474649 2478744 2474648 2476694 2478743 2474647
bot 157 159 nkjckjq8 -2033092416 3873166 52
owned 157 3873166 3873167 3873168 3873169 3875217 3871121 3869073 3869072 3869071 3869070 3869069 3869068 3869067 3869066 3871114 3873162 3873163 3873164 3875212 3875213 3877261 3877262 3877263 3877264 3879311 3879310 3879309 3879308 3877260 3877259 3875211 3875210 3871115 3867019 3871116 3867020 3864972 3864973 3864974 3864975 3871117 3867021 3867022 3867023 3867024 3875216 3871120 3875215 3871119 3873165 3875214 3871118
bot 158 160 wcggivof -2120004876 2866238 52
owned 158 2866238 2866239 2866240 2866241 2868289 2864193 2862145 2862144 2862143 2862142 2862141 2862140 2862139 2862138 2864186 2866234 2866235 2866236 2868284 2868285 2870333 2870334 2870335 2870336 2872383 2872382 2872381 2872380 2870332 2870331 2868283 2868282 2864187 2860091 2864188 2860092 2858044 2858045 2858046 2858047 2864189 2860093 2860094 2860095 2860096 2868288 2864192 2868287 2864191 2866237 2868286 2864190
bot 159 161 1w1ciciy 988641666 3794807 52
owned 159 3794807 3794808 3794809 3794810 3796858 3792762 3790714 3790713 3790712 3790711 3790710 3790709 3790708 3790707 3792755 3794803 3794804 3794805 3796853 3796854 3798902 3798903 3798904 3798905 3800952 3800951 3800950 3800949 3798901 3798900 3796852 3796851 3792756 3788660 3792757 3788661 3786613 3786614 3786615 3786616 3792758 3788662 3788663 3788664 3788665 3796857 3792761 3796856 3792760 3794806 3796855 3792759
bot 160 162 2a0v7iem 1603609301 1407584 52
owned 160 1407584 1407585 1407586 1407587 1409635 1405539 1403491 1403490 1403489 1403488 1403487 1403486 1403485 1403484 1405532 1407580 1407581 1407582 1409630 1409631 1411679 1411680 1411681 1411682 1413729 1413728 1413727 1413726 1411678 1411677 1409629 1409628 1405533 1401437 1405534 1401438 1399390 1399391 1399392 1399393 1405535 1401439 1401440 1401441 1401442 1409634 1405538 1409633 1405537 1407583 1409632 1405536
bot 161 163 jcz64pkr 1490381084 993923 52
owned 161 993923 993924 993925 993926 995974 991878 989830 989829 989828 989827 989826 989825 989824 989823 991871 993919 993920 993921 995969 995970 998018 998019 998020 998021 1000068 1000067 1000066 1000065 998017 998016 995968 995967 991872 987776 991873 987777 985729 985730 985731 985732 991874 987778 987779 987780 987781 995973 991877 995972 991876 993922 995971 991875
bot 162 164 v0ljq6tk -2113715216 3828411 52
owned 162 3828411 3828412 3828413 3828414 3830462 3826366 3824318 3824317 3824316 3824315 3824314 3824313 3824312 3824311 3826359 3828407 3828408 3828409 3830457 3830458 3832506 3832507 3832508 3832509 3834556 3834555 3834554 3834553 3832505 3832504 3830456 3830455 3826360 3822264 3826361 3822265 3820217 3820218 3820219 3820220 3826362 3822266 3822267 3822268 3822269 3830461 3826365 3830460 3826364 3828410 3830459 3826363
bot 163 165 adg8798c 1411060963 2699632 52
owned 163 2699632 2699633 2699634 2699635 2701683 2697587 2695539 2695538 2695537 2695536 2695535 2695534 2695533 2695532 2697580 2699628 2699629 2699630 2701678 2701679 2703727 2703728 2703729 2703730 2705777 2705776 2705775 2705774 2703726 2703725 2701677 2701676 2697581 2693485 2697582 2693486 2691438 2691439 2691440 2691441 2697583 2693487 2693488 2693489 2693490 2701682 2697586 2701681 2697585 2699631 2701680 2697584
bot 164 166 5ghp3e6u -1957476071 1806275 52
owned 164 1806275 1806276 1806277 1806278 1808326 1804230 1802182 1802181 1802180 1802179 1802178 1802177 1802176 1802175 1804223 1806271 1806272 1806273 1808321 1808322 1810370 1810371 1810372 1810373 1812420 1812419 1812418 1812417 1810369 1810368 1808320 1808319 1804224 1800128 1804225 1800129 1798081 1798082 1798083 1798084 1804226 1800130 1800131 1800132 1800133 1808325 1804229 1808324 1804228 1806274 1808323 1804227
bot 165 167 h5bdt6q4 959985296 1794544 52
owned 165 1794544 1794545 1794546 1794547 1796595 1792499 1790451 1790450 1790449 1790448 1790447 1790446 1790445 1790444 1792492 1794540 1794541 1794542 1796590 1796591 1798639 1798640 1798641 1798642 1800689 1800688 1800687 1800686 1798638 1798637 1796589 1796588 1792493 1788397 1792494 1788398 1786350 1786351 1786352 1786353 1792495 1788399 1788400 1788401 1788402 1796594 1792498 1796593 1792497 1794543 1796592 1792496
bot 166 168 5oce5zsz 760830796 878077 52
owned 166 878077 878078 878079 878080 880128 876032 873984 873983 873982 873981 873980 873979 873978 873977 876025 878073 878074 878075 880123 880124 882172 882173 882174 882175 884222 884221 884220 884219 882171 882170 880122 880121 876026 871930 876027 871931 869883 869884 869885 869886 876028 871932 871933 871934 871935 880127 876031 880126 876030 878076 880125 876029
bot 167 169 xka3bnm9 -2087114015 2864904 52
owned 167 2864904 2864905 2864906 2864907 2866955 2862859 2860811 2860810 2860809 2860808 2860807 2860806 2860805 2860804 2862852 2864900 2864901 2864902 2866950 2866951 2868999 2869000 2869001 2869002 2871049 2871048 2871047 2871046 2868998 2868997 2866949 2866948 2862853 2858757 2862854 2858758 2856710 2856711 2856712 2856713 2862855 2858759 2858760 2858761 2858762 2866954 2862858 2866953 2862857 2864903 2866952 2862856
bot 168 170 3w1tydq6 1781810637 1562667 52
owned 168 1562667 1562668 1562669 1562670 1564718 1560622 1558574 1558573 1558572 1558571 1558570 1558569 1558568 1558567 1560615 1562663 1562664 1562665 1564713 1564714 1566762 1566763 1566764 1566765 1568812 1568811 1568810 1568809 1566761 1566760 1564712 1564711 1560616 1556520 1560617 1556521 1554473 1554474 1554475 1554476 1560618 1556522 1556523 1556524 1556525 1564717 1560621 1564716 1560620 1562666 1564715 1560619
bot 169 171 upd1qyae 1501438200 216133 52
owned 169 216133 216134 216135 216136 218184 214088 212040 212039 212038 212037 212036 212035 212034 212033 214081 216129 216130 216131 218179 218180 220228 220229 220230 220231 222278 222277 222276 222275 220227 220226 218178 218177 214082 209986 214083 209987 207939 207940 207941 207942 214084 209988 209989 209990 209991 218183 214087 218182 214086 216132 218181 214085
bot 170 172 v4u31rox 2020264938 24412 52
owned 170 24412 24413 24414 24415 26463 22367 20319 20318 20317 20316 20315 20314 20313 20312 22360 24408 24409 24410 26458 26459 28507 28508 28509 28510 30557 30556 30555 30554 28506 28505 26457 26456 22361 18265 22362 18266 16218 16219 16220 16221 22363 18267 18268 18269 18270 26462 22366 26461 22365 24411 26460 22364
bot 171 173 q9vm95if 2121071836 2589692 52
owned 171 2589692 2589693 2589694 2589695 2591743 2587647 2585599 2585598 2585597 2585596 2585595 2585594 2585593 2585592 2587640 2589688 2589689 2589690 2591738 2591739 2593787 2593788 2593789 2593790 2595837 2595836 2595835 2595834 2593786 2593785 2591737 2591736 2587641 2583545 2587642 2583546 2581498 2581499 2581500 2581501 2587643 2583547 2583548 2583549 2583550 2591742 2587646 2591741 2587645 2589691 2591740 2587644
bot 172 174 0yu8n2tu 1397211125 2911509 52
owned 172 2911509 2911510 2911511 2911512 2913560 2909464 2907416 2907415 2907414 2907413 2907412 2907411 2907410 2907409 2909457 2911505 2911506 2911507 2913555 2913556 2915604 2915605 2915606 2915607 2917654 2917653 2917652 2917651 2915603 2915602 2913554 2913553 2909458 2905362 2909459 2905363 2903315 2903316 2903317 2903318 2909460 2905364 2905365 2905366 2905367 2913559 2909463 2913558 2909462 2911508 2913557 2909461
bot 173 175 sc2ctn85 -2022032452 55232 52
owned 173 55232 55233 55234 55235 57283 53187 51139 51138 51137 51136 51135 51134 51133 51132 53180 55228 55229 55230 57278 57279 59327 59328 59329 59330 61377 61376 61375 61374 59326 59325 57277 57276 53181 49085 53182 49086 47038 47039 47040 47041 53183 49087 49088 49089 49090 57282 53186 57281 53185 55231 57280 53184
bot 174 176 z0gmspsi 801244755 2162735 52
owned 174 2162735 2162736 2162737 2162738 2164786 2160690 2158642 2158641 2158640 2158639 2158638 2158637 2158636 2158635 2160683 2162731 2162732 2162733 2164781 2164782 2166830 2166831 2166832 2166833 2168880 2168879 2168878 2168877 2166829 2166828 2164780 2164779 2160684 2156588 2160685 2156589 2154541 2154542 2154543 2154544 2160686 2156590 2156591 2156592 2156593 2164785 2160689 2164784 2160688 2162734 2164783 2160687
bot 175 177 z7avk2un -2108559470 3655242 52
owned 175 3655242 3655243 3655244 3655245 3657293 3653197 3651149 3651148 3651147 3651146 3651145 3651144 3651143 3651142 3653190 3655238 3655239 3655240 3657288 3657289 3659337 3659338 3659339 3659340 3661387 3661386 3661385 3661384 3659336 3659335 3657287 3657286 3653191 3649095 3653192 3649096 3647048 3647049 3647050 3647051 3653193 3649097 3649098 3649099 3649100 3657292 3653196 3657291 3653195 3655241 3657290 3653194
bot 176 178 8efmeybn 1503896376 2425650 52
owned 176 2425650 2425651 2425652 2425653 2427701 2423605 2421557 2421556 2421555 2421554 2421553 2421552 2421551 2421550 2423598 2425646 2425647 2425648 2427696 2427697 2429745 2429746 2429747 2429748 2431795 2431794 2431793 2431792 2429744 2429743 2427695 2427694 2423599 2419503 2423600 2419504 2417456 2417457 2417458 2417459 2423601 2419505 2419506 2419507 2419508 2427700 2423604 2427699 2423603 2425649 2427698 2423602
bot 177 179 bifxmou2 952921820 2333753 52
owned 177 2333753 2333754 2333755 2333756 2335804 2331708 2329660 2329659 2329658 2329657 2329656 2329655 2329654 2329653 2331701 2333749 2333750 2333751 2335799 2335800 2337848 2337849 2337850 2337851 2339898 2339897 2339896 2339895 2337847 2337846 2335798 2335797 2331702 2327606 2331703 2327607 2325559 2325560 2325561 2325562 2331704 2327608 2327609 2327610 2327611 2335803 2331707 2335802 2331706 2333752 2335801 2331705
bot 178 180 plh6en5t -2053928810 2693243 52
owned 178 2693243 2693244 2693245 2693246 2695294 2691198 2689150 2689149 2689148 2689147 2689146 2689145 2689144 2689143 2691191 2693239 2693240 2693241 2695289 2695290 2697338 2697339 2697340 2697341 2699388 2699387 2699386 2699385 2697337 2697336 2695288 2695287 2691192 2687096 2691193 2687097 2685049 2685050 2685051 2685052 2691194 2687098 2687099 2687100 2687101 2695293 2691197 2695292 2691196 2693242 2695291 2691195
bot 179 181 ay3m2wg5 1393210047 2200661 52
owned 179 2200661 2200662 2200663 2200664 2202712 2198616 2196568 2196567 2196566 2196565 2196564 2196563 2196562 2196561 2198609 2200657 2200658 2200659 2202707 2202708 2204756 2204757 2204758 2204759 2206806 2206805 2206804 2206803 2204755 2204754 2202706 2202705 2198610 2194514 2198611 2194515 2192467 2192468 2192469 2192470 2198612 2194516 2194517 2194518 2194519 2202711 2198615 2202710 2198614 2200660 2202709 2198613
bot 180 182 1zmogxmk 892305898 946280 52
owned 180 946280 946281 946282 946283 948331 944235 942187 942186 942185 942184 942183 942182 942181 942180 944228 946276 946277 946278 948326 948327 950375 950376 950377 950378 952425 952424 952423 952422 950374 950373 948325 948324 944229 940133 944230 940134 938086 938087 938088 938089 944231 940135 940136 940137 940138 948330 944234 948329 944233 946279 948328 944232
bot 181 183 55yraoi7 1468371801 3043885 52
owned 181 3043885 3043886 3043887 3043888 3045936 3041840 3039792 3039791 3039790 3039789 3039788 3039787 3039786 3039785 3041833 3043881 3043882 3043883 3045931 3045932 3047980 3047981 3047982 3047983 3050030 3050029 3050028 3050027 3047979 3047978 3045930 3045929 3041834 3037738 3041835 3037739 3035691 3035692 3035693 3035694 3041836 3037740 3037741 3037742 3037743 3045935 3041839 3045934 3041838 3043884 3045933 3041837
bot 182 184 1sc05h43 1585605541 3493049 52
owned 182 3493049 3493050 3493051 3493052 3495100 3491004 3488956 3488955 3488954 3488953 3488952 3488951 3488950 3488949 3490997 3493045 3493046 3493047 3495095 3495096 3497144 3497145 3497146 3497147 3499194 3499193 3499192 3499191 3497143 3497142 3495094 3495093 3490998 3486902 3490999 3486903 3484855 3484856 3484857 3484858 3491000 3486904 3486905 3486906 3486907 3495099 3491003 3495098 3491002 3493048 3495097 3491001
bot 183 185 37ibwik8 1160917256 3272722 52
owned 183 3272722 3272723 3272724 3272725 3274773 3270677 3268629 3268628 3268627 3268626 3268625 3268624 3268623 3268622 3270670 3272718 3272719 3272720 3274768 3274769 3276817 3276818 3276819 3276820 3278867 3278866 3278865 3278864 3276816 3276815 3274767 3274766 3270671 3266575 3270672 3266576 3264528 3264529 3264530 3264531 3270673 3266577 3266578 3266579 3266580 3274772 3270676 3274771 3270675 3272721 3274770 3270674
bot 184 186 uec16uxz 298442371 74651 52
owned 184 74651 74652 74653 74654 76702 72606 70558 70557 70556 70555 70554 70553 70552 70551 72599 74647 74648 74649 76697 76698 78746 78747 78748 78749 80796 80795 80794 80793 78745 78744 76696 76695 72600 68504 72601 68505 66457 66458 66459 66460 72602 68506 68507 68508 68509 76701 72605 76700 72604 74650 76699 72603
bot 185 187 9fd5ewrs 716216499 4079712 52
owned 185 4079712 4079713 4079714 4079715 4081763 4077667 4075619 4075618 4075617 4075616 4075615 4075614 4075613 4075612 4077660 4079708 4079709 4079710 4081758 4081759 4083807 4083808 4083809 4083810 4085857 4085856 4085855 4085854 4083806 4083805 4081757 4081756 4077661 4073565 4077662 4073566 4071518 4071519 4071520 4071521 4077663 4073567 4073568 4073569 4073570 4081762 4077666 4081761 4077665 4079711 4081760 4077664
bot 186 188 pe2p79c6 1616832572 2121742 52
owned 186 2121742 2121743 2121744 2121745 2123793 2119697 2117649 2117648 2117647 2117646 2117645 2117644 2117643 2117642 2119690 2121738 2121739 2121740 2123788 2123789 2125837 2125838 2125839 2125840 2127887 2127886 2127885 2127884 2125836 2125835 2123787 2123786 2119691 2115595 2119692 2115596 2113548 2113549 2113550 2113551 2119693 2115597 2115598 2115599 2115600 2123792 2119696 2123791 2119695 2121741 2123790 2119694
bot 187 189 h1r85byk 647047218 413992 52
owned 187 413992 413993 413994 413995 416043 411947 409899 409898 409897 409896 409895 409894 409893 409892 411940 413988 413989 413990 416038 416039 418087 418088 418089 418090 420137 420136 420135 420134 418086 418085 416037 416036 411941 407845 411942 407846 405798 405799 405800 405801 411943 407847 407848 407849 407850 416042 411946 416041 411945 413991 416040 411944
bot 188 190 exulggll 2009242778 19009 52
owned 188 19009 19010 19011 19012 21060 16964 14916 14915 14914 14913 14912 14911 14910 14909 16957 19005 19006 19007 21055 21056 23104 23105 23106 23107 25154 25153 25152 25151 23103 23102 21054 21053 16958 12862 16959 12863 10815 10816 10817 10818 16960 12864 12865 12866 12867 21059 16963 21058 16962 19008 21057 16961
bot 189 191 zouqcp7v 1283425505 1072056 52
owned 189 1072056 1072057 1072058 1072059 1074107 1070011 1067963 1067962 1067961 1067960 1067959 1067958 1067957 1067956 1070004 1072052 1072053 1072054 1074102 1074103 1076151 1076152 1076153 1076154 1078201 1078200 1078199 1078198 1076150 1076149 1074101 1074100 1070005 1065909 1070006 1065910 1063862 1063863 1063864 1063865 1070007 1065911 1065912 1065913 1065914 1074106 1070010 1074105 1070009 1072055 1074104 1070008
bot 190 192 k39sgybe 1779655355 2847964 52
owned 190 2847964 2847965 2847966 2847967 2850015 2845919 2843871 2843870 2843869 2843868 2843867 2843866 2843865 2843864 2845912 2847960 2847961 2847962 2850010 2850011 2852059 2852060 2852061 2852062 2854109 2854108 2854107 2854106 2852058 2852057 2850009 2850008 2845913 2841817 2845914 2841818 2839770 2839771 2839772 2839773 2845915 2841819 2841820 2841821 2841822 2850014 2845918 2850013 2845917 2847963 2850012 2845916
bot 191 193 orxhfzvz 2032568751 3571692 52
owned 191 3571692 3571693 3571694 3571695 3573743 3569647 3567599 3567598 3567597 3567596 3567595 3567594 3567593 3567592 3569640 3571688 3571689 3571690 3573738 3573739 3575787 3575788 3575789 3575790 3577837 3577836 3577835 3577834 3575786 3575785 3573737 3573736 3569641 3565545 3569642 3565546 3563498 3563499 3563500 3563501 3569643 3565547 3565548 3565549 3565550 3573742 3569646 3573741 3569645 3571691 3573740 3569644
bot 192 194 uz8ynaez 593238994 921573 52
owned 192 921573 921574 921575 921576 923624 919528 917480 917479 917478 917477 917476 917475 917474 917473 919521 921569 921570 921571 923619 923620 925668 925669 925670 925671 927718 927717 927716 927715 925667 925666 923618 923617 919522 915426 919523 915427 913379 913380 913381 913382 919524 915428 915429 915430 915431 923623 919527 923622 919526 921572 923621 919525
bot 193 195 ubigewsr -2141021696 3939412 52
owned 193 3939412 3939413 3939414 3939415 3941463 3937367 3935319 3935318 3935317 3935316 3935315 3935314 3935313 3935312 3937360 3939408 3939409 3939410 3941458 3941459 3943507 3943508 3943509 3943510 3945557 3945556 3945555 3945554 3943506 3943505 3941457 3941456 3937361 3933265 3937362 3933266 3931218 3931219 3931220 3931221 3937363 3933267 3933268 3933269 3933270 3941462 3937366 3941461 3937365 3939411 3941460 3937364
bot 194 196 w0ozvjdh 337579528 3595043 52
owned 194 3595043 3595044 3595045 3595046 3597094 3592998 3590950 3590949 3590948 3590947 3590946 3590945 3590944 3590943 3592991 3595039 3595040 3595041 3597089 3597090 3599138 3599139 3599140 3599141 3601188 3601187 3601186 3601185 3599137 3599136 3597088 3597087 3592992 3588896 3592993 3588897 3586849 3586850 3586851 3586852 3592994 3588898 3588899 3588900 3588901 3597093 3592997 3597092 3592996 3595042 3597091 3592995
bot 195 197 f7yj98q8 2008342748 503960 52
owned 195 503960 503961 503962 503963 506011 501915 499867 499866 499865 499864 499863 499862 499861 499860 501908 503956 503957 503958 506006 506007 508055 508056 508057 508058 510105 510104 510103 510102 508054 508053 506005 506004 501909 497813 501910 497814 495766 495767 495768 495769 501911 497815 497816 497817 497818 506010 501914 506009 501913 503959 506008 501912
bot 196 198 2xzw4gp3 546471435 914654 52
owned 196 914654 914655 914656 914657 916705 912609 910561 910560 910559 910558 910557 910556 910555 910554 912602 914650 914651 914652 916700 916701 918749 918750 918751 918752 920799 920798 920797 920796 918748 918747 916699 916698 912603 908507 912604 908508 906460 906461 906462 906463 912605 908509 908510 908511 908512 916704 912608 916703 912607 914653 916702 912606
bot 197 199 9rkdgj28 2034230367 123451 52
owned 197 123451 123452 123453 123454 125502 121406 119358 119357 119356 119355 119354 119353 119352 119351 121399 123447 123448 123449 125497 125498 127546 127547 127548 127549 129596 129595 129594 129593 127545 127544 125496 125495 121400 117304 121401 117305 115257 115258 115259 115260 121402 117306 117307 117308 117309 125501 121405 125500 121404 123450 125499 121403
bot 198 200 aw987uy7 1696208469 1008843 52
owned 198 1008843 1008844 1008845 1008846 1010894 1006798 1004750 1004749 1004748 1004747 1004746 1004745 1004744 1004743 1006791 1008839 1008840 1008841 1010889 1010890 1012938 1012939 1012940 1012941 1014988 1014987 1014986 1014985 1012937 1012936 1010888 1010887 1006792 1002696 1006793 1002697 1000649 1000650 1000651 1000652 1006794 1002698 1002699 1002700 1002701 1010893 1006797 1010892 1006796 1008842 1010891 1006795
bot 199 201 gr243zlh 1525078068 2033679 52
owned 199 2033679 2033680 2033681 2033682 2035730 2031634 2029586 2029585 2029584 2029583 2029582 2029581 2029580 2029579 2031627 2033675 2033676 2033677 2035725 2035726 2037774 2037775 2037776 2037777 2039824 2039823 2039822 2039821 2037773 2037772 2035724 2035723 2031628 2027532 2031629 2027533 2025485 2025486 2025487 2025488 2031630 2027534 2027535 2027536 2027537 2035729 2031633 2035728 2031632 2033678 2035727 2031631
bot 200 202 zowu9kf4 1343123255 2863320 52
owned 200 2863320 2863321 2863322 2863323 2865371 2861275 2859227 2859226 2859225 2859224 2859223 2859222 2859221 2859220 2861268 2863316 2863317 2863318 2865366 2865367 2867415 2867416 2867417 2867418 2869465 2869464 2869463 2869462 2867414 2867413 2865365 2865364 2861269 2857173 2861270 2857174 2855126 2855127 2855128 2855129 2861271 2857175 2857176 2857177 2857178 2865370 2861274 2865369 2861273 2863319 2865368 2861272
bot 201 203 2dtf8q4x 1304023651 1877470 52
owned 201 1877470 1877471 1877472 1877473 1879521 1875425 1873377 1873376 1873375 1873374 1873373 1873372 1873371 1873370 1875418 1877466 1877467 1877468 1879516 1879517 1881565 1881566 1881567 1881568 1883615 1883614 1883613 1883612 1881564 1881563 1879515 1879514 1875419 1871323 1875420 1871324 1869276 1869277 1869278 1869279 1875421 1871325 1871326 1871327 1871328 1879520 1875424 1879519 1875423 1877469 1879518 1875422
bot 202 204 y9oft8w2 1767905134 27447 52
owned 202 27447 27448 27449 27450 29498 25402 23354 23353 23352 23351 23350 23349 23348 23347 25395 27443 27444 27445 29493 29494 31542 31543 31544 31545 33592 33591 33590 33589 31541 31540 29492 29491 25396 21300 25397 21301 19253 19254 19255 19256 25398 21302 21303 21304 21305 29497 25401 29496 25400 27446 29495 25399
bot 203 205 ed7kjxq3 386177703 2426683 52
owned 203 2426683 2426684 2426685 2426686 2428734 2424638 2422590 2422589 2422588 2422587 2422586 2422585 2422584 2422583 2424631 2426679 2426680 2426681 2428729 2428730 2430778 2430779 2430780 2430781 2432828 2432827 2432826 2432825 2430777 2430776 2428728 2428727 2424632 2420536 2424633 2420537 2418489 2418490 2418491 2418492 2424634 2420538 2420539 2420540 2420541 2428733 2424637 2428732 2424636 2426682 2428731 2424635
bot 204 206 nxt1ptsi 1154794981 87752 52
owned 204 87752 87753 87754 87755 89803 85707 83659 83658 83657 83656 83655 83654 83653 83652 85700 87748 87749 87750 89798 89799 91847 91848 91849 91850 93897 93896 93895 93894 91846 91845 89797 89796 85701 81605 85702 81606 79558 79559 79560 79561 85703 81607 81608 81609 81610 89802 85706 89801 85705 87751 89800 85704
bot 205 207 p825v2fd 1789039945 1942418 52
owned 205 1942418 1942419 1942420 1942421 1944469 1940373 1938325 1938324 1938323 1938322 1938321 1938320 1938319 1938318 1940366 1942414 1942415 1942416 1944464 1944465 1946513 1946514 1946515 1946516 1948563 1948562 1948561 1948560 1946512 1946511 1944463 1944462 1940367 1936271 1940368 1936272 1934224 1934225 1934226 1934227 1940369 1936273 1936274 1936275 1936276 1944468 1940372 1944467 1940371 1942417 1944466 1940370
bot 206 208 wyarb4qo 383163841 3703078 52
owned 206 3703078 3703079 3703080 3703081 3705129 3701033 3698985 3698984 3698983 3698982 3698981 3698980 3698979 3698978 3701026 3703074 3703075 3703076 3705124 3705125 3707173 3707174 3707175 3707176 3709223 3709222 3709221 3709220 3707172 3707171 3705123 3705122 3701027 3696931 3701028 3696932 3694884 3694885 3694886 3694887 3701029 3696933 3696934 3696935 3696936 3705128 3701032 3705127 3701031 3703077 3705126 3701030
bot 207 209 qfs7b4z4 1471954815 2805176 52
owned 207 2805176 2805177 2805178 2805179 2807227 2803131 2801083 2801082 2801081 2801080 2801079 2801078 2801077 2801076 2803124 2805172 2805173 2805174 2807222 2807223 2809271 2809272 2809273 2809274 2811321 2811320 2811319 2811318 2809270 2809269 2807221 2807220 2803125 2799029 2803126 2799030 2796982 2796983 2796984 2796985 2803127 2799031 2799032 2799033 2799034 2807226 2803130 2807225 2803129 2805175 2807224 2803128
bot 208 210 ms13gmzm 1647820133 2931523 52
owned 208 2931523 2931524 2931525 2931526 2933574 2929478 2927430 2927429 2927428 2927427 2927426 2927425 2927424 2927423 2929471 2931519 2931520 2931521 2933569 2933570 2935618 2935619 2935620 2935621 2937668 2937667 2937666 2937665 2935617 2935616 2933568 2933567 2929472 2925376 2929473 2925377 2923329 2923330 2923331 2923332 2929474 2925378 2925379 2925380 2925381 2933573 2929477 2933572 2929476 2931522 2933571 2929475
bot 209 211 ym8zggo3 322620766 1543215 52
owned 209 1543215 1543216 1543217 1543218 1545266 1541170 1539122 1539121 1539120 1539119 1539118 1539117 1539116 1539115 1541163 1543211 1543212 1543213 1545261 1545262 1547310 1547311 1547312 1547313 1549360 1549359 1549358 1549357 1547309 1547308 1545260 1545259 1541164 1537068 1541165 1537069 1535021 1535022 1535023 1535024 1541166 1537070 1537071 1537072 1537073 1545265 1541169 1545264 1541168 1543214 1545263 1541167
bot 210 212 8jahbnpg 1498584608 92278 52
owned 210 92278 92279 92280 92281 94329 90233 88185 88184 88183 88182 88181 88180 88179 88178 90226 92274 92275 92276 94324 94325 96373 96374 96375 96376 98423 98422 98421 98420 96372 96371 94323 94322 90227 86131 90228 86132 84084 84085 84086 84087 90229 86133 86134 86135 86136 94328 90232 94327 90231 92277 94326 90230
bot 211 213 b0djjiez 1834536396 2969158 52
owned 211 2969158 2969159 2969160 2969161 2971209 2967113 2965065 2965064 2965063 2965062 2965061 2965060 2965059 2965058 2967106 2969154 2969155 2969156 2971204 2971205 2973253 2973254 2973255 2973256 2975303 2975302 2975301 2975300 2973252 2973251 2971203 2971202 2967107 2963011 2967108 2963012 2960964 2960965 2960966 2960967 2967109 2963013 2963014 2963015 2963016 2971208 2967112 2971207 2967111 2969157 2971206 2967110
bot 212 214 s9xysw8i 1381855552 286784 52
owned 212 286784 286785 286786 286787 288835 284739 282691 282690 282689 282688 282687 282686 282685 282684 284732 286780 286781 286782 288830 288831 290879 290880 290881 290882 292929 292928 292927 292926 290878 290877 288829 288828 284733 280637 284734 280638 278590 278591 278592 278593 284735 280639 280640 280641 280642 288834 284738 288833 284737 286783 288832 284736
bot 213 215 t3s2qgvc 1885822309 3248714 52
owned 213 3248714 3248715 3248716 3248717 3250765 3246669 3244621 3244620 3244619 3244618 3244617 3244616 3244615 3244614 3246662 3248710 3248711 3248712 3250760 3250761 3252809 3252810 3252811 3252812 3254859 3254858 3254857 3254856 3252808 3252807 3250759 3250758 3246663 3242567 3246664 3242568 3240520 3240521 3240522 3240523 3246665 3242569 3242570 3242571 3242572 3250764 3246668 3250763 3246667 3248713 3250762 3246666
bot 214 216 aquue8ni -1995066298 3357137 52
owned 214 3357137 3357138 3357139 3357140 3359188 3355092 3353044 3353043 3353042 3353041 3353040 3353039 3353038 3353037 3355085 3357133 3357134 3357135 3359183 3359184 3361232 3361233 3361234 3361235 3363282 3363281 3363280 3363279 3361231 3361230 3359182 3359181 3355086 3350990 3355087 3350991 3348943 3348944 3348945 3348946 3355088 3350992 3350993 3350994 3350995 3359187 3355091 3359186 3355090 3357136 3359185 3355089
bot 215 217 u3k8ktyr 1336475575 1449698 52
owned 215 1449698 1449699 1449700 1449701 1451749 1447653 1445605 1445604 1445603 1445602 1445601 1445600 1445599 1445598 1447646 1449694 1449695 1449696 1451744 1451745 1453793 1453794 1453795 1453796 1455843 1455842 1455841 1455840 1453792 1453791 1451743 1451742 1447647 1443551 1447648 1443552 1441504 1441505 1441506 1441507 1447649 1443553 1443554 1443555 1443556 1451748 1447652 1451747 1447651 1449697 1451746 1447650
bot 216 218 i7egn3zz 1648658159 2679077 52
owned 216 2679077 2679078 2679079 2679080 2681128 2677032 2674984 2674983 2674982 2674981 2674980 2674979 2674978 2674977 2677025 2679073 2679074 2679075 2681123 2681124 2683172 2683173 2683174 2683175 2685222 2685221 2685220 2685219 2683171 2683170 2681122 2681121 2677026 2672930 2677027 2672931 2670883 2670884 2670885 2670886 2677028 2672932 2672933 2672934 2672935 2681127 2677031 2681126 2677030 2679076 2681125 2677029
bot 217 219 o3vgfhge 1896212089 1037771 52
owned 217 1037771 1037772 1037773 1037774 1039822 1035726 1033678 1033677 1033676 1033675 1033674 1033673 1033672 1033671 1035719 1037767 1037768 1037769 1039817 1039818 1041866 1041867 1041868 1041869 1043916 1043915 1043914 1043913 1041865 1041864 1039816 1039815 1035720 1031624 1035721 1031625 1029577 1029578 1029579 1029580 1035722 1031626 1031627 1031628 1031629 1039821 1035725 1039820 1035724 1037770 1039819 1035723
bot 218 220 m4aem5hx 1751287233 4094425 52
owned 218 4094425 4094426 4094427 4094428 4096476 4092380 4090332 4090331 4090330 4090329 4090328 4090327 4090326 4090325 4092373 4094421 4094422 4094423 4096471 4096472 4098520 4098521 4098522 4098523 4100570 4100569 4100568 4100567 4098519 4098518 4096470 4096469 4092374 4088278 4092375 4088279 4086231 4086232 4086233 4086234 4092376 4088280 4088281 4088282 4088283 4096475 4092379 4096474 4092378 4094424 4096473 4092377
bot 219 221 p6i95qgo 1590454142 2458995 52
owned 219 2458995 2458996 2458997 2458998 2461046 2456950 2454902 2454901 2454900 2454899 2454898 2454897 2454896 2454895 2456943 2458991 2458992 2458993 2461041 2461042 2463090 2463091 2463092 2463093 2465140 2465139 2465138 2465137 2463089 2463088 2461040 2461039 2456944 2452848 2456945 2452849 2450801 2450802 2450803 2450804 2456946 2452850 2452851 2452852 2452853 2461045 2456949 2461044 2456948 2458994 2461043 2456947
bot 220 222 gvho8qeo 669428651 3067691 52
owned 220 3067691 3067692 3067693 3067694 3069742 3065646 3063598 3063597 3063596 3063595 3063594 3063593 3063592 3063591 3065639 3067687 3067688 3067689 3069737 3069738 3071786 3071787 3071788 3071789 3073836 3073835 3073834 3073833 3071785 3071784 3069736 3069735 3065640 3061544 3065641 3061545 3059497 3059498 3059499 3059500 3065642 3061546 3061547 3061548 3061549 3069741 3065645 3069740 3065644 3067690 3069739 3065643
bot 221 223 9iatvpoi -1929396069 2678797 52
owned 221 2678797 2678798 2678799 2678800 2680848 2676752 2674704 2674703 2674702 2674701 2674700 2674699 2674698 2674697 2676745 2678793 2678794 2678795 2680843 2680844 2682892 2682893 2682894 2682895 2684942 2684941 2684940 2684939 2682891 2682890 2680842 2680841 2676746 2672650 2676747 2672651 2670603 2670604 2670605 2670606 2676748 2672652 2672653 2672654 2672655 2680847 2676751 2680846 2676750 2678796 2680845 2676749
bot 222 224 zd9jsqbj 2059397859 1399453 52
owned 222 1399453 1399454 1399455 1399456 1401504 1397408 1395360 1395359 1395358 1395357 1395356 1395355 1395354 1395353 1397401 1399449 1399450 1399451 1401499 1401500 1403548 1403549 1403550 1403551 1405598 1405597 1405596 1405595 1403547 1403546 1401498 1401497 1397402 1393306 1397403 1393307 1391259 1391260 1391261 1391262 1397404 1393308 1393309 1393310 1393311 1401503 1397407 1401502 1397406 1399452 1401501 1397405
bot 223 225 zw1dwnig 2130295049 3650958 52
owned 223 3650958 3650959 3650960 3650961 3653009 3648913 3646865 3646864 3646863 3646862 3646861 3646860 3646859 3646858 3648906 3650954 3650955 3650956 3653004 3653005 3655053 3655054 3655055 3655056 3657103 3657102 3657101 3657100 3655052 3655051 3653003 3653002 3648907 3644811 3648908 3644812 3642764 3642765 3642766 3642767 3648909 3644813 3644814 3644815 3644816 3653008 3648912 3653007 3648911 3650957 3653006 3648910
bot 224 226 be5xt98q 295200808 2292416 52
owned 224 2292416 2292417 2292418 2292419 2294467 2290371 2288323 2288322 2288321 2288320 2288319 2288318 2288317 2288316 2290364 2292412 2292413 2292414 2294462 2294463 2296511 2296512 2296513 2296514 2298561 2298560 2298559 2298558 2296510 2296509 2294461 2294460 2290365 2286269 2290366 2286270 2284222 2284223 2284224 2284225 2290367 2286271 2286272 2286273 2286274 2294466 2290370 2294465 2290369 2292415 2294464 2290368
bot 225 227 522b0ju8 1051917806 1938963 52
owned 225 1938963 1938964 1938965 1938966 1941014 1936918 1934870 1934869 1934868 1934867 1934866 1934865 1934864 1934863 1936911 1938959 1938960 1938961 1941009 1941010 1943058 1943059 1943060 1943061 1945108 1945107 1945106 1945105 1943057 1943056 1941008 1941007 1936912 1932816 1936913 1932817 1930769 1930770 1930771 1930772 1936914 1932818 1932819 1932820 1932821 1941013 1936917 1941012 1936916 1938962 1941011 1936915
bot 226 228 ibxwtyy7 1581729417 975436 52
owned 226 975436 975437 975438 975439 977487 973391 971343 971342 971341 971340 971339 971338 971337 971336 973384 975432 975433 975434 977482 977483 979531 979532 979533 979534 981581 981580 981579 981578 979530 979529 977481 977480 973385 969289 973386 969290 967242 967243 967244 967245 973387 969291 969292 969293 969294 977486 973390 977485 973389 975435 977484 973388
bot 227 229 zjhashkb 754389657 1252203 52
owned 227 1252203 1252204 1252205 1252206 1254254 1250158 1248110 1248109 1248108 1248107 1248106 1248105 1248104 1248103 1250151 1252199 1252200 1252201 1254249 1254250 1256298 1256299 1256300 1256301 1258348 1258347 1258346 1258345 1256297 1256296 1254248 1254247 1250152 1246056 1250153 1246057 1244009 1244010 1244011 1244012 1250154 1246058 1246059 1246060 1246061 1254253 1250157 1254252 1250156 1252202 1254251 1250155
bot 228 230 89ttdia6 1515667583 3557452 52
owned 228 3557452 3557453 3557454 3557455 3559503 3555407 3553359 3553358 3553357 3553356 3553355 3553354 3553353 3553352 3555400 3557448 3557449 3557450 3559498 3559499 3561547 3561548 3561549 3561550 3563597 3563596 3563595 3563594 3561546 3561545 3559497 3559496 3555401 3551305 3555402 3551306 3549258 3549259 3549260 3549261 3555403 3551307 3551308 3551309 3551310 3559502 3555406 3559501 3555405 3557451 3559500 3555404
bot 229 231 6o2o0nvl 1109887534 1833948 52
owned 229 1833948 1833949 1833950 1833951 1835999 1831903 1829855 1829854 1829853 1829852 1829851 1829850 1829849 1829848 1831896 1833944 1833945 1833946 1835994 1835995 1838043 1838044 1838045 1838046 1840093 1840092 1840091 1840090 1838042 1838041 1835993 1835992 1831897 1827801 1831898 1827802 1825754 1825755 1825756 1825757 1831899 1827803 1827804 1827805 1827806 1835998 1831902 1835997 1831901 1833947 1835996 1831900
bot 230 232 xldl70se 1508905245 497678 52
owned 230 497678 497679 497680 497681 499729 495633 493585 493584 493583 493582 493581 493580 493579 493578 495626 497674 497675 497676 499724 499725 501773 501774 501775 501776 503823 503822 503821 503820 501772 501771 499723 499722 495627 491531 495628 491532 489484 489485 489486 489487 495629 491533 491534 491535 491536 499728 495632 499727 495631 497677 499726 495630
bot 231 233 qrwgzvzz 1194261553 734660 52
owned 231 734660 734661 734662 734663 736711 732615 730567 730566 730565 730564 730563 730562 730561 730560 732608 734656 734657 734658 736706 736707 738755 738756 738757 738758 740805 740804 740803 740802 738754 738753 736705 736704 732609 728513 732610 728514 726466 726467 726468 726469 732611 728515 728516 728517 728518 736710 732614 736709 732613 734659 736708 732612
bot 232 234 h711p697 635026801 1870049 52
owned 232 1870049 1870050 1870051 1870052 1872100 1868004 1865956 1865955 1865954 1865953 1865952 1865951 1865950 1865949 1867997 1870045 1870046 1870047 1872095 1872096 1874144 1874145 1874146 1874147 1876194 1876193 1876192 1876191 1874143 1874142 1872094 1872093 1867998 1863902 1867999 1863903 1861855 1861856 1861857 1861858 1868000 1863904 1863905 1863906 1863907 1872099 1868003 1872098 1868002 1870048 1872097 1868001
bot 233 235 g4ulqqm0 1702459915 1306195 52
owned 233 1306195 1306196 1306197 1306198 1308246 1304150 1302102 1302101 1302100 1302099 1302098 1302097 1302096 1302095 1304143 1306191 1306192 1306193 1308241 1308242 1310290 1310291 1310292 1310293 1312340 1312339 1312338 1312337 1310289 1310288 1308240 1308239 1304144 1300048 1304145 1300049 1298001 1298002 1298003 1298004 1304146 1300050 1300051 1300052 1300053 1308245 1304149 1308244 1304148 1306194 1308243 1304147
bot 234 236 v18jrx10 1959076822 1706092 52
owned 234 1706092 1706093 1706094 1706095 1708143 1704047 1701999 1701998 1701997 1701996 1701995 1701994 1701993 1701992 1704040 1706088 1706089 1706090 1708138 1708139 1710187 1710188 1710189 1710190 1712237 1712236 1712235 1712234 1710186 1710185 1708137 1708136 1704041 1699945 1704042 1699946 1697898 1697899 1697900 1697901 1704043 1699947 1699948 1699949 1699950 1708142 1704046 1708141 1704045 1706091 1708140 1704044
bot 235 237 8sd3i7p8 933279620 976719 52
owned 235 976719 976720 976721 976722 978770 974674 972626 972625 972624 972623 972622 972621 972620 972619 974667 976715 976716 976717 978765 978766 980814 980815 980816 980817 982864 982863 982862 982861 980813 980812 978764 978763 974668 970572 974669 970573 968525 968526 968527 968528 974670 970574 970575 970576 970577 978769 974673 978768 974672 976718 978767 974671
bot 236 238 l5o27mtm -2040527415 2789228 52
owned 236 2789228 2789229 2789230 2789231 2791279 2787183 2785135 2785134 2785133 2785132 2785131 2785130 2785129 2785128 2787176 2789224 2789225 2789226 2791274 2791275 2793323 2793324 2793325 2793326 2795373 2795372 2795371 2795370 2793322 2793321 2791273 2791272 2787177 2783081 2787178 2783082 2781034 2781035 2781036 2781037 2787179 2783083 2783084 2783085 2783086 2791278 2787182 2791277 2787181 2789227 2791276 2787180
bot 237 239 b6f6r0t2 1867439652 1406290 52
owned 237 1406290 1406291 1406292 1406293 1408341 1404245 1402197 1402196 1402195 1402194 1402193 1402192 1402191 1402190 1404238 1406286 1406287 1406288 1408336 1408337 1410385 1410386 1410387 1410388 1412435 1412434 1412433 1412432 1410384 1410383 1408335 1408334 1404239 1400143 1404240 1400144 1398096 1398097 1398098 1398099 1404241 1400145 1400146 1400147 1400148 1408340 1404244 1408339 1404243 1406289 1408338 1404242
bot 238 240 7j5a3pfw 1958254263 2005411 52
owned 238 2005411 2005412 2005413 2005414 2007462 2003366 2001318 2001317 2001316 2001315 2001314 2001313 2001312 2001311 2003359 2005407 2005408 2005409 2007457 2007458 2009506 2009507 2009508 2009509 2011556 2011555 2011554 2011553 2009505 2009504 2007456 2007455 2003360 1999264 2003361 1999265 1997217 1997218 1997219 1997220 2003362 1999266 1999267 1999268 1999269 2007461 2003365 2007460 2003364 2005410 2007459 2003363
bot 239 241 m5sg1z4l 348334567 3578205 52
owned 239 3578205 3578206 3578207 3578208 3580256 3576160 3574112 3574111 3574110 3574109 3574108 3574107 3574106 3574105 3576153 3578201 3578202 3578203 3580251 3580252 3582300 3582301 3582302 3582303 3584350 3584349 3584348 3584347 3582299 3582298 3580250 3580249 3576154 3572058 3576155 3572059 3570011 3570012 3570013 3570014 3576156 3572060 3572061 3572062 3572063 3580255 3576159 3580254 3576158 3578204 3580253 3576157
bot 240 242 ehpglvfz 1269450044 1682778 52
owned 240 1682778 1682779 1682780 1682781 1684829 1680733 1678685 1678684 1678683 1678682 1678681 1678680 1678679 1678678 1680726 1682774 1682775 1682776 1684824 1684825 1686873 1686874 1686875 1686876 1688923 1688922 1688921 1688920 1686872 1686871 1684823 1684822 1680727 1676631 1680728 1676632 1674584 1674585 1674586 1674587 1680729 1676633 1676634 1676635 1676636 1684828 1680732 1684827 1680731 1682777 1684826 1680730
bot 241 243 wu3zthbo 947178302 2806970 52
owned 241 2806970 2806971 2806972 2806973 2809021 2804925 2802877 2802876 2802875 2802874 2802873 2802872 2802871 2802870 2804918 2806966 2806967 2806968 2809016 2809017 2811065 2811066 2811067 2811068 2813115 2813114 2813113 2813112 2811064 2811063 2809015 2809014 2804919 2800823 2804920 2800824 2798776 2798777 2798778 2798779 2804921 2800825 2800826 2800827 2800828 2809020 2804924 2809019 2804923 2806969 2809018 2804922
bot 242 244 yeh875u5 1617155050 2925275 52
owned 242 2925275 2925276 2925277 2925278 2927326 2923230 2921182 2921181 2921180 2921179 2921178 2921177 2921176 2921175 2923223 2925271 2925272 2925273 2927321 2927322 2929370 2929371 2929372 2929373 2931420 2931419 2931418 2931417 2929369 2929368 2927320 2927319 2923224 2919128 2923225 2919129 2917081 2917082 2917083 2917084 2923226 2919130 2919131 2919132 2919133 2927325 2923229 2927324 2923228 2925274 2927323 2923227
bot 243 245 8nuwzyn1 1340793310 646303 52
owned 243 646303 646304 646305 646306 648354 644258 642210 642209 642208 642207 642206 642205 642204 642203 644251 646299 646300 646301 648349 648350 650398 650399 650400 650401 652448 652447 652446 652445 650397 650396 648348 648347 644252 640156 644253 640157 638109 638110 638111 638112 644254 640158 640159 640160 640161 648353 644257 648352 644256 646302 648351 644255
bot 244 246 t0zwn9eb 959178531 327067 52
owned 244 327067 327068 327069 327070 329118 325022 322974 322973 322972 322971 322970 322969 322968 322967 325015 327063 327064 327065 329113 329114 331162 331163 331164 331165 333212 333211 333210 333209 331161 331160 329112 329111 325016 320920 325017 320921 318873 318874 318875 318876 325018 320922 320923 320924 320925 329117 325021 329116 325020 327066 329115 325019
bot 245 247 8zjwwdck 1655577600 1269291 52
owned 245 1269291 1269292 1269293 1269294 1271342 1267246 1265198 1265197 1265196 1265195 1265194 1265193 1265192 1265191 1267239 1269287 1269288 1269289 1271337 1271338 1273386 1273387 1273388 1273389 1275436 1275435 1275434 1275433 1273385 1273384 1271336 1271335 1267240 1263144 1267241 1263145 1261097 1261098 1261099 1261100 1267242 1263146 1263147 1263148 1263149 1271341 1267245 1271340 1267244 1269290 1271339 1267243
bot 246 248 jwrhd5ij 1879101561 4105063 52
owned 246 4105063 4105064 4105065 4105066 4107114 4103018 4100970 4100969 4100968 4100967 4100966 4100965 4100964 4100963 4103011 4105059 4105060 4105061 4107109 4107110 4109158 4109159 4109160 4109161 4111208 4111207 4111206 4111205 4109157 4109156 4107108 4107107 4103012 4098916 4103013 4098917 4096869 4096870 4096871 4096872 4103014 4098918 4098919 4098920 4098921 4107113 4103017 4107112 4103016 4105062 4107111 4103015
bot 247 249 jyb8rp14 1589264510 2798057 52
owned 247 2798057 2798058 2798059 2798060 2800108 2796012 2793964 2793963 2793962 2793961 2793960 2793959 2793958 2793957 2796005 2798053 2798054 2798055 2800103 2800104 2802152 2802153 2802154 2802155 2804202 2804201 2804200 2804199 2802151 2802150 2800102 2800101 2796006 2791910 2796007 2791911 2789863 2789864 2789865 2789866 2796008 2791912 2791913 2791914 2791915 2800107 2796011 2800106 2796010 2798056 2800105 2796009
bot 248 250 wl7sxu3v 236594675 825335 52
owned 248 825335 825336 825337 825338 827386 823290 821242 821241 821240 821239 821238 821237 821236 821235 823283 825331 825332 825333 827381 827382 829430 829431 829432 829433 831480 831479 831478 831477 829429 829428 827380 827379 823284 819188 823285 819189 817141 817142 817143 817144 823286 819190 819191 819192 819193 827385 823289 827384 823288 825334 827383 823287
bot 249 251 y0r0fu1j 1129846919 4014420 52
owned 249 4014420 4014421 4014422 4014423 4016471 4012375 4010327 4010326 4010325 4010324 4010323 4010322 4010321 4010320 4012368 4014416 4014417 4014418 4016466 4016467 4018515 4018516 4018517 4018518 4020565 4020564 4020563 4020562 4018514 4018513 4016465 4016464 4012369 4008273 4012370 4008274 4006226 4006227 4006228 4006229 4012371 4008275 4008276 4008277 4008278 4016470 4012374 4016469 4012373 4014419 4016468 4012372
bot 250 252 kneohbbr 882688749 91396 52
owned 250 91396 91397 91398 91399 93447 89351 87303 87302 87301 87300 87299 87298 87297 87296 89344 91392 91393 91394 93442 93443 95491 95492 95493 95494 97541 97540 97539 97538 95490 95489 93441 93440 89345 85249 89346 85250 83202 83203 83204 83205 89347 85251 85252 85253 85254 93446 89350 93445 89349 91395 93444 89348
bot 251 253 qc8m814x 1480004544 1477793 52
owned 251 1477793 1477794 1477795 1477796 1479844 1475748 1473700 1473699 1473698 1473697 1473696 1473695 1473694 1473693 1475741 1477789 1477790 1477791 1479839 1479840 1481888 1481889 1481890 1481891 1483938 1483937 1483936 1483935 1481887 1481886 1479838 1479837 1475742 1471646 1475743 1471647 1469599 1469600 1469601 1469602 1475744 1471648 1471649 1471650 1471651 1479843 1475747 1479842 1475746 1477792 1479841 1475745
bot 252 254 ix3jngmf 1224131180 1169461 52
owned 252 1169461 1169462 1169463 1169464 1171512 1167416 1165368 1165367 1165366 1165365 1165364 1165363 1165362 1165361 1167409 1169457 1169458 1169459 1171507 1171508 1173556 1173557 1173558 1173559 1175606 1175605 1175604 1175603 1173555 1173554 1171506 1171505 1167410 1163314 1167411 1163315 1161267 1161268 1161269 1161270 1167412 1163316 1163317 1163318 1163319 1171511 1167415 1171510 1167414 1169460 1171509 1167413
bot 253 255 9mzpcgft -1962888896 3522409 52
owned 253 3522409 3522410 3522411 3522412 3524460 3520364 3518316 3518315 3518314 3518313 3518312 3518311 3518310 3518309 3520357 3522405 3522406 3522407 3524455 3524456 3526504 3526505 3526506 3526507 3528554 3528553 3528552 3528551 3526503 3526502 3524454 3524453 3520358 3516262 3520359 3516263 3514215 3514216 3514217 3514218 3520360 3516264 3516265 3516266 3516267 3524459 3520363 3524458 3520362 3522408 3524457 3520361
bot 254 256 l5z5w588 1934897762 913312 52
owned 254 913312 913313 913314 913315 915363 911267 909219 909218 909217 909216 909215 909214 909213 909212 911260 913308 913309 913310 915358 915359 917407 917408 917409 917410 919457 919456 919455 919454 917406 917405 915357 915356 911261 907165 911262 907166 905118 905119 905120 905121 911263 907167 907168 907169 907170 915362 911266 915361 911265 913311 915360 911264
bot 255 257 pt0jqntf 1250199287 3832056 52
owned 255 3832056 3832057 3832058 3832059 3834107 3830011 3827963 3827962 3827961 3827960 3827959 3827958 3827957 3827956 3830004 3832052 3832053 3832054 3834102 3834103 3836151 3836152 3836153 3836154 3838201 3838200 3838199 3838198 3836150 3836149 3834101 3834100 3830005 3825909 3830006 3825910 3823862 3823863 3823864 3823865 3830007 3825911 3825912 3825913 3825914 3834106 3830010 3834105 3830009 3832055 3834104 3830008
bot 256 258 2e8alk85 2137343212 2830376 52
owned 256 2830376 2830377 2830378 2830379 2832427 2828331 2826283 2826282 2826281 2826280 2826279 2826278 2826277 2826276 2828324 2830372 2830373 2830374 2832422 2832423 2834471 2834472 2834473 2834474 2836521 2836520 2836519 2836518 2834470 2834469 2832421 2832420 2828325 2824229 2828326 2824230 2822182 2822183 2822184 2822185 2828327 2824231 2824232 2824233 2824234 2832426 2828330 2832425 2828329 2830375 2832424 2828328
bot 257 259 hwe3kfal -2027389305 3608415 52
owned 257 3608415 3608416 3608417 3608418 3610466 3606370 3604322 3604321 3604320 3604319 3604318 3604317 3604316 3604315 3606363 3608411 3608412 3608413 3610461 3610462 3612510 3612511 3612512 3612513 3614560 3614559 3614558 3614557 3612509 3612508 3610460 3610459 3606364 3602268 3606365 3602269 3600221 3600222 3600223 3600224 3606366 3602270 3602271 3602272 3602273 3610465 3606369 3610464 3606368 3608414 3610463 3606367
bot 258 260 47li627l 1118737045 3841324 52
owned 258 3841324 3841325 3841326 3841327 3843375 3839279 3837231 3837230 3837229 3837228 3837227 3837226 3837225 3837224 3839272 3841320 3841321 3841322 3843370 3843371 3845419 3845420 3845421 3845422 3847469 3847468 3847467 3847466 3845418 3845417 3843369 3843368 3839273 3835177 3839274 3835178 3833130 3833131 3833132 3833133 3839275 3835179 3835180 3835181 3835182 3843374 3839278 3843373 3839277 3841323 3843372 3839276
bot 259 261 3asdumaj -2042581532 1104320 52
owned 259 1104320 1104321 1104322 1104323 1106371 1102275 1100227 1100226 1100225 1100224 1100223 1100222 1100221 1100220 1102268 1104316 1104317 1104318 1106366 1106367 1108415 1108416 1108417 1108418 1110465 1110464 1110463 1110462 1108414 1108413 1106365 1106364 1102269 1098173 1102270 1098174 1096126 1096127 1096128 1096129 1102271 1098175 1098176 1098177 1098178 1106370 1102274 1106369 1102273 1104319 1106368 1102272
bot 260 262 l75txeu7 2077042187 1316476 52
owned 260 1316476 1316477 1316478 1316479 1318527 1314431 1312383 1312382 1312381 1312380 1312379 1312378 1312377 1312376 1314424 1316472 1316473 1316474 1318522 1318523 1320571 1320572 1320573 1320574 1322621 1322620 1322619 1322618 1320570 1320569 1318521 1318520 1314425 1310329 1314426 1310330 1308282 1308283 1308284 1308285 1314427 1310331 1310332 1310333 1310334 1318526 1314430 1318525 1314429 1316475 1318524 1314428
bot 261 263 tbcz7mf1 255526794 3817978 52
owned 261 3817978 3817979 3817980 3817981 3820029 3815933 3813885 3813884 3813883 3813882 3813881 3813880 3813879 3813878 3815926 3817974 3817975 3817976 3820024 3820025 3822073 3822074 3822075 3822076 3824123 3824122 3824121 3824120 3822072 3822071 3820023 3820022 3815927 3811831 3815928 3811832 3809784 3809785 3809786 3809787 3815929 3811833 3811834 3811835 3811836 3820028 3815932 3820027 3815931 3817977 3820026 3815930
bot 262 264 o1ilw638 692382587 2765854 52
owned 262 2765854 2765855 2765856 2765857 2767905 2763809 2761761 2761760 2761759 2761758 2761757 2761756 2761755 2761754 2763802 2765850 2765851 2765852 2767900 2767901 2769949 2769950 2769951 2769952 2771999 2771998 2771997 2771996 2769948 2769947 2767899 2767898 2763803 2759707 2763804 2759708 2757660 2757661 2757662 2757663 2763805 2759709 2759710 2759711 2759712 2767904 2763808 2767903 2763807 2765853 2767902 2763806
bot 263 265 la4ytzgl 1260745833 3408328 52
owned 263 3408328 3408329 3408330 3408331 3410379 3406283 3404235 3404234 3404233 3404232 3404231 3404230 3404229 3404228 3406276 3408324 3408325 3408326 3410374 3410375 3412423 3412424 3412425 3412426 3414473 3414472 3414471 3414470 3412422 3412421 3410373 3410372 3406277 3402181 3406278 3402182 3400134 3400135 3400136 3400137 3406279 3402183 3402184 3402185 3402186 3410378 3406282 3410377 3406281 3408327 3410376 3406280
bot 264 266 in2bq49j 1545211963 2584629 52
owned 264 2584629 2584630 2584631 2584632 2586680 2582584 2580536 2580535 2580534 2580533 2580532 2580531 2580530 2580529 2582577 2584625 2584626 2584627 2586675 2586676 2588724 2588725 2588726 2588727 2590774 2590773 2590772 2590771 2588723 2588722 2586674 2586673 2582578 2578482 2582579 2578483 2576435 2576436 2576437 2576438 2582580 2578484 2578485 2578486 2578487 2586679 2582583 2586678 2582582 2584628 2586677 2582581
bot 265 267 5irnw7ij 276056243 1442518 52
owned 265 1442518 1442519 1442520 1442521 1444569 1440473 1438425 1438424 1438423 1438422 1438421 1438420 1438419 1438418 1440466 1442514 1442515 1442516 1444564 1444565 1446613 1446614 1446615 1446616 1448663 1448662 1448661 1448660 1446612 1446611 1444563 1444562 1440467 1436371 1440468 1436372 1434324 1434325 1434326 1434327 1440469 1436373 1436374 1436375 1436376 1444568 1440472 1444567 1440471 1442517 1444566 1440470
bot 266 268 noxeflvy 1919430651 528285 52
owned 266 528285 528286 528287 528288 530336 526240 524192 524191 524190 524189 524188 524187 524186 524185 526233 528281 528282 528283 530331 530332 532380 532381 532382 532383 534430 534429 534428 534427 532379 532378 530330 530329 526234 522138 526235 522139 520091 520092 520093 520094 526236 522140 522141 522142 522143 530335 526239 530334 526238 528284 530333 526237
bot 267 269 8gn7568f 1284878845 3831785 52
owned 267 3831785 3831786 3831787 3831788 3833836 3829740 3827692 3827691 3827690 3827689 3827688 3827687 3827686 3827685 3829733 3831781 3831782 3831783 3833831 3833832 3835880 3835881 3835882 3835883 3837930 3837929 3837928 3837927 3835879 3835878 3833830 3833829 3829734 3825638 3829735 3825639 3823591 3823592 3823593 3823594 3829736 3825640 3825641 3825642 3825643 3833835 3829739 3833834 3829738 3831784 3833833 3829737
bot 268 270 5c1omdu5 1575113319 265348 52
owned 268 265348 265349 265350 265351 267399 263303 261255 261254 261253 261252 261251 261250 261249 261248 263296 265344 265345 265346 267394 267395 269443 269444 269445 269446 271493 271492 271491 271490 269442 269441 267393 267392 263297 259201 263298 259202 257154 257155 257156 257157 263299 259203 259204 259205 259206 267398 263302 267397 263301 265347 267396 263300
bot 269 271 yc2b3pvx 604443755 940846 52
owned 269 940846 940847 940848 940849 942897 938801 936753 936752 936751 936750 936749 936748 936747 936746 938794 940842 940843 940844 942892 942893 944941 944942 944943 944944 946991 946990 946989 946988 944940 944939 942891 942890 938795 934699 938796 934700 932652 932653 932654 932655 938797 934701 934702 934703 934704 942896 938800 942895 938799 940845 942894 938798
bot 270 272 lml55dcl 564423046 1101703 52
owned 270 1101703 1101704 1101705 1101706 1103754 1099658 1097610 1097609 1097608 1097607 1097606 1097605 1097604 1097603 1099651 1101699 1101700 1101701 1103749 1103750 1105798 1105799 1105800 1105801 1107848 1107847 1107846 1107845 1105797 1105796 1103748 1103747 1099652 1095556 1099653 1095557 1093509 1093510 1093511 1093512 1099654 1095558 1095559 1095560 1095561 1103753 1099657 1103752 1099656 1101702 1103751 1099655
bot 271 273 1o5etbis 1064436554 2502574 52
owned 271 2502574 2502575 2502576 2502577 2504625 2500529 2498481 2498480 2498479 2498478 2498477 2498476 2498475 2498474 2500522 2502570 2502571 2502572 2504620 2504621 2506669 2506670 2506671 2506672 2508719 2508718 2508717 2508716 2506668 2506667 2504619 2504618 2500523 2496427 2500524 2496428 2494380 2494381 2494382 2494383 2500525 2496429 2496430 2496431 2496432 2504624 2500528 2504623 2500527 2502573 2504622 2500526
bot 272 274 bulnhjw5 1566032591 1244910 52
owned 272 1244910 1244911 1244912 1244913 1246961 1242865 1240817 1240816 1240815 1240814 1240813 1240812 1240811 1240810 1242858 1244906 1244907 1244908 1246956 1246957 1249005 1249006 1249007 1249008 1251055 1251054 1251053 1251052 1249004 1249003 1246955 1246954 1242859 1238763 1242860 1238764 1236716 1236717 1236718 1236719 1242861 1238765 1238766 1238767 1238768 1246960 1242864 1246959 1242863 1244909 1246958 1242862
bot 273 275 c6y4cfry 863565244 3667317 52
owned 273 3667317 3667318 3667319 3667320 3669368 3665272 3663224 3663223 3663222 3663221 3663220 3663219 3663218 3663217 3665265 3667313 3667314 3667315 3669363 3669364 3671412 3671413 3671414 3671415 3673462 3673461 3673460 3673459 3671411 3671410 3669362 3669361 3665266 3661170 3665267 3661171 3659123 3659124 3659125 3659126 3665268 3661172 3661173 3661174 3661175 3669367 3665271 3669366 3665270 3667316 3669365 3665269
bot 274 276 kbpw8sak 2119546823 1337003 52
owned 274 1337003 1337004 1337005 1337006 1339054 1334958 1332910 1332909 1332908 1332907 1332906 1332905 1332904 1332903 1334951 1336999 1337000 1337001 1339049 1339050 1341098 1341099 1341100 1341101 1343148 1343147 1343146 1343145 1341097 1341096 1339048 1339047 1334952 1330856 1334953 1330857 1328809 1328810 1328811 1328812 1334954 1330858 1330859 1330860 1330861 1339053 1334957 1339052 1334956 1337002 1339051 1334955
bot 275 277 65e8qmsr -2139027305 530392 52
owned 275 530392 530393 530394 530395 532443 528347 526299 526298 526297 526296 526295 526294 526293 526292 528340 530388 530389 530390 532438 532439 534487 534488 534489 534490 536537 536536 536535 536534 534486 534485 532437 532436 528341 524245 528342 524246 522198 522199 522200 522201 528343 524247 524248 524249 524250 532442 528346 532441 528345 530391 532440 528344
bot 276 278 furhe0mp 1722812567 501413 52
owned 276 501413 501414 501415 501416 503464 499368 497320 497319 497318 497317 497316 497315 497314 497313 499361 501409 501410 501411 503459 503460 505508 505509 505510 505511 507558 507557 507556 507555 505507 505506 503458 503457 499362 495266 499363 495267 493219 493220 493221 493222 499364 495268 495269 495270 495271 503463 499367 503462 499366 501412 503461 499365
bot 277 279 92npvjrt 1165988245 1980753 52
owned 277 1980753 1980754 1980755 1980756 1982804 1978708 1976660 1976659 1976658 1976657 1976656 1976655 1976654 1976653 1978701 1980749 1980750 1980751 1982799 1982800 1984848 1984849 1984850 1984851 1986898 1986897 1986896 1986895 1984847 1984846 1982798 1982797 1978702 1974606 1978703 1974607 1972559 1972560 1972561 1972562 1978704 1974608 1974609 1974610 1974611 1982803 1978707 1982802 1978706 1980752 1982801 1978705
bot 278 280 c56xdfdl -1969221818 1431543 52
owned 278 1431543 1431544 1431545 1431546 1433594 1429498 1427450 1427449 1427448 1427447 1427446 1427445 1427444 1427443 1429491 1431539 1431540 1431541 1433589 1433590 1435638 1435639 1435640 1435641 1437688 1437687 1437686 1437685 1435637 1435636 1433588 1433587 1429492 1425396 1429493 1425397 1423349 1423350 1423351 1423352 1429494 1425398 1425399 1425400 1425401 1433593 1429497 1433592 1429496 1431542 1433591 1429495
bot 279 281 jul4zb4e 561489496 2040866 52
owned 279 2040866 2040867 2040868 2040869 2042917 2038821 2036773 2036772 2036771 2036770 2036769 2036768 2036767 2036766 2038814 2040862 2040863 2040864 2042912 2042913 2044961 2044962 2044963 2044964 2047011 2047010 2047009 2047008 2044960 2044959 2042911 2042910 2038815 2034719 2038816 2034720 2032672 2032673 2032674 2032675 2038817 2034721 2034722 2034723 2034724 2042916 2038820 2042915 2038819 2040865 2042914 2038818
bot 280 282 mpuzdlvw 997570901 2088393 52
owned 280 2088393 2088394 2088395 2088396 2090444 2086348 2084300 2084299 2084298 2084297 2084296 2084295 2084294 2084293 2086341 2088389 2088390 2088391 2090439 2090440 2092488 2092489 2092490 2092491 2094538 2094537 2094536 2094535 2092487 2092486 2090438 2090437 2086342 2082246 2086343 2082247 2080199 2080200 2080201 2080202 2086344 2082248 2082249 2082250 2082251 2090443 2086347 2090442 2086346 2088392 2090441 2086345
bot 281 283 plrlx715 -2131230421 164691 52
owned 281 164691 164692 164693 164694 166742 162646 160598 160597 160596 160595 160594 160593 160592 160591 162639 164687 164688 164689 166737 166738 168786 168787 168788 168789 170836 170835 170834 170833 168785 168784 166736 166735 162640 158544 162641 158545 156497 156498 156499 156500 162642 158546 158547 158548 158549 166741 162645 166740 162644 164690 166739 162643
bot 282 284 yl9vsjpk 986070082 1656295 52
owned 282 1656295 1656296 1656297 1656298 1658346 1654250 1652202 1652201 1652200 1652199 1652198 1652197 1652196 1652195 1654243 1656291 1656292 1656293 1658341 1658342 1660390 1660391 1660392 1660393 1662440 1662439 1662438 1662437 1660389 1660388 1658340 1658339 1654244 1650148 1654245 1650149 1648101 1648102 1648103 1648104 1654246 1650150 1650151 1650152 1650153 1658345 1654249 1658344 1654248 1656294 1658343 1654247
bot 283 285 mkfgkn7r 408244129 1484384 52
owned 283 1484384 1484385 1484386 1484387 1486435 1482339 1480291 1480290 1480289 1480288 1480287 1480286 1480285 1480284 1482332 1484380 1484381 1484382 1486430 1486431 1488479 1488480 1488481 1488482 1490529 1490528 1490527 1490526 1488478 1488477 1486429 1486428 1482333 1478237 1482334 1478238 1476190 1476191 1476192 1476193 1482335 1478239 1478240 1478241 1478242 1486434 1482338 1486433 1482337 1484383 1486432 1482336
bot 284 286 v5nlafkw 1980026422 1522162 52
owned 284 1522162 1522163 1522164 1522165 1524213 1520117 1518069 1518068 1518067 1518066 1518065 1518064 1518063 1518062 1520110 1522158 1522159 1522160 1524208 1524209 1526257 1526258 1526259 1526260 1528307 1528306 1528305 1528304 1526256 1526255 1524207 1524206 1520111 1516015 1520112 1516016 1513968 1513969 1513970 1513971 1520113 1516017 1516018 1516019 1516020 1524212 1520116 1524211 1520115 1522161 1524210 1520114
bot 285 287 2p3gb961 1102687968 3704955 52
owned 285 3704955 3704956 3704957 3704958 3707006 3702910 3700862 3700861 3700860 3700859 3700858 3700857 3700856 3700855 3702903 3704951 3704952 3704953 3707001 3707002 3709050 3709051 3709052 3709053 3711100 3711099 3711098 3711097 3709049 3709048 3707000 3706999 3702904 3698808 3702905 3698809 3696761 3696762 3696763 3696764 3702906 3698810 3698811 3698812 3698813 3707005 3702909 3707004 3702908 3704954 3707003 3702907
bot 286 288 uc4jshlt 1527277285 2855240 52
owned 286 2855240 2855241 2855242 2855243 2857291 2853195 2851147 2851146 2851145 2851144 2851143 2851142 2851141 2851140 2853188 2855236 2855237 2855238 2857286 2857287 2859335 2859336 2859337 2859338 2861385 2861384 2861383 2861382 2859334 2859333 2857285 2857284 2853189 2849093 2853190 2849094 2847046 2847047 2847048 2847049 2853191 2849095 2849096 2849097 2849098 2857290 2853194 2857289 2853193 2855239 2857288 2853192
bot 287 289 6xdips73 1935311914 1037285 52
owned 287 1037285 1037286 1037287 1037288 1039336 1035240 1033192 1033191 1033190 1033189 1033188 1033187 1033186 1033185 1035233 1037281 1037282 1037283 1039331 1039332 1041380 1041381 1041382 1041383 1043430 1043429 1043428 1043427 1041379 1041378 1039330 1039329 1035234 1031138 1035235 1031139 1029091 1029092 1029093 1029094 1035236 1031140 1031141 1031142 1031143 1039335 1035239 1039334 1035238 1037284 1039333 1035237
bot 288 290 fqxqj0bu 2093449639 1764296 52
owned 288 1764296 1764297 1764298 1764299 1766347 1762251 1760203 1760202 1760201 1760200 1760199 1760198 1760197 1760196 1762244 1764292 1764293 1764294 1766342 1766343 1768391 1768392 1768393 1768394 1770441 1770440 1770439 1770438 1768390 1768389 1766341 1766340 1762245 1758149 1762246 1758150 1756102 1756103 1756104 1756105 1762247 1758151 1758152 1758153 1758154 1766346 1762250 1766345 1762249 1764295 1766344 1762248
bot 289 291 yen0iwte 1451215319 4136321 52
owned 289 4136321 4136322 4136323 4136324 4138372 4134276 4132228 4132227 4132226 4132225 4132224 4132223 4132222 4132221 4134269 4136317 4136318 4136319 4138367 4138368 4140416 4140417 4140418 4140419 4142466 4142465 4142464 4142463 4140415 4140414 4138366 4138365 4134270 4130174 4134271 4130175 4128127 4128128 4128129 4128130 4134272 4130176 4130177 4130178 4130179 4138371 4134275 4138370 4134274 4136320 4138369 4134273
bot 290 292 77ucsgzt -1988775040 2938866 52
owned 290 2938866 2938867 2938868 2938869 2940917 2936821 2934773 2934772 2934771 2934770 2934769 2934768 2934767 2934766 2936814 2938862 2938863 2938864 2940912 2940913 2942961 2942962 2942963 2942964 2945011 2945010 2945009 2945008 2942960 2942959 2940911 2940910 2936815 2932719 2936816 2932720 2930672 2930673 2930674 2930675 2936817 2932721 2932722 2932723 2932724 2940916 2936820 2940915 2936819 2938865 2940914 2936818
bot 291 293 4c1d18ro 626168222 4082226 52
owned 291 4082226 4082227 4082228 4082229 4084277 4080181 4078133 4078132 4078131 4078130 4078129 4078128 4078127 4078126 4080174 4082222 4082223 4082224 4084272 4084273 4086321 4086322 4086323 4086324 4088371 4088370 4088369 4088368 4086320 4086319 4084271 4084270 4080175 4076079 4080176 4076080 4074032 4074033 4074034 4074035 4080177 4076081 4076082 4076083 4076084 4084276 4080180 4084275 4080179 4082225 4084274 4080178
bot 292 294 bz5je7hx 1739532339 3116781 52
owned 292 3116781 3116782 3116783 3116784 3118832 3114736 3112688 3112687 3112686 3112685 3112684 3112683 3112682 3112681 3114729 3116777 3116778 3116779 3118827 3118828 3120876 3120877 3120878 3120879 3122926 3122925 3122924 3122923 3120875 3120874 3118826 3118825 3114730 3110634 3114731 3110635 3108587 3108588 3108589 3108590 3114732 3110636 3110637 3110638 3110639 3118831 3114735 3118830 3114734 3116780 3118829 3114733
bot 293 295 fn7ax8sx -1958728051 1115492 52
owned 293 1115492 1115493 1115494 1115495 1117543 1113447 1111399 1111398 1111397 1111396 1111395 1111394 1111393 1111392 1113440 1115488 1115489 1115490 1117538 1117539 1119587 1119588 1119589 1119590 1121637 1121636 1121635 1121634 1119586 1119585 1117537 1117536 1113441 1109345 1113442 1109346 1107298 1107299 1107300 1107301 1113443 1109347 1109348 1109349 1109350 1117542 1113446 1117541 1113445 1115491 1117540 1113444
bot 294 296 owdtos2u 1613878371 1878313 52
owned 294 1878313 1878314 1878315 1878316 1880364 1876268 1874220 1874219 1874218 1874217 1874216 1874215 1874214 1874213 1876261 1878309 1878310 1878311 1880359 1880360 1882408 1882409 1882410 1882411 1884458 1884457 1884456 1884455 1882407 1882406 1880358 1880357 1876262 1872166 1876263 1872167 1870119 1870120 1870121 1870122 1876264 1872168 1872169 1872170 1872171 1880363 1876267 1880362 1876266 1878312 1880361 1876265
bot 295 297 f33f3rln 1470202053 392720 52
owned 295 392720 392721 392722 392723 394771 390675 388627 388626 388625 388624 388623 388622 388621 388620 390668 392716 392717 392718 394766 394767 396815 396816 396817 396818 398865 398864 398863 398862 396814 396813 394765 394764 390669 386573 390670 386574 384526 384527 384528 384529 390671 386575 386576 386577 386578 394770 390674 394769 390673 392719 394768 390672
bot 296 298 shy7v4eo 333923945 3782805 52
owned 296 3782805 3782806 3782807 3782808 3784856 3780760 3778712 3778711 3778710 3778709 3778708 3778707 3778706 3778705 3780753 3782801 3782802 3782803 3784851 3784852 3786900 3786901 3786902 3786903 3788950 3788949 3788948 3788947 3786899 3786898 3784850 3784849 3780754 3776658 3780755 3776659 3774611 3774612 3774613 3774614 3780756 3776660 3776661 3776662 3776663 3784855 3780759 3784854 3780758 3782804 3784853 3780757
bot 297 299 qi05x4jp 728788965 790781 52
owned 297 790781 790782 790783 790784 792832 788736 786688 786687 786686 786685 786684 786683 786682 786681 788729 790777 790778 790779 792827 792828 794876 794877 794878 794879 796926 796925 796924 796923 794875 794874 792826 792825 788730 784634 788731 784635 782587 782588 782589 782590 788732 784636 784637 784638 784639 792831 788735 792830 788734 790780 792829 788733
bot 298 300 rtwhvg9g 417899862 3020023 52
owned 298 3020023 3020024 3020025 3020026 3022074 3017978 3015930 3015929 3015928 3015927 3015926 3015925 3015924 3015923 3017971 3020019 3020020 3020021 3022069 3022070 3024118 3024119 3024120 3024121 3026168 3026167 3026166 3026165 3024117 3024116 3022068 3022067 3017972 3013876 3017973 3013877 3011829 3011830 3011831 3011832 3017974 3013878 3013879 3013880 3013881 3022073 3017977 3022072 3017976 3020022 3022071 3017975
bot 299 301 xebmdu02 1260056271 2636268 52
owned 299 2636268 2636269 2636270 2636271 2638319 2634223 2632175 2632174 2632173 2632172 2632171 2632170 2632169 2632168 2634216 2636264 2636265 2636266 2638314 2638315 2640363 2640364 2640365 2640366 2642413 2642412 2642411 2642410 2640362 2640361 2638313 2638312 2634217 2630121 2634218 2630122 2628074 2628075 2628076 2628077 2634219 2630123 2630124 2630125 2630126 2638318 2634222 2638317 2634221 2636267 2638316 2634220
bot 300 302 minv0qzi 1572112624 917363 52
owned 300 917363 917364 917365 917366 919414 915318 913270 913269 913268 913267 913266 913265 913264 913263 915311 917359 917360 917361 919409 919410 921458 921459 921460 921461 923508 923507 923506 923505 921457 921456 919408 919407 915312 911216 915313 911217 909169 909170 909171 909172 915314 911218 911219 911220 911221 919413 915317 919412 915316 917362 919411 915315
bot 301 303 s3tsi6x9 231384593 2765795 52
owned 301 2765795 2765796 2765797 2765798 2767846 2763750 2761702 2761701 2761700 2761699 2761698 2761697 2761696 2761695 2763743 2765791 2765792 2765793 2767841 2767842 2769890 2769891 2769892 2769893 2771940 2771939 2771938 2771937 2769889 2769888 2767840 2767839 2763744 2759648 2763745 2759649 2757601 2757602 2757603 2757604 2763746 2759650 2759651 2759652 2759653 2767845 2763749 2767844 2763748 2765794 2767843 2763747
bot 302 304 k4ol3ovv 536339554 2423680 52
owned 302 2423680 2423681 2423682 2423683 2425731 2421635 2419587 2419586 2419585 2419584 2419583 2419582 2419581 2419580 2421628 2423676 2423677 2423678 2425726 2425727 2427775 2427776 2427777 2427778 2429825 2429824 2429823 2429822 2427774 2427773 2425725 2425724 2421629 2417533 2421630 2417534 2415486 2415487 2415488 2415489 2421631 2417535 2417536 2417537 2417538 2425730 2421634 2425729 2421633 2423679 2425728 2421632
bot 303 305 my4alddo 1935066024 149293 52
owned 303 149293 149294 149295 149296 151344 147248 145200 145199 145198 145197 145196 145195 145194 145193 147241 149289 149290 149291 151339 151340 153388 153389 153390 153391 155438 155437 155436 155435 153387 153386 151338 151337 147242 143146 147243 143147 141099 141100 141101 141102 147244 143148 143149 143150 143151 151343 147247 151342 147246 149292 151341 147245
bot 304 306 j2kjyzt1 573024905 3530442 52
owned 304 3530442 3530443 3530444 3530445 3532493 3528397 3526349 3526348 3526347 3526346 3526345 3526344 3526343 3526342 3528390 3530438 3530439 3530440 3532488 3532489 3534537 3534538 3534539 3534540 3536587 3536586 3536585 3536584 3534536 3534535 3532487 3532486 3528391 3524295 3528392 3524296 3522248 3522249 3522250 3522251 3528393 3524297 3524298 3524299 3524300 3532492 3528396 3532491 3528395 3530441 3532490 3528394
bot 305 307 x5ff4utp 1716176702 3868416 52
owned 305 3868416 3868417 3868418 3868419 3870467 3866371 3864323 3864322 3864321 3864320 3864319 3864318 3864317 3864316 3866364 3868412 3868413 3868414 3870462 3870463 3872511 3872512 3872513 3872514 3874561 3874560 3874559 3874558 3872510 3872509 3870461 3870460 3866365 3862269 3866366 3862270 3860222 3860223 3860224 3860225 3866367 3862271 3862272 3862273 3862274 3870466 3866370 3870465 3866369 3868415 3870464 3866368
bot 306 308 lokk2xdf -1934366033 1665718 52
owned 306 1665718 1665719 1665720 1665721 1667769 1663673 1661625 1661624 1661623 1661622 1661621 1661620 1661619 1661618 1663666 1665714 1665715 1665716 1667764 1667765 1669813 1669814 1669815 1669816 1671863 1671862 1671861 1671860 1669812 1669811 1667763 1667762 1663667 1659571 1663668 1659572 1657524 1657525 1657526 1657527 1663669 1659573 1659574 1659575 1659576 1667768 1663672 1667767 1663671 1665717 1667766 1663670
bot 307 309 sylg30cf 1985369573 1795170 52
owned 307 1795170 1795171 1795172 1795173 1797221 1793125 1791077 1791076 1791075 1791074 1791073 1791072 1791071 1791070 1793118 1795166 1795167 1795168 1797216 1797217 1799265 1799266 1799267 1799268 1801315 1801314 1801313 1801312 1799264 1799263 1797215 1797214 1793119 1789023 1793120 1789024 1786976 1786977 1786978 1786979 1793121 1789025 1789026 1789027 1789028 1797220 1793124 1797219 1793123 1795169 1797218 1793122
bot 308 310 sahbcu7b 2042478409 2080557 52
owned 308 2080557 2080558 2080559 2080560 2082608 2078512 2076464 2076463 2076462 2076461 2076460 2076459 2076458 2076457 2078505 2080553 2080554 2080555 2082603 2082604 2084652 2084653 2084654 2084655 2086702 2086701 2086700 2086699 2084651 2084650 2082602 2082601 2078506 2074410 2078507 2074411 2072363 2072364 2072365 2072366 2078508 2074412 2074413 2074414 2074415 2082607 2078511 2082606 2078510 2080556 2082605 2078509
bot 309 311 zuvsbbzm -1951051985 3330573 52
owned 309 3330573 3330574 3330575 3330576 3332624 3328528 3326480 3326479 3326478 3326477 3326476 3326475 3326474 3326473 3328521 3330569 3330570 3330571 3332619 3332620 3334668 3334669 3334670 3334671 3336718 3336717 3336716 3336715 3334667 3334666 3332618 3332617 3328522 3324426 3328523 3324427 3322379 3322380 3322381 3322382 3328524 3324428 3324429 3324430 3324431 3332623 3328527 3332622 3328526 3330572 3332621 3328525
bot 310 312 n4n57mjy 764300918 1186185 52
owned 310 1186185 1186186 1186187 1186188 1188236 1184140 1182092 1182091 1182090 1182089 1182088 1182087 1182086 1182085 1184133 1186181 1186182 1186183 1188231 1188232 1190280 1190281 1190282 1190283 1192330 1192329 1192328 1192327 1190279 1190278 1188230 1188229 1184134 1180038 1184135 1180039 1177991 1177992 1177993 1177994 1184136 1180040 1180041 1180042 1180043 1188235 1184139 1188234 1184138 1186184 1188233 1184137
bot 311 313 8s3w15kq 854902363 3347698 52
owned 311 3347698 3347699 3347700 3347701 3349749 3345653 3343605 3343604 3343603 3343602 3343601 3343600 3343599 3343598 3345646 3347694 3347695 3347696 3349744 3349745 3351793 3351794 3351795 3351796 3353843 3353842 3353841 3353840 3351792 3351791 3349743 3349742 3345647 3341551 3345648 3341552 3339504 3339505 3339506 3339507 3345649 3341553 3341554 3341555 3341556 3349748 3345652 3349747 3345651 3347697 3349746 3345650
bot 312 314 a6z0gp5d 1697973799 802052 52
owned 312 802052 802053 802054 802055 804103 800007 797959 797958 797957 797956 797955 797954 797953 797952 800000 802048 802049 802050 804098 804099 806147 806148 806149 806150 808197 808196 808195 808194 806146 806145 804097 804096 800001 795905 800002 795906 793858 793859 793860 793861 800003 795907 795908 795909 795910 804102 800006 804101 800005 802051 804100 800004
bot 313 315 momzwuew 564874533 1901288 52
owned 313 1901288 1901289 1901290 1901291 1903339 1899243 1897195 1897194 1897193 1897192 1897191 1897190 1897189 1897188 1899236 1901284 1901285 1901286 1903334 1903335 1905383 1905384 1905385 1905386 1907433 1907432 1907431 1907430 1905382 1905381 1903333 1903332 1899237 1895141 1899238 1895142 1893094 1893095 1893096 1893097 1899239 1895143 1895144 1895145 1895146 1903338 1899242 1903337 1899241 1901287 1903336 1899240
bot 314 316 swknlr19 256525071 1548921 52
owned 314 1548921 1548922 1548923 1548924 1550972 1546876 1544828 1544827 1544826 1544825 1544824 1544823 1544822 1544821 1546869 1548917 1548918 1548919 1550967 1550968 1553016 1553017 1553018 1553019 1555066 1555065 1555064 1555063 1553015 1553014 1550966 1550965 1546870 1542774 1546871 1542775 1540727 1540728 1540729 1540730 1546872 1542776 1542777 1542778 1542779 1550971 1546875 1550970 1546874 1548920 1550969 1546873
bot 315 317 68tli42a 1430218968 3374433 52
owned 315 3374433 3374434 3374435 3374436 3376484 3372388 3370340 3370339 3370338 3370337 3370336 3370335 3370334 3370333 3372381 3374429 3374430 3374431 3376479 3376480 3378528 3378529 3378530 3378531 3380578 3380577 3380576 3380575 3378527 3378526 3376478 3376477 3372382 3368286 3372383 3368287 3366239 3366240 3366241 3366242 3372384 3368288 3368289 3368290 3368291 3376483 3372387 3376482 3372386 3374432 3376481 3372385
bot 316 318 43wn7pvq -2111648082 3598780 52
owned 316 3598780 3598781 3598782 3598783 3600831 3596735 3594687 3594686 3594685 3594684 3594683 3594682 3594681 3594680 3596728 3598776 3598777 3598778 3600826 3600827 3602875 3602876 3602877 3602878 3604925 3604924 3604923 3604922 3602874 3602873 3600825 3600824 3596729 3592633 3596730 3592634 3590586 3590587 3590588 3590589 3596731 3592635 3592636 3592637 3592638 3600830 3596734 3600829 3596733 3598779 3600828 3596732
bot 317 319 ssod81st 1038582099 3813213 52
owned 317 3813213 3813214 3813215 3813216 3815264 3811168 3809120 3809119 3809118 3809117 3809116 3809115 3809114 3809113 3811161 3813209 3813210 3813211 3815259 3815260 3817308 3817309 3817310 3817311 3819358 3819357 3819356 3819355 3817307 3817306 3815258 3815257 3811162 3807066 3811163 3807067 3805019 3805020 3805021 3805022 3811164 3807068 3807069 3807070 3807071 3815263 3811167 3815262 3811166 3813212 3815261 3811165
bot 318 320 9fudx3o3 260867775 3105790 52
owned 318 3105790 3105791 3105792 3105793 3107841 3103745 3101697 3101696 3101695 3101694 3101693 3101692 3101691 3101690 3103738 3105786 3105787 3105788 3107836 3107837 3109885 3109886 3109887 3109888 3111935 3111934 3111933 3111932 3109884 3109883 3107835 3107834 3103739 3099643 3103740 3099644 3097596 3097597 3097598 3097599 3103741 3099645 3099646 3099647 3099648 3107840 3103744 3107839 3103743 3105789 3107838 3103742
bot 319 321 cm4ig7bz 505236139 606055 52
owned 319 606055 606056 606057 606058 608106 604010 601962 601961 601960 601959 601958 601957 601956 601955 604003 606051 606052 606053 608101 608102 610150 610151 610152 610153 612200 612199 612198 612197 610149 610148 608100 608099 604004 599908 604005 599909 597861 597862 597863 597864 604006 599910 599911 599912 599913 608105 604009 608104 604008 606054 608103 604007
bot 320 322 ajwm3pcu 572424594 1565003 52
owned 320 1565003 1565004 1565005 1565006 1567054 1562958 1560910 1560909 1560908 1560907 1560906 1560905 1560904 1560903 1562951 1564999 1565000 1565001 1567049 1567050 1569098 1569099 1569100 1569101 1571148 1571147 1571146 1571145 1569097 1569096 1567048 1567047 1562952 1558856 1562953 1558857 1556809 1556810 1556811 1556812 1562954 1558858 1558859 1558860 1558861 1567053 1562957 1567052 1562956 1565002 1567051 1562955
bot 321 323 wcn2fdks -1968654214 1266347 52
owned 321 1266347 1266348 1266349 1266350 1268398 1264302 1262254 1262253 1262252 1262251 1262250 1262249 1262248 1262247 1264295 1266343 1266344 1266345 1268393 1268394 1270442 1270443 1270444 1270445 1272492 1272491 1272490 1272489 1270441 1270440 1268392 1268391 1264296 1260200 1264297 1260201 1258153 1258154 1258155 1258156 1264298 1260202 1260203 1260204 1260205 1268397 1264301 1268396 1264300 1266346 1268395 1264299
bot 322 324 0a4r00hz 683703363 2928526 52
owned 322 2928526 2928527 2928528 2928529 2930577 2926481 2924433 2924432 2924431 2924430 2924429 2924428 2924427 2924426 2926474 2928522 2928523 2928524 2930572 2930573 2932621 2932622 2932623 2932624 2934671 2934670 2934669 2934668 2932620 2932619 2930571 2930570 2926475 2922379 2926476 2922380 2920332 2920333 2920334 2920335 2926477 2922381 2922382 2922383 2922384 2930576 2926480 2930575 2926479 2928525 2930574 2926478
bot 323 325 548y287t 1721499265 250302 52
owned 323 250302 250303 250304 250305 252353 248257 246209 246208 246207 246206 246205 246204 246203 246202 248250 250298 250299 250300 252348 252349 254397 254398 254399 254400 256447 256446 256445 256444 254396 254395 252347 252346 248251 244155 248252 244156 242108 242109 242110 242111 248253 244157 244158 244159 244160 252352 248256 252351 248255 250301 252350 248254
bot 324 326 rkqmpoqo 852974710 2522233 52
owned 324 2522233 2522234 2522235 2522236 2524284 2520188 2518140 2518139 2518138 2518137 2518136 2518135 2518134 2518133 2520181 2522229 2522230 2522231 2524279 2524280 2526328 2526329 2526330 2526331 2528378 2528377 2528376 2528375 2526327 2526326 2524278 2524277 2520182 2516086 2520183 2516087 2514039 2514040 2514041 2514042 2520184 2516088 2516089 2516090 2516091 2524283 2520187 2524282 2520186 2522232 2524281 2520185
bot 325 327 nrv83khf 259845800 1989274 52
owned 325 1989274 1989275 1989276 1989277 1991325 1987229 1985181 1985180 1985179 1985178 1985177 1985176 1985175 1985174 1987222 1989270 1989271 1989272 1991320 1991321 1993369 1993370 1993371 1993372 1995419 1995418 1995417 1995416 1993368 1993367 1991319 1991318 1987223 1983127 1987224 1983128 1981080 1981081 1981082 1981083 1987225 1983129 1983130 1983131 1983132 1991324 1987228 1991323 1987227 1989273 1991322 1987226
bot 326 328 00wyr0st 1151356229 3161805 52
owned 326 3161805 3161806 3161807 3161808 3163856 3159760 3157712 3157711 3157710 3157709 3157708 3157707 3157706 3157705 3159753 3161801 3161802 3161803 3163851 3163852 3165900 3165901 3165902 3165903 3167950 3167949 3167948 3167947 3165899 3165898 3163850 3163849 3159754 3155658 3159755 3155659 3153611 3153612 3153613 3153614 3159756 3155660 3155661 3155662 3155663 3163855 3159759 3163854 3159758 3161804 3163853 3159757
bot 327 329 dhvz0u2j 732311231 937044 52
owned 327 937044 937045 937046 937047 939095 934999 932951 932950 932949 932948 932947 932946 932945 932944 934992 937040 937041 937042 939090 939091 941139 941140 941141 941142 943189 943188 943187 943186 941138 941137 939089 939088 934993 930897 934994 930898 928850 928851 928852 928853 934995 930899 930900 930901 930902 939094 934998 939093 934997 937043 939092 934996
bot 328 330 87uy1srx 674084857 2253725 52
owned 328 2253725 2253726 2253727 2253728 2255776 2251680 2249632 2249631 2249630 2249629 2249628 2249627 2249626 2249625 2251673 2253721 2253722 2253723 2255771 2255772 2257820 2257821 2257822 2257823 2259870 2259869 2259868 2259867 2257819 2257818 2255770 2255769 2251674 2247578 2251675 2247579 2245531 2245532 2245533 2245534 2251676 2247580 2247581 2247582 2247583 2255775 2251679 2255774 2251678 2253724 2255773 2251677
bot 329 331 26wgkglj 1355285106 814942 52
owned 329 814942 814943 814944 814945 816993 812897 810849 810848 810847 810846 810845 810844 810843 810842 812890 814938 814939 814940 816988 816989 819037 819038 819039 819040 821087 821086 821085 821084 819036 819035 816987 816986 812891 808795 812892 808796 806748 806749 806750 806751 812893 808797 808798 808799 808800 816992 812896 816991 812895 814941 816990 812894
bot 330 332 s4otxlhb 977164344 278500 52
owned 330 278500 278501 278502 278503 280551 276455 274407 274406 274405 274404 274403 274402 274401 274400 276448 278496 278497 278498 280546 280547 282595 282596 282597 282598 284645 284644 284643 284642 282594 282593 280545 280544 276449 272353 276450 272354 270306 270307 270308 270309 276451 272355 272356 272357 272358 280550 276454 280549 276453 278499 280548 276452
bot 331 333 65ikynwk 1994084410 3058922 52
owned 331 3058922 3058923 3058924 3058925 3060973 3056877 3054829 3054828 3054827 3054826 3054825 3054824 3054823 3054822 3056870 3058918 3058919 3058920 3060968 3060969 3063017 3063018 3063019 3063020 3065067 3065066 3065065 3065064 3063016 3063015 3060967 3060966 3056871 3052775 3056872 3052776 3050728 3050729 3050730 3050731 3056873 3052777 3052778 3052779 3052780 3060972 3056876 3060971 3056875 3058921 3060970 3056874
bot 332 334 goxpy54y 2126119939 3990793 52
owned 332 3990793 3990794 3990795 3990796 3992844 3988748 3986700 3986699 3986698 3986697 3986696 3986695 3986694 3986693 3988741 3990789 3990790 3990791 3992839 3992840 3994888 3994889 3994890 3994891 3996938 3996937 3996936 3996935 3994887 3994886 3992838 3992837 3988742 3984646 3988743 3984647 3982599 3982600 3982601 3982602 3988744 3984648 3984649 3984650 3984651 3992843 3988747 3992842 3988746 3990792 3992841 3988745
bot 333 335 etvrjl78 1230027446 2575925 52
owned 333 2575925 2575926 2575927 2575928 2577976 2573880 2571832 2571831 2571830 2571829 2571828 2571827 2571826 2571825 2573873 2575921 2575922 2575923 2577971 2577972 2580020 2580021 2580022 2580023 2582070 2582069 2582068 2582067 2580019 2580018 2577970 2577969 2573874 2569778 2573875 2569779 2567731 2567732 2567733 2567734 2573876 2569780 2569781 2569782 2569783 2577975 2573879 2577974 2573878 2575924 2577973 2573877
bot 334 336 y58lji80 -2145784821 3214918 52
owned 334 3214918 3214919 3214920 3214921 3216969 3212873 3210825 3210824 3210823 3210822 3210821 3210820 3210819 3210818 3212866 3214914 3214915 3214916 3216964 3216965 3219013 3219014 3219015 3219016 3221063 3221062 3221061 3221060 3219012 3219011 3216963 3216962 3212867 3208771 3212868 3208772 3206724 3206725 3206726 3206727 3212869 3208773 3208774 3208775 3208776 3216968 3212872 3216967 3212871 3214917 3216966 3212870
bot 335 337 13dy28ag 715856935 3311396 52
owned 335 3311396 3311397 3311398 3311399 3313447 3309351 3307303 3307302 3307301 3307300 3307299 3307298 3307297 3307296 3309344 3311392 3311393 3311394 3313442 3313443 3315491 3315492 3315493 3315494 3317541 3317540 3317539 3317538 3315490 3315489 3313441 3313440 3309345 3305249 3309346 3305250 3303202 3303203 3303204 3303205 3309347 3305251 3305252 3305253 3305254 3313446 3309350 3313445 3309349 3311395 3313444 3309348
bot 336 338 0dg1h5h5 914428748 1425639 52
owned 336 1425639 1425640 1425641 1425642 1427690 1423594 1421546 1421545 1421544 1421543 1421542 1421541 1421540 1421539 1423587 1425635 1425636 1425637 1427685 1427686 1429734 1429735 1429736 1429737 1431784 1431783 1431782 1431781 1429733 1429732 1427684 1427683 1423588 1419492 1423589 1419493 1417445 1417446 1417447 1417448 1423590 1419494 1419495 1419496 1419497 1427689 1423593 1427688 1423592 1425638 1427687 1423591
bot 337 339 e9ncqhcw -1999150320 7839 48
owned 337 7839 7840 7841 7842 9890 5794 3746 3745 3744 3743 3742 3741 3740 3739 5787 7835 7836 7837 9885 9886 11934 11935 11936 11937 13984 13983 13982 13981 11933 11932 9884 9883 5788 1692 5789 1693 5790 1694 1695 1696 1697 9889 5793 9888 5792 7838 9887 5791
bot 338 340 uhxjrdbv 1124873273 3593091 52
owned 338 3593091 3593092 3593093 3593094 3595142 3591046 3588998 3588997 3588996 3588995 3588994 3588993 3588992 3588991 3591039 3593087 3593088 3593089 3595137 3595138 3597186 3597187 3597188 3597189 3599236 3599235 3599234 3599233 3597185 3597184 3595136 3595135 3591040 3586944 3591041 3586945 3584897 3584898 3584899 3584900 3591042 3586946 3586947 3586948 3586949 3595141 3591045 3595140 3591044 3593090 3595139 3591043
bot 339 341 gv359a4k -2054642316 284480 52
owned 339 284480 284481 284482 284483 286531 282435 280387 280386 280385 280384 280383 280382 280381 280380 282428 284476 284477 284478 286526 286527 288575 288576 288577 288578 290625 290624 290623 290622 288574 288573 286525 286524 282429 278333 282430 278334 276286 276287 276288 276289 282431 278335 278336 278337 278338 286530 282434 286529 282433 284479 286528 282432
bot 340 342 p4ehczm2 700767873 974974 52
owned 340 974974 974975 974976 974977 977025 972929 970881 970880 970879 970878 970877 970876 970875 970874 972922 974970 974971 974972 977020 977021 979069 979070 979071 979072 981119 981118 981117 981116 979068 979067 977019 977018 972923 968827 972924 968828 966780 966781 966782 966783 972925 968829 968830 968831 968832 977024 972928 977023 972927 974973 977022 972926
bot 341 343 p2xbynef 1936718818 148275 52
owned 341 148275 148276 148277 148278 150326 146230 144182 144181 144180 144179 144178 144177 144176 144175 146223 148271 148272 148273 150321 150322 152370 152371 152372 152373 154420 154419 154418 154417 152369 152368 150320 150319 146224 142128 146225 142129 140081 140082 140083 140084 146226 142130 142131 142132 142133 150325 146229 150324 146228 148274 150323 146227
bot 342 344 co561w2j -2034742929 1148340 52
owned 342 1148340 1148341 1148342 1148343 1150391 1146295 1144247 1144246 1144245 1144244 1144243 1144242 1144241 1144240 1146288 1148336 1148337 1148338 1150386 1150387 1152435 1152436 1152437 1152438 1154485 1154484 1154483 1154482 1152434 1152433 1150385 1150384 1146289 1142193 1146290 1142194 1140146 1140147 1140148 1140149 1146291 1142195 1142196 1142197 1142198 1150390 1146294 1150389 1146293 1148339 1150388 1146292
bot 343 345 wz0zkd1s 890788124 2658028 52
owned 343 2658028 2658029 2658030 2658031 2660079 2655983 2653935 2653934 2653933 2653932 2653931 2653930 2653929 2653928 2655976 2658024 2658025 2658026 2660074 2660075 2662123 2662124 2662125 2662126 2664173 2664172 2664171 2664170 2662122 2662121 2660073 2660072 2655977 2651881 2655978 2651882 2649834 2649835 2649836 2649837 2655979 2651883 2651884 2651885 2651886 2660078 2655982 2660077 2655981 2658027 2660076 2655980
bot 344 346 m7jnfagf 1623514252 90167 52
owned 344 90167 90168 90169 90170 92218 88122 86074 86073 86072 86071 86070 86069 86068 86067 88115 90163 90164 90165 92213 92214 94262 94263 94264 94265 96312 96311 96310 96309 94261 94260 92212 92211 88116 84020 88117 84021 81973 81974 81975 81976 88118 84022 84023 84024 84025 92217 88121 92216 88120 90166 92215 88119
bot 345 347 rq439wc6 365026933 3457161 52
owned 345 3457161 3457162 3457163 3457164 3459212 3455116 3453068 3453067 3453066 3453065 3453064 3453063 3453062 3453061 3455109 3457157 3457158 3457159 3459207 3459208 3461256 3461257 3461258 3461259 3463306 3463305 3463304 3463303 3461255 3461254 3459206 3459205 3455110 3451014 3455111 3451015 3448967 3448968 3448969 3448970 3455112 3451016 3451017 3451018 3451019 3459211 3455115 3459210 3455114 3457160 3459209 3455113
bot 346 348 lkklizjr 1633332011 3642460 52
owned 346 3642460 3642461 3642462 3642463 3644511 3640415 3638367 3638366 3638365 3638364 3638363 3638362 3638361 3638360 3640408 3642456 3642457 3642458 3644506 3644507 3646555 3646556 3646557 3646558 3648605 3648604 3648603 3648602 3646554 3646553 3644505 3644504 3640409 3636313 3640410 3636314 3634266 3634267 3634268 3634269 3640411 3636315 3636316 3636317 3636318 3644510 3640414 3644509 3640413 3642459 3644508 3640412
bot 347 349 2uyam605 1485169917 28935 52
owned 347 28935 28936 28937 28938 30986 26890 24842 24841 24840 24839 24838 24837 24836 24835 26883 28931 28932 28933 30981 30982 33030 33031 33032 33033 35080 35079 35078 35077 33029 33028 30980 30979 26884 22788 26885 22789 20741 20742 20743 20744 26886 22790 22791 22792 22793 30985 26889 30984 26888 28934 30983 26887
bot 348 350 er3wo1bg 623509388 809450 52
owned 348 809450 809451 809452 809453 811501 807405 805357 805356 805355 805354 805353 805352 805351 805350 807398 809446 809447 809448 811496 811497 813545 813546 813547 813548 815595 815594 815593 815592 813544 813543 811495 811494 807399 803303 807400 803304 801256 801257 801258 801259 807401 803305 803306 803307 803308 811500 807404 811499 807403 809449 811498 807402
bot 349 351 ezt35u0l 316983220 3390143 52
owned 349 3390143 3390144 3390145 3390146 3392194 3388098 3386050 3386049 3386048 3386047 3386046 3386045 3386044 3386043 3388091 3390139 3390140 3390141 3392189 3392190 3394238 3394239 3394240 3394241 3396288 3396287 3396286 3396285 3394237 3394236 3392188 3392187 3388092 3383996 3388093 3383997 3381949 3381950 3381951 3381952 3388094 3383998 3383999 3384000 3384001 3392193 3388097 3392192 3388096 3390142 3392191 3388095
bot 350 352 593d2qcb 1741431729 2803946 52
owned 350 2803946 2803947 2803948 2803949 2805997 2801901 2799853 2799852 2799851 2799850 2799849 2799848 2799847 2799846 2801894 2803942 2803943 2803944 2805992 2805993 2808041 2808042 2808043 2808044 2810091 2810090 2810089 2810088 2808040 2808039 2805991 2805990 2801895 2797799 2801896 2797800 2795752 2795753 2795754 2795755 2801897 2797801 2797802 2797803 2797804 2805996 2801900 2805995 2801899 2803945 2805994 2801898
bot 351 353 y51cphtm 1940646435 3557694 52
owned 351 3557694 3557695 3557696 3557697 3559745 3555649 3553601 3553600 3553599 3553598 3553597 3553596 3553595 3553594 3555642 3557690 3557691 3557692 3559740 3559741 3561789 3561790 3561791 3561792 3563839 3563838 3563837 3563836 3561788 3561787 3559739 3559738 3555643 3551547 3555644 3551548 3549500 3549501 3549502 3549503 3555645 3551549 3551550 3551551 3551552 3559744 3555648 3559743 3555647 3557693 3559742 3555646
bot 352 354 g94go6fd 467100538 3288197 52
owned 352 3288197 3288198 3288199 3288200 3290248 3286152 3284104 3284103 3284102 3284101 3284100 3284099 3284098 3284097 3286145 3288193 3288194 3288195 3290243 3290244 3292292 3292293 3292294 3292295 3294342 3294341 3294340 3294339 3292291 3292290 3290242 3290241 3286146 3282050 3286147 3282051 3280003 3280004 3280005 3280006 3286148 3282052 3282053 3282054 3282055 3290247 3286151 3290246 3286150 3288196 3290245 3286149
bot 353 355 9ksqwgqt 358186663 3109386 52
owned 353 3109386 3109387 3109388 3109389 3111437 3107341 3105293 3105292 3105291 3105290 3105289 3105288 3105287 3105286 3107334 3109382 3109383 3109384 3111432 3111433 3113481 3113482 3113483 3113484 3115531 3115530 3115529 3115528 3113480 3113479 3111431 3111430 3107335 3103239 3107336 3103240 3101192 3101193 3101194 3101195 3107337 3103241 3103242 3103243 3103244 3111436 3107340 3111435 3107339 3109385 3111434 3107338
bot 354 356 ykirk4lg 503358949 3121725 52
owned 354 3121725 3121726 3121727 3121728 3123776 3119680 3117632 3117631 3117630 3117629 3117628 3117627 3117626 3117625 3119673 3121721 3121722 3121723 3123771 3123772 3125820 3125821 3125822 3125823 3127870 3127869 3127868 3127867 3125819 3125818 3123770 3123769 3119674 3115578 3119675 3115579 3113531 3113532 3113533 3113534 3119676 3115580 3115581 3115582 3115583 3123775 3119679 3123774 3119678 3121724 3123773 3119677
bot 355 357 jurxvo26 327021942 2932166 52
owned 355 2932166 2932167 2932168 2932169 2934217 2930121 2928073 2928072 2928071 2928070 2928069 2928068 2928067 2928066 2930114 2932162 2932163 2932164 2934212 2934213 2936261 2936262 2936263 2936264 2938311 2938310 2938309 2938308 2936260 2936259 2934211 2934210 2930115 2926019 2930116 2926020 2923972 2923973 2923974 2923975 2930117 2926021 2926022 2926023 2926024 2934216 2930120 2934215 2930119 2932165 2934214 2930118
bot 356 358 to8bcohn 1951234907 2432658 52
owned 356 2432658 2432659 2432660 2432661 2434709 2430613 2428565 2428564 2428563 2428562 2428561 2428560 2428559 2428558 2430606 2432654 2432655 2432656 2434704 2434705 2436753 2436754 2436755 2436756 2438803 2438802 2438801 2438800 2436752 2436751 2434703 2434702 2430607 2426511 2430608 2426512 2424464 2424465 2424466 2424467 2430609 2426513 2426514 2426515 2426516 2434708 2430612 2434707 2430611 2432657 2434706 2430610
bot 357 359 ensatih4 -1933594292 1620162 52
owned 357 1620162 1620163 1620164 1620165 1622213 1618117 1616069 1616068 1616067 1616066 1616065 1616064 1616063 1616062 1618110 1620158 1620159 1620160 1622208 1622209 1624257 1624258 1624259 1624260 1626307 1626306 1626305 1626304 1624256 1624255 1622207 1622206 1618111 1614015 1618112 1614016 1611968 1611969 1611970 1611971 1618113 1614017 1614018 1614019 1614020 1622212 1618116 1622211 1618115 1620161 1622210 1618114
bot 358 360 nbbu08hb 2091389435 3547182 52
owned 358 3547182 3547183 3547184 3547185 3549233 3545137 3543089 3543088 3543087 3543086 3543085 3543084 3543083 3543082 3545130 3547178 3547179 3547180 3549228 3549229 3551277 3551278 3551279 3551280 3553327 3553326 3553325 3553324 3551276 3551275 3549227 3549226 3545131 3541035 3545132 3541036 3538988 3538989 3538990 3538991 3545133 3541037 3541038 3541039 3541040 3549232 3545136 3549231 3545135 3547181 3549230 3545134
bot 359 361 rxlhv8ic 1088499750 1322129 52
owned 359 1322129 1322130 1322131 1322132 1324180 1320084 1318036 1318035 1318034 1318033 1318032 1318031 1318030 1318029 1320077 1322125 1322126 1322127 1324175 1324176 1326224 1326225 1326226 1326227 1328274 1328273 1328272 1328271 1326223 1326222 1324174 1324173 1320078 1315982 1320079 1315983 1313935 1313936 1313937 1313938 1320080 1315984 1315985 1315986 1315987 1324179 1320083 1324178 1320082 1322128 1324177 1320081
bot 360 362 aiowrq52 979483480 3552506 52
owned 360 3552506 3552507 3552508 3552509 3554557 3550461 3548413 3548412 3548411 3548410 3548409 3548408 3548407 3548406 3550454 3552502 3552503 3552504 3554552 3554553 3556601 3556602 3556603 3556604 3558651 3558650 3558649 3558648 3556600 3556599 3554551 3554550 3550455 3546359 3550456 3546360 3544312 3544313 3544314 3544315 3550457 3546361 3546362 3546363 3546364 3554556 3550460 3554555 3550459 3552505 3554554 3550458
bot 361 363 bo94our7 631930647 3047868 52
owned 361 3047868 3047869 3047870 3047871 3049919 3045823 3043775 3043774 3043773 3043772 3043771 3043770 3043769 3043768 3045816 3047864 3047865 3047866 3049914 3049915 3051963 3051964 3051965 3051966 3054013 3054012 3054011 3054010 3051962 3051961 3049913 3049912 3045817 3041721 3045818 3041722 3039674 3039675 3039676 3039677 3045819 3041723 3041724 3041725 3041726 3049918 3045822 3049917 3045821 3047867 3049916 3045820
bot 362 364 jxqkb7y6 2000760554 2092521 52
owned 362 2092521 2092522 2092523 2092524 2094572 2090476 2088428 2088427 2088426 2088425 2088424 2088423 2088422 2088421 2090469 2092517 2092518 2092519 2094567 2094568 2096616 2096617 2096618 2096619 2098666 2098665 2098664 2098663 2096615 2096614 2094566 2094565 2090470 2086374 2090471 2086375 2084327 2084328 2084329 2084330 2090472 2086376 2086377 2086378 2086379 2094571 2090475 2094570 2090474 2092520 2094569 2090473
bot 363 365 ikezntfk 2015951718 2862484 52
owned 363 2862484 2862485 2862486 2862487 2864535 2860439 2858391 2858390 2858389 2858388 2858387 2858386 2858385 2858384 2860432 2862480 2862481 2862482 2864530 2864531 2866579 2866580 2866581 2866582 2868629 2868628 2868627 2868626 2866578 2866577 2864529 2864528 2860433 2856337 2860434 2856338 2854290 2854291 2854292 2854293 2860435 2856339 2856340 2856341 2856342 2864534 2860438 2864533 2860437 2862483 2864532 2860436
bot 364 366 j4e63dwu 2126127918 3321607 52
owned 364 3321607 3321608 3321609 3321610 3323658 3319562 3317514 3317513 3317512 3317511 3317510 3317509 3317508 3317507 3319555 3321603 3321604 3321605 3323653 3323654 3325702 3325703 3325704 3325705 3327752 3327751 3327750 3327749 3325701 3325700 3323652 3323651 3319556 3315460 3319557 3315461 3313413 3313414 3313415 3313416 3319558 3315462 3315463 3315464 3315465 3323657 3319561 3323656 3319560 3321606 3323655 3319559
bot 365 367 t0b9mavx 1703527259 3217797 52
owned 365 3217797 3217798 3217799 3217800 3219848 3215752 3213704 3213703 3213702 3213701 3213700 3213699 3213698 3213697 3215745 3217793 3217794 3217795 3219843 3219844 3221892 3221893 3221894 3221895 3223942 3223941 3223940 3223939 3221891 3221890 3219842 3219841 3215746 3211650 3215747 3211651 3209603 3209604 3209605 3209606 3215748 3211652 3211653 3211654 3211655 3219847 3215751 3219846 3215750 3217796 3219845 3215749
bot 366 368 bu0hz5bz 1452611938 667655 52
owned 366 667655 667656 667657 667658 669706 665610 663562 663561 663560 663559 663558 663557 663556 663555 665603 667651 667652 667653 669701 669702 671750 671751 671752 671753 673800 673799 673798 673797 671749 671748 669700 669699 665604 661508 665605 661509 659461 659462 659463 659464 665606 661510 661511 661512 661513 669705 665609 669704 665608 667654 669703 665607
bot 367 369 368l6a1p 1297490021 2727746 52
owned 367 2727746 2727747 2727748 2727749 2729797 2725701 2723653 2723652 2723651 2723650 2723649 2723648 2723647 2723646 2725694 2727742 2727743 2727744 2729792 2729793 2731841 2731842 2731843 2731844 2733891 2733890 2733889 2733888 2731840 2731839 2729791 2729790 2725695 2721599 2725696 2721600 2719552 2719553 2719554 2719555 2725697 2721601 2721602 2721603 2721604 2729796 2725700 2729795 2725699 2727745 2729794 2725698
bot 368 370 6cr9h8xa 833789937 1739009 52
owned 368 1739009 1739010 1739011 1739012 1741060 1736964 1734916 1734915 1734914 1734913 1734912 1734911 1734910 1734909 1736957 1739005 1739006 1739007 1741055 1741056 1743104 1743105 1743106 1743107 1745154 1745153 1745152 1745151 1743103 1743102 1741054 1741053 1736958 1732862 1736959 1732863 1730815 1730816 1730817 1730818 1736960 1732864 1732865 1732866 1732867 1741059 1736963 1741058 1736962 1739008 1741057 1736961
bot 369 371 8y4zfq0g 654669581 1615779 52
owned 369 1615779 1615780 1615781 1615782 1617830 1613734 1611686 1611685 1611684 1611683 1611682 1611681 1611680 1611679 1613727 1615775 1615776 1615777 1617825 1617826 1619874 1619875 1619876 1619877 1621924 1621923 1621922 1621921 1619873 1619872 1617824 1617823 1613728 1609632 1613729 1609633 1607585 1607586 1607587 1607588 1613730 1609634 1609635 1609636 1609637 1617829 1613733 1617828 1613732 1615778 1617827 1613731
bot 370 372 tz0sezi7 1830872408 3631831 52
owned 370 3631831 3631832 3631833 3631834 3633882 3629786 3627738 3627737 3627736 3627735 3627734 3627733 3627732 3627731 3629779 3631827 3631828 3631829 3633877 3633878 3635926 3635927 3635928 3635929 3637976 3637975 3637974 3637973 3635925 3635924 3633876 3633875 3629780 3625684 3629781 3625685 3623637 3623638 3623639 3623640 3629782 3625686 3625687 3625688 3625689 3633881 3629785 3633880 3629784 3631830 3633879 3629783
bot 371 373 dazr70tn -2096114292 2781169 52
owned 371 2781169 2781170 2781171 2781172 2783220 2779124 2777076 2777075 2777074 2777073 2777072 2777071 2777070 2777069 2779117 2781165 2781166 2781167 2783215 2783216 2785264 2785265 2785266 2785267 2787314 2787313 2787312 2787311 2785263 2785262 2783214 2783213 2779118 2775022 2779119 2775023 2772975 2772976 2772977 2772978 2779120 2775024 2775025 2775026 2775027 2783219 2779123 2783218 2779122 2781168 2783217 2779121
bot 372 374 tx1pjsyg 1161571582 2716824 52
owned 372 2716824 2716825 2716826 2716827 2718875 2714779 2712731 2712730 2712729 2712728 2712727 2712726 2712725 2712724 2714772 2716820 2716821 2716822 2718870 2718871 2720919 2720920 2720921 2720922 2722969 2722968 2722967 2722966 2720918 2720917 2718869 2718868 2714773 2710677 2714774 2710678 2708630 2708631 2708632 2708633 2714775 2710679 2710680 2710681 2710682 2718874 2714778 2718873 2714777 2716823 2718872 2714776
bot 373 375 ndjtlp8r 360050114 1733670 52
owned 373 1733670 1733671 1733672 1733673 1735721 1731625 1729577 1729576 1729575 1729574 1729573 1729572 1729571 1729570 1731618 1733666 1733667 1733668 1735716 1735717 1737765 1737766 1737767 1737768 1739815 1739814 1739813 1739812 1737764 1737763 1735715 1735714 1731619 1727523 1731620 1727524 1725476 1725477 1725478 1725479 1731621 1727525 1727526 1727527 1727528 1735720 1731624 1735719 1731623 1733669 1735718 1731622
bot 374 376 bsklet6g 1369852118 2765703 52
owned 374 2765703 2765704 2765705 2765706 2767754 2763658 2761610 2761609 2761608 2761607 2761606 2761605 2761604 2761603 2763651 2765699 2765700 2765701 2767749 2767750 2769798 2769799 2769800 2769801 2771848 2771847 2771846 2771845 2769797 2769796 2767748 2767747 2763652 2759556 2763653 2759557 2757509 2757510 2757511 2757512 2763654 2759558 2759559 2759560 2759561 2767753 2763657 2767752 2763656 2765702 2767751 2763655
bot 375 377 hsozrzu4 1376829607 2618494 52
owned 375 2618494 2618495 2618496 2618497 2620545 2616449 2614401 2614400 2614399 2614398 2614397 2614396 2614395 2614394 2616442 2618490 2618491 2618492 2620540 2620541 2622589 2622590 2622591 2622592 2624639 2624638 2624637 2624636 2622588 2622587 2620539 2620538 2616443 2612347 2616444 2612348 2610300 2610301 2610302 2610303 2616445 2612349 2612350 2612351 2612352 2620544 2616448 2620543 2616447 2618493 2620542 2616446
bot 376 378 otmybkm3 1233228612 1342226 52
owned 376 1342226 1342227 1342228 1342229 1344277 1340181 1338133 1338132 1338131 1338130 1338129 1338128 1338127 1338126 1340174 1342222 1342223 1342224 1344272 1344273 1346321 1346322 1346323 1346324 1348371 1348370 1348369 1348368 1346320 1346319 1344271 1344270 1340175 1336079 1340176 1336080 1334032 1334033 1334034 1334035 1340177 1336081 1336082 1336083 1336084 1344276 1340180 1344275 1340179 1342225 1344274 1340178
bot 377 379 yfm1nyqy 591266464 2763590 52
owned 377 2763590 2763591 2763592 2763593 2765641 2761545 2759497 2759496 2759495 2759494 2759493 2759492 2759491 2759490 2761538 2763586 2763587 2763588 2765636 2765637 2767685 2767686 2767687 2767688 2769735 2769734 2769733 2769732 2767684 2767683 2765635 2765634 2761539 2757443 2761540 2757444 2755396 2755397 2755398 2755399 2761541 2757445 2757446 2757447 2757448 2765640 2761544 2765639 2761543 2763589 2765638 2761542
bot 378 380 kr6ytu3l 1777848072 2622632 52
owned 378 2622632 2622633 2622634 2622635 2624683 2620587 2618539 2618538 2618537 2618536 2618535 2618534 2618533 2618532 2620580 2622628 2622629 2622630 2624678 2624679 2626727 2626728 2626729 2626730 2628777 2628776 2628775 2628774 2626726 2626725 2624677 2624676 2620581 2616485 2620582 2616486 2614438 2614439 2614440 2614441 2620583 2616487 2616488 2616489 2616490 2624682 2620586 2624681 2620585 2622631 2624680 2620584
bot 379 381 3pagyfng -1957793541 1658968 52
owned 379 1658968 1658969 1658970 1658971 1661019 1656923 1654875 1654874 1654873 1654872 1654871 1654870 1654869 1654868 1656916 1658964 1658965 1658966 1661014 1661015 1663063 1663064 1663065 1663066 1665113 1665112 1665111 1665110 1663062 1663061 1661013 1661012 1656917 1652821 1656918 1652822 1650774 1650775 1650776 1650777 1656919 1652823 1652824 1652825 1652826 1661018 1656922 1661017 1656921 1658967 1661016 1656920
bot 380 382 w1mobjvk 928394557 1606042 52
owned 380 1606042 1606043 1606044 1606045 1608093 1603997 1601949 1601948 1601947 1601946 1601945 1601944 1601943 1601942 1603990 1606038 1606039 1606040 1608088 1608089 1610137 1610138 1610139 1610140 1612187 1612186 1612185 1612184 1610136 1610135 1608087 1608086 1603991 1599895 1603992 1599896 1597848 1597849 1597850 1597851 1603993 1599897 1599898 1599899 1599900 1608092 1603996 1608091 1603995 1606041 1608090 1603994
bot 381 383 xm7i5x3m 1912476288 1835731 52
owned 381 1835731 1835732 1835733 1835734 1837782 1833686 1831638 1831637 1831636 1831635 1831634 1831633 1831632 1831631 1833679 1835727 1835728 1835729 1837777 1837778 1839826 1839827 1839828 1839829 1841876 1841875 1841874 1841873 1839825 1839824 1837776 1837775 1833680 1829584 1833681 1829585 1827537 1827538 1827539 1827540 1833682 1829586 1829587 1829588 1829589 1837781 1833685 1837780 1833684 1835730 1837779 1833683
bot 382 384 8u02tf2g 1219018602 769632 52
owned 382 769632 769633 769634 769635 771683 767587 765539 765538 765537 765536 765535 765534 765533 765532 767580 769628 769629 769630 771678 771679 773727 773728 773729 773730 775777 775776 775775 775774 773726 773725 771677 771676 767581 763485 767582 763486 761438 761439 761440 761441 767583 763487 763488 763489 763490 771682 767586 771681 767585 769631 771680 767584
bot 383 385 lp6sri88 1740038908 4049820 52
owned 383 4049820 4049821 4049822 4049823 4051871 4047775 4045727 4045726 4045725 4045724 4045723 4045722 4045721 4045720 4047768 4049816 4049817 4049818 4051866 4051867 4053915 4053916 4053917 4053918 4055965 4055964 4055963 4055962 4053914 4053913 4051865 4051864 4047769 4043673 4047770 4043674 4041626 4041627 4041628 4041629 4047771 4043675 4043676 4043677 4043678 4051870 4047774 4051869 4047773 4049819 4051868 4047772
bot 384 386 sb1tap3p 1371937666 3465826 52
owned 384 3465826 3465827 3465828 3465829 3467877 3463781 3461733 3461732 3461731 3461730 3461729 3461728 3461727 3461726 3463774 3465822 3465823 3465824 3467872 3467873 3469921 3469922 3469923 3469924 3471971 3471970 3471969 3471968 3469920 3469919 3467871 3467870 3463775 3459679 3463776 3459680 3457632 3457633 3457634 3457635 3463777 3459681 3459682 3459683 3459684 3467876 3463780 3467875 3463779 3465825 3467874 3463778
bot 385 387 mv01333k 463202082 3855119 52
owned 385 3855119 3855120 3855121 3855122 3857170 3853074 3851026 3851025 3851024 3851023 3851022 3851021 3851020 3851019 3853067 3855115 3855116 3855117 3857165 3857166 3859214 3859215 3859216 3859217 3861264 3861263 3861262 3861261 3859213 3859212 3857164 3857163 3853068 3848972 3853069 3848973 3846925 3846926 3846927 3846928 3853070 3848974 3848975 3848976 3848977 3857169 3853073 3857168 3853072 3855118 3857167 3853071
bot 386 388 g9mp2ife 1617787215 732957 52
owned 386 732957 732958 732959 732960 735008 730912 728864 728863 728862 728861 728860 728859 728858 728857 730905 732953 732954 732955 735003 735004 737052 737053 737054 737055 739102 739101 739100 739099 737051 737050 735002 735001 730906 726810 730907 726811 724763 724764 724765 724766 730908 726812 726813 726814 726815 735007 730911 735006 730910 732956 735005 730909
bot 387 389 jtq0seut 1309745130 432958 52
owned 387 432958 432959 432960 432961 435009 430913 428865 428864 428863 428862 428861 428860 428859 428858 430906 432954 432955 432956 435004 435005 437053 437054 437055 437056 439103 439102 439101 439100 437052 437051 435003 435002 430907 426811 430908 426812 424764 424765 424766 424767 430909 426813 426814 426815 426816 435008 430912 435007 430911 432957 435006 430910
bot 388 390 525mh9ql 1149585125 2269173 52
owned 388 2269173 2269174 2269175 2269176 2271224 2267128 2265080 2265079 2265078 2265077 2265076 2265075 2265074 2265073 2267121 2269169 2269170 2269171 2271219 2271220 2273268 2273269 2273270 2273271 2275318 2275317 2275316 2275315 2273267 2273266 2271218 2271217 2267122 2263026 2267123 2263027 2260979 2260980 2260981 2260982 2267124 2263028 2263029 2263030 2263031 2271223 2267127 2271222 2267126 2269172 2271221 2267125
bot 389 391 fvbpmsvz -2135026292 3360339 52
owned 389 3360339 3360340 3360341 3360342 3362390 3358294 3356246 3356245 3356244 3356243 3356242 3356241 3356240 3356239 3358287 3360335 3360336 3360337 3362385 3362386 3364434 3364435 3364436 3364437 3366484 3366483 3366482 3366481 3364433 3364432 3362384 3362383 3358288 3354192 3358289 3354193 3352145 3352146 3352147 3352148 3358290 3354194 3354195 3354196 3354197 3362389 3358293 3362388 3358292 3360338 3362387 3358291
bot 390 392 xwn3ivem 345390557 87893 52
owned 390 87893 87894 87895 87896 89944 85848 83800 83799 83798 83797 83796 83795 83794 83793 85841 87889 87890 87891 89939 89940 91988 91989 91990 91991 94038 94037 94036 94035 91987 91986 89938 89937 85842 81746 85843 81747 79699 79700 79701 79702 85844 81748 81749 81750 81751 89943 85847 89942 85846 87892 89941 85845
bot 391 393 fqbyj4jd 2025551274 3107127 52
owned 391 3107127 3107128 3107129 3107130 3109178 3105082 3103034 3103033 3103032 3103031 3103030 3103029 3103028 3103027 3105075 3107123 3107124 3107125 3109173 3109174 3111222 3111223 3111224 3111225 3113272 3113271 3113270 3113269 3111221 3111220 3109172 3109171 3105076 3100980 3105077 3100981 3098933 3098934 3098935 3098936 3105078 3100982 3100983 3100984 3100985 3109177 3105081 3109176 3105080 3107126 3109175 3105079
bot 392 394 xfiw8ywg -1939072783 852187 52
owned 392 852187 852188 852189 852190 854238 850142 848094 848093 848092 848091 848090 848089 848088 848087 850135 852183 852184 852185 854233 854234 856282 856283 856284 856285 858332 858331 858330 858329 856281 856280 854232 854231 850136 846040 850137 846041 843993 843994 843995 843996 850138 846042 846043 846044 846045 854237 850141 854236 850140 852186 854235 850139
bot 393 395 iw3dqxmq 2117070266 3546618 52
owned 393 3546618 3546619 3546620 3546621 3548669 3544573 3542525 3542524 3542523 3542522 3542521 3542520 3542519 3542518 3544566 3546614 3546615 3546616 3548664 3548665 3550713 3550714 3550715 3550716 3552763 3552762 3552761 3552760 3550712 3550711 3548663 3548662 3544567 3540471 3544568 3540472 3538424 3538425 3538426 3538427 3544569 3540473 3540474 3540475 3540476 3548668 3544572 3548667 3544571 3546617 3548666 3544570
bot 394 396 yc0ao6et 660894387 2541023 52
owned 394 2541023 2541024 2541025 2541026 2543074 2538978 2536930 2536929 2536928 2536927 2536926 2536925 2536924 2536923 2538971 2541019 2541020 2541021 2543069 2543070 2545118 2545119 2545120 2545121 2547168 2547167 2547166 2547165 2545117 2545116 2543068 2543067 2538972 2534876 2538973 2534877 2532829 2532830 2532831 2532832 2538974 2534878 2534879 2534880 2534881 2543073 2538977 2543072 2538976 2541022 2543071 2538975
bot 395 397 ixj6ihi7 748783564 3367241 52
owned 395 3367241 3367242 3367243 3367244 3369292 3365196 3363148 3363147 3363146 3363145 3363144 3363143 3363142 3363141 3365189 3367237 3367238 3367239 3369287 3369288 3371336 3371337 3371338 3371339 3373386 3373385 3373384 3373383 3371335 3371334 3369286 3369285 3365190 3361094 3365191 3361095 3359047 3359048 3359049 3359050 3365192 3361096 3361097 3361098 3361099 3369291 3365195 3369290 3365194 3367240 3369289 3365193
bot 396 398 9l5wwvr3 970244207 3517299 52
owned 396 3517299 3517300 3517301 3517302 3519350 3515254 3513206 3513205 3513204 3513203 3513202 3513201 3513200 3513199 3515247 3517295 3517296 3517297 3519345 3519346 3521394 3521395 3521396 3521397 3523444 3523443 3523442 3523441 3521393 3521392 3519344 3519343 3515248 3511152 3515249 3511153 3509105 3509106 3509107 3509108 3515250 3511154 3511155 3511156 3511157 3519349 3515253 3519348 3515252 3517298 3519347 3515251
bot 397 399 2w6i33lv 1347683494 2490403 52
owned 397 2490403 2490404 2490405 2490406 2492454 2488358 2486310 2486309 2486308 2486307 2486306 2486305 2486304 2486303 2488351 2490399 2490400 2490401 2492449 2492450 2494498 2494499 2494500 2494501 2496548 2496547 2496546 2496545 2494497 2494496 2492448 2492447 2488352 2484256 2488353 2484257 2482209 2482210 2482211 2482212 2488354 2484258 2484259 2484260 2484261 2492453 2488357 2492452 2488356 2490402 2492451 2488355
bot 398 400 sba949vb 2051192204 4081832 52
owned 398 4081832 4081833 4081834 4081835 4083883 4079787 4077739 4077738 4077737 4077736 4077735 4077734 4077733 4077732 4079780 4081828 4081829 4081830 4083878 4083879 4085927 4085928 4085929 4085930 4087977 4087976 4087975 4087974 4085926 4085925 4083877 4083876 4079781 4075685 4079782 4075686 4073638 4073639 4073640 4073641 4079783 4075687 4075688 4075689 4075690 4083882 4079786 4083881 4079785 4081831 4083880 4079784
bot 399 401 ijcmefns 1058902645 1473119 52
owned 399 1473119 1473120 1473121 1473122 1475170 1471074 1469026 1469025 1469024 1469023 1469022 1469021 1469020 1469019 1471067 1473115 1473116 1473117 1475165 1475166 1477214 1477215 1477216 1477217 1479264 1479263 1479262 1479261 1477213 1477212 1475164 1475163 1471068 1466972 1471069 1466973 1464925 1464926 1464927 1464928 1471070 1466974 1466975 1466976 1466977 1475169 1471073 1475168 1471072 1473118 1475167 1471071
bot 400 402 isnsszoo 777399290 3755405 52
owned 400 3755405 3755406 3755407 3755408 3757456 3753360 3751312 3751311 3751310 3751309 3751308 3751307 3751306 3751305 3753353 3755401 3755402 3755403 3757451 3757452 3759500 3759501 3759502 3759503 3761550 3761549 3761548 3761547 3759499 3759498 3757450 3757449 3753354 3749258 3753355 3749259 3747211 3747212 3747213 3747214 3753356 3749260 3749261 3749262 3749263 3757455 3753359 3757454 3753358 3755404 3757453 3753357
bot 401 403 9z76va23 1432917080 3177550 52
owned 401 3177550 3177551 3177552 3177553 3179601 3175505 3173457 3173456 3173455 3173454 3173453 3173452 3173451 3173450 3175498 3177546 3177547 3177548 3179596 3179597 3181645 3181646 3181647 3181648 3183695 3183694 3183693 3183692 3181644 3181643 3179595 3179594 3175499 3171403 3175500 3171404 3169356 3169357 3169358 3169359 3175501 3171405 3171406 3171407 3171408 3179600 3175504 3179599 3175503 3177549 3179598 3175502
bot 402 404 h1wbhdhm 830501593 3420102 52
owned 402 3420102 3420103 3420104 3420105 3422153 3418057 3416009 3416008 3416007 3416006 3416005 3416004 3416003 3416002 3418050 3420098 3420099 3420100 3422148 3422149 3424197 3424198 3424199 3424200 3426247 3426246 3426245 3426244 3424196 3424195 3422147 3422146 3418051 3413955 3418052 3413956 3411908 3411909 3411910 3411911 3418053 3413957 3413958 3413959 3413960 3422152 3418056 3422151 3418055 3420101 3422150 3418054
bot 403 405 tewvulrm 1252676706 1210882 52
owned 403 1210882 1210883 1210884 1210885 1212933 1208837 1206789 1206788 1206787 1206786 1206785 1206784 1206783 1206782 1208830 1210878 1210879 1210880 1212928 1212929 1214977 1214978 1214979 1214980 1217027 1217026 1217025 1217024 1214976 1214975 1212927 1212926 1208831 1204735 1208832 1204736 1202688 1202689 1202690 1202691 1208833 1204737 1204738 1204739 1204740 1212932 1208836 1212931 1208835 1210881 1212930 1208834
bot 404 406 wp3bxzsu 1111756920 672960 52
owned 404 672960 672961 672962 672963 675011 670915 668867 668866 668865 668864 668863 668862 668861 668860 670908 672956 672957 672958 675006 675007 677055 677056 677057 677058 679105 679104 679103 679102 677054 677053 675005 675004 670909 666813 670910 666814 664766 664767 664768 664769 670911 666815 666816 666817 666818 675010 670914 675009 670913 672959 675008 670912
bot 405 407 d0g6avrv 1062798904 808137 52
owned 405 808137 808138 808139 808140 810188 806092 804044 804043 804042 804041 804040 804039 804038 804037 806085 808133 808134 808135 810183 810184 812232 812233 812234 812235 814282 814281 814280 814279 812231 812230 810182 810181 806086 801990 806087 801991 799943 799944 799945 799946 806088 801992 801993 801994 801995 810187 806091 810186 806090 808136 810185 806089
bot 406 408 hsyivnsn 1106130326 3347159 52
owned 406 3347159 3347160 3347161 3347162 3349210 3345114 3343066 3343065 3343064 3343063 3343062 3343061 3343060 3343059 3345107 3347155 3347156 3347157 3349205 3349206 3351254 3351255 3351256 3351257 3353304 3353303 3353302 3353301 3351253 3351252 3349204 3349203 3345108 3341012 3345109 3341013 3338965 3338966 3338967 3338968 3345110 3341014 3341015 3341016 3341017 3349209 3345113 3349208 3345112 3347158 3349207 3345111
bot 407 409 ox9ept1k 1256506455 3407416 52
owned 407 3407416 3407417 3407418 3407419 3409467 3405371 3403323 3403322 3403321 3403320 3403319 3403318 3403317 3403316 3405364 3407412 3407413 3407414 3409462 3409463 3411511 3411512 3411513 3411514 3413561 3413560 3413559 3413558 3411510 3411509 3409461 3409460 3405365 3401269 3405366 3401270 3399222 3399223 3399224 3399225 3405367 3401271 3401272 3401273 3401274 3409466 3405370 3409465 3405369 3407415 3409464 3405368
bot 408 410 ny87grni 329820532 3879432 52
owned 408 3879432 3879433 3879434 3879435 3881483 3877387 3875339 3875338 3875337 3875336 3875335 3875334 3875333 3875332 3877380 3879428 3879429 3879430 3881478 3881479 3883527 3883528 3883529 3883530 3885577 3885576 3885575 3885574 3883526 3883525 3881477 3881476 3877381 3873285 3877382 3873286 3871238 3871239 3871240 3871241 3877383 3873287 3873288 3873289 3873290 3881482 3877386 3881481 3877385 3879431 3881480 3877384
bot 409 411 k2th9538 -2123192920 308681 52
owned 409 308681 308682 308683 308684 310732 306636 304588 304587 304586 304585 304584 304583 304582 304581 306629 308677 308678 308679 310727 310728 312776 312777 312778 312779 314826 314825 314824 314823 312775 312774 310726 310725 306630 302534 306631 302535 300487 300488 300489 300490 306632 302536 302537 302538 302539 310731 306635 310730 306634 308680 310729 306633
bot 410 412 ysltjm94 1905506244 3874427 52
owned 410 3874427 3874428 3874429 3874430 3876478 3872382 3870334 3870333 3870332 3870331 3870330 3870329 3870328 3870327 3872375 3874423 3874424 3874425 3876473 3876474 3878522 3878523 3878524 3878525 3880572 3880571 3880570 3880569 3878521 3878520 3876472 3876471 3872376 3868280 3872377 3868281 3866233 3866234 3866235 3866236 3872378 3868282 3868283 3868284 3868285 3876477 3872381 3876476 3872380 3874426 3876475 3872379
bot 411 413 u5klj2eh 932943728 3239642 52
owned 411 3239642 3239643 3239644 3239645 3241693 3237597 3235549 3235548 3235547 3235546 3235545 3235544 3235543 3235542 3237590 3239638 3239639 3239640 3241688 3241689 3243737 3243738 3243739 3243740 3245787 3245786 3245785 3245784 3243736 3243735 3241687 3241686 3237591 3233495 3237592 3233496 3231448 3231449 3231450 3231451 3237593 3233497 3233498 3233499 3233500 3241692 3237596 3241691 3237595 3239641 3241690 3237594
bot 412 414 k7ka2ci1 -2001454359 149616 52
owned 412 149616 149617 149618 149619 151667 147571 145523 145522 145521 145520 145519 145518 145517 145516 147564 149612 149613 149614 151662 151663 153711 153712 153713 153714 155761 155760 155759 155758 153710 153709 151661 151660 147565 143469 147566 143470 141422 141423 141424 141425 147567 143471 143472 143473 143474 151666 147570 151665 147569 149615 151664 147568
bot 413 415 qtul4azs 1826927332 846236 52
owned 413 846236 846237 846238 846239 848287 844191 842143 842142 842141 842140 842139 842138 842137 842136 844184 846232 846233 846234 848282 848283 850331 850332 850333 850334 852381 852380 852379 852378 850330 850329 848281 848280 844185 840089 844186 840090 838042 838043 838044 838045 844187 840091 840092 840093 840094 848286 844190 848285 844189 846235 848284 844188
bot 414 416 ll69i57o -1984626499 1572457 52
owned 414 1572457 1572458 1572459 1572460 1574508 1570412 1568364 1568363 1568362 1568361 1568360 1568359 1568358 1568357 1570405 1572453 1572454 1572455 1574503 1574504 1576552 1576553 1576554 1576555 1578602 1578601 1578600 1578599 1576551 1576550 1574502 1574501 1570406 1566310 1570407 1566311 1564263 1564264 1564265 1564266 1570408 1566312 1566313 1566314 1566315 1574507 1570411 1574506 1570410 1572456 1574505 1570409
bot 415 417 9vuokjnw 1585849123 2523407 52
owned 415 2523407 2523408 2523409 2523410 2525458 2521362 2519314 2519313 2519312 2519311 2519310 2519309 2519308 2519307 2521355 2523403 2523404 2523405 2525453 2525454 2527502 2527503 2527504 2527505 2529552 2529551 2529550 2529549 2527501 2527500 2525452 2525451 2521356 2517260 2521357 2517261 2515213 2515214 2515215 2515216 2521358 2517262 2517263 2517264 2517265 2525457 2521361 2525456 2521360 2523406 2525455 2521359
bot 416 418 ggb3bab1 1323032453 1026247 52
owned 416 1026247 1026248 1026249 1026250 1028298 1024202 1022154 1022153 1022152 1022151 1022150 1022149 1022148 1022147 1024195 1026243 1026244 1026245 1028293 1028294 1030342 1030343 1030344 1030345 1032392 1032391 1032390 1032389 1030341 1030340 1028292 1028291 1024196 1020100 1024197 1020101 1018053 1018054 1018055 1018056 1024198 1020102 1020103 1020104 1020105 1028297 1024201 1028296 1024200 1026246 1028295 1024199
bot 417 419 drdo3t90 972603891 1280564 52
owned 417 1280564 1280565 1280566 1280567 1282615 1278519 1276471 1276470 1276469 1276468 1276467 1276466 1276465 1276464 1278512 1280560 1280561 1280562 1282610 1282611 1284659 1284660 1284661 1284662 1286709 1286708 1286707 1286706 1284658 1284657 1282609 1282608 1278513 1274417 1278514 1274418 1272370 1272371 1272372 1272373 1278515 1274419 1274420 1274421 1274422 1282614 1278518 1282613 1278517 1280563 1282612 1278516
bot 418 420 xieaxa2f 590485614 944074 52
owned 418 944074 944075 944076 944077 946125 942029 939981 939980 939979 939978 939977 939976 939975 939974 942022 944070 944071 944072 946120 946121 948169 948170 948171 948172 950219 950218 950217 950216 948168 948167 946119 946118 942023 937927 942024 937928 935880 935881 935882 935883 942025 937929 937930 937931 937932 946124 942028 946123 942027 944073 946122 942026
bot 419 421 kqp7ewus -2042957177 3438771 52
owned 419 3438771 3438772 3438773 3438774 3440822 3436726 3434678 3434677 3434676 3434675 3434674 3434673 3434672 3434671 3436719 3438767 3438768 3438769 3440817 3440818 3442866 3442867 3442868 3442869 3444916 3444915 3444914 3444913 3442865 3442864 3440816 3440815 3436720 3432624 3436721 3432625 3430577 3430578 3430579 3430580 3436722 3432626 3432627 3432628 3432629 3440821 3436725 3440820 3436724 3438770 3440819 3436723
bot 420 422 3kitma91 -2055917419 3076030 52
owned 420 3076030 3076031 3076032 3076033 3078081 3073985 3071937 3071936 3071935 3071934 3071933 3071932 3071931 3071930 3073978 3076026 3076027 3076028 3078076 3078077 3080125 3080126 3080127 3080128 3082175 3082174 3082173 3082172 3080124 3080123 3078075 3078074 3073979 3069883 3073980 3069884 3067836 3067837 3067838 3067839 3073981 3069885 3069886 3069887 3069888 3078080 3073984 3078079 3073983 3076029 3078078 3073982
bot 421 423 m7y3u0aw 1998863385 443143 52
owned 421 443143 443144 443145 443146 445194 441098 439050 439049 439048 439047 439046 439045 439044 439043 441091 443139 443140 443141 445189 445190 447238 447239 447240 447241 449288 449287 449286 449285 447237 447236 445188 445187 441092 436996 441093 436997 434949 434950 434951 434952 441094 436998 436999 437000 437001 445193 441097 445192 441096 443142 445191 441095
bot 422 424 epuw8vpi 510564544 2787399 52
owned 422 2787399 2787400 2787401 2787402 2789450 2785354 2783306 2783305 2783304 2783303 2783302 2783301 2783300 2783299 2785347 2787395 2787396 2787397 2789445 2789446 2791494 2791495 2791496 2791497 2793544 2793543 2793542 2793541 2791493 2791492 2789444 2789443 2785348 2781252 2785349 2781253 2779205 2779206 2779207 2779208 2785350 2781254 2781255 2781256 2781257 2789449 2785353 2789448 2785352 2787398 2789447 2785351
bot 423 425 nzx54fm6 1695238112 3936314 52
owned 423 3936314 3936315 3936316 3936317 3938365 3934269 3932221 3932220 3932219 3932218 3932217 3932216 3932215 3932214 3934262 3936310 3936311 3936312 3938360 3938361 3940409 3940410 3940411 3940412 3942459 3942458 3942457 3942456 3940408 3940407 3938359 3938358 3934263 3930167 3934264 3930168 3928120 3928121 3928122 3928123 3934265 3930169 3930170 3930171 3930172 3938364 3934268 3938363 3934267 3936313 3938362 3934266
bot 424 426 fsk2kd7w 748724631 497776 52
owned 424 497776 497777 497778 497779 499827 495731 493683 493682 493681 493680 493679 493678 493677 493676 495724 497772 497773 497774 499822 499823 501871 501872 501873 501874 503921 503920 503919 503918 501870 501869 499821 499820 495725 491629 495726 491630 489582 489583 489584 489585 495727 491631 491632 491633 491634 499826 495730 499825 495729 497775 499824 495728
bot 425 427 p8jddnkm 1306250518 2371038 52
owned 425 2371038 2371039 2371040 2371041 2373089 2368993 2366945 2366944 2366943 2366942 2366941 2366940 2366939 2366938 2368986 2371034 2371035 2371036 2373084 2373085 2375133 2375134 2375135 2375136 2377183 2377182 2377181 2377180 2375132 2375131 2373083 2373082 2368987 2364891 2368988 2364892 2362844 2362845 2362846 2362847 2368989 2364893 2364894 2364895 2364896 2373088 2368992 2373087 2368991 2371037 2373086 2368990
bot 426 428 wvgzie3u 1875191892 2184139 52
owned 426 2184139 2184140 2184141 2184142 2186190 2182094 2180046 2180045 2180044 2180043 2180042 2180041 2180040 2180039 2182087 2184135 2184136 2184137 2186185 2186186 2188234 2188235 2188236 2188237 2190284 2190283 2190282 2190281 2188233 2188232 2186184 2186183 2182088 2177992 2182089 2177993 2175945 2175946 2175947 2175948 2182090 2177994 2177995 2177996 2177997 2186189 2182093 2186188 2182092 2184138 2186187 2182091
bot 427 429 mwh2z96c -2030578588 3785034 52
owned 427 3785034 3785035 3785036 3785037 3787085 3782989 3780941 3780940 3780939 3780938 3780937 3780936 3780935 3780934 3782982 3785030 3785031 3785032 3787080 3787081 3789129 3789130 3789131 3789132 3791179 3791178 3791177 3791176 3789128 3789127 3787079 3787078 3782983 3778887 3782984 3778888 3776840 3776841 3776842 3776843 3782985 3778889 3778890 3778891 3778892 3787084 3782988 3787083 3782987 3785033 3787082 3782986
bot 428 430 l4ku27pt 1546664767 4181482 52
owned 428 4181482 4181483 4181484 4181485 4183533 4179437 4177389 4177388 4177387 4177386 4177385 4177384 4177383 4177382 4179430 4181478 4181479 4181480 4183528 4183529 4185577 4185578 4185579 4185580 4187627 4187626 4187625 4187624 4185576 4185575 4183527 4183526 4179431 4175335 4179432 4175336 4173288 4173289 4173290 4173291 4179433 4175337 4175338 4175339 4175340 4183532 4179436 4183531 4179435 4181481 4183530 4179434
bot 429 431 jpvsmxxx 359931286 1897008 52
owned 429 1897008 1897009 1897010 1897011 1899059 1894963 1892915 1892914 1892913 1892912 1892911 1892910 1892909 1892908 1894956 1897004 1897005 1897006 1899054 1899055 1901103 1901104 1901105 1901106 1903153 1903152 1903151 1903150 1901102 1901101 1899053 1899052 1894957 1890861 1894958 1890862 1888814 1888815 1888816 1888817 1894959 1890863 1890864 1890865 1890866 1899058 1894962 1899057 1894961 1897007 1899056 1894960
bot 430 432 s4xo3abv 1228142782 3543995 52
owned 430 3543995 3543996 3543997 3543998 3546046 3541950 3539902 3539901 3539900 3539899 3539898 3539897 3539896 3539895 3541943 3543991 3543992 3543993 3546041 3546042 3548090 3548091 3548092 3548093 3550140 3550139 3550138 3550137 3548089 3548088 3546040 3546039 3541944 3537848 3541945 3537849 3535801 3535802 3535803 3535804 3541946 3537850 3537851 3537852 3537853 3546045 3541949 3546044 3541948 3543994 3546043 3541947
bot 431 433 zte7u069 914820622 851837 52
owned 431 851837 851838 851839 851840 853888 849792 847744 847743 847742 847741 847740 847739 847738 847737 849785 851833 851834 851835 853883 853884 855932 855933 855934 855935 857982 857981 857980 857979 855931 855930 853882 853881 849786 845690 849787 845691 843643 843644 843645 843646 849788 845692 845693 845694 845695 853887 849791 853886 849790 851836 853885 849789
bot 432 434 azlpbpke 1576831913 3556913 52
owned 432 3556913 3556914 3556915 3556916 3558964 3554868 3552820 3552819 3552818 3552817 3552816 3552815 3552814 3552813 3554861 3556909 3556910 3556911 3558959 3558960 3561008 3561009 3561010 3561011 3563058 3563057 3563056 3563055 3561007 3561006 3558958 3558957 3554862 3550766 3554863 3550767 3548719 3548720 3548721 3548722 3554864 3550768 3550769 3550770 3550771 3558963 3554867 3558962 3554866 3556912 3558961 3554865
bot 433 435 0pmbiw8o 1809282750 4142062 52
owned 433 4142062 4142063 4142064 4142065 4144113 4140017 4137969 4137968 4137967 4137966 4137965 4137964 4137963 4137962 4140010 4142058 4142059 4142060 4144108 4144109 4146157 4146158 4146159 4146160 4148207 4148206 4148205 4148204 4146156 4146155 4144107 4144106 4140011 4135915 4140012 4135916 4133868 4133869 4133870 4133871 4140013 4135917 4135918 4135919 4135920 4144112 4140016 4144111 4140015 4142061 4144110 4140014
bot 434 436 rygf4mvr 347903721 1429866 52
owned 434 1429866 1429867 1429868 1429869 1431917 1427821 1425773 1425772 1425771 1425770 1425769 1425768 1425767 1425766 1427814 1429862 1429863 1429864 1431912 1431913 1433961 1433962 1433963 1433964 1436011 1436010 1436009 1436008 1433960 1433959 1431911 1431910 1427815 1423719 1427816 1423720 1421672 1421673 1421674 1421675 1427817 1423721 1423722 1423723 1423724 1431916 1427820 1431915 1427819 1429865 1431914 1427818
bot 435 437 mg9pgnw7 573403340 1787073 52
owned 435 1787073 1787074 1787075 1787076 1789124 1785028 1782980 1782979 1782978 1782977 1782976 1782975 1782974 1782973 1785021 1787069 1787070 1787071 1789119 1789120 1791168 1791169 1791170 1791171 1793218 1793217 1793216 1793215 1791167 1791166 1789118 1789117 1785022 1780926 1785023 1780927 1778879 1778880 1778881 1778882 1785024 1780928 1780929 1780930 1780931 1789123 1785027 1789122 1785026 1787072 1789121 1785025
bot 436 438 8olnebf1 1961674981 2986003 52
owned 436 2986003 2986004 2986005 2986006 2988054 2983958 2981910 2981909 2981908 2981907 2981906 2981905 2981904 2981903 2983951 2985999 2986000 2986001 2988049 2988050 2990098 2990099 2990100 2990101 2992148 2992147 2992146 2992145 2990097 2990096 2988048 2988047 2983952 2979856 2983953 2979857 2977809 2977810 2977811 2977812 2983954 2979858 2979859 2979860 2979861 2988053 2983957 2988052 2983956 2986002 2988051 2983955
bot 437 439 rzlsw9x1 1143180206 880470 52
owned 437 880470 880471 880472 880473 882521 878425 876377 876376 876375 876374 876373 876372 876371 876370 878418 880466 880467 880468 882516 882517 884565 884566 884567 884568 886615 886614 886613 886612 884564 884563 882515 882514 878419 874323 878420 874324 872276 872277 872278 872279 878421 874325 874326 874327 874328 882520 878424 882519 878423 880469 882518 878422
bot 438 440 o0jhfyxc 1555391079 66731 52
owned 438 66731 66732 66733 66734 68782 64686 62638 62637 62636 62635 62634 62633 62632 62631 64679 66727 66728 66729 68777 68778 70826 70827 70828 70829 72876 72875 72874 72873 70825 70824 68776 68775 64680 60584 64681 60585 58537 58538 58539 58540 64682 60586 60587 60588 60589 68781 64685 68780 64684 66730 68779 64683
bot 439 441 vki91ouc 1491134259 3579022 52
owned 439 3579022 3579023 3579024 3579025 3581073 3576977 3574929 3574928 3574927 3574926 3574925 3574924 3574923 3574922 3576970 3579018 3579019 3579020 3581068 3581069 3583117 3583118 3583119 3583120 3585167 3585166 3585165 3585164 3583116 3583115 3581067 3581066 3576971 3572875 3576972 3572876 3570828 3570829 3570830 3570831 3576973 3572877 3572878 3572879 3572880 3581072 3576976 3581071 3576975 3579021 3581070 3576974
bot 440 442 0onssx3n 966406792 131596 52
owned 440 131596 131597 131598 131599 133647 129551 127503 127502 127501 127500 127499 127498 127497 127496 129544 131592 131593 131594 133642 133643 135691 135692 135693 135694 137741 137740 137739 137738 135690 135689 133641 133640 129545 125449 129546 125450 123402 123403 123404 123405 129547 125451 125452 125453 125454 133646 129550 133645 129549 131595 133644 129548
bot 441 443 ymrho9y4 1966682579 3997992 52
owned 441 3997992 3997993 3997994 3997995 4000043 3995947 3993899 3993898 3993897 3993896 3993895 3993894 3993893 3993892 3995940 3997988 3997989 3997990 4000038 4000039 4002087 4002088 4002089 4002090 4004137 4004136 4004135 4004134 4002086 4002085 4000037 4000036 3995941 3991845 3995942 3991846 3989798 3989799 3989800 3989801 3995943 3991847 3991848 3991849 3991850 4000042 3995946 4000041 3995945 3997991 4000040 3995944
bot 442 444 4jjh2h8g 1367947243 404198 52
owned 442 404198 404199 404200 404201 406249 402153 400105 400104 400103 400102 400101 400100 400099 400098 402146 404194 404195 404196 406244 406245 408293 408294 408295 408296 410343 410342 410341 410340 408292 408291 406243 406242 402147 398051 402148 398052 396004 396005 396006 396007 402149 398053 398054 398055 398056 406248 402152 406247 402151 404197 406246 402150
bot 443 445 af8k17d8 934703474 1525141 52
owned 443 1525141 1525142 1525143 1525144 1527192 1523096 1521048 1521047 1521046 1521045 1521044 1521043 1521042 1521041 1523089 1525137 1525138 1525139 1527187 1527188 1529236 1529237 1529238 1529239 1531286 1531285 1531284 1531283 1529235 1529234 1527186 1527185 1523090 1518994 1523091 1518995 1516947 1516948 1516949 1516950 1523092 1518996 1518997 1518998 1518999 1527191 1523095 1527190 1523094 1525140 1527189 1523093
bot 444 446 qt2a41r9 986164378 602972 52
owned 444 602972 602973 602974 602975 605023 600927 598879 598878 598877 598876 598875 598874 598873 598872 600920 602968 602969 602970 605018 605019 607067 607068 607069 607070 609117 609116 609115 609114 607066 607065 605017 605016 600921 596825 600922 596826 594778 594779 594780 594781 600923 596827 596828 596829 596830 605022 600926 605021 600925 602971 605020 600924
bot 445 447 dmqr8rk9 740056882 540860 52
owned 445 540860 540861 540862 540863 542911 538815 536767 536766 536765 536764 536763 536762 536761 536760 538808 540856 540857 540858 542906 542907 544955 544956 544957 544958 547005 547004 547003 547002 544954 544953 542905 542904 538809 534713 538810 534714 532666 532667 532668 532669 538811 534715 534716 534717 534718 542910 538814 542909 538813 540859 542908 538812
bot 446 448 gdvex2np 1375276236 1934405 52
owned 446 1934405 1934406 1934407 1934408 1936456 1932360 1930312 1930311 1930310 1930309 1930308 1930307 1930306 1930305 1932353 1934401 1934402 1934403 1936451 1936452 1938500 1938501 1938502 1938503 1940550 1940549 1940548 1940547 1938499 1938498 1936450 1936449 1932354 1928258 1932355 1928259 1926211 1926212 1926213 1926214 1932356 1928260 1928261 1928262 1928263 1936455 1932359 1936454 1932358 1934404 1936453 1932357
bot 447 449 z6dhj6lz 1740470430 1614650 52
owned 447 1614650 1614651 1614652 1614653 1616701 1612605 1610557 1610556 1610555 1610554 1610553 1610552 1610551 1610550 1612598 1614646 1614647 1614648 1616696 1616697 1618745 1618746 1618747 1618748 1620795 1620794 1620793 1620792 1618744 1618743 1616695 1616694 1612599 1608503 1612600 1608504 1606456 1606457 1606458 1606459 1612601 1608505 1608506 1608507 1608508 1616700 1612604 1616699 1612603 1614649 1616698 1612602
bot 448 450 ztlqrwwc 1168769812 1023793 52
owned 448 1023793 1023794 1023795 1023796 1025844 1021748 1019700 1019699 1019698 1019697 1019696 1019695 1019694 1019693 1021741 1023789 1023790 1023791 1025839 1025840 1027888 1027889 1027890 1027891 1029938 1029937 1029936 1029935 1027887 1027886 1025838 1025837 1021742 1017646 1021743 1017647 1015599 1015600 1015601 1015602 1021744 1017648 1017649 1017650 1017651 1025843 1021747 1025842 1021746 1023792 1025841 1021745
bot 449 451 qk845cyd 1718860403 3762946 52
owned 449 3762946 3762947 3762948 3762949 3764997 3760901 3758853 3758852 3758851 3758850 3758849 3758848 3758847 3758846 3760894 3762942 3762943 3762944 3764992 3764993 3767041 3767042 3767043 3767044 3769091 3769090 3769089 3769088 3767040 3767039 3764991 3764990 3760895 3756799 3760896 3756800 3754752 3754753 3754754 3754755 3760897 3756801 3756802 3756803 3756804 3764996 3760900 3764995 3760899 3762945 3764994 3760898
bot 450 452 g5ubwqld -2134424457 465813 52
owned 450 465813 465814 465815 465816 467864 463768 461720 461719 461718 461717 461716 461715 461714 461713 463761 465809 465810 465811 467859 467860 469908 469909 469910 469911 471958 471957 471956 471955 469907 469906 467858 467857 463762 459666 463763 459667 457619 457620 457621 457622 463764 459668 459669 459670 459671 467863 463767 467862 463766 465812 467861 463765
bot 451 453 voc18itg -1968564465 4146371 52
owned 451 4146371 4146372 4146373 4146374 4148422 4144326 4142278 4142277 4142276 4142275 4142274 4142273 4142272 4142271 4144319 4146367 4146368 4146369 4148417 4148418 4150466 4150467 4150468 4150469 4152516 4152515 4152514 4152513 4150465 4150464 4148416 4148415 4144320 4140224 4144321 4140225 4138177 4138178 4138179 4138180 4144322 4140226 4140227 4140228 4140229 4148421 4144325 4148420 4144324 4146370 4148419 4144323
bot 452 454 3noal342 1024097718 2692137 52
owned 452 2692137 2692138 2692139 2692140 2694188 2690092 2688044 2688043 2688042 2688041 2688040 2688039 2688038 2688037 2690085 2692133 2692134 2692135 2694183 2694184 2696232 2696233 2696234 2696235 2698282 2698281 2698280 2698279 2696231 2696230 2694182 2694181 2690086 2685990 2690087 2685991 2683943 2683944 2683945 2683946 2690088 2685992 2685993 2685994 2685995 2694187 2690091 2694186 2690090 2692136 2694185 2690089
bot 453 455 r8slsgxy 1850106064 1240968 52
owned 453 1240968 1240969 1240970 1240971 1243019 1238923 1236875 1236874 1236873 1236872 1236871 1236870 1236869 1236868 1238916 1240964 1240965 1240966 1243014 1243015 1245063 1245064 1245065 1245066 1247113 1247112 1247111 1247110 1245062 1245061 1243013 1243012 1238917 1234821 1238918 1234822 1232774 1232775 1232776 1232777 1238919 1234823 1234824 1234825 1234826 1243018 1238922 1243017 1238921 1240967 1243016 1238920
bot 454 456 kwh9u6xu 1448727209 3218369 52
owned 454 3218369 3218370 3218371 3218372 3220420 3216324 3214276 3214275 3214274 3214273 3214272 3214271 3214270 3214269 3216317 3218365 3218366 3218367 3220415 3220416 3222464 3222465 3222466 3222467 3224514 3224513 3224512 3224511 3222463 3222462 3220414 3220413 3216318 3212222 3216319 3212223 3210175 3210176 3210177 3210178 3216320 3212224 3212225 3212226 3212227 3220419 3216323 3220418 3216322 3218368 3220417 3216321
bot 455 457 8k335xf9 1018869389 1645033 52
owned 455 1645033 1645034 1645035 1645036 1647084 1642988 1640940 1640939 1640938 1640937 1640936 1640935 1640934 1640933 1642981 1645029 1645030 1645031 1647079 1647080 1649128 1649129 1649130 1649131 1651178 1651177 1651176 1651175 1649127 1649126 1647078 1647077 1642982 1638886 1642983 1638887 1636839 1636840 1636841 1636842 1642984 1638888 1638889 1638890 1638891 1647083 1642987 1647082 1642986 1645032 1647081 1642985
bot 456 458 r8oeocye 1971210312 3975285 52
owned 456 3975285 3975286 3975287 3975288 3977336 3973240 3971192 3971191 3971190 3971189 3971188 3971187 3971186 3971185 3973233 3975281 3975282 3975283 3977331 3977332 3979380 3979381 3979382 3979383 3981430 3981429 3981428 3981427 3979379 3979378 3977330 3977329 3973234 3969138 3973235 3969139 3967091 3967092 3967093 3967094 3973236 3969140 3969141 3969142 3969143 3977335 3973239 3977334 3973238 3975284 3977333 3973237
bot 457 459 aux9eznz 1727136058 3880150 52
owned 457 3880150 3880151 3880152 3880153 3882201 3878105 3876057 3876056 3876055 3876054 3876053 3876052 3876051 3876050 3878098 3880146 3880147 3880148 3882196 3882197 3884245 3884246 3884247 3884248 3886295 3886294 3886293 3886292 3884244 3884243 3882195 3882194 3878099 3874003 3878100 3874004 3871956 3871957 3871958 3871959 3878101 3874005 3874006 3874007 3874008 3882200 3878104 3882199 3878103 3880149 3882198 3878102
bot 458 460 tl8i4sqm 1152690240 247264 52
owned 458 247264 247265 247266 247267 249315 245219 243171 243170 243169 243168 243167 243166 243165 243164 245212 247260 247261 247262 249310 249311 251359 251360 251361 251362 253409 253408 253407 253406 251358 251357 249309 249308 245213 241117 245214 241118 239070 239071 239072 239073 245215 241119 241120 241121 241122 249314 245218 249313 245217 247263 249312 245216
bot 459 461 5tvnmw0x 1457310797 3714716 52
owned 459 3714716 3714717 3714718 3714719 3716767 3712671 3710623 3710622 3710621 3710620 3710619 3710618 3710617 3710616 3712664 3714712 3714713 3714714 3716762 3716763 3718811 3718812 3718813 3718814 3720861 3720860 3720859 3720858 3718810 3718809 3716761 3716760 3712665 3708569 3712666 3708570 3706522 3706523 3706524 3706525 3712667 3708571 3708572 3708573 3708574 3716766 3712670 3716765 3712669 3714715 3716764 3712668
bot 460 462 iaxyjwg2 -2021203755 1871607 52
owned 460 1871607 1871608 1871609 1871610 1873658 1869562 1867514 1867513 1867512 1867511 1867510 1867509 1867508 1867507 1869555 1871603 1871604 1871605 1873653 1873654 1875702 1875703 1875704 1875705 1877752 1877751 1877750 1877749 1875701 1875700 1873652 1873651 1869556 1865460 1869557 1865461 1863413 1863414 1863415 1863416 1869558 1865462 1865463 1865464 1865465 1873657 1869561 1873656 1869560 1871606 1873655 1869559
bot 461 463 vsouyzqb 1989752153 1097160 52
owned 461 1097160 1097161 1097162 1097163 1099211 1095115 1093067 1093066 1093065 1093064 1093063 1093062 1093061 1093060 1095108 1097156 1097157 1097158 1099206 1099207 1101255 1101256 1101257 1101258 1103305 1103304 1103303 1103302 1101254 1101253 1099205 1099204 1095109 1091013 1095110 1091014 1088966 1088967 1088968 1088969 1095111 1091015 1091016 1091017 1091018 1099210 1095114 1099209 1095113 1097159 1099208 1095112
bot 462 464 qo2yiqyt 867418476 1570296 52
owned 462 1570296 1570297 1570298 1570299 1572347 1568251 1566203 1566202 1566201 1566200 1566199 1566198 1566197 1566196 1568244 1570292 1570293 1570294 1572342 1572343 1574391 1574392 1574393 1574394 1576441 1576440 1576439 1576438 1574390 1574389 1572341 1572340 1568245 1564149 1568246 1564150 1562102 1562103 1562104 1562105 1568247 1564151 1564152 1564153 1564154 1572346 1568250 1572345 1568249 1570295 1572344 1568248
bot 463 465 4b0bsp77 1542129959 2021601 52
owned 463 2021601 2021602 2021603 2021604 2023652 2019556 2017508 2017507 2017506 2017505 2017504 2017503 2017502 2017501 2019549 2021597 2021598 2021599 2023647 2023648 2025696 2025697 2025698 2025699 2027746 2027745 2027744 2027743 2025695 2025694 2023646 2023645 2019550 2015454 2019551 2015455 2013407 2013408 2013409 2013410 2019552 2015456 2015457 2015458 2015459 2023651 2019555 2023650 2019554 2021600 2023649 2019553
bot 464 466 zt5za47g 844577314 2474090 52
owned 464 2474090 2474091 2474092 2474093 2476141 2472045 2469997 2469996 2469995 2469994 2469993 2469992 2469991 2469990 2472038 2474086 2474087 2474088 2476136 2476137 2478185 2478186 2478187 2478188 2480235 2480234 2480233 2480232 2478184 2478183 2476135 2476134 2472039 2467943 2472040 2467944 2465896 2465897 2465898 2465899 2472041 2467945 2467946 2467947 2467948 2476140 2472044 2476139 2472043 2474089 2476138 2472042
bot 465 467 ialnkrtf 1920080439 94223 52
owned 465 94223 94224 94225 94226 96274 92178 90130 90129 90128 90127 90126 90125 90124 90123 92171 94219 94220 94221 96269 96270 98318 98319 98320 98321 100368 100367 100366 100365 98317 98316 96268 96267 92172 88076 92173 88077 86029 86030 86031 86032 92174 88078 88079 88080 88081 96273 92177 96272 92176 94222 96271 92175
bot 466 468 euhp0q2h 746902101 3786872 52
owned 466 3786872 3786873 3786874 3786875 3788923 3784827 3782779 3782778 3782777 3782776 3782775 3782774 3782773 3782772 3784820 3786868 3786869 3786870 3788918 3788919 3790967 3790968 3790969 3790970 3793017 3793016 3793015 3793014 3790966 3790965 3788917 3788916 3784821 3780725 3784822 3780726 3778678 3778679 3778680 3778681 3784823 3780727 3780728 3780729 3780730 3788922 3784826 3788921 3784825 3786871 3788920 3784824
bot 467 469 hxtuit3a 1096026234 434183 52
owned 467 434183 434184 434185 434186 436234 432138 430090 430089 430088 430087 430086 430085 430084 430083 432131 434179 434180 434181 436229 436230 438278 438279 438280 438281 440328 440327 440326 440325 438277 438276 436228 436227 432132 428036 432133 428037 425989 425990 425991 425992 432134 428038 428039 428040 428041 436233 432137 436232 432136 434182 436231 432135
bot 468 470 cfqynmub 349093211 2965450 52
owned 468 2965450 2965451 2965452 2965453 2967501 2963405 2961357 2961356 2961355 2961354 2961353 2961352 2961351 2961350 2963398 2965446 2965447 2965448 2967496 2967497 2969545 2969546 2969547 2969548 2971595 2971594 2971593 2971592 2969544 2969543 2967495 2967494 2963399 2959303 2963400 2959304 2957256 2957257 2957258 2957259 2963401 2959305 2959306 2959307 2959308 2967500 2963404 2967499 2963403 2965449 2967498 2963402
bot 469 471 kp4qpq36 508411518 1295144 52
owned 469 1295144 1295145 1295146 1295147 1297195 1293099 1291051 1291050 1291049 1291048 1291047 1291046 1291045 1291044 1293092 1295140 1295141 1295142 1297190 1297191 1299239 1299240 1299241 1299242 1301289 1301288 1301287 1301286 1299238 1299237 1297189 1297188 1293093 1288997 1293094 1288998 1286950 1286951 1286952 1286953 1293095 1288999 1289000 1289001 1289002 1297194 1293098 1297193 1293097 1295143 1297192 1293096
bot 470 472 m4sv56ts 1221929626 3233393 52
owned 470 3233393 3233394 3233395 3233396 3235444 3231348 3229300 3229299 3229298 3229297 3229296 3229295 3229294 3229293 3231341 3233389 3233390 3233391 3235439 3235440 3237488 3237489 3237490 3237491 3239538 3239537 3239536 3239535 3237487 3237486 3235438 3235437 3231342 3227246 3231343 3227247 3225199 3225200 3225201 3225202 3231344 3227248 3227249 3227250 3227251 3235443 3231347 3235442 3231346 3233392 3235441 3231345
bot 471 473 90lwnghk 1106536998 606890 52
owned 471 606890 606891 606892 606893 608941 604845 602797 602796 602795 602794 602793 602792 602791 602790 604838 606886 606887 606888 608936 608937 610985 610986 610987 610988 613035 613034 613033 613032 610984 610983 608935 608934 604839 600743 604840 600744 598696 598697 598698 598699 604841 600745 600746 600747 600748 608940 604844 608939 604843 606889 608938 604842
bot 472 474 6s4qrb66 425992942 1619256 52
owned 472 1619256 1619257 1619258 1619259 1621307 1617211 1615163 1615162 1615161 1615160 1615159 1615158 1615157 1615156 1617204 1619252 1619253 1619254 1621302 1621303 1623351 1623352 1623353 1623354 1625401 1625400 1625399 1625398 1623350 1623349 1621301 1621300 1617205 1613109 1617206 1613110 1611062 1611063 1611064 1611065 1617207 1613111 1613112 1613113 1613114 1621306 1617210 1621305 1617209 1619255 1621304 1617208
bot 473 475 zm2durya 1873766734 3211482 52
owned 473 3211482 3211483 3211484 3211485 3213533 3209437 3207389 3207388 3207387 3207386 3207385 3207384 3207383 3207382 3209430 3211478 3211479 3211480 3213528 3213529 3215577 3215578 3215579 3215580 3217627 3217626 3217625 3217624 3215576 3215575 3213527 3213526 3209431 3205335 3209432 3205336 3203288 3203289 3203290 3203291 3209433 3205337 3205338 3205339 3205340 3213532 3209436 3213531 3209435 3211481 3213530 3209434
bot 474 476 r78jt2dp 312851525 3385221 52
owned 474 3385221 3385222 3385223 3385224 3387272 3383176 3381128 3381127 3381126 3381125 3381124 3381123 3381122 3381121 3383169 3385217 3385218 3385219 3387267 3387268 3389316 3389317 3389318 3389319 3391366 3391365 3391364 3391363 3389315 3389314 3387266 3387265 3383170 3379074 3383171 3379075 3377027 3377028 3377029 3377030 3383172 3379076 3379077 3379078 3379079 3387271 3383175 3387270 3383174 3385220 3387269 3383173
bot 475 477 2l6px65c 262883716 3274239 52
owned 475 3274239 3274240 3274241 3274242 3276290 3272194 3270146 3270145 3270144 3270143 3270142 3270141 3270140 3270139 3272187 3274235 3274236 3274237 3276285 3276286 3278334 3278335 3278336 3278337 3280384 3280383 3280382 3280381 3278333 3278332 3276284 3276283 3272188 3268092 3272189 3268093 3266045 3266046 3266047 3266048 3272190 3268094 3268095 3268096 3268097 3276289 3272193 3276288 3272192 3274238 3276287 3272191
bot 476 478 8m9tfbvi 1714330309 3076804 52
owned 476 3076804 3076805 3076806 3076807 3078855 3074759 3072711 3072710 3072709 3072708 3072707 3072706 3072705 3072704 3074752 3076800 3076801 3076802 3078850 3078851 3080899 3080900 3080901 3080902 3082949 3082948 3082947 3082946 3080898 3080897 3078849 3078848 3074753 3070657 3074754 3070658 3068610 3068611 3068612 3068613 3074755 3070659 3070660 3070661 3070662 3078854 3074758 3078853 3074757 3076803 3078852 3074756
bot 477 479 9mt34ypn 2102586138 1137849 52
owned 477 1137849 1137850 1137851 1137852 1139900 1135804 1133756 1133755 1133754 1133753 1133752 1133751 1133750 1133749 1135797 1137845 1137846 1137847 1139895 1139896 1141944 1141945 1141946 1141947 1143994 1143993 1143992 1143991 1141943 1141942 1139894 1139893 1135798 1131702 1135799 1131703 1129655 1129656 1129657 1129658 1135800 1131704 1131705 1131706 1131707 1139899 1135803 1139898 1135802 1137848 1139897 1135801
bot 478 480 7q708nxs 417940264 2443645 52
owned 478 2443645 2443646 2443647 2443648 2445696 2441600 2439552 2439551 2439550 2439549 2439548 2439547 2439546 2439545 2441593 2443641 2443642 2443643 2445691 2445692 2447740 2447741 2447742 2447743 2449790 2449789 2449788 2449787 2447739 2447738 2445690 2445689 2441594 2437498 2441595 2437499 2435451 2435452 2435453 2435454 2441596 2437500 2437501 2437502 2437503 2445695 2441599 2445694 2441598 2443644 2445693 2441597
bot 479 481 vaum2ag5 1384647716 217257 52
owned 479 217257 217258 217259 217260 219308 215212 213164 213163 213162 213161 213160 213159 213158 213157 215205 217253 217254 217255 219303 219304 221352 221353 221354 221355 223402 223401 223400 223399 221351 221350 219302 219301 215206 211110 215207 211111 209063 209064 209065 209066 215208 211112 211113 211114 211115 219307 215211 219306 215210 217256 219305 215209
bot 480 482 lhw012op 732008155 1724780 52
owned 480 1724780 1724781 1724782 1724783 1726831 1722735 1720687 1720686 1720685 1720684 1720683 1720682 1720681 1720680 1722728 1724776 1724777 1724778 1726826 1726827 1728875 1728876 1728877 1728878 1730925 1730924 1730923 1730922 1728874 1728873 1726825 1726824 1722729 1718633 1722730 1718634 1716586 1716587 1716588 1716589 1722731 1718635 1718636 1718637 1718638 1726830 1722734 1726829 1722733 1724779 1726828 1722732
bot 481 483 ov7icohk 1018938204 3120297 52
owned 481 3120297 3120298 3120299 3120300 3122348 3118252 3116204 3116203 3116202 3116201 3116200 3116199 3116198 3116197 3118245 3120293 3120294 3120295 3122343 3122344 3124392 3124393 3124394 3124395 3126442 3126441 3126440 3126439 3124391 3124390 3122342 3122341 3118246 3114150 3118247 3114151 3112103 3112104 3112105 3112106 3118248 3114152 3114153 3114154 3114155 3122347 3118251 3122346 3118250 3120296 3122345 3118249
bot 482 484 wdgpft73 1670765284 3091048 52
owned 482 3091048 3091049 3091050 3091051 3093099 3089003 3086955 3086954 3086953 3086952 3086951 3086950 3086949 3086948 3088996 3091044 3091045 3091046 3093094 3093095 3095143 3095144 3095145 3095146 3097193 3097192 3097191 3097190 3095142 3095141 3093093 3093092 3088997 3084901 3088998 3084902 3082854 3082855 3082856 3082857 3088999 3084903 3084904 3084905 3084906 3093098 3089002 3093097 3089001 3091047 3093096 3089000
bot 483 485 77xjevxo -1951658934 269749 52
owned 483 269749 269750 269751 269752 271800 267704 265656 265655 265654 265653 265652 265651 265650 265649 267697 269745 269746 269747 271795 271796 273844 273845 273846 273847 275894 275893 275892 275891 273843 273842 271794 271793 267698 263602 267699 263603 261555 261556 261557 261558 267700 263604 263605 263606 263607 271799 267703 271798 267702 269748 271797 267701
bot 484 486 oqm2d2ls 780145184 3249522 52
owned 484 3249522 3249523 3249524 3249525 3251573 3247477 3245429 3245428 3245427 3245426 3245425 3245424 3245423 3245422 3247470 3249518 3249519 3249520 3251568 3251569 3253617 3253618 3253619 3253620 3255667 3255666 3255665 3255664 3253616 3253615 3251567 3251566 3247471 3243375 3247472 3243376 3241328 3241329 3241330 3241331 3247473 3243377 3243378 3243379 3243380 3251572 3247476 3251571 3247475 3249521 3251570 3247474
bot 485 487 s4bnz7gf 599452877 1592009 52
owned 485 1592009 1592010 1592011 1592012 1594060 1589964 1587916 1587915 1587914 1587913 1587912 1587911 1587910 1587909 1589957 1592005 1592006 1592007 1594055 1594056 1596104 1596105 1596106 1596107 1598154 1598153 1598152 1598151 1596103 1596102 1594054 1594053 1589958 1585862 1589959 1585863 1583815 1583816 1583817 1583818 1589960 1585864 1585865 1585866 1585867 1594059 1589963 1594058 1589962 1592008 1594057 1589961
bot 486 488 qareow7n 1600203458 2774776 52
owned 486 2774776 2774777 2774778 2774779 2776827 2772731 2770683 2770682 2770681 2770680 2770679 2770678 2770677 2770676 2772724 2774772 2774773 2774774 2776822 2776823 2778871 2778872 2778873 2778874 2780921 2780920 2780919 2780918 2778870 2778869 2776821 2776820 2772725 2768629 2772726 2768630 2766582 2766583 2766584 2766585 2772727 2768631 2768632 2768633 2768634 2776826 2772730 2776825 2772729 2774775 2776824 2772728
bot 487 489 0qjiaqhk 2124328977 23774 52
owned 487 23774 23775 23776 23777 25825 21729 19681 19680 19679 19678 19677 19676 19675 19674 21722 23770 23771 23772 25820 25821 27869 27870 27871 27872 29919 29918 29917 29916 27868 27867 25819 25818 21723 17627 21724 17628 15580 15581 15582 15583 21725 17629 17630 17631 17632 25824 21728 25823 21727 23773 25822 21726
