# ofcuda_spawn reference v1  (engine ground truth, arbitrary N)
# repo /opt/data/workspaces/skg/openfront-ai
map thebox
seed parity
game_id QqkIuyke
game_hash 223241348
agents 18
nations 0
human_agents 1
width 2048
height 2048
min_dist 30
player 1 H nd8079oo -1 0 0
player 2 B 7kmb47oc 449033 1 52
player 3 B su965kfe 1794996 1 52
player 4 B 4918e5rs 3328214 1 52
player 5 B 0grah7qg 1250299 1 52
player 6 B 79lbhuod 127246 1 52
player 7 B 0eay8wsu 1770716 1 52
player 8 B l4g4juu8 2107776 1 52
player 9 B gsw4n5km 3754482 1 52
player 10 B ooz4f963 3643254 1 52
player 11 B g49bog52 1320508 1 52
player 12 B vl3arc4y 1962439 1 52
player 13 B 26spmsu2 1661911 1 52
player 14 B 666fmd2f 1181048 1 52
player 15 B vybu8oes 2434750 1 52
player 16 B tlx2iciq 534900 1 52
player 17 B 8i7cuo9t 1611090 1 52
player 18 B ay8xa67r 2215469 1 52
player 19 B fha1xhrw 1845038 1 52
bot 0 2 7kmb47oc 979863364 449033 521 219 52
owned 0 440839
owned 0 440840
owned 0 440841
owned 0 440842
owned 0 442886
owned 0 442887
owned 0 442888
owned 0 442889
owned 0 442890
owned 0 442891
owned 0 444933
owned 0 444934
owned 0 444935
owned 0 444936
owned 0 444937
owned 0 444938
owned 0 444939
owned 0 444940
owned 0 446981
owned 0 446982
owned 0 446983
owned 0 446984
owned 0 446985
owned 0 446986
owned 0 446987
owned 0 446988
owned 0 449029
owned 0 449030
owned 0 449031
owned 0 449032
owned 0 449033
owned 0 449034
owned 0 449035
owned 0 449036
owned 0 451077
owned 0 451078
owned 0 451079
owned 0 451080
owned 0 451081
owned 0 451082
owned 0 451083
owned 0 451084
owned 0 453126
owned 0 453127
owned 0 453128
owned 0 453129
owned 0 453130
owned 0 453131
owned 0 455175
owned 0 455176
owned 0 455177
owned 0 455178
bot 1 3 su965kfe 1225099288 1794996 948 876 52
owner 1 449033 2
owner 1 446985 2
owner 1 451081 2
owner 1 449032 2
owner 1 449034 2
owner 1 446986 2
owner 1 451082 2
owner 1 449035 2
owner 1 446987 2
owner 1 451083 2
owner 1 449036 2
owner 1 446988 2
owner 1 451084 2
owner 1 444940 2
owner 1 444939 2
owner 1 442891 2
owner 1 444938 2
owner 1 442890 2
owner 1 444937 2
owner 1 442889 2
owner 1 444936 2
owner 1 442888 2
owner 1 446984 2
owner 1 444935 2
owner 1 442887 2
owner 1 446983 2
owner 1 444934 2
owner 1 442886 2
owner 1 446982 2
owner 1 444933 2
owner 1 446981 2
owner 1 449029 2
owner 1 451077 2
owner 1 449030 2
owner 1 451078 2
owner 1 449031 2
owner 1 451079 2
owner 1 453127 2
owner 1 451080 2
owner 1 453128 2
owner 1 455176 2
owner 1 453129 2
owner 1 455177 2
owner 1 453130 2
owner 1 455178 2
owner 1 453131 2
owner 1 455175 2
owner 1 453126 2
owner 1 440839 2
owner 1 440840 2
owner 1 440841 2
owner 1 440842 2
prev 1 449033
owned 1 1786802
owned 1 1786803
owned 1 1786804
owned 1 1786805
owned 1 1788849
owned 1 1788850
owned 1 1788851
owned 1 1788852
owned 1 1788853
owned 1 1788854
owned 1 1790896
owned 1 1790897
owned 1 1790898
owned 1 1790899
owned 1 1790900
owned 1 1790901
owned 1 1790902
owned 1 1790903
owned 1 1792944
owned 1 1792945
owned 1 1792946
owned 1 1792947
owned 1 1792948
owned 1 1792949
owned 1 1792950
owned 1 1792951
owned 1 1794992
owned 1 1794993
owned 1 1794994
owned 1 1794995
owned 1 1794996
owned 1 1794997
owned 1 1794998
owned 1 1794999
owned 1 1797040
owned 1 1797041
owned 1 1797042
owned 1 1797043
owned 1 1797044
owned 1 1797045
owned 1 1797046
owned 1 1797047
owned 1 1799089
owned 1 1799090
owned 1 1799091
owned 1 1799092
owned 1 1799093
owned 1 1799094
owned 1 1801138
owned 1 1801139
owned 1 1801140
owned 1 1801141
bot 2 4 4918e5rs 1160776865 3328214 214 1625 52
owner 2 449033 2
owner 2 446985 2
owner 2 451081 2
owner 2 449032 2
owner 2 449034 2
owner 2 446986 2
owner 2 451082 2
owner 2 449035 2
owner 2 446987 2
owner 2 451083 2
owner 2 449036 2
owner 2 446988 2
owner 2 451084 2
owner 2 444940 2
owner 2 444939 2
owner 2 442891 2
owner 2 444938 2
owner 2 442890 2
owner 2 444937 2
owner 2 442889 2
owner 2 444936 2
owner 2 442888 2
owner 2 446984 2
owner 2 444935 2
owner 2 442887 2
owner 2 446983 2
owner 2 444934 2
owner 2 442886 2
owner 2 446982 2
owner 2 444933 2
owner 2 446981 2
owner 2 449029 2
owner 2 451077 2
owner 2 449030 2
owner 2 451078 2
owner 2 449031 2
owner 2 451079 2
owner 2 453127 2
owner 2 451080 2
owner 2 453128 2
owner 2 455176 2
owner 2 453129 2
owner 2 455177 2
owner 2 453130 2
owner 2 455178 2
owner 2 453131 2
owner 2 455175 2
owner 2 453126 2
owner 2 440839 2
owner 2 440840 2
owner 2 440841 2
owner 2 440842 2
owner 2 1794996 3
owner 2 1792948 3
owner 2 1797044 3
owner 2 1794995 3
owner 2 1794997 3
owner 2 1792949 3
owner 2 1797045 3
owner 2 1794998 3
owner 2 1792950 3
owner 2 1797046 3
owner 2 1794999 3
owner 2 1792951 3
owner 2 1797047 3
owner 2 1790903 3
owner 2 1790902 3
owner 2 1788854 3
owner 2 1790901 3
owner 2 1788853 3
owner 2 1790900 3
owner 2 1788852 3
owner 2 1790899 3
owner 2 1788851 3
owner 2 1792947 3
owner 2 1790898 3
owner 2 1788850 3
owner 2 1792946 3
owner 2 1790897 3
owner 2 1788849 3
owner 2 1792945 3
owner 2 1790896 3
owner 2 1792944 3
owner 2 1794992 3
owner 2 1797040 3
owner 2 1794993 3
owner 2 1797041 3
owner 2 1794994 3
owner 2 1797042 3
owner 2 1799090 3
owner 2 1797043 3
owner 2 1799091 3
owner 2 1801139 3
owner 2 1799092 3
owner 2 1801140 3
owner 2 1799093 3
owner 2 1801141 3
owner 2 1799094 3
owner 2 1801138 3
owner 2 1799089 3
owner 2 1786802 3
owner 2 1786803 3
owner 2 1786804 3
owner 2 1786805 3
prev 2 449033
prev 2 1794996
owned 2 3320020
owned 2 3320021
owned 2 3320022
owned 2 3320023
owned 2 3322067
owned 2 3322068
owned 2 3322069
owned 2 3322070
owned 2 3322071
owned 2 3322072
owned 2 3324114
owned 2 3324115
owned 2 3324116
owned 2 3324117
owned 2 3324118
owned 2 3324119
owned 2 3324120
owned 2 3324121
owned 2 3326162
owned 2 3326163
owned 2 3326164
owned 2 3326165
owned 2 3326166
owned 2 3326167
owned 2 3326168
owned 2 3326169
owned 2 3328210
owned 2 3328211
owned 2 3328212
owned 2 3328213
owned 2 3328214
owned 2 3328215
owned 2 3328216
owned 2 3328217
owned 2 3330258
owned 2 3330259
owned 2 3330260
owned 2 3330261
owned 2 3330262
owned 2 3330263
owned 2 3330264
owned 2 3330265
owned 2 3332307
owned 2 3332308
owned 2 3332309
owned 2 3332310
owned 2 3332311
owned 2 3332312
owned 2 3334356
owned 2 3334357
owned 2 3334358
owned 2 3334359
bot 3 5 0grah7qg -2107334215 1250299 1019 610 52
owner 3 449033 2
owner 3 446985 2
owner 3 451081 2
owner 3 449032 2
owner 3 449034 2
owner 3 446986 2
owner 3 451082 2
owner 3 449035 2
owner 3 446987 2
owner 3 451083 2
owner 3 449036 2
owner 3 446988 2
owner 3 451084 2
owner 3 444940 2
owner 3 444939 2
owner 3 442891 2
owner 3 444938 2
owner 3 442890 2
owner 3 444937 2
owner 3 442889 2
owner 3 444936 2
owner 3 442888 2
owner 3 446984 2
owner 3 444935 2
owner 3 442887 2
owner 3 446983 2
owner 3 444934 2
owner 3 442886 2
owner 3 446982 2
owner 3 444933 2
owner 3 446981 2
owner 3 449029 2
owner 3 451077 2
owner 3 449030 2
owner 3 451078 2
owner 3 449031 2
owner 3 451079 2
owner 3 453127 2
owner 3 451080 2
owner 3 453128 2
owner 3 455176 2
owner 3 453129 2
owner 3 455177 2
owner 3 453130 2
owner 3 455178 2
owner 3 453131 2
owner 3 455175 2
owner 3 453126 2
owner 3 440839 2
owner 3 440840 2
owner 3 440841 2
owner 3 440842 2
owner 3 1794996 3
owner 3 1792948 3
owner 3 1797044 3
owner 3 1794995 3
owner 3 1794997 3
owner 3 1792949 3
owner 3 1797045 3
owner 3 1794998 3
owner 3 1792950 3
owner 3 1797046 3
owner 3 1794999 3
owner 3 1792951 3
owner 3 1797047 3
owner 3 1790903 3
owner 3 1790902 3
owner 3 1788854 3
owner 3 1790901 3
owner 3 1788853 3
owner 3 1790900 3
owner 3 1788852 3
owner 3 1790899 3
owner 3 1788851 3
owner 3 1792947 3
owner 3 1790898 3
owner 3 1788850 3
owner 3 1792946 3
owner 3 1790897 3
owner 3 1788849 3
owner 3 1792945 3
owner 3 1790896 3
owner 3 1792944 3
owner 3 1794992 3
owner 3 1797040 3
owner 3 1794993 3
owner 3 1797041 3
owner 3 1794994 3
owner 3 1797042 3
owner 3 1799090 3
owner 3 1797043 3
owner 3 1799091 3
owner 3 1801139 3
owner 3 1799092 3
owner 3 1801140 3
owner 3 1799093 3
owner 3 1801141 3
owner 3 1799094 3
owner 3 1801138 3
owner 3 1799089 3
owner 3 1786802 3
owner 3 1786803 3
owner 3 1786804 3
owner 3 1786805 3
owner 3 3328214 4
owner 3 3326166 4
owner 3 3330262 4
owner 3 3328213 4
owner 3 3328215 4
owner 3 3326167 4
owner 3 3330263 4
owner 3 3328216 4
owner 3 3326168 4
owner 3 3330264 4
owner 3 3328217 4
owner 3 3326169 4
owner 3 3330265 4
owner 3 3324121 4
owner 3 3324120 4
owner 3 3322072 4
owner 3 3324119 4
owner 3 3322071 4
owner 3 3324118 4
owner 3 3322070 4
owner 3 3324117 4
owner 3 3322069 4
owner 3 3326165 4
owner 3 3324116 4
owner 3 3322068 4
owner 3 3326164 4
owner 3 3324115 4
owner 3 3322067 4
owner 3 3326163 4
owner 3 3324114 4
owner 3 3326162 4
owner 3 3328210 4
owner 3 3330258 4
owner 3 3328211 4
owner 3 3330259 4
owner 3 3328212 4
owner 3 3330260 4
owner 3 3332308 4
owner 3 3330261 4
owner 3 3332309 4
owner 3 3334357 4
owner 3 3332310 4
owner 3 3334358 4
owner 3 3332311 4
owner 3 3334359 4
owner 3 3332312 4
owner 3 3334356 4
owner 3 3332307 4
owner 3 3320020 4
owner 3 3320021 4
owner 3 3320022 4
owner 3 3320023 4
prev 3 449033
prev 3 1794996
prev 3 3328214
owned 3 1242105
owned 3 1242106
owned 3 1242107
owned 3 1242108
owned 3 1244152
owned 3 1244153
owned 3 1244154
owned 3 1244155
owned 3 1244156
owned 3 1244157
owned 3 1246199
owned 3 1246200
owned 3 1246201
owned 3 1246202
owned 3 1246203
owned 3 1246204
owned 3 1246205
owned 3 1246206
owned 3 1248247
owned 3 1248248
owned 3 1248249
owned 3 1248250
owned 3 1248251
owned 3 1248252
owned 3 1248253
owned 3 1248254
owned 3 1250295
owned 3 1250296
owned 3 1250297
owned 3 1250298
owned 3 1250299
owned 3 1250300
owned 3 1250301
owned 3 1250302
owned 3 1252343
owned 3 1252344
owned 3 1252345
owned 3 1252346
owned 3 1252347
owned 3 1252348
owned 3 1252349
owned 3 1252350
owned 3 1254392
owned 3 1254393
owned 3 1254394
owned 3 1254395
owned 3 1254396
owned 3 1254397
owned 3 1256441
owned 3 1256442
owned 3 1256443
owned 3 1256444
bot 4 6 79lbhuod 919150858 127246 270 62 52
owner 4 449033 2
owner 4 446985 2
owner 4 451081 2
owner 4 449032 2
owner 4 449034 2
owner 4 446986 2
owner 4 451082 2
owner 4 449035 2
owner 4 446987 2
owner 4 451083 2
owner 4 449036 2
owner 4 446988 2
owner 4 451084 2
owner 4 444940 2
owner 4 444939 2
owner 4 442891 2
owner 4 444938 2
owner 4 442890 2
owner 4 444937 2
owner 4 442889 2
owner 4 444936 2
owner 4 442888 2
owner 4 446984 2
owner 4 444935 2
owner 4 442887 2
owner 4 446983 2
owner 4 444934 2
owner 4 442886 2
owner 4 446982 2
owner 4 444933 2
owner 4 446981 2
owner 4 449029 2
owner 4 451077 2
owner 4 449030 2
owner 4 451078 2
owner 4 449031 2
owner 4 451079 2
owner 4 453127 2
owner 4 451080 2
owner 4 453128 2
owner 4 455176 2
owner 4 453129 2
owner 4 455177 2
owner 4 453130 2
owner 4 455178 2
owner 4 453131 2
owner 4 455175 2
owner 4 453126 2
owner 4 440839 2
owner 4 440840 2
owner 4 440841 2
owner 4 440842 2
owner 4 1794996 3
owner 4 1792948 3
owner 4 1797044 3
owner 4 1794995 3
owner 4 1794997 3
owner 4 1792949 3
owner 4 1797045 3
owner 4 1794998 3
owner 4 1792950 3
owner 4 1797046 3
owner 4 1794999 3
owner 4 1792951 3
owner 4 1797047 3
owner 4 1790903 3
owner 4 1790902 3
owner 4 1788854 3
owner 4 1790901 3
owner 4 1788853 3
owner 4 1790900 3
owner 4 1788852 3
owner 4 1790899 3
owner 4 1788851 3
owner 4 1792947 3
owner 4 1790898 3
owner 4 1788850 3
owner 4 1792946 3
owner 4 1790897 3
owner 4 1788849 3
owner 4 1792945 3
owner 4 1790896 3
owner 4 1792944 3
owner 4 1794992 3
owner 4 1797040 3
owner 4 1794993 3
owner 4 1797041 3
owner 4 1794994 3
owner 4 1797042 3
owner 4 1799090 3
owner 4 1797043 3
owner 4 1799091 3
owner 4 1801139 3
owner 4 1799092 3
owner 4 1801140 3
owner 4 1799093 3
owner 4 1801141 3
owner 4 1799094 3
owner 4 1801138 3
owner 4 1799089 3
owner 4 1786802 3
owner 4 1786803 3
owner 4 1786804 3
owner 4 1786805 3
owner 4 3328214 4
owner 4 3326166 4
owner 4 3330262 4
owner 4 3328213 4
owner 4 3328215 4
owner 4 3326167 4
owner 4 3330263 4
owner 4 3328216 4
owner 4 3326168 4
owner 4 3330264 4
owner 4 3328217 4
owner 4 3326169 4
owner 4 3330265 4
owner 4 3324121 4
owner 4 3324120 4
owner 4 3322072 4
owner 4 3324119 4
owner 4 3322071 4
owner 4 3324118 4
owner 4 3322070 4
owner 4 3324117 4
owner 4 3322069 4
owner 4 3326165 4
owner 4 3324116 4
owner 4 3322068 4
owner 4 3326164 4
owner 4 3324115 4
owner 4 3322067 4
owner 4 3326163 4
owner 4 3324114 4
owner 4 3326162 4
owner 4 3328210 4
owner 4 3330258 4
owner 4 3328211 4
owner 4 3330259 4
owner 4 3328212 4
owner 4 3330260 4
owner 4 3332308 4
owner 4 3330261 4
owner 4 3332309 4
owner 4 3334357 4
owner 4 3332310 4
owner 4 3334358 4
owner 4 3332311 4
owner 4 3334359 4
owner 4 3332312 4
owner 4 3334356 4
owner 4 3332307 4
owner 4 3320020 4
owner 4 3320021 4
owner 4 3320022 4
owner 4 3320023 4
owner 4 1250299 5
owner 4 1248251 5
owner 4 1252347 5
owner 4 1250298 5
owner 4 1250300 5
owner 4 1248252 5
owner 4 1252348 5
owner 4 1250301 5
owner 4 1248253 5
owner 4 1252349 5
owner 4 1250302 5
owner 4 1248254 5
owner 4 1252350 5
owner 4 1246206 5
owner 4 1246205 5
owner 4 1244157 5
owner 4 1246204 5
owner 4 1244156 5
owner 4 1246203 5
owner 4 1244155 5
owner 4 1246202 5
owner 4 1244154 5
owner 4 1248250 5
owner 4 1246201 5
owner 4 1244153 5
owner 4 1248249 5
owner 4 1246200 5
owner 4 1244152 5
owner 4 1248248 5
owner 4 1246199 5
owner 4 1248247 5
owner 4 1250295 5
owner 4 1252343 5
owner 4 1250296 5
owner 4 1252344 5
owner 4 1250297 5
owner 4 1252345 5
owner 4 1254393 5
owner 4 1252346 5
owner 4 1254394 5
owner 4 1256442 5
owner 4 1254395 5
owner 4 1256443 5
owner 4 1254396 5
owner 4 1256444 5
owner 4 1254397 5
owner 4 1256441 5
owner 4 1254392 5
owner 4 1242105 5
owner 4 1242106 5
owner 4 1242107 5
owner 4 1242108 5
prev 4 449033
prev 4 1794996
prev 4 3328214
prev 4 1250299
owned 4 119052
owned 4 119053
owned 4 119054
owned 4 119055
owned 4 121099
owned 4 121100
owned 4 121101
owned 4 121102
owned 4 121103
owned 4 121104
owned 4 123146
owned 4 123147
owned 4 123148
owned 4 123149
owned 4 123150
owned 4 123151
owned 4 123152
owned 4 123153
owned 4 125194
owned 4 125195
owned 4 125196
owned 4 125197
owned 4 125198
owned 4 125199
owned 4 125200
owned 4 125201
owned 4 127242
owned 4 127243
owned 4 127244
owned 4 127245
owned 4 127246
owned 4 127247
owned 4 127248
owned 4 127249
owned 4 129290
owned 4 129291
owned 4 129292
owned 4 129293
owned 4 129294
owned 4 129295
owned 4 129296
owned 4 129297
owned 4 131339
owned 4 131340
owned 4 131341
owned 4 131342
owned 4 131343
owned 4 131344
owned 4 133388
owned 4 133389
owned 4 133390
owned 4 133391
bot 5 7 0eay8wsu 312910098 1770716 1244 864 52
owner 5 449033 2
owner 5 446985 2
owner 5 451081 2
owner 5 449032 2
owner 5 449034 2
owner 5 446986 2
owner 5 451082 2
owner 5 449035 2
owner 5 446987 2
owner 5 451083 2
owner 5 449036 2
owner 5 446988 2
owner 5 451084 2
owner 5 444940 2
owner 5 444939 2
owner 5 442891 2
owner 5 444938 2
owner 5 442890 2
owner 5 444937 2
owner 5 442889 2
owner 5 444936 2
owner 5 442888 2
owner 5 446984 2
owner 5 444935 2
owner 5 442887 2
owner 5 446983 2
owner 5 444934 2
owner 5 442886 2
owner 5 446982 2
owner 5 444933 2
owner 5 446981 2
owner 5 449029 2
owner 5 451077 2
owner 5 449030 2
owner 5 451078 2
owner 5 449031 2
owner 5 451079 2
owner 5 453127 2
owner 5 451080 2
owner 5 453128 2
owner 5 455176 2
owner 5 453129 2
owner 5 455177 2
owner 5 453130 2
owner 5 455178 2
owner 5 453131 2
owner 5 455175 2
owner 5 453126 2
owner 5 440839 2
owner 5 440840 2
owner 5 440841 2
owner 5 440842 2
owner 5 1794996 3
owner 5 1792948 3
owner 5 1797044 3
owner 5 1794995 3
owner 5 1794997 3
owner 5 1792949 3
owner 5 1797045 3
owner 5 1794998 3
owner 5 1792950 3
owner 5 1797046 3
owner 5 1794999 3
owner 5 1792951 3
owner 5 1797047 3
owner 5 1790903 3
owner 5 1790902 3
owner 5 1788854 3
owner 5 1790901 3
owner 5 1788853 3
owner 5 1790900 3
owner 5 1788852 3
owner 5 1790899 3
owner 5 1788851 3
owner 5 1792947 3
owner 5 1790898 3
owner 5 1788850 3
owner 5 1792946 3
owner 5 1790897 3
owner 5 1788849 3
owner 5 1792945 3
owner 5 1790896 3
owner 5 1792944 3
owner 5 1794992 3
owner 5 1797040 3
owner 5 1794993 3
owner 5 1797041 3
owner 5 1794994 3
owner 5 1797042 3
owner 5 1799090 3
owner 5 1797043 3
owner 5 1799091 3
owner 5 1801139 3
owner 5 1799092 3
owner 5 1801140 3
owner 5 1799093 3
owner 5 1801141 3
owner 5 1799094 3
owner 5 1801138 3
owner 5 1799089 3
owner 5 1786802 3
owner 5 1786803 3
owner 5 1786804 3
owner 5 1786805 3
owner 5 3328214 4
owner 5 3326166 4
owner 5 3330262 4
owner 5 3328213 4
owner 5 3328215 4
owner 5 3326167 4
owner 5 3330263 4
owner 5 3328216 4
owner 5 3326168 4
owner 5 3330264 4
owner 5 3328217 4
owner 5 3326169 4
owner 5 3330265 4
owner 5 3324121 4
owner 5 3324120 4
owner 5 3322072 4
owner 5 3324119 4
owner 5 3322071 4
owner 5 3324118 4
owner 5 3322070 4
owner 5 3324117 4
owner 5 3322069 4
owner 5 3326165 4
owner 5 3324116 4
owner 5 3322068 4
owner 5 3326164 4
owner 5 3324115 4
owner 5 3322067 4
owner 5 3326163 4
owner 5 3324114 4
owner 5 3326162 4
owner 5 3328210 4
owner 5 3330258 4
owner 5 3328211 4
owner 5 3330259 4
owner 5 3328212 4
owner 5 3330260 4
owner 5 3332308 4
owner 5 3330261 4
owner 5 3332309 4
owner 5 3334357 4
owner 5 3332310 4
owner 5 3334358 4
owner 5 3332311 4
owner 5 3334359 4
owner 5 3332312 4
owner 5 3334356 4
owner 5 3332307 4
owner 5 3320020 4
owner 5 3320021 4
owner 5 3320022 4
owner 5 3320023 4
owner 5 1250299 5
owner 5 1248251 5
owner 5 1252347 5
owner 5 1250298 5
owner 5 1250300 5
owner 5 1248252 5
owner 5 1252348 5
owner 5 1250301 5
owner 5 1248253 5
owner 5 1252349 5
owner 5 1250302 5
owner 5 1248254 5
owner 5 1252350 5
owner 5 1246206 5
owner 5 1246205 5
owner 5 1244157 5
owner 5 1246204 5
owner 5 1244156 5
owner 5 1246203 5
owner 5 1244155 5
owner 5 1246202 5
owner 5 1244154 5
owner 5 1248250 5
owner 5 1246201 5
owner 5 1244153 5
owner 5 1248249 5
owner 5 1246200 5
owner 5 1244152 5
owner 5 1248248 5
owner 5 1246199 5
owner 5 1248247 5
owner 5 1250295 5
owner 5 1252343 5
owner 5 1250296 5
owner 5 1252344 5
owner 5 1250297 5
owner 5 1252345 5
owner 5 1254393 5
owner 5 1252346 5
owner 5 1254394 5
owner 5 1256442 5
owner 5 1254395 5
owner 5 1256443 5
owner 5 1254396 5
owner 5 1256444 5
owner 5 1254397 5
owner 5 1256441 5
owner 5 1254392 5
owner 5 1242105 5
owner 5 1242106 5
owner 5 1242107 5
owner 5 1242108 5
owner 5 127246 6
owner 5 125198 6
owner 5 129294 6
owner 5 127245 6
owner 5 127247 6
owner 5 125199 6
owner 5 129295 6
owner 5 127248 6
owner 5 125200 6
owner 5 129296 6
owner 5 127249 6
owner 5 125201 6
owner 5 129297 6
owner 5 123153 6
owner 5 123152 6
owner 5 121104 6
owner 5 123151 6
owner 5 121103 6
owner 5 123150 6
owner 5 121102 6
owner 5 123149 6
owner 5 121101 6
owner 5 125197 6
owner 5 123148 6
owner 5 121100 6
owner 5 125196 6
owner 5 123147 6
owner 5 121099 6
owner 5 125195 6
owner 5 123146 6
owner 5 125194 6
owner 5 127242 6
owner 5 129290 6
owner 5 127243 6
owner 5 129291 6
owner 5 127244 6
owner 5 129292 6
owner 5 131340 6
owner 5 129293 6
owner 5 131341 6
owner 5 133389 6
owner 5 131342 6
owner 5 133390 6
owner 5 131343 6
owner 5 133391 6
owner 5 131344 6
owner 5 133388 6
owner 5 131339 6
owner 5 119052 6
owner 5 119053 6
owner 5 119054 6
owner 5 119055 6
prev 5 449033
prev 5 1794996
prev 5 3328214
prev 5 1250299
prev 5 127246
owned 5 1762522
owned 5 1762523
owned 5 1762524
owned 5 1762525
owned 5 1764569
owned 5 1764570
owned 5 1764571
owned 5 1764572
owned 5 1764573
owned 5 1764574
owned 5 1766616
owned 5 1766617
owned 5 1766618
owned 5 1766619
owned 5 1766620
owned 5 1766621
owned 5 1766622
owned 5 1766623
owned 5 1768664
owned 5 1768665
owned 5 1768666
owned 5 1768667
owned 5 1768668
owned 5 1768669
owned 5 1768670
owned 5 1768671
owned 5 1770712
owned 5 1770713
owned 5 1770714
owned 5 1770715
owned 5 1770716
owned 5 1770717
owned 5 1770718
owned 5 1770719
owned 5 1772760
owned 5 1772761
owned 5 1772762
owned 5 1772763
owned 5 1772764
owned 5 1772765
owned 5 1772766
owned 5 1772767
owned 5 1774809
owned 5 1774810
owned 5 1774811
owned 5 1774812
owned 5 1774813
owned 5 1774814
owned 5 1776858
owned 5 1776859
owned 5 1776860
owned 5 1776861
bot 6 8 l4g4juu8 1373847271 2107776 384 1029 52
owner 6 449033 2
owner 6 446985 2
owner 6 451081 2
owner 6 449032 2
owner 6 449034 2
owner 6 446986 2
owner 6 451082 2
owner 6 449035 2
owner 6 446987 2
owner 6 451083 2
owner 6 449036 2
owner 6 446988 2
owner 6 451084 2
owner 6 444940 2
owner 6 444939 2
owner 6 442891 2
owner 6 444938 2
owner 6 442890 2
owner 6 444937 2
owner 6 442889 2
owner 6 444936 2
owner 6 442888 2
owner 6 446984 2
owner 6 444935 2
owner 6 442887 2
owner 6 446983 2
owner 6 444934 2
owner 6 442886 2
owner 6 446982 2
owner 6 444933 2
owner 6 446981 2
owner 6 449029 2
owner 6 451077 2
owner 6 449030 2
owner 6 451078 2
owner 6 449031 2
owner 6 451079 2
owner 6 453127 2
owner 6 451080 2
owner 6 453128 2
owner 6 455176 2
owner 6 453129 2
owner 6 455177 2
owner 6 453130 2
owner 6 455178 2
owner 6 453131 2
owner 6 455175 2
owner 6 453126 2
owner 6 440839 2
owner 6 440840 2
owner 6 440841 2
owner 6 440842 2
owner 6 1794996 3
owner 6 1792948 3
owner 6 1797044 3
owner 6 1794995 3
owner 6 1794997 3
owner 6 1792949 3
owner 6 1797045 3
owner 6 1794998 3
owner 6 1792950 3
owner 6 1797046 3
owner 6 1794999 3
owner 6 1792951 3
owner 6 1797047 3
owner 6 1790903 3
owner 6 1790902 3
owner 6 1788854 3
owner 6 1790901 3
owner 6 1788853 3
owner 6 1790900 3
owner 6 1788852 3
owner 6 1790899 3
owner 6 1788851 3
owner 6 1792947 3
owner 6 1790898 3
owner 6 1788850 3
owner 6 1792946 3
owner 6 1790897 3
owner 6 1788849 3
owner 6 1792945 3
owner 6 1790896 3
owner 6 1792944 3
owner 6 1794992 3
owner 6 1797040 3
owner 6 1794993 3
owner 6 1797041 3
owner 6 1794994 3
owner 6 1797042 3
owner 6 1799090 3
owner 6 1797043 3
owner 6 1799091 3
owner 6 1801139 3
owner 6 1799092 3
owner 6 1801140 3
owner 6 1799093 3
owner 6 1801141 3
owner 6 1799094 3
owner 6 1801138 3
owner 6 1799089 3
owner 6 1786802 3
owner 6 1786803 3
owner 6 1786804 3
owner 6 1786805 3
owner 6 3328214 4
owner 6 3326166 4
owner 6 3330262 4
owner 6 3328213 4
owner 6 3328215 4
owner 6 3326167 4
owner 6 3330263 4
owner 6 3328216 4
owner 6 3326168 4
owner 6 3330264 4
owner 6 3328217 4
owner 6 3326169 4
owner 6 3330265 4
owner 6 3324121 4
owner 6 3324120 4
owner 6 3322072 4
owner 6 3324119 4
owner 6 3322071 4
owner 6 3324118 4
owner 6 3322070 4
owner 6 3324117 4
owner 6 3322069 4
owner 6 3326165 4
owner 6 3324116 4
owner 6 3322068 4
owner 6 3326164 4
owner 6 3324115 4
owner 6 3322067 4
owner 6 3326163 4
owner 6 3324114 4
owner 6 3326162 4
owner 6 3328210 4
owner 6 3330258 4
owner 6 3328211 4
owner 6 3330259 4
owner 6 3328212 4
owner 6 3330260 4
owner 6 3332308 4
owner 6 3330261 4
owner 6 3332309 4
owner 6 3334357 4
owner 6 3332310 4
owner 6 3334358 4
owner 6 3332311 4
owner 6 3334359 4
owner 6 3332312 4
owner 6 3334356 4
owner 6 3332307 4
owner 6 3320020 4
owner 6 3320021 4
owner 6 3320022 4
owner 6 3320023 4
owner 6 1250299 5
owner 6 1248251 5
owner 6 1252347 5
owner 6 1250298 5
owner 6 1250300 5
owner 6 1248252 5
owner 6 1252348 5
owner 6 1250301 5
owner 6 1248253 5
owner 6 1252349 5
owner 6 1250302 5
owner 6 1248254 5
owner 6 1252350 5
owner 6 1246206 5
owner 6 1246205 5
owner 6 1244157 5
owner 6 1246204 5
owner 6 1244156 5
owner 6 1246203 5
owner 6 1244155 5
owner 6 1246202 5
owner 6 1244154 5
owner 6 1248250 5
owner 6 1246201 5
owner 6 1244153 5
owner 6 1248249 5
owner 6 1246200 5
owner 6 1244152 5
owner 6 1248248 5
owner 6 1246199 5
owner 6 1248247 5
owner 6 1250295 5
owner 6 1252343 5
owner 6 1250296 5
owner 6 1252344 5
owner 6 1250297 5
owner 6 1252345 5
owner 6 1254393 5
owner 6 1252346 5
owner 6 1254394 5
owner 6 1256442 5
owner 6 1254395 5
owner 6 1256443 5
owner 6 1254396 5
owner 6 1256444 5
owner 6 1254397 5
owner 6 1256441 5
owner 6 1254392 5
owner 6 1242105 5
owner 6 1242106 5
owner 6 1242107 5
owner 6 1242108 5
owner 6 127246 6
owner 6 125198 6
owner 6 129294 6
owner 6 127245 6
owner 6 127247 6
owner 6 125199 6
owner 6 129295 6
owner 6 127248 6
owner 6 125200 6
owner 6 129296 6
owner 6 127249 6
owner 6 125201 6
owner 6 129297 6
owner 6 123153 6
owner 6 123152 6
owner 6 121104 6
owner 6 123151 6
owner 6 121103 6
owner 6 123150 6
owner 6 121102 6
owner 6 123149 6
owner 6 121101 6
owner 6 125197 6
owner 6 123148 6
owner 6 121100 6
owner 6 125196 6
owner 6 123147 6
owner 6 121099 6
owner 6 125195 6
owner 6 123146 6
owner 6 125194 6
owner 6 127242 6
owner 6 129290 6
owner 6 127243 6
owner 6 129291 6
owner 6 127244 6
owner 6 129292 6
owner 6 131340 6
owner 6 129293 6
owner 6 131341 6
owner 6 133389 6
owner 6 131342 6
owner 6 133390 6
owner 6 131343 6
owner 6 133391 6
owner 6 131344 6
owner 6 133388 6
owner 6 131339 6
owner 6 119052 6
owner 6 119053 6
owner 6 119054 6
owner 6 119055 6
owner 6 1770716 7
owner 6 1768668 7
owner 6 1772764 7
owner 6 1770715 7
owner 6 1770717 7
owner 6 1768669 7
owner 6 1772765 7
owner 6 1770718 7
owner 6 1768670 7
owner 6 1772766 7
owner 6 1770719 7
owner 6 1768671 7
owner 6 1772767 7
owner 6 1766623 7
owner 6 1766622 7
owner 6 1764574 7
owner 6 1766621 7
owner 6 1764573 7
owner 6 1766620 7
owner 6 1764572 7
owner 6 1766619 7
owner 6 1764571 7
owner 6 1768667 7
owner 6 1766618 7
owner 6 1764570 7
owner 6 1768666 7
owner 6 1766617 7
owner 6 1764569 7
owner 6 1768665 7
owner 6 1766616 7
owner 6 1768664 7
owner 6 1770712 7
owner 6 1772760 7
owner 6 1770713 7
owner 6 1772761 7
owner 6 1770714 7
owner 6 1772762 7
owner 6 1774810 7
owner 6 1772763 7
owner 6 1774811 7
owner 6 1776859 7
owner 6 1774812 7
owner 6 1776860 7
owner 6 1774813 7
owner 6 1776861 7
owner 6 1774814 7
owner 6 1776858 7
owner 6 1774809 7
owner 6 1762522 7
owner 6 1762523 7
owner 6 1762524 7
owner 6 1762525 7
prev 6 449033
prev 6 1794996
prev 6 3328214
prev 6 1250299
prev 6 127246
prev 6 1770716
owned 6 2099582
owned 6 2099583
owned 6 2099584
owned 6 2099585
owned 6 2101629
owned 6 2101630
owned 6 2101631
owned 6 2101632
owned 6 2101633
owned 6 2101634
owned 6 2103676
owned 6 2103677
owned 6 2103678
owned 6 2103679
owned 6 2103680
owned 6 2103681
owned 6 2103682
owned 6 2103683
owned 6 2105724
owned 6 2105725
owned 6 2105726
owned 6 2105727
owned 6 2105728
owned 6 2105729
owned 6 2105730
owned 6 2105731
owned 6 2107772
owned 6 2107773
owned 6 2107774
owned 6 2107775
owned 6 2107776
owned 6 2107777
owned 6 2107778
owned 6 2107779
owned 6 2109820
owned 6 2109821
owned 6 2109822
owned 6 2109823
owned 6 2109824
owned 6 2109825
owned 6 2109826
owned 6 2109827
owned 6 2111869
owned 6 2111870
owned 6 2111871
owned 6 2111872
owned 6 2111873
owned 6 2111874
owned 6 2113918
owned 6 2113919
owned 6 2113920
owned 6 2113921
bot 7 9 gsw4n5km 1786011062 3754482 498 1833 52
owner 7 449033 2
owner 7 446985 2
owner 7 451081 2
owner 7 449032 2
owner 7 449034 2
owner 7 446986 2
owner 7 451082 2
owner 7 449035 2
owner 7 446987 2
owner 7 451083 2
owner 7 449036 2
owner 7 446988 2
owner 7 451084 2
owner 7 444940 2
owner 7 444939 2
owner 7 442891 2
owner 7 444938 2
owner 7 442890 2
owner 7 444937 2
owner 7 442889 2
owner 7 444936 2
owner 7 442888 2
owner 7 446984 2
owner 7 444935 2
owner 7 442887 2
owner 7 446983 2
owner 7 444934 2
owner 7 442886 2
owner 7 446982 2
owner 7 444933 2
owner 7 446981 2
owner 7 449029 2
owner 7 451077 2
owner 7 449030 2
owner 7 451078 2
owner 7 449031 2
owner 7 451079 2
owner 7 453127 2
owner 7 451080 2
owner 7 453128 2
owner 7 455176 2
owner 7 453129 2
owner 7 455177 2
owner 7 453130 2
owner 7 455178 2
owner 7 453131 2
owner 7 455175 2
owner 7 453126 2
owner 7 440839 2
owner 7 440840 2
owner 7 440841 2
owner 7 440842 2
owner 7 1794996 3
owner 7 1792948 3
owner 7 1797044 3
owner 7 1794995 3
owner 7 1794997 3
owner 7 1792949 3
owner 7 1797045 3
owner 7 1794998 3
owner 7 1792950 3
owner 7 1797046 3
owner 7 1794999 3
owner 7 1792951 3
owner 7 1797047 3
owner 7 1790903 3
owner 7 1790902 3
owner 7 1788854 3
owner 7 1790901 3
owner 7 1788853 3
owner 7 1790900 3
owner 7 1788852 3
owner 7 1790899 3
owner 7 1788851 3
owner 7 1792947 3
owner 7 1790898 3
owner 7 1788850 3
owner 7 1792946 3
owner 7 1790897 3
owner 7 1788849 3
owner 7 1792945 3
owner 7 1790896 3
owner 7 1792944 3
owner 7 1794992 3
owner 7 1797040 3
owner 7 1794993 3
owner 7 1797041 3
owner 7 1794994 3
owner 7 1797042 3
owner 7 1799090 3
owner 7 1797043 3
owner 7 1799091 3
owner 7 1801139 3
owner 7 1799092 3
owner 7 1801140 3
owner 7 1799093 3
owner 7 1801141 3
owner 7 1799094 3
owner 7 1801138 3
owner 7 1799089 3
owner 7 1786802 3
owner 7 1786803 3
owner 7 1786804 3
owner 7 1786805 3
owner 7 3328214 4
owner 7 3326166 4
owner 7 3330262 4
owner 7 3328213 4
owner 7 3328215 4
owner 7 3326167 4
owner 7 3330263 4
owner 7 3328216 4
owner 7 3326168 4
owner 7 3330264 4
owner 7 3328217 4
owner 7 3326169 4
owner 7 3330265 4
owner 7 3324121 4
owner 7 3324120 4
owner 7 3322072 4
owner 7 3324119 4
owner 7 3322071 4
owner 7 3324118 4
owner 7 3322070 4
owner 7 3324117 4
owner 7 3322069 4
owner 7 3326165 4
owner 7 3324116 4
owner 7 3322068 4
owner 7 3326164 4
owner 7 3324115 4
owner 7 3322067 4
owner 7 3326163 4
owner 7 3324114 4
owner 7 3326162 4
owner 7 3328210 4
owner 7 3330258 4
owner 7 3328211 4
owner 7 3330259 4
owner 7 3328212 4
owner 7 3330260 4
owner 7 3332308 4
owner 7 3330261 4
owner 7 3332309 4
owner 7 3334357 4
owner 7 3332310 4
owner 7 3334358 4
owner 7 3332311 4
owner 7 3334359 4
owner 7 3332312 4
owner 7 3334356 4
owner 7 3332307 4
owner 7 3320020 4
owner 7 3320021 4
owner 7 3320022 4
owner 7 3320023 4
owner 7 1250299 5
owner 7 1248251 5
owner 7 1252347 5
owner 7 1250298 5
owner 7 1250300 5
owner 7 1248252 5
owner 7 1252348 5
owner 7 1250301 5
owner 7 1248253 5
owner 7 1252349 5
owner 7 1250302 5
owner 7 1248254 5
owner 7 1252350 5
owner 7 1246206 5
owner 7 1246205 5
owner 7 1244157 5
owner 7 1246204 5
owner 7 1244156 5
owner 7 1246203 5
owner 7 1244155 5
owner 7 1246202 5
owner 7 1244154 5
owner 7 1248250 5
owner 7 1246201 5
owner 7 1244153 5
owner 7 1248249 5
owner 7 1246200 5
owner 7 1244152 5
owner 7 1248248 5
owner 7 1246199 5
owner 7 1248247 5
owner 7 1250295 5
owner 7 1252343 5
owner 7 1250296 5
owner 7 1252344 5
owner 7 1250297 5
owner 7 1252345 5
owner 7 1254393 5
owner 7 1252346 5
owner 7 1254394 5
owner 7 1256442 5
owner 7 1254395 5
owner 7 1256443 5
owner 7 1254396 5
owner 7 1256444 5
owner 7 1254397 5
owner 7 1256441 5
owner 7 1254392 5
owner 7 1242105 5
owner 7 1242106 5
owner 7 1242107 5
owner 7 1242108 5
owner 7 127246 6
owner 7 125198 6
owner 7 129294 6
owner 7 127245 6
owner 7 127247 6
owner 7 125199 6
owner 7 129295 6
owner 7 127248 6
owner 7 125200 6
owner 7 129296 6
owner 7 127249 6
owner 7 125201 6
owner 7 129297 6
owner 7 123153 6
owner 7 123152 6
owner 7 121104 6
owner 7 123151 6
owner 7 121103 6
owner 7 123150 6
owner 7 121102 6
owner 7 123149 6
owner 7 121101 6
owner 7 125197 6
owner 7 123148 6
owner 7 121100 6
owner 7 125196 6
owner 7 123147 6
owner 7 121099 6
owner 7 125195 6
owner 7 123146 6
owner 7 125194 6
owner 7 127242 6
owner 7 129290 6
owner 7 127243 6
owner 7 129291 6
owner 7 127244 6
owner 7 129292 6
owner 7 131340 6
owner 7 129293 6
owner 7 131341 6
owner 7 133389 6
owner 7 131342 6
owner 7 133390 6
owner 7 131343 6
owner 7 133391 6
owner 7 131344 6
owner 7 133388 6
owner 7 131339 6
owner 7 119052 6
owner 7 119053 6
owner 7 119054 6
owner 7 119055 6
owner 7 1770716 7
owner 7 1768668 7
owner 7 1772764 7
owner 7 1770715 7
owner 7 1770717 7
owner 7 1768669 7
owner 7 1772765 7
owner 7 1770718 7
owner 7 1768670 7
owner 7 1772766 7
owner 7 1770719 7
owner 7 1768671 7
owner 7 1772767 7
owner 7 1766623 7
owner 7 1766622 7
owner 7 1764574 7
owner 7 1766621 7
owner 7 1764573 7
owner 7 1766620 7
owner 7 1764572 7
owner 7 1766619 7
owner 7 1764571 7
owner 7 1768667 7
owner 7 1766618 7
owner 7 1764570 7
owner 7 1768666 7
owner 7 1766617 7
owner 7 1764569 7
owner 7 1768665 7
owner 7 1766616 7
owner 7 1768664 7
owner 7 1770712 7
owner 7 1772760 7
owner 7 1770713 7
owner 7 1772761 7
owner 7 1770714 7
owner 7 1772762 7
owner 7 1774810 7
owner 7 1772763 7
owner 7 1774811 7
owner 7 1776859 7
owner 7 1774812 7
owner 7 1776860 7
owner 7 1774813 7
owner 7 1776861 7
owner 7 1774814 7
owner 7 1776858 7
owner 7 1774809 7
owner 7 1762522 7
owner 7 1762523 7
owner 7 1762524 7
owner 7 1762525 7
owner 7 2107776 8
owner 7 2105728 8
owner 7 2109824 8
owner 7 2107775 8
owner 7 2107777 8
owner 7 2105729 8
owner 7 2109825 8
owner 7 2107778 8
owner 7 2105730 8
owner 7 2109826 8
owner 7 2107779 8
owner 7 2105731 8
owner 7 2109827 8
owner 7 2103683 8
owner 7 2103682 8
owner 7 2101634 8
owner 7 2103681 8
owner 7 2101633 8
owner 7 2103680 8
owner 7 2101632 8
owner 7 2103679 8
owner 7 2101631 8
owner 7 2105727 8
owner 7 2103678 8
owner 7 2101630 8
owner 7 2105726 8
owner 7 2103677 8
owner 7 2101629 8
owner 7 2105725 8
owner 7 2103676 8
owner 7 2105724 8
owner 7 2107772 8
owner 7 2109820 8
owner 7 2107773 8
owner 7 2109821 8
owner 7 2107774 8
owner 7 2109822 8
owner 7 2111870 8
owner 7 2109823 8
owner 7 2111871 8
owner 7 2113919 8
owner 7 2111872 8
owner 7 2113920 8
owner 7 2111873 8
owner 7 2113921 8
owner 7 2111874 8
owner 7 2113918 8
owner 7 2111869 8
owner 7 2099582 8
owner 7 2099583 8
owner 7 2099584 8
owner 7 2099585 8
prev 7 449033
prev 7 1794996
prev 7 3328214
prev 7 1250299
prev 7 127246
prev 7 1770716
prev 7 2107776
owned 7 3746288
owned 7 3746289
owned 7 3746290
owned 7 3746291
owned 7 3748335
owned 7 3748336
owned 7 3748337
owned 7 3748338
owned 7 3748339
owned 7 3748340
owned 7 3750382
owned 7 3750383
owned 7 3750384
owned 7 3750385
owned 7 3750386
owned 7 3750387
owned 7 3750388
owned 7 3750389
owned 7 3752430
owned 7 3752431
owned 7 3752432
owned 7 3752433
owned 7 3752434
owned 7 3752435
owned 7 3752436
owned 7 3752437
owned 7 3754478
owned 7 3754479
owned 7 3754480
owned 7 3754481
owned 7 3754482
owned 7 3754483
owned 7 3754484
owned 7 3754485
owned 7 3756526
owned 7 3756527
owned 7 3756528
owned 7 3756529
owned 7 3756530
owned 7 3756531
owned 7 3756532
owned 7 3756533
owned 7 3758575
owned 7 3758576
owned 7 3758577
owned 7 3758578
owned 7 3758579
owned 7 3758580
owned 7 3760624
owned 7 3760625
owned 7 3760626
owned 7 3760627
bot 8 10 ooz4f963 1067254298 3643254 1910 1778 52
owner 8 449033 2
owner 8 446985 2
owner 8 451081 2
owner 8 449032 2
owner 8 449034 2
owner 8 446986 2
owner 8 451082 2
owner 8 449035 2
owner 8 446987 2
owner 8 451083 2
owner 8 449036 2
owner 8 446988 2
owner 8 451084 2
owner 8 444940 2
owner 8 444939 2
owner 8 442891 2
owner 8 444938 2
owner 8 442890 2
owner 8 444937 2
owner 8 442889 2
owner 8 444936 2
owner 8 442888 2
owner 8 446984 2
owner 8 444935 2
owner 8 442887 2
owner 8 446983 2
owner 8 444934 2
owner 8 442886 2
owner 8 446982 2
owner 8 444933 2
owner 8 446981 2
owner 8 449029 2
owner 8 451077 2
owner 8 449030 2
owner 8 451078 2
owner 8 449031 2
owner 8 451079 2
owner 8 453127 2
owner 8 451080 2
owner 8 453128 2
owner 8 455176 2
owner 8 453129 2
owner 8 455177 2
owner 8 453130 2
owner 8 455178 2
owner 8 453131 2
owner 8 455175 2
owner 8 453126 2
owner 8 440839 2
owner 8 440840 2
owner 8 440841 2
owner 8 440842 2
owner 8 1794996 3
owner 8 1792948 3
owner 8 1797044 3
owner 8 1794995 3
owner 8 1794997 3
owner 8 1792949 3
owner 8 1797045 3
owner 8 1794998 3
owner 8 1792950 3
owner 8 1797046 3
owner 8 1794999 3
owner 8 1792951 3
owner 8 1797047 3
owner 8 1790903 3
owner 8 1790902 3
owner 8 1788854 3
owner 8 1790901 3
owner 8 1788853 3
owner 8 1790900 3
owner 8 1788852 3
owner 8 1790899 3
owner 8 1788851 3
owner 8 1792947 3
owner 8 1790898 3
owner 8 1788850 3
owner 8 1792946 3
owner 8 1790897 3
owner 8 1788849 3
owner 8 1792945 3
owner 8 1790896 3
owner 8 1792944 3
owner 8 1794992 3
owner 8 1797040 3
owner 8 1794993 3
owner 8 1797041 3
owner 8 1794994 3
owner 8 1797042 3
owner 8 1799090 3
owner 8 1797043 3
owner 8 1799091 3
owner 8 1801139 3
owner 8 1799092 3
owner 8 1801140 3
owner 8 1799093 3
owner 8 1801141 3
owner 8 1799094 3
owner 8 1801138 3
owner 8 1799089 3
owner 8 1786802 3
owner 8 1786803 3
owner 8 1786804 3
owner 8 1786805 3
owner 8 3328214 4
owner 8 3326166 4
owner 8 3330262 4
owner 8 3328213 4
owner 8 3328215 4
owner 8 3326167 4
owner 8 3330263 4
owner 8 3328216 4
owner 8 3326168 4
owner 8 3330264 4
owner 8 3328217 4
owner 8 3326169 4
owner 8 3330265 4
owner 8 3324121 4
owner 8 3324120 4
owner 8 3322072 4
owner 8 3324119 4
owner 8 3322071 4
owner 8 3324118 4
owner 8 3322070 4
owner 8 3324117 4
owner 8 3322069 4
owner 8 3326165 4
owner 8 3324116 4
owner 8 3322068 4
owner 8 3326164 4
owner 8 3324115 4
owner 8 3322067 4
owner 8 3326163 4
owner 8 3324114 4
owner 8 3326162 4
owner 8 3328210 4
owner 8 3330258 4
owner 8 3328211 4
owner 8 3330259 4
owner 8 3328212 4
owner 8 3330260 4
owner 8 3332308 4
owner 8 3330261 4
owner 8 3332309 4
owner 8 3334357 4
owner 8 3332310 4
owner 8 3334358 4
owner 8 3332311 4
owner 8 3334359 4
owner 8 3332312 4
owner 8 3334356 4
owner 8 3332307 4
owner 8 3320020 4
owner 8 3320021 4
owner 8 3320022 4
owner 8 3320023 4
owner 8 1250299 5
owner 8 1248251 5
owner 8 1252347 5
owner 8 1250298 5
owner 8 1250300 5
owner 8 1248252 5
owner 8 1252348 5
owner 8 1250301 5
owner 8 1248253 5
owner 8 1252349 5
owner 8 1250302 5
owner 8 1248254 5
owner 8 1252350 5
owner 8 1246206 5
owner 8 1246205 5
owner 8 1244157 5
owner 8 1246204 5
owner 8 1244156 5
owner 8 1246203 5
owner 8 1244155 5
owner 8 1246202 5
owner 8 1244154 5
owner 8 1248250 5
owner 8 1246201 5
owner 8 1244153 5
owner 8 1248249 5
owner 8 1246200 5
owner 8 1244152 5
owner 8 1248248 5
owner 8 1246199 5
owner 8 1248247 5
owner 8 1250295 5
owner 8 1252343 5
owner 8 1250296 5
owner 8 1252344 5
owner 8 1250297 5
owner 8 1252345 5
owner 8 1254393 5
owner 8 1252346 5
owner 8 1254394 5
owner 8 1256442 5
owner 8 1254395 5
owner 8 1256443 5
owner 8 1254396 5
owner 8 1256444 5
owner 8 1254397 5
owner 8 1256441 5
owner 8 1254392 5
owner 8 1242105 5
owner 8 1242106 5
owner 8 1242107 5
owner 8 1242108 5
owner 8 127246 6
owner 8 125198 6
owner 8 129294 6
owner 8 127245 6
owner 8 127247 6
owner 8 125199 6
owner 8 129295 6
owner 8 127248 6
owner 8 125200 6
owner 8 129296 6
owner 8 127249 6
owner 8 125201 6
owner 8 129297 6
owner 8 123153 6
owner 8 123152 6
owner 8 121104 6
owner 8 123151 6
owner 8 121103 6
owner 8 123150 6
owner 8 121102 6
owner 8 123149 6
owner 8 121101 6
owner 8 125197 6
owner 8 123148 6
owner 8 121100 6
owner 8 125196 6
owner 8 123147 6
owner 8 121099 6
owner 8 125195 6
owner 8 123146 6
owner 8 125194 6
owner 8 127242 6
owner 8 129290 6
owner 8 127243 6
owner 8 129291 6
owner 8 127244 6
owner 8 129292 6
owner 8 131340 6
owner 8 129293 6
owner 8 131341 6
owner 8 133389 6
owner 8 131342 6
owner 8 133390 6
owner 8 131343 6
owner 8 133391 6
owner 8 131344 6
owner 8 133388 6
owner 8 131339 6
owner 8 119052 6
owner 8 119053 6
owner 8 119054 6
owner 8 119055 6
owner 8 1770716 7
owner 8 1768668 7
owner 8 1772764 7
owner 8 1770715 7
owner 8 1770717 7
owner 8 1768669 7
owner 8 1772765 7
owner 8 1770718 7
owner 8 1768670 7
owner 8 1772766 7
owner 8 1770719 7
owner 8 1768671 7
owner 8 1772767 7
owner 8 1766623 7
owner 8 1766622 7
owner 8 1764574 7
owner 8 1766621 7
owner 8 1764573 7
owner 8 1766620 7
owner 8 1764572 7
owner 8 1766619 7
owner 8 1764571 7
owner 8 1768667 7
owner 8 1766618 7
owner 8 1764570 7
owner 8 1768666 7
owner 8 1766617 7
owner 8 1764569 7
owner 8 1768665 7
owner 8 1766616 7
owner 8 1768664 7
owner 8 1770712 7
owner 8 1772760 7
owner 8 1770713 7
owner 8 1772761 7
owner 8 1770714 7
owner 8 1772762 7
owner 8 1774810 7
owner 8 1772763 7
owner 8 1774811 7
owner 8 1776859 7
owner 8 1774812 7
owner 8 1776860 7
owner 8 1774813 7
owner 8 1776861 7
owner 8 1774814 7
owner 8 1776858 7
owner 8 1774809 7
owner 8 1762522 7
owner 8 1762523 7
owner 8 1762524 7
owner 8 1762525 7
owner 8 2107776 8
owner 8 2105728 8
owner 8 2109824 8
owner 8 2107775 8
owner 8 2107777 8
owner 8 2105729 8
owner 8 2109825 8
owner 8 2107778 8
owner 8 2105730 8
owner 8 2109826 8
owner 8 2107779 8
owner 8 2105731 8
owner 8 2109827 8
owner 8 2103683 8
owner 8 2103682 8
owner 8 2101634 8
owner 8 2103681 8
owner 8 2101633 8
owner 8 2103680 8
owner 8 2101632 8
owner 8 2103679 8
owner 8 2101631 8
owner 8 2105727 8
owner 8 2103678 8
owner 8 2101630 8
owner 8 2105726 8
owner 8 2103677 8
owner 8 2101629 8
owner 8 2105725 8
owner 8 2103676 8
owner 8 2105724 8
owner 8 2107772 8
owner 8 2109820 8
owner 8 2107773 8
owner 8 2109821 8
owner 8 2107774 8
owner 8 2109822 8
owner 8 2111870 8
owner 8 2109823 8
owner 8 2111871 8
owner 8 2113919 8
owner 8 2111872 8
owner 8 2113920 8
owner 8 2111873 8
owner 8 2113921 8
owner 8 2111874 8
owner 8 2113918 8
owner 8 2111869 8
owner 8 2099582 8
owner 8 2099583 8
owner 8 2099584 8
owner 8 2099585 8
owner 8 3754482 9
owner 8 3752434 9
owner 8 3756530 9
owner 8 3754481 9
owner 8 3754483 9
owner 8 3752435 9
owner 8 3756531 9
owner 8 3754484 9
owner 8 3752436 9
owner 8 3756532 9
owner 8 3754485 9
owner 8 3752437 9
owner 8 3756533 9
owner 8 3750389 9
owner 8 3750388 9
owner 8 3748340 9
owner 8 3750387 9
owner 8 3748339 9
owner 8 3750386 9
owner 8 3748338 9
owner 8 3750385 9
owner 8 3748337 9
owner 8 3752433 9
owner 8 3750384 9
owner 8 3748336 9
owner 8 3752432 9
owner 8 3750383 9
owner 8 3748335 9
owner 8 3752431 9
owner 8 3750382 9
owner 8 3752430 9
owner 8 3754478 9
owner 8 3756526 9
owner 8 3754479 9
owner 8 3756527 9
owner 8 3754480 9
owner 8 3756528 9
owner 8 3758576 9
owner 8 3756529 9
owner 8 3758577 9
owner 8 3760625 9
owner 8 3758578 9
owner 8 3760626 9
owner 8 3758579 9
owner 8 3760627 9
owner 8 3758580 9
owner 8 3760624 9
owner 8 3758575 9
owner 8 3746288 9
owner 8 3746289 9
owner 8 3746290 9
owner 8 3746291 9
prev 8 449033
prev 8 1794996
prev 8 3328214
prev 8 1250299
prev 8 127246
prev 8 1770716
prev 8 2107776
prev 8 3754482
owned 8 3635060
owned 8 3635061
owned 8 3635062
owned 8 3635063
owned 8 3637107
owned 8 3637108
owned 8 3637109
owned 8 3637110
owned 8 3637111
owned 8 3637112
owned 8 3639154
owned 8 3639155
owned 8 3639156
owned 8 3639157
owned 8 3639158
owned 8 3639159
owned 8 3639160
owned 8 3639161
owned 8 3641202
owned 8 3641203
owned 8 3641204
owned 8 3641205
owned 8 3641206
owned 8 3641207
owned 8 3641208
owned 8 3641209
owned 8 3643250
owned 8 3643251
owned 8 3643252
owned 8 3643253
owned 8 3643254
owned 8 3643255
owned 8 3643256
owned 8 3643257
owned 8 3645298
owned 8 3645299
owned 8 3645300
owned 8 3645301
owned 8 3645302
owned 8 3645303
owned 8 3645304
owned 8 3645305
owned 8 3647347
owned 8 3647348
owned 8 3647349
owned 8 3647350
owned 8 3647351
owned 8 3647352
owned 8 3649396
owned 8 3649397
owned 8 3649398
owned 8 3649399
bot 9 11 g49bog52 471077977 1320508 1596 644 52
owner 9 449033 2
owner 9 446985 2
owner 9 451081 2
owner 9 449032 2
owner 9 449034 2
owner 9 446986 2
owner 9 451082 2
owner 9 449035 2
owner 9 446987 2
owner 9 451083 2
owner 9 449036 2
owner 9 446988 2
owner 9 451084 2
owner 9 444940 2
owner 9 444939 2
owner 9 442891 2
owner 9 444938 2
owner 9 442890 2
owner 9 444937 2
owner 9 442889 2
owner 9 444936 2
owner 9 442888 2
owner 9 446984 2
owner 9 444935 2
owner 9 442887 2
owner 9 446983 2
owner 9 444934 2
owner 9 442886 2
owner 9 446982 2
owner 9 444933 2
owner 9 446981 2
owner 9 449029 2
owner 9 451077 2
owner 9 449030 2
owner 9 451078 2
owner 9 449031 2
owner 9 451079 2
owner 9 453127 2
owner 9 451080 2
owner 9 453128 2
owner 9 455176 2
owner 9 453129 2
owner 9 455177 2
owner 9 453130 2
owner 9 455178 2
owner 9 453131 2
owner 9 455175 2
owner 9 453126 2
owner 9 440839 2
owner 9 440840 2
owner 9 440841 2
owner 9 440842 2
owner 9 1794996 3
owner 9 1792948 3
owner 9 1797044 3
owner 9 1794995 3
owner 9 1794997 3
owner 9 1792949 3
owner 9 1797045 3
owner 9 1794998 3
owner 9 1792950 3
owner 9 1797046 3
owner 9 1794999 3
owner 9 1792951 3
owner 9 1797047 3
owner 9 1790903 3
owner 9 1790902 3
owner 9 1788854 3
owner 9 1790901 3
owner 9 1788853 3
owner 9 1790900 3
owner 9 1788852 3
owner 9 1790899 3
owner 9 1788851 3
owner 9 1792947 3
owner 9 1790898 3
owner 9 1788850 3
owner 9 1792946 3
owner 9 1790897 3
owner 9 1788849 3
owner 9 1792945 3
owner 9 1790896 3
owner 9 1792944 3
owner 9 1794992 3
owner 9 1797040 3
owner 9 1794993 3
owner 9 1797041 3
owner 9 1794994 3
owner 9 1797042 3
owner 9 1799090 3
owner 9 1797043 3
owner 9 1799091 3
owner 9 1801139 3
owner 9 1799092 3
owner 9 1801140 3
owner 9 1799093 3
owner 9 1801141 3
owner 9 1799094 3
owner 9 1801138 3
owner 9 1799089 3
owner 9 1786802 3
owner 9 1786803 3
owner 9 1786804 3
owner 9 1786805 3
owner 9 3328214 4
owner 9 3326166 4
owner 9 3330262 4
owner 9 3328213 4
owner 9 3328215 4
owner 9 3326167 4
owner 9 3330263 4
owner 9 3328216 4
owner 9 3326168 4
owner 9 3330264 4
owner 9 3328217 4
owner 9 3326169 4
owner 9 3330265 4
owner 9 3324121 4
owner 9 3324120 4
owner 9 3322072 4
owner 9 3324119 4
owner 9 3322071 4
owner 9 3324118 4
owner 9 3322070 4
owner 9 3324117 4
owner 9 3322069 4
owner 9 3326165 4
owner 9 3324116 4
owner 9 3322068 4
owner 9 3326164 4
owner 9 3324115 4
owner 9 3322067 4
owner 9 3326163 4
owner 9 3324114 4
owner 9 3326162 4
owner 9 3328210 4
owner 9 3330258 4
owner 9 3328211 4
owner 9 3330259 4
owner 9 3328212 4
owner 9 3330260 4
owner 9 3332308 4
owner 9 3330261 4
owner 9 3332309 4
owner 9 3334357 4
owner 9 3332310 4
owner 9 3334358 4
owner 9 3332311 4
owner 9 3334359 4
owner 9 3332312 4
owner 9 3334356 4
owner 9 3332307 4
owner 9 3320020 4
owner 9 3320021 4
owner 9 3320022 4
owner 9 3320023 4
owner 9 1250299 5
owner 9 1248251 5
owner 9 1252347 5
owner 9 1250298 5
owner 9 1250300 5
owner 9 1248252 5
owner 9 1252348 5
owner 9 1250301 5
owner 9 1248253 5
owner 9 1252349 5
owner 9 1250302 5
owner 9 1248254 5
owner 9 1252350 5
owner 9 1246206 5
owner 9 1246205 5
owner 9 1244157 5
owner 9 1246204 5
owner 9 1244156 5
owner 9 1246203 5
owner 9 1244155 5
owner 9 1246202 5
owner 9 1244154 5
owner 9 1248250 5
owner 9 1246201 5
owner 9 1244153 5
owner 9 1248249 5
owner 9 1246200 5
owner 9 1244152 5
owner 9 1248248 5
owner 9 1246199 5
owner 9 1248247 5
owner 9 1250295 5
owner 9 1252343 5
owner 9 1250296 5
owner 9 1252344 5
owner 9 1250297 5
owner 9 1252345 5
owner 9 1254393 5
owner 9 1252346 5
owner 9 1254394 5
owner 9 1256442 5
owner 9 1254395 5
owner 9 1256443 5
owner 9 1254396 5
owner 9 1256444 5
owner 9 1254397 5
owner 9 1256441 5
owner 9 1254392 5
owner 9 1242105 5
owner 9 1242106 5
owner 9 1242107 5
owner 9 1242108 5
owner 9 127246 6
owner 9 125198 6
owner 9 129294 6
owner 9 127245 6
owner 9 127247 6
owner 9 125199 6
owner 9 129295 6
owner 9 127248 6
owner 9 125200 6
owner 9 129296 6
owner 9 127249 6
owner 9 125201 6
owner 9 129297 6
owner 9 123153 6
owner 9 123152 6
owner 9 121104 6
owner 9 123151 6
owner 9 121103 6
owner 9 123150 6
owner 9 121102 6
owner 9 123149 6
owner 9 121101 6
owner 9 125197 6
owner 9 123148 6
owner 9 121100 6
owner 9 125196 6
owner 9 123147 6
owner 9 121099 6
owner 9 125195 6
owner 9 123146 6
owner 9 125194 6
owner 9 127242 6
owner 9 129290 6
owner 9 127243 6
owner 9 129291 6
owner 9 127244 6
owner 9 129292 6
owner 9 131340 6
owner 9 129293 6
owner 9 131341 6
owner 9 133389 6
owner 9 131342 6
owner 9 133390 6
owner 9 131343 6
owner 9 133391 6
owner 9 131344 6
owner 9 133388 6
owner 9 131339 6
owner 9 119052 6
owner 9 119053 6
owner 9 119054 6
owner 9 119055 6
owner 9 1770716 7
owner 9 1768668 7
owner 9 1772764 7
owner 9 1770715 7
owner 9 1770717 7
owner 9 1768669 7
owner 9 1772765 7
owner 9 1770718 7
owner 9 1768670 7
owner 9 1772766 7
owner 9 1770719 7
owner 9 1768671 7
owner 9 1772767 7
owner 9 1766623 7
owner 9 1766622 7
owner 9 1764574 7
owner 9 1766621 7
owner 9 1764573 7
owner 9 1766620 7
owner 9 1764572 7
owner 9 1766619 7
owner 9 1764571 7
owner 9 1768667 7
owner 9 1766618 7
owner 9 1764570 7
owner 9 1768666 7
owner 9 1766617 7
owner 9 1764569 7
owner 9 1768665 7
owner 9 1766616 7
owner 9 1768664 7
owner 9 1770712 7
owner 9 1772760 7
owner 9 1770713 7
owner 9 1772761 7
owner 9 1770714 7
owner 9 1772762 7
owner 9 1774810 7
owner 9 1772763 7
owner 9 1774811 7
owner 9 1776859 7
owner 9 1774812 7
owner 9 1776860 7
owner 9 1774813 7
owner 9 1776861 7
owner 9 1774814 7
owner 9 1776858 7
owner 9 1774809 7
owner 9 1762522 7
owner 9 1762523 7
owner 9 1762524 7
owner 9 1762525 7
owner 9 2107776 8
owner 9 2105728 8
owner 9 2109824 8
owner 9 2107775 8
owner 9 2107777 8
owner 9 2105729 8
owner 9 2109825 8
owner 9 2107778 8
owner 9 2105730 8
owner 9 2109826 8
owner 9 2107779 8
owner 9 2105731 8
owner 9 2109827 8
owner 9 2103683 8
owner 9 2103682 8
owner 9 2101634 8
owner 9 2103681 8
owner 9 2101633 8
owner 9 2103680 8
owner 9 2101632 8
owner 9 2103679 8
owner 9 2101631 8
owner 9 2105727 8
owner 9 2103678 8
owner 9 2101630 8
owner 9 2105726 8
owner 9 2103677 8
owner 9 2101629 8
owner 9 2105725 8
owner 9 2103676 8
owner 9 2105724 8
owner 9 2107772 8
owner 9 2109820 8
owner 9 2107773 8
owner 9 2109821 8
owner 9 2107774 8
owner 9 2109822 8
owner 9 2111870 8
owner 9 2109823 8
owner 9 2111871 8
owner 9 2113919 8
owner 9 2111872 8
owner 9 2113920 8
owner 9 2111873 8
owner 9 2113921 8
owner 9 2111874 8
owner 9 2113918 8
owner 9 2111869 8
owner 9 2099582 8
owner 9 2099583 8
owner 9 2099584 8
owner 9 2099585 8
owner 9 3754482 9
owner 9 3752434 9
owner 9 3756530 9
owner 9 3754481 9
owner 9 3754483 9
owner 9 3752435 9
owner 9 3756531 9
owner 9 3754484 9
owner 9 3752436 9
owner 9 3756532 9
owner 9 3754485 9
owner 9 3752437 9
owner 9 3756533 9
owner 9 3750389 9
owner 9 3750388 9
owner 9 3748340 9
owner 9 3750387 9
owner 9 3748339 9
owner 9 3750386 9
owner 9 3748338 9
owner 9 3750385 9
owner 9 3748337 9
owner 9 3752433 9
owner 9 3750384 9
owner 9 3748336 9
owner 9 3752432 9
owner 9 3750383 9
owner 9 3748335 9
owner 9 3752431 9
owner 9 3750382 9
owner 9 3752430 9
owner 9 3754478 9
owner 9 3756526 9
owner 9 3754479 9
owner 9 3756527 9
owner 9 3754480 9
owner 9 3756528 9
owner 9 3758576 9
owner 9 3756529 9
owner 9 3758577 9
owner 9 3760625 9
owner 9 3758578 9
owner 9 3760626 9
owner 9 3758579 9
owner 9 3760627 9
owner 9 3758580 9
owner 9 3760624 9
owner 9 3758575 9
owner 9 3746288 9
owner 9 3746289 9
owner 9 3746290 9
owner 9 3746291 9
owner 9 3643254 10
owner 9 3641206 10
owner 9 3645302 10
owner 9 3643253 10
owner 9 3643255 10
owner 9 3641207 10
owner 9 3645303 10
owner 9 3643256 10
owner 9 3641208 10
owner 9 3645304 10
owner 9 3643257 10
owner 9 3641209 10
owner 9 3645305 10
owner 9 3639161 10
owner 9 3639160 10
owner 9 3637112 10
owner 9 3639159 10
owner 9 3637111 10
owner 9 3639158 10
owner 9 3637110 10
owner 9 3639157 10
owner 9 3637109 10
owner 9 3641205 10
owner 9 3639156 10
owner 9 3637108 10
owner 9 3641204 10
owner 9 3639155 10
owner 9 3637107 10
owner 9 3641203 10
owner 9 3639154 10
owner 9 3641202 10
owner 9 3643250 10
owner 9 3645298 10
owner 9 3643251 10
owner 9 3645299 10
owner 9 3643252 10
owner 9 3645300 10
owner 9 3647348 10
owner 9 3645301 10
owner 9 3647349 10
owner 9 3649397 10
owner 9 3647350 10
owner 9 3649398 10
owner 9 3647351 10
owner 9 3649399 10
owner 9 3647352 10
owner 9 3649396 10
owner 9 3647347 10
owner 9 3635060 10
owner 9 3635061 10
owner 9 3635062 10
owner 9 3635063 10
prev 9 449033
prev 9 1794996
prev 9 3328214
prev 9 1250299
prev 9 127246
prev 9 1770716
prev 9 2107776
prev 9 3754482
prev 9 3643254
owned 9 1312314
owned 9 1312315
owned 9 1312316
owned 9 1312317
owned 9 1314361
owned 9 1314362
owned 9 1314363
owned 9 1314364
owned 9 1314365
owned 9 1314366
owned 9 1316408
owned 9 1316409
owned 9 1316410
owned 9 1316411
owned 9 1316412
owned 9 1316413
owned 9 1316414
owned 9 1316415
owned 9 1318456
owned 9 1318457
owned 9 1318458
owned 9 1318459
owned 9 1318460
owned 9 1318461
owned 9 1318462
owned 9 1318463
owned 9 1320504
owned 9 1320505
owned 9 1320506
owned 9 1320507
owned 9 1320508
owned 9 1320509
owned 9 1320510
owned 9 1320511
owned 9 1322552
owned 9 1322553
owned 9 1322554
owned 9 1322555
owned 9 1322556
owned 9 1322557
owned 9 1322558
owned 9 1322559
owned 9 1324601
owned 9 1324602
owned 9 1324603
owned 9 1324604
owned 9 1324605
owned 9 1324606
owned 9 1326650
owned 9 1326651
owned 9 1326652
owned 9 1326653
bot 10 12 vl3arc4y 2110741002 1962439 455 958 52
owner 10 449033 2
owner 10 446985 2
owner 10 451081 2
owner 10 449032 2
owner 10 449034 2
owner 10 446986 2
owner 10 451082 2
owner 10 449035 2
owner 10 446987 2
owner 10 451083 2
owner 10 449036 2
owner 10 446988 2
owner 10 451084 2
owner 10 444940 2
owner 10 444939 2
owner 10 442891 2
owner 10 444938 2
owner 10 442890 2
owner 10 444937 2
owner 10 442889 2
owner 10 444936 2
owner 10 442888 2
owner 10 446984 2
owner 10 444935 2
owner 10 442887 2
owner 10 446983 2
owner 10 444934 2
owner 10 442886 2
owner 10 446982 2
owner 10 444933 2
owner 10 446981 2
owner 10 449029 2
owner 10 451077 2
owner 10 449030 2
owner 10 451078 2
owner 10 449031 2
owner 10 451079 2
owner 10 453127 2
owner 10 451080 2
owner 10 453128 2
owner 10 455176 2
owner 10 453129 2
owner 10 455177 2
owner 10 453130 2
owner 10 455178 2
owner 10 453131 2
owner 10 455175 2
owner 10 453126 2
owner 10 440839 2
owner 10 440840 2
owner 10 440841 2
owner 10 440842 2
owner 10 1794996 3
owner 10 1792948 3
owner 10 1797044 3
owner 10 1794995 3
owner 10 1794997 3
owner 10 1792949 3
owner 10 1797045 3
owner 10 1794998 3
owner 10 1792950 3
owner 10 1797046 3
owner 10 1794999 3
owner 10 1792951 3
owner 10 1797047 3
owner 10 1790903 3
owner 10 1790902 3
owner 10 1788854 3
owner 10 1790901 3
owner 10 1788853 3
owner 10 1790900 3
owner 10 1788852 3
owner 10 1790899 3
owner 10 1788851 3
owner 10 1792947 3
owner 10 1790898 3
owner 10 1788850 3
owner 10 1792946 3
owner 10 1790897 3
owner 10 1788849 3
owner 10 1792945 3
owner 10 1790896 3
owner 10 1792944 3
owner 10 1794992 3
owner 10 1797040 3
owner 10 1794993 3
owner 10 1797041 3
owner 10 1794994 3
owner 10 1797042 3
owner 10 1799090 3
owner 10 1797043 3
owner 10 1799091 3
owner 10 1801139 3
owner 10 1799092 3
owner 10 1801140 3
owner 10 1799093 3
owner 10 1801141 3
owner 10 1799094 3
owner 10 1801138 3
owner 10 1799089 3
owner 10 1786802 3
owner 10 1786803 3
owner 10 1786804 3
owner 10 1786805 3
owner 10 3328214 4
owner 10 3326166 4
owner 10 3330262 4
owner 10 3328213 4
owner 10 3328215 4
owner 10 3326167 4
owner 10 3330263 4
owner 10 3328216 4
owner 10 3326168 4
owner 10 3330264 4
owner 10 3328217 4
owner 10 3326169 4
owner 10 3330265 4
owner 10 3324121 4
owner 10 3324120 4
owner 10 3322072 4
owner 10 3324119 4
owner 10 3322071 4
owner 10 3324118 4
owner 10 3322070 4
owner 10 3324117 4
owner 10 3322069 4
owner 10 3326165 4
owner 10 3324116 4
owner 10 3322068 4
owner 10 3326164 4
owner 10 3324115 4
owner 10 3322067 4
owner 10 3326163 4
owner 10 3324114 4
owner 10 3326162 4
owner 10 3328210 4
owner 10 3330258 4
owner 10 3328211 4
owner 10 3330259 4
owner 10 3328212 4
owner 10 3330260 4
owner 10 3332308 4
owner 10 3330261 4
owner 10 3332309 4
owner 10 3334357 4
owner 10 3332310 4
owner 10 3334358 4
owner 10 3332311 4
owner 10 3334359 4
owner 10 3332312 4
owner 10 3334356 4
owner 10 3332307 4
owner 10 3320020 4
owner 10 3320021 4
owner 10 3320022 4
owner 10 3320023 4
owner 10 1250299 5
owner 10 1248251 5
owner 10 1252347 5
owner 10 1250298 5
owner 10 1250300 5
owner 10 1248252 5
owner 10 1252348 5
owner 10 1250301 5
owner 10 1248253 5
owner 10 1252349 5
owner 10 1250302 5
owner 10 1248254 5
owner 10 1252350 5
owner 10 1246206 5
owner 10 1246205 5
owner 10 1244157 5
owner 10 1246204 5
owner 10 1244156 5
owner 10 1246203 5
owner 10 1244155 5
owner 10 1246202 5
owner 10 1244154 5
owner 10 1248250 5
owner 10 1246201 5
owner 10 1244153 5
owner 10 1248249 5
owner 10 1246200 5
owner 10 1244152 5
owner 10 1248248 5
owner 10 1246199 5
owner 10 1248247 5
owner 10 1250295 5
owner 10 1252343 5
owner 10 1250296 5
owner 10 1252344 5
owner 10 1250297 5
owner 10 1252345 5
owner 10 1254393 5
owner 10 1252346 5
owner 10 1254394 5
owner 10 1256442 5
owner 10 1254395 5
owner 10 1256443 5
owner 10 1254396 5
owner 10 1256444 5
owner 10 1254397 5
owner 10 1256441 5
owner 10 1254392 5
owner 10 1242105 5
owner 10 1242106 5
owner 10 1242107 5
owner 10 1242108 5
owner 10 127246 6
owner 10 125198 6
owner 10 129294 6
owner 10 127245 6
owner 10 127247 6
owner 10 125199 6
owner 10 129295 6
owner 10 127248 6
owner 10 125200 6
owner 10 129296 6
owner 10 127249 6
owner 10 125201 6
owner 10 129297 6
owner 10 123153 6
owner 10 123152 6
owner 10 121104 6
owner 10 123151 6
owner 10 121103 6
owner 10 123150 6
owner 10 121102 6
owner 10 123149 6
owner 10 121101 6
owner 10 125197 6
owner 10 123148 6
owner 10 121100 6
owner 10 125196 6
owner 10 123147 6
owner 10 121099 6
owner 10 125195 6
owner 10 123146 6
owner 10 125194 6
owner 10 127242 6
owner 10 129290 6
owner 10 127243 6
owner 10 129291 6
owner 10 127244 6
owner 10 129292 6
owner 10 131340 6
owner 10 129293 6
owner 10 131341 6
owner 10 133389 6
owner 10 131342 6
owner 10 133390 6
owner 10 131343 6
owner 10 133391 6
owner 10 131344 6
owner 10 133388 6
owner 10 131339 6
owner 10 119052 6
owner 10 119053 6
owner 10 119054 6
owner 10 119055 6
owner 10 1770716 7
owner 10 1768668 7
owner 10 1772764 7
owner 10 1770715 7
owner 10 1770717 7
owner 10 1768669 7
owner 10 1772765 7
owner 10 1770718 7
owner 10 1768670 7
owner 10 1772766 7
owner 10 1770719 7
owner 10 1768671 7
owner 10 1772767 7
owner 10 1766623 7
owner 10 1766622 7
owner 10 1764574 7
owner 10 1766621 7
owner 10 1764573 7
owner 10 1766620 7
owner 10 1764572 7
owner 10 1766619 7
owner 10 1764571 7
owner 10 1768667 7
owner 10 1766618 7
owner 10 1764570 7
owner 10 1768666 7
owner 10 1766617 7
owner 10 1764569 7
owner 10 1768665 7
owner 10 1766616 7
owner 10 1768664 7
owner 10 1770712 7
owner 10 1772760 7
owner 10 1770713 7
owner 10 1772761 7
owner 10 1770714 7
owner 10 1772762 7
owner 10 1774810 7
owner 10 1772763 7
owner 10 1774811 7
owner 10 1776859 7
owner 10 1774812 7
owner 10 1776860 7
owner 10 1774813 7
owner 10 1776861 7
owner 10 1774814 7
owner 10 1776858 7
owner 10 1774809 7
owner 10 1762522 7
owner 10 1762523 7
owner 10 1762524 7
owner 10 1762525 7
owner 10 2107776 8
owner 10 2105728 8
owner 10 2109824 8
owner 10 2107775 8
owner 10 2107777 8
owner 10 2105729 8
owner 10 2109825 8
owner 10 2107778 8
owner 10 2105730 8
owner 10 2109826 8
owner 10 2107779 8
owner 10 2105731 8
owner 10 2109827 8
owner 10 2103683 8
owner 10 2103682 8
owner 10 2101634 8
owner 10 2103681 8
owner 10 2101633 8
owner 10 2103680 8
owner 10 2101632 8
owner 10 2103679 8
owner 10 2101631 8
owner 10 2105727 8
owner 10 2103678 8
owner 10 2101630 8
owner 10 2105726 8
owner 10 2103677 8
owner 10 2101629 8
owner 10 2105725 8
owner 10 2103676 8
owner 10 2105724 8
owner 10 2107772 8
owner 10 2109820 8
owner 10 2107773 8
owner 10 2109821 8
owner 10 2107774 8
owner 10 2109822 8
owner 10 2111870 8
owner 10 2109823 8
owner 10 2111871 8
owner 10 2113919 8
owner 10 2111872 8
owner 10 2113920 8
owner 10 2111873 8
owner 10 2113921 8
owner 10 2111874 8
owner 10 2113918 8
owner 10 2111869 8
owner 10 2099582 8
owner 10 2099583 8
owner 10 2099584 8
owner 10 2099585 8
owner 10 3754482 9
owner 10 3752434 9
owner 10 3756530 9
owner 10 3754481 9
owner 10 3754483 9
owner 10 3752435 9
owner 10 3756531 9
owner 10 3754484 9
owner 10 3752436 9
owner 10 3756532 9
owner 10 3754485 9
owner 10 3752437 9
owner 10 3756533 9
owner 10 3750389 9
owner 10 3750388 9
owner 10 3748340 9
owner 10 3750387 9
owner 10 3748339 9
owner 10 3750386 9
owner 10 3748338 9
owner 10 3750385 9
owner 10 3748337 9
owner 10 3752433 9
owner 10 3750384 9
owner 10 3748336 9
owner 10 3752432 9
owner 10 3750383 9
owner 10 3748335 9
owner 10 3752431 9
owner 10 3750382 9
owner 10 3752430 9
owner 10 3754478 9
owner 10 3756526 9
owner 10 3754479 9
owner 10 3756527 9
owner 10 3754480 9
owner 10 3756528 9
owner 10 3758576 9
owner 10 3756529 9
owner 10 3758577 9
owner 10 3760625 9
owner 10 3758578 9
owner 10 3760626 9
owner 10 3758579 9
owner 10 3760627 9
owner 10 3758580 9
owner 10 3760624 9
owner 10 3758575 9
owner 10 3746288 9
owner 10 3746289 9
owner 10 3746290 9
owner 10 3746291 9
owner 10 3643254 10
owner 10 3641206 10
owner 10 3645302 10
owner 10 3643253 10
owner 10 3643255 10
owner 10 3641207 10
owner 10 3645303 10
owner 10 3643256 10
owner 10 3641208 10
owner 10 3645304 10
owner 10 3643257 10
owner 10 3641209 10
owner 10 3645305 10
owner 10 3639161 10
owner 10 3639160 10
owner 10 3637112 10
owner 10 3639159 10
owner 10 3637111 10
owner 10 3639158 10
owner 10 3637110 10
owner 10 3639157 10
owner 10 3637109 10
owner 10 3641205 10
owner 10 3639156 10
owner 10 3637108 10
owner 10 3641204 10
owner 10 3639155 10
owner 10 3637107 10
owner 10 3641203 10
owner 10 3639154 10
owner 10 3641202 10
owner 10 3643250 10
owner 10 3645298 10
owner 10 3643251 10
owner 10 3645299 10
owner 10 3643252 10
owner 10 3645300 10
owner 10 3647348 10
owner 10 3645301 10
owner 10 3647349 10
owner 10 3649397 10
owner 10 3647350 10
owner 10 3649398 10
owner 10 3647351 10
owner 10 3649399 10
owner 10 3647352 10
owner 10 3649396 10
owner 10 3647347 10
owner 10 3635060 10
owner 10 3635061 10
owner 10 3635062 10
owner 10 3635063 10
owner 10 1320508 11
owner 10 1318460 11
owner 10 1322556 11
owner 10 1320507 11
owner 10 1320509 11
owner 10 1318461 11
owner 10 1322557 11
owner 10 1320510 11
owner 10 1318462 11
owner 10 1322558 11
owner 10 1320511 11
owner 10 1318463 11
owner 10 1322559 11
owner 10 1316415 11
owner 10 1316414 11
owner 10 1314366 11
owner 10 1316413 11
owner 10 1314365 11
owner 10 1316412 11
owner 10 1314364 11
owner 10 1316411 11
owner 10 1314363 11
owner 10 1318459 11
owner 10 1316410 11
owner 10 1314362 11
owner 10 1318458 11
owner 10 1316409 11
owner 10 1314361 11
owner 10 1318457 11
owner 10 1316408 11
owner 10 1318456 11
owner 10 1320504 11
owner 10 1322552 11
owner 10 1320505 11
owner 10 1322553 11
owner 10 1320506 11
owner 10 1322554 11
owner 10 1324602 11
owner 10 1322555 11
owner 10 1324603 11
owner 10 1326651 11
owner 10 1324604 11
owner 10 1326652 11
owner 10 1324605 11
owner 10 1326653 11
owner 10 1324606 11
owner 10 1326650 11
owner 10 1324601 11
owner 10 1312314 11
owner 10 1312315 11
owner 10 1312316 11
owner 10 1312317 11
prev 10 449033
prev 10 1794996
prev 10 3328214
prev 10 1250299
prev 10 127246
prev 10 1770716
prev 10 2107776
prev 10 3754482
prev 10 3643254
prev 10 1320508
owned 10 1954245
owned 10 1954246
owned 10 1954247
owned 10 1954248
owned 10 1956292
owned 10 1956293
owned 10 1956294
owned 10 1956295
owned 10 1956296
owned 10 1956297
owned 10 1958339
owned 10 1958340
owned 10 1958341
owned 10 1958342
owned 10 1958343
owned 10 1958344
owned 10 1958345
owned 10 1958346
owned 10 1960387
owned 10 1960388
owned 10 1960389
owned 10 1960390
owned 10 1960391
owned 10 1960392
owned 10 1960393
owned 10 1960394
owned 10 1962435
owned 10 1962436
owned 10 1962437
owned 10 1962438
owned 10 1962439
owned 10 1962440
owned 10 1962441
owned 10 1962442
owned 10 1964483
owned 10 1964484
owned 10 1964485
owned 10 1964486
owned 10 1964487
owned 10 1964488
owned 10 1964489
owned 10 1964490
owned 10 1966532
owned 10 1966533
owned 10 1966534
owned 10 1966535
owned 10 1966536
owned 10 1966537
owned 10 1968581
owned 10 1968582
owned 10 1968583
owned 10 1968584
bot 11 13 26spmsu2 1249151528 1661911 983 811 52
owner 11 449033 2
owner 11 446985 2
owner 11 451081 2
owner 11 449032 2
owner 11 449034 2
owner 11 446986 2
owner 11 451082 2
owner 11 449035 2
owner 11 446987 2
owner 11 451083 2
owner 11 449036 2
owner 11 446988 2
owner 11 451084 2
owner 11 444940 2
owner 11 444939 2
owner 11 442891 2
owner 11 444938 2
owner 11 442890 2
owner 11 444937 2
owner 11 442889 2
owner 11 444936 2
owner 11 442888 2
owner 11 446984 2
owner 11 444935 2
owner 11 442887 2
owner 11 446983 2
owner 11 444934 2
owner 11 442886 2
owner 11 446982 2
owner 11 444933 2
owner 11 446981 2
owner 11 449029 2
owner 11 451077 2
owner 11 449030 2
owner 11 451078 2
owner 11 449031 2
owner 11 451079 2
owner 11 453127 2
owner 11 451080 2
owner 11 453128 2
owner 11 455176 2
owner 11 453129 2
owner 11 455177 2
owner 11 453130 2
owner 11 455178 2
owner 11 453131 2
owner 11 455175 2
owner 11 453126 2
owner 11 440839 2
owner 11 440840 2
owner 11 440841 2
owner 11 440842 2
owner 11 1794996 3
owner 11 1792948 3
owner 11 1797044 3
owner 11 1794995 3
owner 11 1794997 3
owner 11 1792949 3
owner 11 1797045 3
owner 11 1794998 3
owner 11 1792950 3
owner 11 1797046 3
owner 11 1794999 3
owner 11 1792951 3
owner 11 1797047 3
owner 11 1790903 3
owner 11 1790902 3
owner 11 1788854 3
owner 11 1790901 3
owner 11 1788853 3
owner 11 1790900 3
owner 11 1788852 3
owner 11 1790899 3
owner 11 1788851 3
owner 11 1792947 3
owner 11 1790898 3
owner 11 1788850 3
owner 11 1792946 3
owner 11 1790897 3
owner 11 1788849 3
owner 11 1792945 3
owner 11 1790896 3
owner 11 1792944 3
owner 11 1794992 3
owner 11 1797040 3
owner 11 1794993 3
owner 11 1797041 3
owner 11 1794994 3
owner 11 1797042 3
owner 11 1799090 3
owner 11 1797043 3
owner 11 1799091 3
owner 11 1801139 3
owner 11 1799092 3
owner 11 1801140 3
owner 11 1799093 3
owner 11 1801141 3
owner 11 1799094 3
owner 11 1801138 3
owner 11 1799089 3
owner 11 1786802 3
owner 11 1786803 3
owner 11 1786804 3
owner 11 1786805 3
owner 11 3328214 4
owner 11 3326166 4
owner 11 3330262 4
owner 11 3328213 4
owner 11 3328215 4
owner 11 3326167 4
owner 11 3330263 4
owner 11 3328216 4
owner 11 3326168 4
owner 11 3330264 4
owner 11 3328217 4
owner 11 3326169 4
owner 11 3330265 4
owner 11 3324121 4
owner 11 3324120 4
owner 11 3322072 4
owner 11 3324119 4
owner 11 3322071 4
owner 11 3324118 4
owner 11 3322070 4
owner 11 3324117 4
owner 11 3322069 4
owner 11 3326165 4
owner 11 3324116 4
owner 11 3322068 4
owner 11 3326164 4
owner 11 3324115 4
owner 11 3322067 4
owner 11 3326163 4
owner 11 3324114 4
owner 11 3326162 4
owner 11 3328210 4
owner 11 3330258 4
owner 11 3328211 4
owner 11 3330259 4
owner 11 3328212 4
owner 11 3330260 4
owner 11 3332308 4
owner 11 3330261 4
owner 11 3332309 4
owner 11 3334357 4
owner 11 3332310 4
owner 11 3334358 4
owner 11 3332311 4
owner 11 3334359 4
owner 11 3332312 4
owner 11 3334356 4
owner 11 3332307 4
owner 11 3320020 4
owner 11 3320021 4
owner 11 3320022 4
owner 11 3320023 4
owner 11 1250299 5
owner 11 1248251 5
owner 11 1252347 5
owner 11 1250298 5
owner 11 1250300 5
owner 11 1248252 5
owner 11 1252348 5
owner 11 1250301 5
owner 11 1248253 5
owner 11 1252349 5
owner 11 1250302 5
owner 11 1248254 5
owner 11 1252350 5
owner 11 1246206 5
owner 11 1246205 5
owner 11 1244157 5
owner 11 1246204 5
owner 11 1244156 5
owner 11 1246203 5
owner 11 1244155 5
owner 11 1246202 5
owner 11 1244154 5
owner 11 1248250 5
owner 11 1246201 5
owner 11 1244153 5
owner 11 1248249 5
owner 11 1246200 5
owner 11 1244152 5
owner 11 1248248 5
owner 11 1246199 5
owner 11 1248247 5
owner 11 1250295 5
owner 11 1252343 5
owner 11 1250296 5
owner 11 1252344 5
owner 11 1250297 5
owner 11 1252345 5
owner 11 1254393 5
owner 11 1252346 5
owner 11 1254394 5
owner 11 1256442 5
owner 11 1254395 5
owner 11 1256443 5
owner 11 1254396 5
owner 11 1256444 5
owner 11 1254397 5
owner 11 1256441 5
owner 11 1254392 5
owner 11 1242105 5
owner 11 1242106 5
owner 11 1242107 5
owner 11 1242108 5
owner 11 127246 6
owner 11 125198 6
owner 11 129294 6
owner 11 127245 6
owner 11 127247 6
owner 11 125199 6
owner 11 129295 6
owner 11 127248 6
owner 11 125200 6
owner 11 129296 6
owner 11 127249 6
owner 11 125201 6
owner 11 129297 6
owner 11 123153 6
owner 11 123152 6
owner 11 121104 6
owner 11 123151 6
owner 11 121103 6
owner 11 123150 6
owner 11 121102 6
owner 11 123149 6
owner 11 121101 6
owner 11 125197 6
owner 11 123148 6
owner 11 121100 6
owner 11 125196 6
owner 11 123147 6
owner 11 121099 6
owner 11 125195 6
owner 11 123146 6
owner 11 125194 6
owner 11 127242 6
owner 11 129290 6
owner 11 127243 6
owner 11 129291 6
owner 11 127244 6
owner 11 129292 6
owner 11 131340 6
owner 11 129293 6
owner 11 131341 6
owner 11 133389 6
owner 11 131342 6
owner 11 133390 6
owner 11 131343 6
owner 11 133391 6
owner 11 131344 6
owner 11 133388 6
owner 11 131339 6
owner 11 119052 6
owner 11 119053 6
owner 11 119054 6
owner 11 119055 6
owner 11 1770716 7
owner 11 1768668 7
owner 11 1772764 7
owner 11 1770715 7
owner 11 1770717 7
owner 11 1768669 7
owner 11 1772765 7
owner 11 1770718 7
owner 11 1768670 7
owner 11 1772766 7
owner 11 1770719 7
owner 11 1768671 7
owner 11 1772767 7
owner 11 1766623 7
owner 11 1766622 7
owner 11 1764574 7
owner 11 1766621 7
owner 11 1764573 7
owner 11 1766620 7
owner 11 1764572 7
owner 11 1766619 7
owner 11 1764571 7
owner 11 1768667 7
owner 11 1766618 7
owner 11 1764570 7
owner 11 1768666 7
owner 11 1766617 7
owner 11 1764569 7
owner 11 1768665 7
owner 11 1766616 7
owner 11 1768664 7
owner 11 1770712 7
owner 11 1772760 7
owner 11 1770713 7
owner 11 1772761 7
owner 11 1770714 7
owner 11 1772762 7
owner 11 1774810 7
owner 11 1772763 7
owner 11 1774811 7
owner 11 1776859 7
owner 11 1774812 7
owner 11 1776860 7
owner 11 1774813 7
owner 11 1776861 7
owner 11 1774814 7
owner 11 1776858 7
owner 11 1774809 7
owner 11 1762522 7
owner 11 1762523 7
owner 11 1762524 7
owner 11 1762525 7
owner 11 2107776 8
owner 11 2105728 8
owner 11 2109824 8
owner 11 2107775 8
owner 11 2107777 8
owner 11 2105729 8
owner 11 2109825 8
owner 11 2107778 8
owner 11 2105730 8
owner 11 2109826 8
owner 11 2107779 8
owner 11 2105731 8
owner 11 2109827 8
owner 11 2103683 8
owner 11 2103682 8
owner 11 2101634 8
owner 11 2103681 8
owner 11 2101633 8
owner 11 2103680 8
owner 11 2101632 8
owner 11 2103679 8
owner 11 2101631 8
owner 11 2105727 8
owner 11 2103678 8
owner 11 2101630 8
owner 11 2105726 8
owner 11 2103677 8
owner 11 2101629 8
owner 11 2105725 8
owner 11 2103676 8
owner 11 2105724 8
owner 11 2107772 8
owner 11 2109820 8
owner 11 2107773 8
owner 11 2109821 8
owner 11 2107774 8
owner 11 2109822 8
owner 11 2111870 8
owner 11 2109823 8
owner 11 2111871 8
owner 11 2113919 8
owner 11 2111872 8
owner 11 2113920 8
owner 11 2111873 8
owner 11 2113921 8
owner 11 2111874 8
owner 11 2113918 8
owner 11 2111869 8
owner 11 2099582 8
owner 11 2099583 8
owner 11 2099584 8
owner 11 2099585 8
owner 11 3754482 9
owner 11 3752434 9
owner 11 3756530 9
owner 11 3754481 9
owner 11 3754483 9
owner 11 3752435 9
owner 11 3756531 9
owner 11 3754484 9
owner 11 3752436 9
owner 11 3756532 9
owner 11 3754485 9
owner 11 3752437 9
owner 11 3756533 9
owner 11 3750389 9
owner 11 3750388 9
owner 11 3748340 9
owner 11 3750387 9
owner 11 3748339 9
owner 11 3750386 9
owner 11 3748338 9
owner 11 3750385 9
owner 11 3748337 9
owner 11 3752433 9
owner 11 3750384 9
owner 11 3748336 9
owner 11 3752432 9
owner 11 3750383 9
owner 11 3748335 9
owner 11 3752431 9
owner 11 3750382 9
owner 11 3752430 9
owner 11 3754478 9
owner 11 3756526 9
owner 11 3754479 9
owner 11 3756527 9
owner 11 3754480 9
owner 11 3756528 9
owner 11 3758576 9
owner 11 3756529 9
owner 11 3758577 9
owner 11 3760625 9
owner 11 3758578 9
owner 11 3760626 9
owner 11 3758579 9
owner 11 3760627 9
owner 11 3758580 9
owner 11 3760624 9
owner 11 3758575 9
owner 11 3746288 9
owner 11 3746289 9
owner 11 3746290 9
owner 11 3746291 9
owner 11 3643254 10
owner 11 3641206 10
owner 11 3645302 10
owner 11 3643253 10
owner 11 3643255 10
owner 11 3641207 10
owner 11 3645303 10
owner 11 3643256 10
owner 11 3641208 10
owner 11 3645304 10
owner 11 3643257 10
owner 11 3641209 10
owner 11 3645305 10
owner 11 3639161 10
owner 11 3639160 10
owner 11 3637112 10
owner 11 3639159 10
owner 11 3637111 10
owner 11 3639158 10
owner 11 3637110 10
owner 11 3639157 10
owner 11 3637109 10
owner 11 3641205 10
owner 11 3639156 10
owner 11 3637108 10
owner 11 3641204 10
owner 11 3639155 10
owner 11 3637107 10
owner 11 3641203 10
owner 11 3639154 10
owner 11 3641202 10
owner 11 3643250 10
owner 11 3645298 10
owner 11 3643251 10
owner 11 3645299 10
owner 11 3643252 10
owner 11 3645300 10
owner 11 3647348 10
owner 11 3645301 10
owner 11 3647349 10
owner 11 3649397 10
owner 11 3647350 10
owner 11 3649398 10
owner 11 3647351 10
owner 11 3649399 10
owner 11 3647352 10
owner 11 3649396 10
owner 11 3647347 10
owner 11 3635060 10
owner 11 3635061 10
owner 11 3635062 10
owner 11 3635063 10
owner 11 1320508 11
owner 11 1318460 11
owner 11 1322556 11
owner 11 1320507 11
owner 11 1320509 11
owner 11 1318461 11
owner 11 1322557 11
owner 11 1320510 11
owner 11 1318462 11
owner 11 1322558 11
owner 11 1320511 11
owner 11 1318463 11
owner 11 1322559 11
owner 11 1316415 11
owner 11 1316414 11
owner 11 1314366 11
owner 11 1316413 11
owner 11 1314365 11
owner 11 1316412 11
owner 11 1314364 11
owner 11 1316411 11
owner 11 1314363 11
owner 11 1318459 11
owner 11 1316410 11
owner 11 1314362 11
owner 11 1318458 11
owner 11 1316409 11
owner 11 1314361 11
owner 11 1318457 11
owner 11 1316408 11
owner 11 1318456 11
owner 11 1320504 11
owner 11 1322552 11
owner 11 1320505 11
owner 11 1322553 11
owner 11 1320506 11
owner 11 1322554 11
owner 11 1324602 11
owner 11 1322555 11
owner 11 1324603 11
owner 11 1326651 11
owner 11 1324604 11
owner 11 1326652 11
owner 11 1324605 11
owner 11 1326653 11
owner 11 1324606 11
owner 11 1326650 11
owner 11 1324601 11
owner 11 1312314 11
owner 11 1312315 11
owner 11 1312316 11
owner 11 1312317 11
owner 11 1962439 12
owner 11 1960391 12
owner 11 1964487 12
owner 11 1962438 12
owner 11 1962440 12
owner 11 1960392 12
owner 11 1964488 12
owner 11 1962441 12
owner 11 1960393 12
owner 11 1964489 12
owner 11 1962442 12
owner 11 1960394 12
owner 11 1964490 12
owner 11 1958346 12
owner 11 1958345 12
owner 11 1956297 12
owner 11 1958344 12
owner 11 1956296 12
owner 11 1958343 12
owner 11 1956295 12
owner 11 1958342 12
owner 11 1956294 12
owner 11 1960390 12
owner 11 1958341 12
owner 11 1956293 12
owner 11 1960389 12
owner 11 1958340 12
owner 11 1956292 12
owner 11 1960388 12
owner 11 1958339 12
owner 11 1960387 12
owner 11 1962435 12
owner 11 1964483 12
owner 11 1962436 12
owner 11 1964484 12
owner 11 1962437 12
owner 11 1964485 12
owner 11 1966533 12
owner 11 1964486 12
owner 11 1966534 12
owner 11 1968582 12
owner 11 1966535 12
owner 11 1968583 12
owner 11 1966536 12
owner 11 1968584 12
owner 11 1966537 12
owner 11 1968581 12
owner 11 1966532 12
owner 11 1954245 12
owner 11 1954246 12
owner 11 1954247 12
owner 11 1954248 12
prev 11 449033
prev 11 1794996
prev 11 3328214
prev 11 1250299
prev 11 127246
prev 11 1770716
prev 11 2107776
prev 11 3754482
prev 11 3643254
prev 11 1320508
prev 11 1962439
owned 11 1653717
owned 11 1653718
owned 11 1653719
owned 11 1653720
owned 11 1655764
owned 11 1655765
owned 11 1655766
owned 11 1655767
owned 11 1655768
owned 11 1655769
owned 11 1657811
owned 11 1657812
owned 11 1657813
owned 11 1657814
owned 11 1657815
owned 11 1657816
owned 11 1657817
owned 11 1657818
owned 11 1659859
owned 11 1659860
owned 11 1659861
owned 11 1659862
owned 11 1659863
owned 11 1659864
owned 11 1659865
owned 11 1659866
owned 11 1661907
owned 11 1661908
owned 11 1661909
owned 11 1661910
owned 11 1661911
owned 11 1661912
owned 11 1661913
owned 11 1661914
owned 11 1663955
owned 11 1663956
owned 11 1663957
owned 11 1663958
owned 11 1663959
owned 11 1663960
owned 11 1663961
owned 11 1663962
owned 11 1666004
owned 11 1666005
owned 11 1666006
owned 11 1666007
owned 11 1666008
owned 11 1666009
owned 11 1668053
owned 11 1668054
owned 11 1668055
owned 11 1668056
bot 12 14 666fmd2f -2125171585 1181048 1400 576 52
owner 12 449033 2
owner 12 446985 2
owner 12 451081 2
owner 12 449032 2
owner 12 449034 2
owner 12 446986 2
owner 12 451082 2
owner 12 449035 2
owner 12 446987 2
owner 12 451083 2
owner 12 449036 2
owner 12 446988 2
owner 12 451084 2
owner 12 444940 2
owner 12 444939 2
owner 12 442891 2
owner 12 444938 2
owner 12 442890 2
owner 12 444937 2
owner 12 442889 2
owner 12 444936 2
owner 12 442888 2
owner 12 446984 2
owner 12 444935 2
owner 12 442887 2
owner 12 446983 2
owner 12 444934 2
owner 12 442886 2
owner 12 446982 2
owner 12 444933 2
owner 12 446981 2
owner 12 449029 2
owner 12 451077 2
owner 12 449030 2
owner 12 451078 2
owner 12 449031 2
owner 12 451079 2
owner 12 453127 2
owner 12 451080 2
owner 12 453128 2
owner 12 455176 2
owner 12 453129 2
owner 12 455177 2
owner 12 453130 2
owner 12 455178 2
owner 12 453131 2
owner 12 455175 2
owner 12 453126 2
owner 12 440839 2
owner 12 440840 2
owner 12 440841 2
owner 12 440842 2
owner 12 1794996 3
owner 12 1792948 3
owner 12 1797044 3
owner 12 1794995 3
owner 12 1794997 3
owner 12 1792949 3
owner 12 1797045 3
owner 12 1794998 3
owner 12 1792950 3
owner 12 1797046 3
owner 12 1794999 3
owner 12 1792951 3
owner 12 1797047 3
owner 12 1790903 3
owner 12 1790902 3
owner 12 1788854 3
owner 12 1790901 3
owner 12 1788853 3
owner 12 1790900 3
owner 12 1788852 3
owner 12 1790899 3
owner 12 1788851 3
owner 12 1792947 3
owner 12 1790898 3
owner 12 1788850 3
owner 12 1792946 3
owner 12 1790897 3
owner 12 1788849 3
owner 12 1792945 3
owner 12 1790896 3
owner 12 1792944 3
owner 12 1794992 3
owner 12 1797040 3
owner 12 1794993 3
owner 12 1797041 3
owner 12 1794994 3
owner 12 1797042 3
owner 12 1799090 3
owner 12 1797043 3
owner 12 1799091 3
owner 12 1801139 3
owner 12 1799092 3
owner 12 1801140 3
owner 12 1799093 3
owner 12 1801141 3
owner 12 1799094 3
owner 12 1801138 3
owner 12 1799089 3
owner 12 1786802 3
owner 12 1786803 3
owner 12 1786804 3
owner 12 1786805 3
owner 12 3328214 4
owner 12 3326166 4
owner 12 3330262 4
owner 12 3328213 4
owner 12 3328215 4
owner 12 3326167 4
owner 12 3330263 4
owner 12 3328216 4
owner 12 3326168 4
owner 12 3330264 4
owner 12 3328217 4
owner 12 3326169 4
owner 12 3330265 4
owner 12 3324121 4
owner 12 3324120 4
owner 12 3322072 4
owner 12 3324119 4
owner 12 3322071 4
owner 12 3324118 4
owner 12 3322070 4
owner 12 3324117 4
owner 12 3322069 4
owner 12 3326165 4
owner 12 3324116 4
owner 12 3322068 4
owner 12 3326164 4
owner 12 3324115 4
owner 12 3322067 4
owner 12 3326163 4
owner 12 3324114 4
owner 12 3326162 4
owner 12 3328210 4
owner 12 3330258 4
owner 12 3328211 4
owner 12 3330259 4
owner 12 3328212 4
owner 12 3330260 4
owner 12 3332308 4
owner 12 3330261 4
owner 12 3332309 4
owner 12 3334357 4
owner 12 3332310 4
owner 12 3334358 4
owner 12 3332311 4
owner 12 3334359 4
owner 12 3332312 4
owner 12 3334356 4
owner 12 3332307 4
owner 12 3320020 4
owner 12 3320021 4
owner 12 3320022 4
owner 12 3320023 4
owner 12 1250299 5
owner 12 1248251 5
owner 12 1252347 5
owner 12 1250298 5
owner 12 1250300 5
owner 12 1248252 5
owner 12 1252348 5
owner 12 1250301 5
owner 12 1248253 5
owner 12 1252349 5
owner 12 1250302 5
owner 12 1248254 5
owner 12 1252350 5
owner 12 1246206 5
owner 12 1246205 5
owner 12 1244157 5
owner 12 1246204 5
owner 12 1244156 5
owner 12 1246203 5
owner 12 1244155 5
owner 12 1246202 5
owner 12 1244154 5
owner 12 1248250 5
owner 12 1246201 5
owner 12 1244153 5
owner 12 1248249 5
owner 12 1246200 5
owner 12 1244152 5
owner 12 1248248 5
owner 12 1246199 5
owner 12 1248247 5
owner 12 1250295 5
owner 12 1252343 5
owner 12 1250296 5
owner 12 1252344 5
owner 12 1250297 5
owner 12 1252345 5
owner 12 1254393 5
owner 12 1252346 5
owner 12 1254394 5
owner 12 1256442 5
owner 12 1254395 5
owner 12 1256443 5
owner 12 1254396 5
owner 12 1256444 5
owner 12 1254397 5
owner 12 1256441 5
owner 12 1254392 5
owner 12 1242105 5
owner 12 1242106 5
owner 12 1242107 5
owner 12 1242108 5
owner 12 127246 6
owner 12 125198 6
owner 12 129294 6
owner 12 127245 6
owner 12 127247 6
owner 12 125199 6
owner 12 129295 6
owner 12 127248 6
owner 12 125200 6
owner 12 129296 6
owner 12 127249 6
owner 12 125201 6
owner 12 129297 6
owner 12 123153 6
owner 12 123152 6
owner 12 121104 6
owner 12 123151 6
owner 12 121103 6
owner 12 123150 6
owner 12 121102 6
owner 12 123149 6
owner 12 121101 6
owner 12 125197 6
owner 12 123148 6
owner 12 121100 6
owner 12 125196 6
owner 12 123147 6
owner 12 121099 6
owner 12 125195 6
owner 12 123146 6
owner 12 125194 6
owner 12 127242 6
owner 12 129290 6
owner 12 127243 6
owner 12 129291 6
owner 12 127244 6
owner 12 129292 6
owner 12 131340 6
owner 12 129293 6
owner 12 131341 6
owner 12 133389 6
owner 12 131342 6
owner 12 133390 6
owner 12 131343 6
owner 12 133391 6
owner 12 131344 6
owner 12 133388 6
owner 12 131339 6
owner 12 119052 6
owner 12 119053 6
owner 12 119054 6
owner 12 119055 6
owner 12 1770716 7
owner 12 1768668 7
owner 12 1772764 7
owner 12 1770715 7
owner 12 1770717 7
owner 12 1768669 7
owner 12 1772765 7
owner 12 1770718 7
owner 12 1768670 7
owner 12 1772766 7
owner 12 1770719 7
owner 12 1768671 7
owner 12 1772767 7
owner 12 1766623 7
owner 12 1766622 7
owner 12 1764574 7
owner 12 1766621 7
owner 12 1764573 7
owner 12 1766620 7
owner 12 1764572 7
owner 12 1766619 7
owner 12 1764571 7
owner 12 1768667 7
owner 12 1766618 7
owner 12 1764570 7
owner 12 1768666 7
owner 12 1766617 7
owner 12 1764569 7
owner 12 1768665 7
owner 12 1766616 7
owner 12 1768664 7
owner 12 1770712 7
owner 12 1772760 7
owner 12 1770713 7
owner 12 1772761 7
owner 12 1770714 7
owner 12 1772762 7
owner 12 1774810 7
owner 12 1772763 7
owner 12 1774811 7
owner 12 1776859 7
owner 12 1774812 7
owner 12 1776860 7
owner 12 1774813 7
owner 12 1776861 7
owner 12 1774814 7
owner 12 1776858 7
owner 12 1774809 7
owner 12 1762522 7
owner 12 1762523 7
owner 12 1762524 7
owner 12 1762525 7
owner 12 2107776 8
owner 12 2105728 8
owner 12 2109824 8
owner 12 2107775 8
owner 12 2107777 8
owner 12 2105729 8
owner 12 2109825 8
owner 12 2107778 8
owner 12 2105730 8
owner 12 2109826 8
owner 12 2107779 8
owner 12 2105731 8
owner 12 2109827 8
owner 12 2103683 8
owner 12 2103682 8
owner 12 2101634 8
owner 12 2103681 8
owner 12 2101633 8
owner 12 2103680 8
owner 12 2101632 8
owner 12 2103679 8
owner 12 2101631 8
owner 12 2105727 8
owner 12 2103678 8
owner 12 2101630 8
owner 12 2105726 8
owner 12 2103677 8
owner 12 2101629 8
owner 12 2105725 8
owner 12 2103676 8
owner 12 2105724 8
owner 12 2107772 8
owner 12 2109820 8
owner 12 2107773 8
owner 12 2109821 8
owner 12 2107774 8
owner 12 2109822 8
owner 12 2111870 8
owner 12 2109823 8
owner 12 2111871 8
owner 12 2113919 8
owner 12 2111872 8
owner 12 2113920 8
owner 12 2111873 8
owner 12 2113921 8
owner 12 2111874 8
owner 12 2113918 8
owner 12 2111869 8
owner 12 2099582 8
owner 12 2099583 8
owner 12 2099584 8
owner 12 2099585 8
owner 12 3754482 9
owner 12 3752434 9
owner 12 3756530 9
owner 12 3754481 9
owner 12 3754483 9
owner 12 3752435 9
owner 12 3756531 9
owner 12 3754484 9
owner 12 3752436 9
owner 12 3756532 9
owner 12 3754485 9
owner 12 3752437 9
owner 12 3756533 9
owner 12 3750389 9
owner 12 3750388 9
owner 12 3748340 9
owner 12 3750387 9
owner 12 3748339 9
owner 12 3750386 9
owner 12 3748338 9
owner 12 3750385 9
owner 12 3748337 9
owner 12 3752433 9
owner 12 3750384 9
owner 12 3748336 9
owner 12 3752432 9
owner 12 3750383 9
owner 12 3748335 9
owner 12 3752431 9
owner 12 3750382 9
owner 12 3752430 9
owner 12 3754478 9
owner 12 3756526 9
owner 12 3754479 9
owner 12 3756527 9
owner 12 3754480 9
owner 12 3756528 9
owner 12 3758576 9
owner 12 3756529 9
owner 12 3758577 9
owner 12 3760625 9
owner 12 3758578 9
owner 12 3760626 9
owner 12 3758579 9
owner 12 3760627 9
owner 12 3758580 9
owner 12 3760624 9
owner 12 3758575 9
owner 12 3746288 9
owner 12 3746289 9
owner 12 3746290 9
owner 12 3746291 9
owner 12 3643254 10
owner 12 3641206 10
owner 12 3645302 10
owner 12 3643253 10
owner 12 3643255 10
owner 12 3641207 10
owner 12 3645303 10
owner 12 3643256 10
owner 12 3641208 10
owner 12 3645304 10
owner 12 3643257 10
owner 12 3641209 10
owner 12 3645305 10
owner 12 3639161 10
owner 12 3639160 10
owner 12 3637112 10
owner 12 3639159 10
owner 12 3637111 10
owner 12 3639158 10
owner 12 3637110 10
owner 12 3639157 10
owner 12 3637109 10
owner 12 3641205 10
owner 12 3639156 10
owner 12 3637108 10
owner 12 3641204 10
owner 12 3639155 10
owner 12 3637107 10
owner 12 3641203 10
owner 12 3639154 10
owner 12 3641202 10
owner 12 3643250 10
owner 12 3645298 10
owner 12 3643251 10
owner 12 3645299 10
owner 12 3643252 10
owner 12 3645300 10
owner 12 3647348 10
owner 12 3645301 10
owner 12 3647349 10
owner 12 3649397 10
owner 12 3647350 10
owner 12 3649398 10
owner 12 3647351 10
owner 12 3649399 10
owner 12 3647352 10
owner 12 3649396 10
owner 12 3647347 10
owner 12 3635060 10
owner 12 3635061 10
owner 12 3635062 10
owner 12 3635063 10
owner 12 1320508 11
owner 12 1318460 11
owner 12 1322556 11
owner 12 1320507 11
owner 12 1320509 11
owner 12 1318461 11
owner 12 1322557 11
owner 12 1320510 11
owner 12 1318462 11
owner 12 1322558 11
owner 12 1320511 11
owner 12 1318463 11
owner 12 1322559 11
owner 12 1316415 11
owner 12 1316414 11
owner 12 1314366 11
owner 12 1316413 11
owner 12 1314365 11
owner 12 1316412 11
owner 12 1314364 11
owner 12 1316411 11
owner 12 1314363 11
owner 12 1318459 11
owner 12 1316410 11
owner 12 1314362 11
owner 12 1318458 11
owner 12 1316409 11
owner 12 1314361 11
owner 12 1318457 11
owner 12 1316408 11
owner 12 1318456 11
owner 12 1320504 11
owner 12 1322552 11
owner 12 1320505 11
owner 12 1322553 11
owner 12 1320506 11
owner 12 1322554 11
owner 12 1324602 11
owner 12 1322555 11
owner 12 1324603 11
owner 12 1326651 11
owner 12 1324604 11
owner 12 1326652 11
owner 12 1324605 11
owner 12 1326653 11
owner 12 1324606 11
owner 12 1326650 11
owner 12 1324601 11
owner 12 1312314 11
owner 12 1312315 11
owner 12 1312316 11
owner 12 1312317 11
owner 12 1962439 12
owner 12 1960391 12
owner 12 1964487 12
owner 12 1962438 12
owner 12 1962440 12
owner 12 1960392 12
owner 12 1964488 12
owner 12 1962441 12
owner 12 1960393 12
owner 12 1964489 12
owner 12 1962442 12
owner 12 1960394 12
owner 12 1964490 12
owner 12 1958346 12
owner 12 1958345 12
owner 12 1956297 12
owner 12 1958344 12
owner 12 1956296 12
owner 12 1958343 12
owner 12 1956295 12
owner 12 1958342 12
owner 12 1956294 12
owner 12 1960390 12
owner 12 1958341 12
owner 12 1956293 12
owner 12 1960389 12
owner 12 1958340 12
owner 12 1956292 12
owner 12 1960388 12
owner 12 1958339 12
owner 12 1960387 12
owner 12 1962435 12
owner 12 1964483 12
owner 12 1962436 12
owner 12 1964484 12
owner 12 1962437 12
owner 12 1964485 12
owner 12 1966533 12
owner 12 1964486 12
owner 12 1966534 12
owner 12 1968582 12
owner 12 1966535 12
owner 12 1968583 12
owner 12 1966536 12
owner 12 1968584 12
owner 12 1966537 12
owner 12 1968581 12
owner 12 1966532 12
owner 12 1954245 12
owner 12 1954246 12
owner 12 1954247 12
owner 12 1954248 12
owner 12 1661911 13
owner 12 1659863 13
owner 12 1663959 13
owner 12 1661910 13
owner 12 1661912 13
owner 12 1659864 13
owner 12 1663960 13
owner 12 1661913 13
owner 12 1659865 13
owner 12 1663961 13
owner 12 1661914 13
owner 12 1659866 13
owner 12 1663962 13
owner 12 1657818 13
owner 12 1657817 13
owner 12 1655769 13
owner 12 1657816 13
owner 12 1655768 13
owner 12 1657815 13
owner 12 1655767 13
owner 12 1657814 13
owner 12 1655766 13
owner 12 1659862 13
owner 12 1657813 13
owner 12 1655765 13
owner 12 1659861 13
owner 12 1657812 13
owner 12 1655764 13
owner 12 1659860 13
owner 12 1657811 13
owner 12 1659859 13
owner 12 1661907 13
owner 12 1663955 13
owner 12 1661908 13
owner 12 1663956 13
owner 12 1661909 13
owner 12 1663957 13
owner 12 1666005 13
owner 12 1663958 13
owner 12 1666006 13
owner 12 1668054 13
owner 12 1666007 13
owner 12 1668055 13
owner 12 1666008 13
owner 12 1668056 13
owner 12 1666009 13
owner 12 1668053 13
owner 12 1666004 13
owner 12 1653717 13
owner 12 1653718 13
owner 12 1653719 13
owner 12 1653720 13
prev 12 449033
prev 12 1794996
prev 12 3328214
prev 12 1250299
prev 12 127246
prev 12 1770716
prev 12 2107776
prev 12 3754482
prev 12 3643254
prev 12 1320508
prev 12 1962439
prev 12 1661911
owned 12 1172854
owned 12 1172855
owned 12 1172856
owned 12 1172857
owned 12 1174901
owned 12 1174902
owned 12 1174903
owned 12 1174904
owned 12 1174905
owned 12 1174906
owned 12 1176948
owned 12 1176949
owned 12 1176950
owned 12 1176951
owned 12 1176952
owned 12 1176953
owned 12 1176954
owned 12 1176955
owned 12 1178996
owned 12 1178997
owned 12 1178998
owned 12 1178999
owned 12 1179000
owned 12 1179001
owned 12 1179002
owned 12 1179003
owned 12 1181044
owned 12 1181045
owned 12 1181046
owned 12 1181047
owned 12 1181048
owned 12 1181049
owned 12 1181050
owned 12 1181051
owned 12 1183092
owned 12 1183093
owned 12 1183094
owned 12 1183095
owned 12 1183096
owned 12 1183097
owned 12 1183098
owned 12 1183099
owned 12 1185141
owned 12 1185142
owned 12 1185143
owned 12 1185144
owned 12 1185145
owned 12 1185146
owned 12 1187190
owned 12 1187191
owned 12 1187192
owned 12 1187193
bot 13 15 vybu8oes 2095769353 2434750 1726 1188 52
owner 13 449033 2
owner 13 446985 2
owner 13 451081 2
owner 13 449032 2
owner 13 449034 2
owner 13 446986 2
owner 13 451082 2
owner 13 449035 2
owner 13 446987 2
owner 13 451083 2
owner 13 449036 2
owner 13 446988 2
owner 13 451084 2
owner 13 444940 2
owner 13 444939 2
owner 13 442891 2
owner 13 444938 2
owner 13 442890 2
owner 13 444937 2
owner 13 442889 2
owner 13 444936 2
owner 13 442888 2
owner 13 446984 2
owner 13 444935 2
owner 13 442887 2
owner 13 446983 2
owner 13 444934 2
owner 13 442886 2
owner 13 446982 2
owner 13 444933 2
owner 13 446981 2
owner 13 449029 2
owner 13 451077 2
owner 13 449030 2
owner 13 451078 2
owner 13 449031 2
owner 13 451079 2
owner 13 453127 2
owner 13 451080 2
owner 13 453128 2
owner 13 455176 2
owner 13 453129 2
owner 13 455177 2
owner 13 453130 2
owner 13 455178 2
owner 13 453131 2
owner 13 455175 2
owner 13 453126 2
owner 13 440839 2
owner 13 440840 2
owner 13 440841 2
owner 13 440842 2
owner 13 1794996 3
owner 13 1792948 3
owner 13 1797044 3
owner 13 1794995 3
owner 13 1794997 3
owner 13 1792949 3
owner 13 1797045 3
owner 13 1794998 3
owner 13 1792950 3
owner 13 1797046 3
owner 13 1794999 3
owner 13 1792951 3
owner 13 1797047 3
owner 13 1790903 3
owner 13 1790902 3
owner 13 1788854 3
owner 13 1790901 3
owner 13 1788853 3
owner 13 1790900 3
owner 13 1788852 3
owner 13 1790899 3
owner 13 1788851 3
owner 13 1792947 3
owner 13 1790898 3
owner 13 1788850 3
owner 13 1792946 3
owner 13 1790897 3
owner 13 1788849 3
owner 13 1792945 3
owner 13 1790896 3
owner 13 1792944 3
owner 13 1794992 3
owner 13 1797040 3
owner 13 1794993 3
owner 13 1797041 3
owner 13 1794994 3
owner 13 1797042 3
owner 13 1799090 3
owner 13 1797043 3
owner 13 1799091 3
owner 13 1801139 3
owner 13 1799092 3
owner 13 1801140 3
owner 13 1799093 3
owner 13 1801141 3
owner 13 1799094 3
owner 13 1801138 3
owner 13 1799089 3
owner 13 1786802 3
owner 13 1786803 3
owner 13 1786804 3
owner 13 1786805 3
owner 13 3328214 4
owner 13 3326166 4
owner 13 3330262 4
owner 13 3328213 4
owner 13 3328215 4
owner 13 3326167 4
owner 13 3330263 4
owner 13 3328216 4
owner 13 3326168 4
owner 13 3330264 4
owner 13 3328217 4
owner 13 3326169 4
owner 13 3330265 4
owner 13 3324121 4
owner 13 3324120 4
owner 13 3322072 4
owner 13 3324119 4
owner 13 3322071 4
owner 13 3324118 4
owner 13 3322070 4
owner 13 3324117 4
owner 13 3322069 4
owner 13 3326165 4
owner 13 3324116 4
owner 13 3322068 4
owner 13 3326164 4
owner 13 3324115 4
owner 13 3322067 4
owner 13 3326163 4
owner 13 3324114 4
owner 13 3326162 4
owner 13 3328210 4
owner 13 3330258 4
owner 13 3328211 4
owner 13 3330259 4
owner 13 3328212 4
owner 13 3330260 4
owner 13 3332308 4
owner 13 3330261 4
owner 13 3332309 4
owner 13 3334357 4
owner 13 3332310 4
owner 13 3334358 4
owner 13 3332311 4
owner 13 3334359 4
owner 13 3332312 4
owner 13 3334356 4
owner 13 3332307 4
owner 13 3320020 4
owner 13 3320021 4
owner 13 3320022 4
owner 13 3320023 4
owner 13 1250299 5
owner 13 1248251 5
owner 13 1252347 5
owner 13 1250298 5
owner 13 1250300 5
owner 13 1248252 5
owner 13 1252348 5
owner 13 1250301 5
owner 13 1248253 5
owner 13 1252349 5
owner 13 1250302 5
owner 13 1248254 5
owner 13 1252350 5
owner 13 1246206 5
owner 13 1246205 5
owner 13 1244157 5
owner 13 1246204 5
owner 13 1244156 5
owner 13 1246203 5
owner 13 1244155 5
owner 13 1246202 5
owner 13 1244154 5
owner 13 1248250 5
owner 13 1246201 5
owner 13 1244153 5
owner 13 1248249 5
owner 13 1246200 5
owner 13 1244152 5
owner 13 1248248 5
owner 13 1246199 5
owner 13 1248247 5
owner 13 1250295 5
owner 13 1252343 5
owner 13 1250296 5
owner 13 1252344 5
owner 13 1250297 5
owner 13 1252345 5
owner 13 1254393 5
owner 13 1252346 5
owner 13 1254394 5
owner 13 1256442 5
owner 13 1254395 5
owner 13 1256443 5
owner 13 1254396 5
owner 13 1256444 5
owner 13 1254397 5
owner 13 1256441 5
owner 13 1254392 5
owner 13 1242105 5
owner 13 1242106 5
owner 13 1242107 5
owner 13 1242108 5
owner 13 127246 6
owner 13 125198 6
owner 13 129294 6
owner 13 127245 6
owner 13 127247 6
owner 13 125199 6
owner 13 129295 6
owner 13 127248 6
owner 13 125200 6
owner 13 129296 6
owner 13 127249 6
owner 13 125201 6
owner 13 129297 6
owner 13 123153 6
owner 13 123152 6
owner 13 121104 6
owner 13 123151 6
owner 13 121103 6
owner 13 123150 6
owner 13 121102 6
owner 13 123149 6
owner 13 121101 6
owner 13 125197 6
owner 13 123148 6
owner 13 121100 6
owner 13 125196 6
owner 13 123147 6
owner 13 121099 6
owner 13 125195 6
owner 13 123146 6
owner 13 125194 6
owner 13 127242 6
owner 13 129290 6
owner 13 127243 6
owner 13 129291 6
owner 13 127244 6
owner 13 129292 6
owner 13 131340 6
owner 13 129293 6
owner 13 131341 6
owner 13 133389 6
owner 13 131342 6
owner 13 133390 6
owner 13 131343 6
owner 13 133391 6
owner 13 131344 6
owner 13 133388 6
owner 13 131339 6
owner 13 119052 6
owner 13 119053 6
owner 13 119054 6
owner 13 119055 6
owner 13 1770716 7
owner 13 1768668 7
owner 13 1772764 7
owner 13 1770715 7
owner 13 1770717 7
owner 13 1768669 7
owner 13 1772765 7
owner 13 1770718 7
owner 13 1768670 7
owner 13 1772766 7
owner 13 1770719 7
owner 13 1768671 7
owner 13 1772767 7
owner 13 1766623 7
owner 13 1766622 7
owner 13 1764574 7
owner 13 1766621 7
owner 13 1764573 7
owner 13 1766620 7
owner 13 1764572 7
owner 13 1766619 7
owner 13 1764571 7
owner 13 1768667 7
owner 13 1766618 7
owner 13 1764570 7
owner 13 1768666 7
owner 13 1766617 7
owner 13 1764569 7
owner 13 1768665 7
owner 13 1766616 7
owner 13 1768664 7
owner 13 1770712 7
owner 13 1772760 7
owner 13 1770713 7
owner 13 1772761 7
owner 13 1770714 7
owner 13 1772762 7
owner 13 1774810 7
owner 13 1772763 7
owner 13 1774811 7
owner 13 1776859 7
owner 13 1774812 7
owner 13 1776860 7
owner 13 1774813 7
owner 13 1776861 7
owner 13 1774814 7
owner 13 1776858 7
owner 13 1774809 7
owner 13 1762522 7
owner 13 1762523 7
owner 13 1762524 7
owner 13 1762525 7
owner 13 2107776 8
owner 13 2105728 8
owner 13 2109824 8
owner 13 2107775 8
owner 13 2107777 8
owner 13 2105729 8
owner 13 2109825 8
owner 13 2107778 8
owner 13 2105730 8
owner 13 2109826 8
owner 13 2107779 8
owner 13 2105731 8
owner 13 2109827 8
owner 13 2103683 8
owner 13 2103682 8
owner 13 2101634 8
owner 13 2103681 8
owner 13 2101633 8
owner 13 2103680 8
owner 13 2101632 8
owner 13 2103679 8
owner 13 2101631 8
owner 13 2105727 8
owner 13 2103678 8
owner 13 2101630 8
owner 13 2105726 8
owner 13 2103677 8
owner 13 2101629 8
owner 13 2105725 8
owner 13 2103676 8
owner 13 2105724 8
owner 13 2107772 8
owner 13 2109820 8
owner 13 2107773 8
owner 13 2109821 8
owner 13 2107774 8
owner 13 2109822 8
owner 13 2111870 8
owner 13 2109823 8
owner 13 2111871 8
owner 13 2113919 8
owner 13 2111872 8
owner 13 2113920 8
owner 13 2111873 8
owner 13 2113921 8
owner 13 2111874 8
owner 13 2113918 8
owner 13 2111869 8
owner 13 2099582 8
owner 13 2099583 8
owner 13 2099584 8
owner 13 2099585 8
owner 13 3754482 9
owner 13 3752434 9
owner 13 3756530 9
owner 13 3754481 9
owner 13 3754483 9
owner 13 3752435 9
owner 13 3756531 9
owner 13 3754484 9
owner 13 3752436 9
owner 13 3756532 9
owner 13 3754485 9
owner 13 3752437 9
owner 13 3756533 9
owner 13 3750389 9
owner 13 3750388 9
owner 13 3748340 9
owner 13 3750387 9
owner 13 3748339 9
owner 13 3750386 9
owner 13 3748338 9
owner 13 3750385 9
owner 13 3748337 9
owner 13 3752433 9
owner 13 3750384 9
owner 13 3748336 9
owner 13 3752432 9
owner 13 3750383 9
owner 13 3748335 9
owner 13 3752431 9
owner 13 3750382 9
owner 13 3752430 9
owner 13 3754478 9
owner 13 3756526 9
owner 13 3754479 9
owner 13 3756527 9
owner 13 3754480 9
owner 13 3756528 9
owner 13 3758576 9
owner 13 3756529 9
owner 13 3758577 9
owner 13 3760625 9
owner 13 3758578 9
owner 13 3760626 9
owner 13 3758579 9
owner 13 3760627 9
owner 13 3758580 9
owner 13 3760624 9
owner 13 3758575 9
owner 13 3746288 9
owner 13 3746289 9
owner 13 3746290 9
owner 13 3746291 9
owner 13 3643254 10
owner 13 3641206 10
owner 13 3645302 10
owner 13 3643253 10
owner 13 3643255 10
owner 13 3641207 10
owner 13 3645303 10
owner 13 3643256 10
owner 13 3641208 10
owner 13 3645304 10
owner 13 3643257 10
owner 13 3641209 10
owner 13 3645305 10
owner 13 3639161 10
owner 13 3639160 10
owner 13 3637112 10
owner 13 3639159 10
owner 13 3637111 10
owner 13 3639158 10
owner 13 3637110 10
owner 13 3639157 10
owner 13 3637109 10
owner 13 3641205 10
owner 13 3639156 10
owner 13 3637108 10
owner 13 3641204 10
owner 13 3639155 10
owner 13 3637107 10
owner 13 3641203 10
owner 13 3639154 10
owner 13 3641202 10
owner 13 3643250 10
owner 13 3645298 10
owner 13 3643251 10
owner 13 3645299 10
owner 13 3643252 10
owner 13 3645300 10
owner 13 3647348 10
owner 13 3645301 10
owner 13 3647349 10
owner 13 3649397 10
owner 13 3647350 10
owner 13 3649398 10
owner 13 3647351 10
owner 13 3649399 10
owner 13 3647352 10
owner 13 3649396 10
owner 13 3647347 10
owner 13 3635060 10
owner 13 3635061 10
owner 13 3635062 10
owner 13 3635063 10
owner 13 1320508 11
owner 13 1318460 11
owner 13 1322556 11
owner 13 1320507 11
owner 13 1320509 11
owner 13 1318461 11
owner 13 1322557 11
owner 13 1320510 11
owner 13 1318462 11
owner 13 1322558 11
owner 13 1320511 11
owner 13 1318463 11
owner 13 1322559 11
owner 13 1316415 11
owner 13 1316414 11
owner 13 1314366 11
owner 13 1316413 11
owner 13 1314365 11
owner 13 1316412 11
owner 13 1314364 11
owner 13 1316411 11
owner 13 1314363 11
owner 13 1318459 11
owner 13 1316410 11
owner 13 1314362 11
owner 13 1318458 11
owner 13 1316409 11
owner 13 1314361 11
owner 13 1318457 11
owner 13 1316408 11
owner 13 1318456 11
owner 13 1320504 11
owner 13 1322552 11
owner 13 1320505 11
owner 13 1322553 11
owner 13 1320506 11
owner 13 1322554 11
owner 13 1324602 11
owner 13 1322555 11
owner 13 1324603 11
owner 13 1326651 11
owner 13 1324604 11
owner 13 1326652 11
owner 13 1324605 11
owner 13 1326653 11
owner 13 1324606 11
owner 13 1326650 11
owner 13 1324601 11
owner 13 1312314 11
owner 13 1312315 11
owner 13 1312316 11
owner 13 1312317 11
owner 13 1962439 12
owner 13 1960391 12
owner 13 1964487 12
owner 13 1962438 12
owner 13 1962440 12
owner 13 1960392 12
owner 13 1964488 12
owner 13 1962441 12
owner 13 1960393 12
owner 13 1964489 12
owner 13 1962442 12
owner 13 1960394 12
owner 13 1964490 12
owner 13 1958346 12
owner 13 1958345 12
owner 13 1956297 12
owner 13 1958344 12
owner 13 1956296 12
owner 13 1958343 12
owner 13 1956295 12
owner 13 1958342 12
owner 13 1956294 12
owner 13 1960390 12
owner 13 1958341 12
owner 13 1956293 12
owner 13 1960389 12
owner 13 1958340 12
owner 13 1956292 12
owner 13 1960388 12
owner 13 1958339 12
owner 13 1960387 12
owner 13 1962435 12
owner 13 1964483 12
owner 13 1962436 12
owner 13 1964484 12
owner 13 1962437 12
owner 13 1964485 12
owner 13 1966533 12
owner 13 1964486 12
owner 13 1966534 12
owner 13 1968582 12
owner 13 1966535 12
owner 13 1968583 12
owner 13 1966536 12
owner 13 1968584 12
owner 13 1966537 12
owner 13 1968581 12
owner 13 1966532 12
owner 13 1954245 12
owner 13 1954246 12
owner 13 1954247 12
owner 13 1954248 12
owner 13 1661911 13
owner 13 1659863 13
owner 13 1663959 13
owner 13 1661910 13
owner 13 1661912 13
owner 13 1659864 13
owner 13 1663960 13
owner 13 1661913 13
owner 13 1659865 13
owner 13 1663961 13
owner 13 1661914 13
owner 13 1659866 13
owner 13 1663962 13
owner 13 1657818 13
owner 13 1657817 13
owner 13 1655769 13
owner 13 1657816 13
owner 13 1655768 13
owner 13 1657815 13
owner 13 1655767 13
owner 13 1657814 13
owner 13 1655766 13
owner 13 1659862 13
owner 13 1657813 13
owner 13 1655765 13
owner 13 1659861 13
owner 13 1657812 13
owner 13 1655764 13
owner 13 1659860 13
owner 13 1657811 13
owner 13 1659859 13
owner 13 1661907 13
owner 13 1663955 13
owner 13 1661908 13
owner 13 1663956 13
owner 13 1661909 13
owner 13 1663957 13
owner 13 1666005 13
owner 13 1663958 13
owner 13 1666006 13
owner 13 1668054 13
owner 13 1666007 13
owner 13 1668055 13
owner 13 1666008 13
owner 13 1668056 13
owner 13 1666009 13
owner 13 1668053 13
owner 13 1666004 13
owner 13 1653717 13
owner 13 1653718 13
owner 13 1653719 13
owner 13 1653720 13
owner 13 1181048 14
owner 13 1179000 14
owner 13 1183096 14
owner 13 1181047 14
owner 13 1181049 14
owner 13 1179001 14
owner 13 1183097 14
owner 13 1181050 14
owner 13 1179002 14
owner 13 1183098 14
owner 13 1181051 14
owner 13 1179003 14
owner 13 1183099 14
owner 13 1176955 14
owner 13 1176954 14
owner 13 1174906 14
owner 13 1176953 14
owner 13 1174905 14
owner 13 1176952 14
owner 13 1174904 14
owner 13 1176951 14
owner 13 1174903 14
owner 13 1178999 14
owner 13 1176950 14
owner 13 1174902 14
owner 13 1178998 14
owner 13 1176949 14
owner 13 1174901 14
owner 13 1178997 14
owner 13 1176948 14
owner 13 1178996 14
owner 13 1181044 14
owner 13 1183092 14
owner 13 1181045 14
owner 13 1183093 14
owner 13 1181046 14
owner 13 1183094 14
owner 13 1185142 14
owner 13 1183095 14
owner 13 1185143 14
owner 13 1187191 14
owner 13 1185144 14
owner 13 1187192 14
owner 13 1185145 14
owner 13 1187193 14
owner 13 1185146 14
owner 13 1187190 14
owner 13 1185141 14
owner 13 1172854 14
owner 13 1172855 14
owner 13 1172856 14
owner 13 1172857 14
prev 13 449033
prev 13 1794996
prev 13 3328214
prev 13 1250299
prev 13 127246
prev 13 1770716
prev 13 2107776
prev 13 3754482
prev 13 3643254
prev 13 1320508
prev 13 1962439
prev 13 1661911
prev 13 1181048
owned 13 2426556
owned 13 2426557
owned 13 2426558
owned 13 2426559
owned 13 2428603
owned 13 2428604
owned 13 2428605
owned 13 2428606
owned 13 2428607
owned 13 2428608
owned 13 2430650
owned 13 2430651
owned 13 2430652
owned 13 2430653
owned 13 2430654
owned 13 2430655
owned 13 2430656
owned 13 2430657
owned 13 2432698
owned 13 2432699
owned 13 2432700
owned 13 2432701
owned 13 2432702
owned 13 2432703
owned 13 2432704
owned 13 2432705
owned 13 2434746
owned 13 2434747
owned 13 2434748
owned 13 2434749
owned 13 2434750
owned 13 2434751
owned 13 2434752
owned 13 2434753
owned 13 2436794
owned 13 2436795
owned 13 2436796
owned 13 2436797
owned 13 2436798
owned 13 2436799
owned 13 2436800
owned 13 2436801
owned 13 2438843
owned 13 2438844
owned 13 2438845
owned 13 2438846
owned 13 2438847
owned 13 2438848
owned 13 2440892
owned 13 2440893
owned 13 2440894
owned 13 2440895
bot 14 16 tlx2iciq 1076827768 534900 372 261 52
owner 14 449033 2
owner 14 446985 2
owner 14 451081 2
owner 14 449032 2
owner 14 449034 2
owner 14 446986 2
owner 14 451082 2
owner 14 449035 2
owner 14 446987 2
owner 14 451083 2
owner 14 449036 2
owner 14 446988 2
owner 14 451084 2
owner 14 444940 2
owner 14 444939 2
owner 14 442891 2
owner 14 444938 2
owner 14 442890 2
owner 14 444937 2
owner 14 442889 2
owner 14 444936 2
owner 14 442888 2
owner 14 446984 2
owner 14 444935 2
owner 14 442887 2
owner 14 446983 2
owner 14 444934 2
owner 14 442886 2
owner 14 446982 2
owner 14 444933 2
owner 14 446981 2
owner 14 449029 2
owner 14 451077 2
owner 14 449030 2
owner 14 451078 2
owner 14 449031 2
owner 14 451079 2
owner 14 453127 2
owner 14 451080 2
owner 14 453128 2
owner 14 455176 2
owner 14 453129 2
owner 14 455177 2
owner 14 453130 2
owner 14 455178 2
owner 14 453131 2
owner 14 455175 2
owner 14 453126 2
owner 14 440839 2
owner 14 440840 2
owner 14 440841 2
owner 14 440842 2
owner 14 1794996 3
owner 14 1792948 3
owner 14 1797044 3
owner 14 1794995 3
owner 14 1794997 3
owner 14 1792949 3
owner 14 1797045 3
owner 14 1794998 3
owner 14 1792950 3
owner 14 1797046 3
owner 14 1794999 3
owner 14 1792951 3
owner 14 1797047 3
owner 14 1790903 3
owner 14 1790902 3
owner 14 1788854 3
owner 14 1790901 3
owner 14 1788853 3
owner 14 1790900 3
owner 14 1788852 3
owner 14 1790899 3
owner 14 1788851 3
owner 14 1792947 3
owner 14 1790898 3
owner 14 1788850 3
owner 14 1792946 3
owner 14 1790897 3
owner 14 1788849 3
owner 14 1792945 3
owner 14 1790896 3
owner 14 1792944 3
owner 14 1794992 3
owner 14 1797040 3
owner 14 1794993 3
owner 14 1797041 3
owner 14 1794994 3
owner 14 1797042 3
owner 14 1799090 3
owner 14 1797043 3
owner 14 1799091 3
owner 14 1801139 3
owner 14 1799092 3
owner 14 1801140 3
owner 14 1799093 3
owner 14 1801141 3
owner 14 1799094 3
owner 14 1801138 3
owner 14 1799089 3
owner 14 1786802 3
owner 14 1786803 3
owner 14 1786804 3
owner 14 1786805 3
owner 14 3328214 4
owner 14 3326166 4
owner 14 3330262 4
owner 14 3328213 4
owner 14 3328215 4
owner 14 3326167 4
owner 14 3330263 4
owner 14 3328216 4
owner 14 3326168 4
owner 14 3330264 4
owner 14 3328217 4
owner 14 3326169 4
owner 14 3330265 4
owner 14 3324121 4
owner 14 3324120 4
owner 14 3322072 4
owner 14 3324119 4
owner 14 3322071 4
owner 14 3324118 4
owner 14 3322070 4
owner 14 3324117 4
owner 14 3322069 4
owner 14 3326165 4
owner 14 3324116 4
owner 14 3322068 4
owner 14 3326164 4
owner 14 3324115 4
owner 14 3322067 4
owner 14 3326163 4
owner 14 3324114 4
owner 14 3326162 4
owner 14 3328210 4
owner 14 3330258 4
owner 14 3328211 4
owner 14 3330259 4
owner 14 3328212 4
owner 14 3330260 4
owner 14 3332308 4
owner 14 3330261 4
owner 14 3332309 4
owner 14 3334357 4
owner 14 3332310 4
owner 14 3334358 4
owner 14 3332311 4
owner 14 3334359 4
owner 14 3332312 4
owner 14 3334356 4
owner 14 3332307 4
owner 14 3320020 4
owner 14 3320021 4
owner 14 3320022 4
owner 14 3320023 4
owner 14 1250299 5
owner 14 1248251 5
owner 14 1252347 5
owner 14 1250298 5
owner 14 1250300 5
owner 14 1248252 5
owner 14 1252348 5
owner 14 1250301 5
owner 14 1248253 5
owner 14 1252349 5
owner 14 1250302 5
owner 14 1248254 5
owner 14 1252350 5
owner 14 1246206 5
owner 14 1246205 5
owner 14 1244157 5
owner 14 1246204 5
owner 14 1244156 5
owner 14 1246203 5
owner 14 1244155 5
owner 14 1246202 5
owner 14 1244154 5
owner 14 1248250 5
owner 14 1246201 5
owner 14 1244153 5
owner 14 1248249 5
owner 14 1246200 5
owner 14 1244152 5
owner 14 1248248 5
owner 14 1246199 5
owner 14 1248247 5
owner 14 1250295 5
owner 14 1252343 5
owner 14 1250296 5
owner 14 1252344 5
owner 14 1250297 5
owner 14 1252345 5
owner 14 1254393 5
owner 14 1252346 5
owner 14 1254394 5
owner 14 1256442 5
owner 14 1254395 5
owner 14 1256443 5
owner 14 1254396 5
owner 14 1256444 5
owner 14 1254397 5
owner 14 1256441 5
owner 14 1254392 5
owner 14 1242105 5
owner 14 1242106 5
owner 14 1242107 5
owner 14 1242108 5
owner 14 127246 6
owner 14 125198 6
owner 14 129294 6
owner 14 127245 6
owner 14 127247 6
owner 14 125199 6
owner 14 129295 6
owner 14 127248 6
owner 14 125200 6
owner 14 129296 6
owner 14 127249 6
owner 14 125201 6
owner 14 129297 6
owner 14 123153 6
owner 14 123152 6
owner 14 121104 6
owner 14 123151 6
owner 14 121103 6
owner 14 123150 6
owner 14 121102 6
owner 14 123149 6
owner 14 121101 6
owner 14 125197 6
owner 14 123148 6
owner 14 121100 6
owner 14 125196 6
owner 14 123147 6
owner 14 121099 6
owner 14 125195 6
owner 14 123146 6
owner 14 125194 6
owner 14 127242 6
owner 14 129290 6
owner 14 127243 6
owner 14 129291 6
owner 14 127244 6
owner 14 129292 6
owner 14 131340 6
owner 14 129293 6
owner 14 131341 6
owner 14 133389 6
owner 14 131342 6
owner 14 133390 6
owner 14 131343 6
owner 14 133391 6
owner 14 131344 6
owner 14 133388 6
owner 14 131339 6
owner 14 119052 6
owner 14 119053 6
owner 14 119054 6
owner 14 119055 6
owner 14 1770716 7
owner 14 1768668 7
owner 14 1772764 7
owner 14 1770715 7
owner 14 1770717 7
owner 14 1768669 7
owner 14 1772765 7
owner 14 1770718 7
owner 14 1768670 7
owner 14 1772766 7
owner 14 1770719 7
owner 14 1768671 7
owner 14 1772767 7
owner 14 1766623 7
owner 14 1766622 7
owner 14 1764574 7
owner 14 1766621 7
owner 14 1764573 7
owner 14 1766620 7
owner 14 1764572 7
owner 14 1766619 7
owner 14 1764571 7
owner 14 1768667 7
owner 14 1766618 7
owner 14 1764570 7
owner 14 1768666 7
owner 14 1766617 7
owner 14 1764569 7
owner 14 1768665 7
owner 14 1766616 7
owner 14 1768664 7
owner 14 1770712 7
owner 14 1772760 7
owner 14 1770713 7
owner 14 1772761 7
owner 14 1770714 7
owner 14 1772762 7
owner 14 1774810 7
owner 14 1772763 7
owner 14 1774811 7
owner 14 1776859 7
owner 14 1774812 7
owner 14 1776860 7
owner 14 1774813 7
owner 14 1776861 7
owner 14 1774814 7
owner 14 1776858 7
owner 14 1774809 7
owner 14 1762522 7
owner 14 1762523 7
owner 14 1762524 7
owner 14 1762525 7
owner 14 2107776 8
owner 14 2105728 8
owner 14 2109824 8
owner 14 2107775 8
owner 14 2107777 8
owner 14 2105729 8
owner 14 2109825 8
owner 14 2107778 8
owner 14 2105730 8
owner 14 2109826 8
owner 14 2107779 8
owner 14 2105731 8
owner 14 2109827 8
owner 14 2103683 8
owner 14 2103682 8
owner 14 2101634 8
owner 14 2103681 8
owner 14 2101633 8
owner 14 2103680 8
owner 14 2101632 8
owner 14 2103679 8
owner 14 2101631 8
owner 14 2105727 8
owner 14 2103678 8
owner 14 2101630 8
owner 14 2105726 8
owner 14 2103677 8
owner 14 2101629 8
owner 14 2105725 8
owner 14 2103676 8
owner 14 2105724 8
owner 14 2107772 8
owner 14 2109820 8
owner 14 2107773 8
owner 14 2109821 8
owner 14 2107774 8
owner 14 2109822 8
owner 14 2111870 8
owner 14 2109823 8
owner 14 2111871 8
owner 14 2113919 8
owner 14 2111872 8
owner 14 2113920 8
owner 14 2111873 8
owner 14 2113921 8
owner 14 2111874 8
owner 14 2113918 8
owner 14 2111869 8
owner 14 2099582 8
owner 14 2099583 8
owner 14 2099584 8
owner 14 2099585 8
owner 14 3754482 9
owner 14 3752434 9
owner 14 3756530 9
owner 14 3754481 9
owner 14 3754483 9
owner 14 3752435 9
owner 14 3756531 9
owner 14 3754484 9
owner 14 3752436 9
owner 14 3756532 9
owner 14 3754485 9
owner 14 3752437 9
owner 14 3756533 9
owner 14 3750389 9
owner 14 3750388 9
owner 14 3748340 9
owner 14 3750387 9
owner 14 3748339 9
owner 14 3750386 9
owner 14 3748338 9
owner 14 3750385 9
owner 14 3748337 9
owner 14 3752433 9
owner 14 3750384 9
owner 14 3748336 9
owner 14 3752432 9
owner 14 3750383 9
owner 14 3748335 9
owner 14 3752431 9
owner 14 3750382 9
owner 14 3752430 9
owner 14 3754478 9
owner 14 3756526 9
owner 14 3754479 9
owner 14 3756527 9
owner 14 3754480 9
owner 14 3756528 9
owner 14 3758576 9
owner 14 3756529 9
owner 14 3758577 9
owner 14 3760625 9
owner 14 3758578 9
owner 14 3760626 9
owner 14 3758579 9
owner 14 3760627 9
owner 14 3758580 9
owner 14 3760624 9
owner 14 3758575 9
owner 14 3746288 9
owner 14 3746289 9
owner 14 3746290 9
owner 14 3746291 9
owner 14 3643254 10
owner 14 3641206 10
owner 14 3645302 10
owner 14 3643253 10
owner 14 3643255 10
owner 14 3641207 10
owner 14 3645303 10
owner 14 3643256 10
owner 14 3641208 10
owner 14 3645304 10
owner 14 3643257 10
owner 14 3641209 10
owner 14 3645305 10
owner 14 3639161 10
owner 14 3639160 10
owner 14 3637112 10
owner 14 3639159 10
owner 14 3637111 10
owner 14 3639158 10
owner 14 3637110 10
owner 14 3639157 10
owner 14 3637109 10
owner 14 3641205 10
owner 14 3639156 10
owner 14 3637108 10
owner 14 3641204 10
owner 14 3639155 10
owner 14 3637107 10
owner 14 3641203 10
owner 14 3639154 10
owner 14 3641202 10
owner 14 3643250 10
owner 14 3645298 10
owner 14 3643251 10
owner 14 3645299 10
owner 14 3643252 10
owner 14 3645300 10
owner 14 3647348 10
owner 14 3645301 10
owner 14 3647349 10
owner 14 3649397 10
owner 14 3647350 10
owner 14 3649398 10
owner 14 3647351 10
owner 14 3649399 10
owner 14 3647352 10
owner 14 3649396 10
owner 14 3647347 10
owner 14 3635060 10
owner 14 3635061 10
owner 14 3635062 10
owner 14 3635063 10
owner 14 1320508 11
owner 14 1318460 11
owner 14 1322556 11
owner 14 1320507 11
owner 14 1320509 11
owner 14 1318461 11
owner 14 1322557 11
owner 14 1320510 11
owner 14 1318462 11
owner 14 1322558 11
owner 14 1320511 11
owner 14 1318463 11
owner 14 1322559 11
owner 14 1316415 11
owner 14 1316414 11
owner 14 1314366 11
owner 14 1316413 11
owner 14 1314365 11
owner 14 1316412 11
owner 14 1314364 11
owner 14 1316411 11
owner 14 1314363 11
owner 14 1318459 11
owner 14 1316410 11
owner 14 1314362 11
owner 14 1318458 11
owner 14 1316409 11
owner 14 1314361 11
owner 14 1318457 11
owner 14 1316408 11
owner 14 1318456 11
owner 14 1320504 11
owner 14 1322552 11
owner 14 1320505 11
owner 14 1322553 11
owner 14 1320506 11
owner 14 1322554 11
owner 14 1324602 11
owner 14 1322555 11
owner 14 1324603 11
owner 14 1326651 11
owner 14 1324604 11
owner 14 1326652 11
owner 14 1324605 11
owner 14 1326653 11
owner 14 1324606 11
owner 14 1326650 11
owner 14 1324601 11
owner 14 1312314 11
owner 14 1312315 11
owner 14 1312316 11
owner 14 1312317 11
owner 14 1962439 12
owner 14 1960391 12
owner 14 1964487 12
owner 14 1962438 12
owner 14 1962440 12
owner 14 1960392 12
owner 14 1964488 12
owner 14 1962441 12
owner 14 1960393 12
owner 14 1964489 12
owner 14 1962442 12
owner 14 1960394 12
owner 14 1964490 12
owner 14 1958346 12
owner 14 1958345 12
owner 14 1956297 12
owner 14 1958344 12
owner 14 1956296 12
owner 14 1958343 12
owner 14 1956295 12
owner 14 1958342 12
owner 14 1956294 12
owner 14 1960390 12
owner 14 1958341 12
owner 14 1956293 12
owner 14 1960389 12
owner 14 1958340 12
owner 14 1956292 12
owner 14 1960388 12
owner 14 1958339 12
owner 14 1960387 12
owner 14 1962435 12
owner 14 1964483 12
owner 14 1962436 12
owner 14 1964484 12
owner 14 1962437 12
owner 14 1964485 12
owner 14 1966533 12
owner 14 1964486 12
owner 14 1966534 12
owner 14 1968582 12
owner 14 1966535 12
owner 14 1968583 12
owner 14 1966536 12
owner 14 1968584 12
owner 14 1966537 12
owner 14 1968581 12
owner 14 1966532 12
owner 14 1954245 12
owner 14 1954246 12
owner 14 1954247 12
owner 14 1954248 12
owner 14 1661911 13
owner 14 1659863 13
owner 14 1663959 13
owner 14 1661910 13
owner 14 1661912 13
owner 14 1659864 13
owner 14 1663960 13
owner 14 1661913 13
owner 14 1659865 13
owner 14 1663961 13
owner 14 1661914 13
owner 14 1659866 13
owner 14 1663962 13
owner 14 1657818 13
owner 14 1657817 13
owner 14 1655769 13
owner 14 1657816 13
owner 14 1655768 13
owner 14 1657815 13
owner 14 1655767 13
owner 14 1657814 13
owner 14 1655766 13
owner 14 1659862 13
owner 14 1657813 13
owner 14 1655765 13
owner 14 1659861 13
owner 14 1657812 13
owner 14 1655764 13
owner 14 1659860 13
owner 14 1657811 13
owner 14 1659859 13
owner 14 1661907 13
owner 14 1663955 13
owner 14 1661908 13
owner 14 1663956 13
owner 14 1661909 13
owner 14 1663957 13
owner 14 1666005 13
owner 14 1663958 13
owner 14 1666006 13
owner 14 1668054 13
owner 14 1666007 13
owner 14 1668055 13
owner 14 1666008 13
owner 14 1668056 13
owner 14 1666009 13
owner 14 1668053 13
owner 14 1666004 13
owner 14 1653717 13
owner 14 1653718 13
owner 14 1653719 13
owner 14 1653720 13
owner 14 1181048 14
owner 14 1179000 14
owner 14 1183096 14
owner 14 1181047 14
owner 14 1181049 14
owner 14 1179001 14
owner 14 1183097 14
owner 14 1181050 14
owner 14 1179002 14
owner 14 1183098 14
owner 14 1181051 14
owner 14 1179003 14
owner 14 1183099 14
owner 14 1176955 14
owner 14 1176954 14
owner 14 1174906 14
owner 14 1176953 14
owner 14 1174905 14
owner 14 1176952 14
owner 14 1174904 14
owner 14 1176951 14
owner 14 1174903 14
owner 14 1178999 14
owner 14 1176950 14
owner 14 1174902 14
owner 14 1178998 14
owner 14 1176949 14
owner 14 1174901 14
owner 14 1178997 14
owner 14 1176948 14
owner 14 1178996 14
owner 14 1181044 14
owner 14 1183092 14
owner 14 1181045 14
owner 14 1183093 14
owner 14 1181046 14
owner 14 1183094 14
owner 14 1185142 14
owner 14 1183095 14
owner 14 1185143 14
owner 14 1187191 14
owner 14 1185144 14
owner 14 1187192 14
owner 14 1185145 14
owner 14 1187193 14
owner 14 1185146 14
owner 14 1187190 14
owner 14 1185141 14
owner 14 1172854 14
owner 14 1172855 14
owner 14 1172856 14
owner 14 1172857 14
owner 14 2434750 15
owner 14 2432702 15
owner 14 2436798 15
owner 14 2434749 15
owner 14 2434751 15
owner 14 2432703 15
owner 14 2436799 15
owner 14 2434752 15
owner 14 2432704 15
owner 14 2436800 15
owner 14 2434753 15
owner 14 2432705 15
owner 14 2436801 15
owner 14 2430657 15
owner 14 2430656 15
owner 14 2428608 15
owner 14 2430655 15
owner 14 2428607 15
owner 14 2430654 15
owner 14 2428606 15
owner 14 2430653 15
owner 14 2428605 15
owner 14 2432701 15
owner 14 2430652 15
owner 14 2428604 15
owner 14 2432700 15
owner 14 2430651 15
owner 14 2428603 15
owner 14 2432699 15
owner 14 2430650 15
owner 14 2432698 15
owner 14 2434746 15
owner 14 2436794 15
owner 14 2434747 15
owner 14 2436795 15
owner 14 2434748 15
owner 14 2436796 15
owner 14 2438844 15
owner 14 2436797 15
owner 14 2438845 15
owner 14 2440893 15
owner 14 2438846 15
owner 14 2440894 15
owner 14 2438847 15
owner 14 2440895 15
owner 14 2438848 15
owner 14 2440892 15
owner 14 2438843 15
owner 14 2426556 15
owner 14 2426557 15
owner 14 2426558 15
owner 14 2426559 15
prev 14 449033
prev 14 1794996
prev 14 3328214
prev 14 1250299
prev 14 127246
prev 14 1770716
prev 14 2107776
prev 14 3754482
prev 14 3643254
prev 14 1320508
prev 14 1962439
prev 14 1661911
prev 14 1181048
prev 14 2434750
owned 14 526706
owned 14 526707
owned 14 526708
owned 14 526709
owned 14 528753
owned 14 528754
owned 14 528755
owned 14 528756
owned 14 528757
owned 14 528758
owned 14 530800
owned 14 530801
owned 14 530802
owned 14 530803
owned 14 530804
owned 14 530805
owned 14 530806
owned 14 530807
owned 14 532848
owned 14 532849
owned 14 532850
owned 14 532851
owned 14 532852
owned 14 532853
owned 14 532854
owned 14 532855
owned 14 534896
owned 14 534897
owned 14 534898
owned 14 534899
owned 14 534900
owned 14 534901
owned 14 534902
owned 14 534903
owned 14 536944
owned 14 536945
owned 14 536946
owned 14 536947
owned 14 536948
owned 14 536949
owned 14 536950
owned 14 536951
owned 14 538993
owned 14 538994
owned 14 538995
owned 14 538996
owned 14 538997
owned 14 538998
owned 14 541042
owned 14 541043
owned 14 541044
owned 14 541045
bot 15 17 8i7cuo9t 1041878418 1611090 1362 786 52
owner 15 449033 2
owner 15 446985 2
owner 15 451081 2
owner 15 449032 2
owner 15 449034 2
owner 15 446986 2
owner 15 451082 2
owner 15 449035 2
owner 15 446987 2
owner 15 451083 2
owner 15 449036 2
owner 15 446988 2
owner 15 451084 2
owner 15 444940 2
owner 15 444939 2
owner 15 442891 2
owner 15 444938 2
owner 15 442890 2
owner 15 444937 2
owner 15 442889 2
owner 15 444936 2
owner 15 442888 2
owner 15 446984 2
owner 15 444935 2
owner 15 442887 2
owner 15 446983 2
owner 15 444934 2
owner 15 442886 2
owner 15 446982 2
owner 15 444933 2
owner 15 446981 2
owner 15 449029 2
owner 15 451077 2
owner 15 449030 2
owner 15 451078 2
owner 15 449031 2
owner 15 451079 2
owner 15 453127 2
owner 15 451080 2
owner 15 453128 2
owner 15 455176 2
owner 15 453129 2
owner 15 455177 2
owner 15 453130 2
owner 15 455178 2
owner 15 453131 2
owner 15 455175 2
owner 15 453126 2
owner 15 440839 2
owner 15 440840 2
owner 15 440841 2
owner 15 440842 2
owner 15 1794996 3
owner 15 1792948 3
owner 15 1797044 3
owner 15 1794995 3
owner 15 1794997 3
owner 15 1792949 3
owner 15 1797045 3
owner 15 1794998 3
owner 15 1792950 3
owner 15 1797046 3
owner 15 1794999 3
owner 15 1792951 3
owner 15 1797047 3
owner 15 1790903 3
owner 15 1790902 3
owner 15 1788854 3
owner 15 1790901 3
owner 15 1788853 3
owner 15 1790900 3
owner 15 1788852 3
owner 15 1790899 3
owner 15 1788851 3
owner 15 1792947 3
owner 15 1790898 3
owner 15 1788850 3
owner 15 1792946 3
owner 15 1790897 3
owner 15 1788849 3
owner 15 1792945 3
owner 15 1790896 3
owner 15 1792944 3
owner 15 1794992 3
owner 15 1797040 3
owner 15 1794993 3
owner 15 1797041 3
owner 15 1794994 3
owner 15 1797042 3
owner 15 1799090 3
owner 15 1797043 3
owner 15 1799091 3
owner 15 1801139 3
owner 15 1799092 3
owner 15 1801140 3
owner 15 1799093 3
owner 15 1801141 3
owner 15 1799094 3
owner 15 1801138 3
owner 15 1799089 3
owner 15 1786802 3
owner 15 1786803 3
owner 15 1786804 3
owner 15 1786805 3
owner 15 3328214 4
owner 15 3326166 4
owner 15 3330262 4
owner 15 3328213 4
owner 15 3328215 4
owner 15 3326167 4
owner 15 3330263 4
owner 15 3328216 4
owner 15 3326168 4
owner 15 3330264 4
owner 15 3328217 4
owner 15 3326169 4
owner 15 3330265 4
owner 15 3324121 4
owner 15 3324120 4
owner 15 3322072 4
owner 15 3324119 4
owner 15 3322071 4
owner 15 3324118 4
owner 15 3322070 4
owner 15 3324117 4
owner 15 3322069 4
owner 15 3326165 4
owner 15 3324116 4
owner 15 3322068 4
owner 15 3326164 4
owner 15 3324115 4
owner 15 3322067 4
owner 15 3326163 4
owner 15 3324114 4
owner 15 3326162 4
owner 15 3328210 4
owner 15 3330258 4
owner 15 3328211 4
owner 15 3330259 4
owner 15 3328212 4
owner 15 3330260 4
owner 15 3332308 4
owner 15 3330261 4
owner 15 3332309 4
owner 15 3334357 4
owner 15 3332310 4
owner 15 3334358 4
owner 15 3332311 4
owner 15 3334359 4
owner 15 3332312 4
owner 15 3334356 4
owner 15 3332307 4
owner 15 3320020 4
owner 15 3320021 4
owner 15 3320022 4
owner 15 3320023 4
owner 15 1250299 5
owner 15 1248251 5
owner 15 1252347 5
owner 15 1250298 5
owner 15 1250300 5
owner 15 1248252 5
owner 15 1252348 5
owner 15 1250301 5
owner 15 1248253 5
owner 15 1252349 5
owner 15 1250302 5
owner 15 1248254 5
owner 15 1252350 5
owner 15 1246206 5
owner 15 1246205 5
owner 15 1244157 5
owner 15 1246204 5
owner 15 1244156 5
owner 15 1246203 5
owner 15 1244155 5
owner 15 1246202 5
owner 15 1244154 5
owner 15 1248250 5
owner 15 1246201 5
owner 15 1244153 5
owner 15 1248249 5
owner 15 1246200 5
owner 15 1244152 5
owner 15 1248248 5
owner 15 1246199 5
owner 15 1248247 5
owner 15 1250295 5
owner 15 1252343 5
owner 15 1250296 5
owner 15 1252344 5
owner 15 1250297 5
owner 15 1252345 5
owner 15 1254393 5
owner 15 1252346 5
owner 15 1254394 5
owner 15 1256442 5
owner 15 1254395 5
owner 15 1256443 5
owner 15 1254396 5
owner 15 1256444 5
owner 15 1254397 5
owner 15 1256441 5
owner 15 1254392 5
owner 15 1242105 5
owner 15 1242106 5
owner 15 1242107 5
owner 15 1242108 5
owner 15 127246 6
owner 15 125198 6
owner 15 129294 6
owner 15 127245 6
owner 15 127247 6
owner 15 125199 6
owner 15 129295 6
owner 15 127248 6
owner 15 125200 6
owner 15 129296 6
owner 15 127249 6
owner 15 125201 6
owner 15 129297 6
owner 15 123153 6
owner 15 123152 6
owner 15 121104 6
owner 15 123151 6
owner 15 121103 6
owner 15 123150 6
owner 15 121102 6
owner 15 123149 6
owner 15 121101 6
owner 15 125197 6
owner 15 123148 6
owner 15 121100 6
owner 15 125196 6
owner 15 123147 6
owner 15 121099 6
owner 15 125195 6
owner 15 123146 6
owner 15 125194 6
owner 15 127242 6
owner 15 129290 6
owner 15 127243 6
owner 15 129291 6
owner 15 127244 6
owner 15 129292 6
owner 15 131340 6
owner 15 129293 6
owner 15 131341 6
owner 15 133389 6
owner 15 131342 6
owner 15 133390 6
owner 15 131343 6
owner 15 133391 6
owner 15 131344 6
owner 15 133388 6
owner 15 131339 6
owner 15 119052 6
owner 15 119053 6
owner 15 119054 6
owner 15 119055 6
owner 15 1770716 7
owner 15 1768668 7
owner 15 1772764 7
owner 15 1770715 7
owner 15 1770717 7
owner 15 1768669 7
owner 15 1772765 7
owner 15 1770718 7
owner 15 1768670 7
owner 15 1772766 7
owner 15 1770719 7
owner 15 1768671 7
owner 15 1772767 7
owner 15 1766623 7
owner 15 1766622 7
owner 15 1764574 7
owner 15 1766621 7
owner 15 1764573 7
owner 15 1766620 7
owner 15 1764572 7
owner 15 1766619 7
owner 15 1764571 7
owner 15 1768667 7
owner 15 1766618 7
owner 15 1764570 7
owner 15 1768666 7
owner 15 1766617 7
owner 15 1764569 7
owner 15 1768665 7
owner 15 1766616 7
owner 15 1768664 7
owner 15 1770712 7
owner 15 1772760 7
owner 15 1770713 7
owner 15 1772761 7
owner 15 1770714 7
owner 15 1772762 7
owner 15 1774810 7
owner 15 1772763 7
owner 15 1774811 7
owner 15 1776859 7
owner 15 1774812 7
owner 15 1776860 7
owner 15 1774813 7
owner 15 1776861 7
owner 15 1774814 7
owner 15 1776858 7
owner 15 1774809 7
owner 15 1762522 7
owner 15 1762523 7
owner 15 1762524 7
owner 15 1762525 7
owner 15 2107776 8
owner 15 2105728 8
owner 15 2109824 8
owner 15 2107775 8
owner 15 2107777 8
owner 15 2105729 8
owner 15 2109825 8
owner 15 2107778 8
owner 15 2105730 8
owner 15 2109826 8
owner 15 2107779 8
owner 15 2105731 8
owner 15 2109827 8
owner 15 2103683 8
owner 15 2103682 8
owner 15 2101634 8
owner 15 2103681 8
owner 15 2101633 8
owner 15 2103680 8
owner 15 2101632 8
owner 15 2103679 8
owner 15 2101631 8
owner 15 2105727 8
owner 15 2103678 8
owner 15 2101630 8
owner 15 2105726 8
owner 15 2103677 8
owner 15 2101629 8
owner 15 2105725 8
owner 15 2103676 8
owner 15 2105724 8
owner 15 2107772 8
owner 15 2109820 8
owner 15 2107773 8
owner 15 2109821 8
owner 15 2107774 8
owner 15 2109822 8
owner 15 2111870 8
owner 15 2109823 8
owner 15 2111871 8
owner 15 2113919 8
owner 15 2111872 8
owner 15 2113920 8
owner 15 2111873 8
owner 15 2113921 8
owner 15 2111874 8
owner 15 2113918 8
owner 15 2111869 8
owner 15 2099582 8
owner 15 2099583 8
owner 15 2099584 8
owner 15 2099585 8
owner 15 3754482 9
owner 15 3752434 9
owner 15 3756530 9
owner 15 3754481 9
owner 15 3754483 9
owner 15 3752435 9
owner 15 3756531 9
owner 15 3754484 9
owner 15 3752436 9
owner 15 3756532 9
owner 15 3754485 9
owner 15 3752437 9
owner 15 3756533 9
owner 15 3750389 9
owner 15 3750388 9
owner 15 3748340 9
owner 15 3750387 9
owner 15 3748339 9
owner 15 3750386 9
owner 15 3748338 9
owner 15 3750385 9
owner 15 3748337 9
owner 15 3752433 9
owner 15 3750384 9
owner 15 3748336 9
owner 15 3752432 9
owner 15 3750383 9
owner 15 3748335 9
owner 15 3752431 9
owner 15 3750382 9
owner 15 3752430 9
owner 15 3754478 9
owner 15 3756526 9
owner 15 3754479 9
owner 15 3756527 9
owner 15 3754480 9
owner 15 3756528 9
owner 15 3758576 9
owner 15 3756529 9
owner 15 3758577 9
owner 15 3760625 9
owner 15 3758578 9
owner 15 3760626 9
owner 15 3758579 9
owner 15 3760627 9
owner 15 3758580 9
owner 15 3760624 9
owner 15 3758575 9
owner 15 3746288 9
owner 15 3746289 9
owner 15 3746290 9
owner 15 3746291 9
owner 15 3643254 10
owner 15 3641206 10
owner 15 3645302 10
owner 15 3643253 10
owner 15 3643255 10
owner 15 3641207 10
owner 15 3645303 10
owner 15 3643256 10
owner 15 3641208 10
owner 15 3645304 10
owner 15 3643257 10
owner 15 3641209 10
owner 15 3645305 10
owner 15 3639161 10
owner 15 3639160 10
owner 15 3637112 10
owner 15 3639159 10
owner 15 3637111 10
owner 15 3639158 10
owner 15 3637110 10
owner 15 3639157 10
owner 15 3637109 10
owner 15 3641205 10
owner 15 3639156 10
owner 15 3637108 10
owner 15 3641204 10
owner 15 3639155 10
owner 15 3637107 10
owner 15 3641203 10
owner 15 3639154 10
owner 15 3641202 10
owner 15 3643250 10
owner 15 3645298 10
owner 15 3643251 10
owner 15 3645299 10
owner 15 3643252 10
owner 15 3645300 10
owner 15 3647348 10
owner 15 3645301 10
owner 15 3647349 10
owner 15 3649397 10
owner 15 3647350 10
owner 15 3649398 10
owner 15 3647351 10
owner 15 3649399 10
owner 15 3647352 10
owner 15 3649396 10
owner 15 3647347 10
owner 15 3635060 10
owner 15 3635061 10
owner 15 3635062 10
owner 15 3635063 10
owner 15 1320508 11
owner 15 1318460 11
owner 15 1322556 11
owner 15 1320507 11
owner 15 1320509 11
owner 15 1318461 11
owner 15 1322557 11
owner 15 1320510 11
owner 15 1318462 11
owner 15 1322558 11
owner 15 1320511 11
owner 15 1318463 11
owner 15 1322559 11
owner 15 1316415 11
owner 15 1316414 11
owner 15 1314366 11
owner 15 1316413 11
owner 15 1314365 11
owner 15 1316412 11
owner 15 1314364 11
owner 15 1316411 11
owner 15 1314363 11
owner 15 1318459 11
owner 15 1316410 11
owner 15 1314362 11
owner 15 1318458 11
owner 15 1316409 11
owner 15 1314361 11
owner 15 1318457 11
owner 15 1316408 11
owner 15 1318456 11
owner 15 1320504 11
owner 15 1322552 11
owner 15 1320505 11
owner 15 1322553 11
owner 15 1320506 11
owner 15 1322554 11
owner 15 1324602 11
owner 15 1322555 11
owner 15 1324603 11
owner 15 1326651 11
owner 15 1324604 11
owner 15 1326652 11
owner 15 1324605 11
owner 15 1326653 11
owner 15 1324606 11
owner 15 1326650 11
owner 15 1324601 11
owner 15 1312314 11
owner 15 1312315 11
owner 15 1312316 11
owner 15 1312317 11
owner 15 1962439 12
owner 15 1960391 12
owner 15 1964487 12
owner 15 1962438 12
owner 15 1962440 12
owner 15 1960392 12
owner 15 1964488 12
owner 15 1962441 12
owner 15 1960393 12
owner 15 1964489 12
owner 15 1962442 12
owner 15 1960394 12
owner 15 1964490 12
owner 15 1958346 12
owner 15 1958345 12
owner 15 1956297 12
owner 15 1958344 12
owner 15 1956296 12
owner 15 1958343 12
owner 15 1956295 12
owner 15 1958342 12
owner 15 1956294 12
owner 15 1960390 12
owner 15 1958341 12
owner 15 1956293 12
owner 15 1960389 12
owner 15 1958340 12
owner 15 1956292 12
owner 15 1960388 12
owner 15 1958339 12
owner 15 1960387 12
owner 15 1962435 12
owner 15 1964483 12
owner 15 1962436 12
owner 15 1964484 12
owner 15 1962437 12
owner 15 1964485 12
owner 15 1966533 12
owner 15 1964486 12
owner 15 1966534 12
owner 15 1968582 12
owner 15 1966535 12
owner 15 1968583 12
owner 15 1966536 12
owner 15 1968584 12
owner 15 1966537 12
owner 15 1968581 12
owner 15 1966532 12
owner 15 1954245 12
owner 15 1954246 12
owner 15 1954247 12
owner 15 1954248 12
owner 15 1661911 13
owner 15 1659863 13
owner 15 1663959 13
owner 15 1661910 13
owner 15 1661912 13
owner 15 1659864 13
owner 15 1663960 13
owner 15 1661913 13
owner 15 1659865 13
owner 15 1663961 13
owner 15 1661914 13
owner 15 1659866 13
owner 15 1663962 13
owner 15 1657818 13
owner 15 1657817 13
owner 15 1655769 13
owner 15 1657816 13
owner 15 1655768 13
owner 15 1657815 13
owner 15 1655767 13
owner 15 1657814 13
owner 15 1655766 13
owner 15 1659862 13
owner 15 1657813 13
owner 15 1655765 13
owner 15 1659861 13
owner 15 1657812 13
owner 15 1655764 13
owner 15 1659860 13
owner 15 1657811 13
owner 15 1659859 13
owner 15 1661907 13
owner 15 1663955 13
owner 15 1661908 13
owner 15 1663956 13
owner 15 1661909 13
owner 15 1663957 13
owner 15 1666005 13
owner 15 1663958 13
owner 15 1666006 13
owner 15 1668054 13
owner 15 1666007 13
owner 15 1668055 13
owner 15 1666008 13
owner 15 1668056 13
owner 15 1666009 13
owner 15 1668053 13
owner 15 1666004 13
owner 15 1653717 13
owner 15 1653718 13
owner 15 1653719 13
owner 15 1653720 13
owner 15 1181048 14
owner 15 1179000 14
owner 15 1183096 14
owner 15 1181047 14
owner 15 1181049 14
owner 15 1179001 14
owner 15 1183097 14
owner 15 1181050 14
owner 15 1179002 14
owner 15 1183098 14
owner 15 1181051 14
owner 15 1179003 14
owner 15 1183099 14
owner 15 1176955 14
owner 15 1176954 14
owner 15 1174906 14
owner 15 1176953 14
owner 15 1174905 14
owner 15 1176952 14
owner 15 1174904 14
owner 15 1176951 14
owner 15 1174903 14
owner 15 1178999 14
owner 15 1176950 14
owner 15 1174902 14
owner 15 1178998 14
owner 15 1176949 14
owner 15 1174901 14
owner 15 1178997 14
owner 15 1176948 14
owner 15 1178996 14
owner 15 1181044 14
owner 15 1183092 14
owner 15 1181045 14
owner 15 1183093 14
owner 15 1181046 14
owner 15 1183094 14
owner 15 1185142 14
owner 15 1183095 14
owner 15 1185143 14
owner 15 1187191 14
owner 15 1185144 14
owner 15 1187192 14
owner 15 1185145 14
owner 15 1187193 14
owner 15 1185146 14
owner 15 1187190 14
owner 15 1185141 14
owner 15 1172854 14
owner 15 1172855 14
owner 15 1172856 14
owner 15 1172857 14
owner 15 2434750 15
owner 15 2432702 15
owner 15 2436798 15
owner 15 2434749 15
owner 15 2434751 15
owner 15 2432703 15
owner 15 2436799 15
owner 15 2434752 15
owner 15 2432704 15
owner 15 2436800 15
owner 15 2434753 15
owner 15 2432705 15
owner 15 2436801 15
owner 15 2430657 15
owner 15 2430656 15
owner 15 2428608 15
owner 15 2430655 15
owner 15 2428607 15
owner 15 2430654 15
owner 15 2428606 15
owner 15 2430653 15
owner 15 2428605 15
owner 15 2432701 15
owner 15 2430652 15
owner 15 2428604 15
owner 15 2432700 15
owner 15 2430651 15
owner 15 2428603 15
owner 15 2432699 15
owner 15 2430650 15
owner 15 2432698 15
owner 15 2434746 15
owner 15 2436794 15
owner 15 2434747 15
owner 15 2436795 15
owner 15 2434748 15
owner 15 2436796 15
owner 15 2438844 15
owner 15 2436797 15
owner 15 2438845 15
owner 15 2440893 15
owner 15 2438846 15
owner 15 2440894 15
owner 15 2438847 15
owner 15 2440895 15
owner 15 2438848 15
owner 15 2440892 15
owner 15 2438843 15
owner 15 2426556 15
owner 15 2426557 15
owner 15 2426558 15
owner 15 2426559 15
owner 15 534900 16
owner 15 532852 16
owner 15 536948 16
owner 15 534899 16
owner 15 534901 16
owner 15 532853 16
owner 15 536949 16
owner 15 534902 16
owner 15 532854 16
owner 15 536950 16
owner 15 534903 16
owner 15 532855 16
owner 15 536951 16
owner 15 530807 16
owner 15 530806 16
owner 15 528758 16
owner 15 530805 16
owner 15 528757 16
owner 15 530804 16
owner 15 528756 16
owner 15 530803 16
owner 15 528755 16
owner 15 532851 16
owner 15 530802 16
owner 15 528754 16
owner 15 532850 16
owner 15 530801 16
owner 15 528753 16
owner 15 532849 16
owner 15 530800 16
owner 15 532848 16
owner 15 534896 16
owner 15 536944 16
owner 15 534897 16
owner 15 536945 16
owner 15 534898 16
owner 15 536946 16
owner 15 538994 16
owner 15 536947 16
owner 15 538995 16
owner 15 541043 16
owner 15 538996 16
owner 15 541044 16
owner 15 538997 16
owner 15 541045 16
owner 15 538998 16
owner 15 541042 16
owner 15 538993 16
owner 15 526706 16
owner 15 526707 16
owner 15 526708 16
owner 15 526709 16
prev 15 449033
prev 15 1794996
prev 15 3328214
prev 15 1250299
prev 15 127246
prev 15 1770716
prev 15 2107776
prev 15 3754482
prev 15 3643254
prev 15 1320508
prev 15 1962439
prev 15 1661911
prev 15 1181048
prev 15 2434750
prev 15 534900
owned 15 1602896
owned 15 1602897
owned 15 1602898
owned 15 1602899
owned 15 1604943
owned 15 1604944
owned 15 1604945
owned 15 1604946
owned 15 1604947
owned 15 1604948
owned 15 1606990
owned 15 1606991
owned 15 1606992
owned 15 1606993
owned 15 1606994
owned 15 1606995
owned 15 1606996
owned 15 1606997
owned 15 1609038
owned 15 1609039
owned 15 1609040
owned 15 1609041
owned 15 1609042
owned 15 1609043
owned 15 1609044
owned 15 1609045
owned 15 1611086
owned 15 1611087
owned 15 1611088
owned 15 1611089
owned 15 1611090
owned 15 1611091
owned 15 1611092
owned 15 1611093
owned 15 1613134
owned 15 1613135
owned 15 1613136
owned 15 1613137
owned 15 1613138
owned 15 1613139
owned 15 1613140
owned 15 1613141
owned 15 1615183
owned 15 1615184
owned 15 1615185
owned 15 1615186
owned 15 1615187
owned 15 1615188
owned 15 1617232
owned 15 1617233
owned 15 1617234
owned 15 1617235
bot 16 18 ay8xa67r 1238569276 2215469 1581 1081 52
owner 16 449033 2
owner 16 446985 2
owner 16 451081 2
owner 16 449032 2
owner 16 449034 2
owner 16 446986 2
owner 16 451082 2
owner 16 449035 2
owner 16 446987 2
owner 16 451083 2
owner 16 449036 2
owner 16 446988 2
owner 16 451084 2
owner 16 444940 2
owner 16 444939 2
owner 16 442891 2
owner 16 444938 2
owner 16 442890 2
owner 16 444937 2
owner 16 442889 2
owner 16 444936 2
owner 16 442888 2
owner 16 446984 2
owner 16 444935 2
owner 16 442887 2
owner 16 446983 2
owner 16 444934 2
owner 16 442886 2
owner 16 446982 2
owner 16 444933 2
owner 16 446981 2
owner 16 449029 2
owner 16 451077 2
owner 16 449030 2
owner 16 451078 2
owner 16 449031 2
owner 16 451079 2
owner 16 453127 2
owner 16 451080 2
owner 16 453128 2
owner 16 455176 2
owner 16 453129 2
owner 16 455177 2
owner 16 453130 2
owner 16 455178 2
owner 16 453131 2
owner 16 455175 2
owner 16 453126 2
owner 16 440839 2
owner 16 440840 2
owner 16 440841 2
owner 16 440842 2
owner 16 1794996 3
owner 16 1792948 3
owner 16 1797044 3
owner 16 1794995 3
owner 16 1794997 3
owner 16 1792949 3
owner 16 1797045 3
owner 16 1794998 3
owner 16 1792950 3
owner 16 1797046 3
owner 16 1794999 3
owner 16 1792951 3
owner 16 1797047 3
owner 16 1790903 3
owner 16 1790902 3
owner 16 1788854 3
owner 16 1790901 3
owner 16 1788853 3
owner 16 1790900 3
owner 16 1788852 3
owner 16 1790899 3
owner 16 1788851 3
owner 16 1792947 3
owner 16 1790898 3
owner 16 1788850 3
owner 16 1792946 3
owner 16 1790897 3
owner 16 1788849 3
owner 16 1792945 3
owner 16 1790896 3
owner 16 1792944 3
owner 16 1794992 3
owner 16 1797040 3
owner 16 1794993 3
owner 16 1797041 3
owner 16 1794994 3
owner 16 1797042 3
owner 16 1799090 3
owner 16 1797043 3
owner 16 1799091 3
owner 16 1801139 3
owner 16 1799092 3
owner 16 1801140 3
owner 16 1799093 3
owner 16 1801141 3
owner 16 1799094 3
owner 16 1801138 3
owner 16 1799089 3
owner 16 1786802 3
owner 16 1786803 3
owner 16 1786804 3
owner 16 1786805 3
owner 16 3328214 4
owner 16 3326166 4
owner 16 3330262 4
owner 16 3328213 4
owner 16 3328215 4
owner 16 3326167 4
owner 16 3330263 4
owner 16 3328216 4
owner 16 3326168 4
owner 16 3330264 4
owner 16 3328217 4
owner 16 3326169 4
owner 16 3330265 4
owner 16 3324121 4
owner 16 3324120 4
owner 16 3322072 4
owner 16 3324119 4
owner 16 3322071 4
owner 16 3324118 4
owner 16 3322070 4
owner 16 3324117 4
owner 16 3322069 4
owner 16 3326165 4
owner 16 3324116 4
owner 16 3322068 4
owner 16 3326164 4
owner 16 3324115 4
owner 16 3322067 4
owner 16 3326163 4
owner 16 3324114 4
owner 16 3326162 4
owner 16 3328210 4
owner 16 3330258 4
owner 16 3328211 4
owner 16 3330259 4
owner 16 3328212 4
owner 16 3330260 4
owner 16 3332308 4
owner 16 3330261 4
owner 16 3332309 4
owner 16 3334357 4
owner 16 3332310 4
owner 16 3334358 4
owner 16 3332311 4
owner 16 3334359 4
owner 16 3332312 4
owner 16 3334356 4
owner 16 3332307 4
owner 16 3320020 4
owner 16 3320021 4
owner 16 3320022 4
owner 16 3320023 4
owner 16 1250299 5
owner 16 1248251 5
owner 16 1252347 5
owner 16 1250298 5
owner 16 1250300 5
owner 16 1248252 5
owner 16 1252348 5
owner 16 1250301 5
owner 16 1248253 5
owner 16 1252349 5
owner 16 1250302 5
owner 16 1248254 5
owner 16 1252350 5
owner 16 1246206 5
owner 16 1246205 5
owner 16 1244157 5
owner 16 1246204 5
owner 16 1244156 5
owner 16 1246203 5
owner 16 1244155 5
owner 16 1246202 5
owner 16 1244154 5
owner 16 1248250 5
owner 16 1246201 5
owner 16 1244153 5
owner 16 1248249 5
owner 16 1246200 5
owner 16 1244152 5
owner 16 1248248 5
owner 16 1246199 5
owner 16 1248247 5
owner 16 1250295 5
owner 16 1252343 5
owner 16 1250296 5
owner 16 1252344 5
owner 16 1250297 5
owner 16 1252345 5
owner 16 1254393 5
owner 16 1252346 5
owner 16 1254394 5
owner 16 1256442 5
owner 16 1254395 5
owner 16 1256443 5
owner 16 1254396 5
owner 16 1256444 5
owner 16 1254397 5
owner 16 1256441 5
owner 16 1254392 5
owner 16 1242105 5
owner 16 1242106 5
owner 16 1242107 5
owner 16 1242108 5
owner 16 127246 6
owner 16 125198 6
owner 16 129294 6
owner 16 127245 6
owner 16 127247 6
owner 16 125199 6
owner 16 129295 6
owner 16 127248 6
owner 16 125200 6
owner 16 129296 6
owner 16 127249 6
owner 16 125201 6
owner 16 129297 6
owner 16 123153 6
owner 16 123152 6
owner 16 121104 6
owner 16 123151 6
owner 16 121103 6
owner 16 123150 6
owner 16 121102 6
owner 16 123149 6
owner 16 121101 6
owner 16 125197 6
owner 16 123148 6
owner 16 121100 6
owner 16 125196 6
owner 16 123147 6
owner 16 121099 6
owner 16 125195 6
owner 16 123146 6
owner 16 125194 6
owner 16 127242 6
owner 16 129290 6
owner 16 127243 6
owner 16 129291 6
owner 16 127244 6
owner 16 129292 6
owner 16 131340 6
owner 16 129293 6
owner 16 131341 6
owner 16 133389 6
owner 16 131342 6
owner 16 133390 6
owner 16 131343 6
owner 16 133391 6
owner 16 131344 6
owner 16 133388 6
owner 16 131339 6
owner 16 119052 6
owner 16 119053 6
owner 16 119054 6
owner 16 119055 6
owner 16 1770716 7
owner 16 1768668 7
owner 16 1772764 7
owner 16 1770715 7
owner 16 1770717 7
owner 16 1768669 7
owner 16 1772765 7
owner 16 1770718 7
owner 16 1768670 7
owner 16 1772766 7
owner 16 1770719 7
owner 16 1768671 7
owner 16 1772767 7
owner 16 1766623 7
owner 16 1766622 7
owner 16 1764574 7
owner 16 1766621 7
owner 16 1764573 7
owner 16 1766620 7
owner 16 1764572 7
owner 16 1766619 7
owner 16 1764571 7
owner 16 1768667 7
owner 16 1766618 7
owner 16 1764570 7
owner 16 1768666 7
owner 16 1766617 7
owner 16 1764569 7
owner 16 1768665 7
owner 16 1766616 7
owner 16 1768664 7
owner 16 1770712 7
owner 16 1772760 7
owner 16 1770713 7
owner 16 1772761 7
owner 16 1770714 7
owner 16 1772762 7
owner 16 1774810 7
owner 16 1772763 7
owner 16 1774811 7
owner 16 1776859 7
owner 16 1774812 7
owner 16 1776860 7
owner 16 1774813 7
owner 16 1776861 7
owner 16 1774814 7
owner 16 1776858 7
owner 16 1774809 7
owner 16 1762522 7
owner 16 1762523 7
owner 16 1762524 7
owner 16 1762525 7
owner 16 2107776 8
owner 16 2105728 8
owner 16 2109824 8
owner 16 2107775 8
owner 16 2107777 8
owner 16 2105729 8
owner 16 2109825 8
owner 16 2107778 8
owner 16 2105730 8
owner 16 2109826 8
owner 16 2107779 8
owner 16 2105731 8
owner 16 2109827 8
owner 16 2103683 8
owner 16 2103682 8
owner 16 2101634 8
owner 16 2103681 8
owner 16 2101633 8
owner 16 2103680 8
owner 16 2101632 8
owner 16 2103679 8
owner 16 2101631 8
owner 16 2105727 8
owner 16 2103678 8
owner 16 2101630 8
owner 16 2105726 8
owner 16 2103677 8
owner 16 2101629 8
owner 16 2105725 8
owner 16 2103676 8
owner 16 2105724 8
owner 16 2107772 8
owner 16 2109820 8
owner 16 2107773 8
owner 16 2109821 8
owner 16 2107774 8
owner 16 2109822 8
owner 16 2111870 8
owner 16 2109823 8
owner 16 2111871 8
owner 16 2113919 8
owner 16 2111872 8
owner 16 2113920 8
owner 16 2111873 8
owner 16 2113921 8
owner 16 2111874 8
owner 16 2113918 8
owner 16 2111869 8
owner 16 2099582 8
owner 16 2099583 8
owner 16 2099584 8
owner 16 2099585 8
owner 16 3754482 9
owner 16 3752434 9
owner 16 3756530 9
owner 16 3754481 9
owner 16 3754483 9
owner 16 3752435 9
owner 16 3756531 9
owner 16 3754484 9
owner 16 3752436 9
owner 16 3756532 9
owner 16 3754485 9
owner 16 3752437 9
owner 16 3756533 9
owner 16 3750389 9
owner 16 3750388 9
owner 16 3748340 9
owner 16 3750387 9
owner 16 3748339 9
owner 16 3750386 9
owner 16 3748338 9
owner 16 3750385 9
owner 16 3748337 9
owner 16 3752433 9
owner 16 3750384 9
owner 16 3748336 9
owner 16 3752432 9
owner 16 3750383 9
owner 16 3748335 9
owner 16 3752431 9
owner 16 3750382 9
owner 16 3752430 9
owner 16 3754478 9
owner 16 3756526 9
owner 16 3754479 9
owner 16 3756527 9
owner 16 3754480 9
owner 16 3756528 9
owner 16 3758576 9
owner 16 3756529 9
owner 16 3758577 9
owner 16 3760625 9
owner 16 3758578 9
owner 16 3760626 9
owner 16 3758579 9
owner 16 3760627 9
owner 16 3758580 9
owner 16 3760624 9
owner 16 3758575 9
owner 16 3746288 9
owner 16 3746289 9
owner 16 3746290 9
owner 16 3746291 9
owner 16 3643254 10
owner 16 3641206 10
owner 16 3645302 10
owner 16 3643253 10
owner 16 3643255 10
owner 16 3641207 10
owner 16 3645303 10
owner 16 3643256 10
owner 16 3641208 10
owner 16 3645304 10
owner 16 3643257 10
owner 16 3641209 10
owner 16 3645305 10
owner 16 3639161 10
owner 16 3639160 10
owner 16 3637112 10
owner 16 3639159 10
owner 16 3637111 10
owner 16 3639158 10
owner 16 3637110 10
owner 16 3639157 10
owner 16 3637109 10
owner 16 3641205 10
owner 16 3639156 10
owner 16 3637108 10
owner 16 3641204 10
owner 16 3639155 10
owner 16 3637107 10
owner 16 3641203 10
owner 16 3639154 10
owner 16 3641202 10
owner 16 3643250 10
owner 16 3645298 10
owner 16 3643251 10
owner 16 3645299 10
owner 16 3643252 10
owner 16 3645300 10
owner 16 3647348 10
owner 16 3645301 10
owner 16 3647349 10
owner 16 3649397 10
owner 16 3647350 10
owner 16 3649398 10
owner 16 3647351 10
owner 16 3649399 10
owner 16 3647352 10
owner 16 3649396 10
owner 16 3647347 10
owner 16 3635060 10
owner 16 3635061 10
owner 16 3635062 10
owner 16 3635063 10
owner 16 1320508 11
owner 16 1318460 11
owner 16 1322556 11
owner 16 1320507 11
owner 16 1320509 11
owner 16 1318461 11
owner 16 1322557 11
owner 16 1320510 11
owner 16 1318462 11
owner 16 1322558 11
owner 16 1320511 11
owner 16 1318463 11
owner 16 1322559 11
owner 16 1316415 11
owner 16 1316414 11
owner 16 1314366 11
owner 16 1316413 11
owner 16 1314365 11
owner 16 1316412 11
owner 16 1314364 11
owner 16 1316411 11
owner 16 1314363 11
owner 16 1318459 11
owner 16 1316410 11
owner 16 1314362 11
owner 16 1318458 11
owner 16 1316409 11
owner 16 1314361 11
owner 16 1318457 11
owner 16 1316408 11
owner 16 1318456 11
owner 16 1320504 11
owner 16 1322552 11
owner 16 1320505 11
owner 16 1322553 11
owner 16 1320506 11
owner 16 1322554 11
owner 16 1324602 11
owner 16 1322555 11
owner 16 1324603 11
owner 16 1326651 11
owner 16 1324604 11
owner 16 1326652 11
owner 16 1324605 11
owner 16 1326653 11
owner 16 1324606 11
owner 16 1326650 11
owner 16 1324601 11
owner 16 1312314 11
owner 16 1312315 11
owner 16 1312316 11
owner 16 1312317 11
owner 16 1962439 12
owner 16 1960391 12
owner 16 1964487 12
owner 16 1962438 12
owner 16 1962440 12
owner 16 1960392 12
owner 16 1964488 12
owner 16 1962441 12
owner 16 1960393 12
owner 16 1964489 12
owner 16 1962442 12
owner 16 1960394 12
owner 16 1964490 12
owner 16 1958346 12
owner 16 1958345 12
owner 16 1956297 12
owner 16 1958344 12
owner 16 1956296 12
owner 16 1958343 12
owner 16 1956295 12
owner 16 1958342 12
owner 16 1956294 12
owner 16 1960390 12
owner 16 1958341 12
owner 16 1956293 12
owner 16 1960389 12
owner 16 1958340 12
owner 16 1956292 12
owner 16 1960388 12
owner 16 1958339 12
owner 16 1960387 12
owner 16 1962435 12
owner 16 1964483 12
owner 16 1962436 12
owner 16 1964484 12
owner 16 1962437 12
owner 16 1964485 12
owner 16 1966533 12
owner 16 1964486 12
owner 16 1966534 12
owner 16 1968582 12
owner 16 1966535 12
owner 16 1968583 12
owner 16 1966536 12
owner 16 1968584 12
owner 16 1966537 12
owner 16 1968581 12
owner 16 1966532 12
owner 16 1954245 12
owner 16 1954246 12
owner 16 1954247 12
owner 16 1954248 12
owner 16 1661911 13
owner 16 1659863 13
owner 16 1663959 13
owner 16 1661910 13
owner 16 1661912 13
owner 16 1659864 13
owner 16 1663960 13
owner 16 1661913 13
owner 16 1659865 13
owner 16 1663961 13
owner 16 1661914 13
owner 16 1659866 13
owner 16 1663962 13
owner 16 1657818 13
owner 16 1657817 13
owner 16 1655769 13
owner 16 1657816 13
owner 16 1655768 13
owner 16 1657815 13
owner 16 1655767 13
owner 16 1657814 13
owner 16 1655766 13
owner 16 1659862 13
owner 16 1657813 13
owner 16 1655765 13
owner 16 1659861 13
owner 16 1657812 13
owner 16 1655764 13
owner 16 1659860 13
owner 16 1657811 13
owner 16 1659859 13
owner 16 1661907 13
owner 16 1663955 13
owner 16 1661908 13
owner 16 1663956 13
owner 16 1661909 13
owner 16 1663957 13
owner 16 1666005 13
owner 16 1663958 13
owner 16 1666006 13
owner 16 1668054 13
owner 16 1666007 13
owner 16 1668055 13
owner 16 1666008 13
owner 16 1668056 13
owner 16 1666009 13
owner 16 1668053 13
owner 16 1666004 13
owner 16 1653717 13
owner 16 1653718 13
owner 16 1653719 13
owner 16 1653720 13
owner 16 1181048 14
owner 16 1179000 14
owner 16 1183096 14
owner 16 1181047 14
owner 16 1181049 14
owner 16 1179001 14
owner 16 1183097 14
owner 16 1181050 14
owner 16 1179002 14
owner 16 1183098 14
owner 16 1181051 14
owner 16 1179003 14
owner 16 1183099 14
owner 16 1176955 14
owner 16 1176954 14
owner 16 1174906 14
owner 16 1176953 14
owner 16 1174905 14
owner 16 1176952 14
owner 16 1174904 14
owner 16 1176951 14
owner 16 1174903 14
owner 16 1178999 14
owner 16 1176950 14
owner 16 1174902 14
owner 16 1178998 14
owner 16 1176949 14
owner 16 1174901 14
owner 16 1178997 14
owner 16 1176948 14
owner 16 1178996 14
owner 16 1181044 14
owner 16 1183092 14
owner 16 1181045 14
owner 16 1183093 14
owner 16 1181046 14
owner 16 1183094 14
owner 16 1185142 14
owner 16 1183095 14
owner 16 1185143 14
owner 16 1187191 14
owner 16 1185144 14
owner 16 1187192 14
owner 16 1185145 14
owner 16 1187193 14
owner 16 1185146 14
owner 16 1187190 14
owner 16 1185141 14
owner 16 1172854 14
owner 16 1172855 14
owner 16 1172856 14
owner 16 1172857 14
owner 16 2434750 15
owner 16 2432702 15
owner 16 2436798 15
owner 16 2434749 15
owner 16 2434751 15
owner 16 2432703 15
owner 16 2436799 15
owner 16 2434752 15
owner 16 2432704 15
owner 16 2436800 15
owner 16 2434753 15
owner 16 2432705 15
owner 16 2436801 15
owner 16 2430657 15
owner 16 2430656 15
owner 16 2428608 15
owner 16 2430655 15
owner 16 2428607 15
owner 16 2430654 15
owner 16 2428606 15
owner 16 2430653 15
owner 16 2428605 15
owner 16 2432701 15
owner 16 2430652 15
owner 16 2428604 15
owner 16 2432700 15
owner 16 2430651 15
owner 16 2428603 15
owner 16 2432699 15
owner 16 2430650 15
owner 16 2432698 15
owner 16 2434746 15
owner 16 2436794 15
owner 16 2434747 15
owner 16 2436795 15
owner 16 2434748 15
owner 16 2436796 15
owner 16 2438844 15
owner 16 2436797 15
owner 16 2438845 15
owner 16 2440893 15
owner 16 2438846 15
owner 16 2440894 15
owner 16 2438847 15
owner 16 2440895 15
owner 16 2438848 15
owner 16 2440892 15
owner 16 2438843 15
owner 16 2426556 15
owner 16 2426557 15
owner 16 2426558 15
owner 16 2426559 15
owner 16 534900 16
owner 16 532852 16
owner 16 536948 16
owner 16 534899 16
owner 16 534901 16
owner 16 532853 16
owner 16 536949 16
owner 16 534902 16
owner 16 532854 16
owner 16 536950 16
owner 16 534903 16
owner 16 532855 16
owner 16 536951 16
owner 16 530807 16
owner 16 530806 16
owner 16 528758 16
owner 16 530805 16
owner 16 528757 16
owner 16 530804 16
owner 16 528756 16
owner 16 530803 16
owner 16 528755 16
owner 16 532851 16
owner 16 530802 16
owner 16 528754 16
owner 16 532850 16
owner 16 530801 16
owner 16 528753 16
owner 16 532849 16
owner 16 530800 16
owner 16 532848 16
owner 16 534896 16
owner 16 536944 16
owner 16 534897 16
owner 16 536945 16
owner 16 534898 16
owner 16 536946 16
owner 16 538994 16
owner 16 536947 16
owner 16 538995 16
owner 16 541043 16
owner 16 538996 16
owner 16 541044 16
owner 16 538997 16
owner 16 541045 16
owner 16 538998 16
owner 16 541042 16
owner 16 538993 16
owner 16 526706 16
owner 16 526707 16
owner 16 526708 16
owner 16 526709 16
owner 16 1611090 17
owner 16 1609042 17
owner 16 1613138 17
owner 16 1611089 17
owner 16 1611091 17
owner 16 1609043 17
owner 16 1613139 17
owner 16 1611092 17
owner 16 1609044 17
owner 16 1613140 17
owner 16 1611093 17
owner 16 1609045 17
owner 16 1613141 17
owner 16 1606997 17
owner 16 1606996 17
owner 16 1604948 17
owner 16 1606995 17
owner 16 1604947 17
owner 16 1606994 17
owner 16 1604946 17
owner 16 1606993 17
owner 16 1604945 17
owner 16 1609041 17
owner 16 1606992 17
owner 16 1604944 17
owner 16 1609040 17
owner 16 1606991 17
owner 16 1604943 17
owner 16 1609039 17
owner 16 1606990 17
owner 16 1609038 17
owner 16 1611086 17
owner 16 1613134 17
owner 16 1611087 17
owner 16 1613135 17
owner 16 1611088 17
owner 16 1613136 17
owner 16 1615184 17
owner 16 1613137 17
owner 16 1615185 17
owner 16 1617233 17
owner 16 1615186 17
owner 16 1617234 17
owner 16 1615187 17
owner 16 1617235 17
owner 16 1615188 17
owner 16 1617232 17
owner 16 1615183 17
owner 16 1602896 17
owner 16 1602897 17
owner 16 1602898 17
owner 16 1602899 17
prev 16 449033
prev 16 1794996
prev 16 3328214
prev 16 1250299
prev 16 127246
prev 16 1770716
prev 16 2107776
prev 16 3754482
prev 16 3643254
prev 16 1320508
prev 16 1962439
prev 16 1661911
prev 16 1181048
prev 16 2434750
prev 16 534900
prev 16 1611090
owned 16 2207275
owned 16 2207276
owned 16 2207277
owned 16 2207278
owned 16 2209322
owned 16 2209323
owned 16 2209324
owned 16 2209325
owned 16 2209326
owned 16 2209327
owned 16 2211369
owned 16 2211370
owned 16 2211371
owned 16 2211372
owned 16 2211373
owned 16 2211374
owned 16 2211375
owned 16 2211376
owned 16 2213417
owned 16 2213418
owned 16 2213419
owned 16 2213420
owned 16 2213421
owned 16 2213422
owned 16 2213423
owned 16 2213424
owned 16 2215465
owned 16 2215466
owned 16 2215467
owned 16 2215468
owned 16 2215469
owned 16 2215470
owned 16 2215471
owned 16 2215472
owned 16 2217513
owned 16 2217514
owned 16 2217515
owned 16 2217516
owned 16 2217517
owned 16 2217518
owned 16 2217519
owned 16 2217520
owned 16 2219562
owned 16 2219563
owned 16 2219564
owned 16 2219565
owned 16 2219566
owned 16 2219567
owned 16 2221611
owned 16 2221612
owned 16 2221613
owned 16 2221614
bot 17 19 fha1xhrw -2086814691 1845038 1838 900 52
owner 17 449033 2
owner 17 446985 2
owner 17 451081 2
owner 17 449032 2
owner 17 449034 2
owner 17 446986 2
owner 17 451082 2
owner 17 449035 2
owner 17 446987 2
owner 17 451083 2
owner 17 449036 2
owner 17 446988 2
owner 17 451084 2
owner 17 444940 2
owner 17 444939 2
owner 17 442891 2
owner 17 444938 2
owner 17 442890 2
owner 17 444937 2
owner 17 442889 2
owner 17 444936 2
owner 17 442888 2
owner 17 446984 2
owner 17 444935 2
owner 17 442887 2
owner 17 446983 2
owner 17 444934 2
owner 17 442886 2
owner 17 446982 2
owner 17 444933 2
owner 17 446981 2
owner 17 449029 2
owner 17 451077 2
owner 17 449030 2
owner 17 451078 2
owner 17 449031 2
owner 17 451079 2
owner 17 453127 2
owner 17 451080 2
owner 17 453128 2
owner 17 455176 2
owner 17 453129 2
owner 17 455177 2
owner 17 453130 2
owner 17 455178 2
owner 17 453131 2
owner 17 455175 2
owner 17 453126 2
owner 17 440839 2
owner 17 440840 2
owner 17 440841 2
owner 17 440842 2
owner 17 1794996 3
owner 17 1792948 3
owner 17 1797044 3
owner 17 1794995 3
owner 17 1794997 3
owner 17 1792949 3
owner 17 1797045 3
owner 17 1794998 3
owner 17 1792950 3
owner 17 1797046 3
owner 17 1794999 3
owner 17 1792951 3
owner 17 1797047 3
owner 17 1790903 3
owner 17 1790902 3
owner 17 1788854 3
owner 17 1790901 3
owner 17 1788853 3
owner 17 1790900 3
owner 17 1788852 3
owner 17 1790899 3
owner 17 1788851 3
owner 17 1792947 3
owner 17 1790898 3
owner 17 1788850 3
owner 17 1792946 3
owner 17 1790897 3
owner 17 1788849 3
owner 17 1792945 3
owner 17 1790896 3
owner 17 1792944 3
owner 17 1794992 3
owner 17 1797040 3
owner 17 1794993 3
owner 17 1797041 3
owner 17 1794994 3
owner 17 1797042 3
owner 17 1799090 3
owner 17 1797043 3
owner 17 1799091 3
owner 17 1801139 3
owner 17 1799092 3
owner 17 1801140 3
owner 17 1799093 3
owner 17 1801141 3
owner 17 1799094 3
owner 17 1801138 3
owner 17 1799089 3
owner 17 1786802 3
owner 17 1786803 3
owner 17 1786804 3
owner 17 1786805 3
owner 17 3328214 4
owner 17 3326166 4
owner 17 3330262 4
owner 17 3328213 4
owner 17 3328215 4
owner 17 3326167 4
owner 17 3330263 4
owner 17 3328216 4
owner 17 3326168 4
owner 17 3330264 4
owner 17 3328217 4
owner 17 3326169 4
owner 17 3330265 4
owner 17 3324121 4
owner 17 3324120 4
owner 17 3322072 4
owner 17 3324119 4
owner 17 3322071 4
owner 17 3324118 4
owner 17 3322070 4
owner 17 3324117 4
owner 17 3322069 4
owner 17 3326165 4
owner 17 3324116 4
owner 17 3322068 4
owner 17 3326164 4
owner 17 3324115 4
owner 17 3322067 4
owner 17 3326163 4
owner 17 3324114 4
owner 17 3326162 4
owner 17 3328210 4
owner 17 3330258 4
owner 17 3328211 4
owner 17 3330259 4
owner 17 3328212 4
owner 17 3330260 4
owner 17 3332308 4
owner 17 3330261 4
owner 17 3332309 4
owner 17 3334357 4
owner 17 3332310 4
owner 17 3334358 4
owner 17 3332311 4
owner 17 3334359 4
owner 17 3332312 4
owner 17 3334356 4
owner 17 3332307 4
owner 17 3320020 4
owner 17 3320021 4
owner 17 3320022 4
owner 17 3320023 4
owner 17 1250299 5
owner 17 1248251 5
owner 17 1252347 5
owner 17 1250298 5
owner 17 1250300 5
owner 17 1248252 5
owner 17 1252348 5
owner 17 1250301 5
owner 17 1248253 5
owner 17 1252349 5
owner 17 1250302 5
owner 17 1248254 5
owner 17 1252350 5
owner 17 1246206 5
owner 17 1246205 5
owner 17 1244157 5
owner 17 1246204 5
owner 17 1244156 5
owner 17 1246203 5
owner 17 1244155 5
owner 17 1246202 5
owner 17 1244154 5
owner 17 1248250 5
owner 17 1246201 5
owner 17 1244153 5
owner 17 1248249 5
owner 17 1246200 5
owner 17 1244152 5
owner 17 1248248 5
owner 17 1246199 5
owner 17 1248247 5
owner 17 1250295 5
owner 17 1252343 5
owner 17 1250296 5
owner 17 1252344 5
owner 17 1250297 5
owner 17 1252345 5
owner 17 1254393 5
owner 17 1252346 5
owner 17 1254394 5
owner 17 1256442 5
owner 17 1254395 5
owner 17 1256443 5
owner 17 1254396 5
owner 17 1256444 5
owner 17 1254397 5
owner 17 1256441 5
owner 17 1254392 5
owner 17 1242105 5
owner 17 1242106 5
owner 17 1242107 5
owner 17 1242108 5
owner 17 127246 6
owner 17 125198 6
owner 17 129294 6
owner 17 127245 6
owner 17 127247 6
owner 17 125199 6
owner 17 129295 6
owner 17 127248 6
owner 17 125200 6
owner 17 129296 6
owner 17 127249 6
owner 17 125201 6
owner 17 129297 6
owner 17 123153 6
owner 17 123152 6
owner 17 121104 6
owner 17 123151 6
owner 17 121103 6
owner 17 123150 6
owner 17 121102 6
owner 17 123149 6
owner 17 121101 6
owner 17 125197 6
owner 17 123148 6
owner 17 121100 6
owner 17 125196 6
owner 17 123147 6
owner 17 121099 6
owner 17 125195 6
owner 17 123146 6
owner 17 125194 6
owner 17 127242 6
owner 17 129290 6
owner 17 127243 6
owner 17 129291 6
owner 17 127244 6
owner 17 129292 6
owner 17 131340 6
owner 17 129293 6
owner 17 131341 6
owner 17 133389 6
owner 17 131342 6
owner 17 133390 6
owner 17 131343 6
owner 17 133391 6
owner 17 131344 6
owner 17 133388 6
owner 17 131339 6
owner 17 119052 6
owner 17 119053 6
owner 17 119054 6
owner 17 119055 6
owner 17 1770716 7
owner 17 1768668 7
owner 17 1772764 7
owner 17 1770715 7
owner 17 1770717 7
owner 17 1768669 7
owner 17 1772765 7
owner 17 1770718 7
owner 17 1768670 7
owner 17 1772766 7
owner 17 1770719 7
owner 17 1768671 7
owner 17 1772767 7
owner 17 1766623 7
owner 17 1766622 7
owner 17 1764574 7
owner 17 1766621 7
owner 17 1764573 7
owner 17 1766620 7
owner 17 1764572 7
owner 17 1766619 7
owner 17 1764571 7
owner 17 1768667 7
owner 17 1766618 7
owner 17 1764570 7
owner 17 1768666 7
owner 17 1766617 7
owner 17 1764569 7
owner 17 1768665 7
owner 17 1766616 7
owner 17 1768664 7
owner 17 1770712 7
owner 17 1772760 7
owner 17 1770713 7
owner 17 1772761 7
owner 17 1770714 7
owner 17 1772762 7
owner 17 1774810 7
owner 17 1772763 7
owner 17 1774811 7
owner 17 1776859 7
owner 17 1774812 7
owner 17 1776860 7
owner 17 1774813 7
owner 17 1776861 7
owner 17 1774814 7
owner 17 1776858 7
owner 17 1774809 7
owner 17 1762522 7
owner 17 1762523 7
owner 17 1762524 7
owner 17 1762525 7
owner 17 2107776 8
owner 17 2105728 8
owner 17 2109824 8
owner 17 2107775 8
owner 17 2107777 8
owner 17 2105729 8
owner 17 2109825 8
owner 17 2107778 8
owner 17 2105730 8
owner 17 2109826 8
owner 17 2107779 8
owner 17 2105731 8
owner 17 2109827 8
owner 17 2103683 8
owner 17 2103682 8
owner 17 2101634 8
owner 17 2103681 8
owner 17 2101633 8
owner 17 2103680 8
owner 17 2101632 8
owner 17 2103679 8
owner 17 2101631 8
owner 17 2105727 8
owner 17 2103678 8
owner 17 2101630 8
owner 17 2105726 8
owner 17 2103677 8
owner 17 2101629 8
owner 17 2105725 8
owner 17 2103676 8
owner 17 2105724 8
owner 17 2107772 8
owner 17 2109820 8
owner 17 2107773 8
owner 17 2109821 8
owner 17 2107774 8
owner 17 2109822 8
owner 17 2111870 8
owner 17 2109823 8
owner 17 2111871 8
owner 17 2113919 8
owner 17 2111872 8
owner 17 2113920 8
owner 17 2111873 8
owner 17 2113921 8
owner 17 2111874 8
owner 17 2113918 8
owner 17 2111869 8
owner 17 2099582 8
owner 17 2099583 8
owner 17 2099584 8
owner 17 2099585 8
owner 17 3754482 9
owner 17 3752434 9
owner 17 3756530 9
owner 17 3754481 9
owner 17 3754483 9
owner 17 3752435 9
owner 17 3756531 9
owner 17 3754484 9
owner 17 3752436 9
owner 17 3756532 9
owner 17 3754485 9
owner 17 3752437 9
owner 17 3756533 9
owner 17 3750389 9
owner 17 3750388 9
owner 17 3748340 9
owner 17 3750387 9
owner 17 3748339 9
owner 17 3750386 9
owner 17 3748338 9
owner 17 3750385 9
owner 17 3748337 9
owner 17 3752433 9
owner 17 3750384 9
owner 17 3748336 9
owner 17 3752432 9
owner 17 3750383 9
owner 17 3748335 9
owner 17 3752431 9
owner 17 3750382 9
owner 17 3752430 9
owner 17 3754478 9
owner 17 3756526 9
owner 17 3754479 9
owner 17 3756527 9
owner 17 3754480 9
owner 17 3756528 9
owner 17 3758576 9
owner 17 3756529 9
owner 17 3758577 9
owner 17 3760625 9
owner 17 3758578 9
owner 17 3760626 9
owner 17 3758579 9
owner 17 3760627 9
owner 17 3758580 9
owner 17 3760624 9
owner 17 3758575 9
owner 17 3746288 9
owner 17 3746289 9
owner 17 3746290 9
owner 17 3746291 9
owner 17 3643254 10
owner 17 3641206 10
owner 17 3645302 10
owner 17 3643253 10
owner 17 3643255 10
owner 17 3641207 10
owner 17 3645303 10
owner 17 3643256 10
owner 17 3641208 10
owner 17 3645304 10
owner 17 3643257 10
owner 17 3641209 10
owner 17 3645305 10
owner 17 3639161 10
owner 17 3639160 10
owner 17 3637112 10
owner 17 3639159 10
owner 17 3637111 10
owner 17 3639158 10
owner 17 3637110 10
owner 17 3639157 10
owner 17 3637109 10
owner 17 3641205 10
owner 17 3639156 10
owner 17 3637108 10
owner 17 3641204 10
owner 17 3639155 10
owner 17 3637107 10
owner 17 3641203 10
owner 17 3639154 10
owner 17 3641202 10
owner 17 3643250 10
owner 17 3645298 10
owner 17 3643251 10
owner 17 3645299 10
owner 17 3643252 10
owner 17 3645300 10
owner 17 3647348 10
owner 17 3645301 10
owner 17 3647349 10
owner 17 3649397 10
owner 17 3647350 10
owner 17 3649398 10
owner 17 3647351 10
owner 17 3649399 10
owner 17 3647352 10
owner 17 3649396 10
owner 17 3647347 10
owner 17 3635060 10
owner 17 3635061 10
owner 17 3635062 10
owner 17 3635063 10
owner 17 1320508 11
owner 17 1318460 11
owner 17 1322556 11
owner 17 1320507 11
owner 17 1320509 11
owner 17 1318461 11
owner 17 1322557 11
owner 17 1320510 11
owner 17 1318462 11
owner 17 1322558 11
owner 17 1320511 11
owner 17 1318463 11
owner 17 1322559 11
owner 17 1316415 11
owner 17 1316414 11
owner 17 1314366 11
owner 17 1316413 11
owner 17 1314365 11
owner 17 1316412 11
owner 17 1314364 11
owner 17 1316411 11
owner 17 1314363 11
owner 17 1318459 11
owner 17 1316410 11
owner 17 1314362 11
owner 17 1318458 11
owner 17 1316409 11
owner 17 1314361 11
owner 17 1318457 11
owner 17 1316408 11
owner 17 1318456 11
owner 17 1320504 11
owner 17 1322552 11
owner 17 1320505 11
owner 17 1322553 11
owner 17 1320506 11
owner 17 1322554 11
owner 17 1324602 11
owner 17 1322555 11
owner 17 1324603 11
owner 17 1326651 11
owner 17 1324604 11
owner 17 1326652 11
owner 17 1324605 11
owner 17 1326653 11
owner 17 1324606 11
owner 17 1326650 11
owner 17 1324601 11
owner 17 1312314 11
owner 17 1312315 11
owner 17 1312316 11
owner 17 1312317 11
owner 17 1962439 12
owner 17 1960391 12
owner 17 1964487 12
owner 17 1962438 12
owner 17 1962440 12
owner 17 1960392 12
owner 17 1964488 12
owner 17 1962441 12
owner 17 1960393 12
owner 17 1964489 12
owner 17 1962442 12
owner 17 1960394 12
owner 17 1964490 12
owner 17 1958346 12
owner 17 1958345 12
owner 17 1956297 12
owner 17 1958344 12
owner 17 1956296 12
owner 17 1958343 12
owner 17 1956295 12
owner 17 1958342 12
owner 17 1956294 12
owner 17 1960390 12
owner 17 1958341 12
owner 17 1956293 12
owner 17 1960389 12
owner 17 1958340 12
owner 17 1956292 12
owner 17 1960388 12
owner 17 1958339 12
owner 17 1960387 12
owner 17 1962435 12
owner 17 1964483 12
owner 17 1962436 12
owner 17 1964484 12
owner 17 1962437 12
owner 17 1964485 12
owner 17 1966533 12
owner 17 1964486 12
owner 17 1966534 12
owner 17 1968582 12
owner 17 1966535 12
owner 17 1968583 12
owner 17 1966536 12
owner 17 1968584 12
owner 17 1966537 12
owner 17 1968581 12
owner 17 1966532 12
owner 17 1954245 12
owner 17 1954246 12
owner 17 1954247 12
owner 17 1954248 12
owner 17 1661911 13
owner 17 1659863 13
owner 17 1663959 13
owner 17 1661910 13
owner 17 1661912 13
owner 17 1659864 13
owner 17 1663960 13
owner 17 1661913 13
owner 17 1659865 13
owner 17 1663961 13
owner 17 1661914 13
owner 17 1659866 13
owner 17 1663962 13
owner 17 1657818 13
owner 17 1657817 13
owner 17 1655769 13
owner 17 1657816 13
owner 17 1655768 13
owner 17 1657815 13
owner 17 1655767 13
owner 17 1657814 13
owner 17 1655766 13
owner 17 1659862 13
owner 17 1657813 13
owner 17 1655765 13
owner 17 1659861 13
owner 17 1657812 13
owner 17 1655764 13
owner 17 1659860 13
owner 17 1657811 13
owner 17 1659859 13
owner 17 1661907 13
owner 17 1663955 13
owner 17 1661908 13
owner 17 1663956 13
owner 17 1661909 13
owner 17 1663957 13
owner 17 1666005 13
owner 17 1663958 13
owner 17 1666006 13
owner 17 1668054 13
owner 17 1666007 13
owner 17 1668055 13
owner 17 1666008 13
owner 17 1668056 13
owner 17 1666009 13
owner 17 1668053 13
owner 17 1666004 13
owner 17 1653717 13
owner 17 1653718 13
owner 17 1653719 13
owner 17 1653720 13
owner 17 1181048 14
owner 17 1179000 14
owner 17 1183096 14
owner 17 1181047 14
owner 17 1181049 14
owner 17 1179001 14
owner 17 1183097 14
owner 17 1181050 14
owner 17 1179002 14
owner 17 1183098 14
owner 17 1181051 14
owner 17 1179003 14
owner 17 1183099 14
owner 17 1176955 14
owner 17 1176954 14
owner 17 1174906 14
owner 17 1176953 14
owner 17 1174905 14
owner 17 1176952 14
owner 17 1174904 14
owner 17 1176951 14
owner 17 1174903 14
owner 17 1178999 14
owner 17 1176950 14
owner 17 1174902 14
owner 17 1178998 14
owner 17 1176949 14
owner 17 1174901 14
owner 17 1178997 14
owner 17 1176948 14
owner 17 1178996 14
owner 17 1181044 14
owner 17 1183092 14
owner 17 1181045 14
owner 17 1183093 14
owner 17 1181046 14
owner 17 1183094 14
owner 17 1185142 14
owner 17 1183095 14
owner 17 1185143 14
owner 17 1187191 14
owner 17 1185144 14
owner 17 1187192 14
owner 17 1185145 14
owner 17 1187193 14
owner 17 1185146 14
owner 17 1187190 14
owner 17 1185141 14
owner 17 1172854 14
owner 17 1172855 14
owner 17 1172856 14
owner 17 1172857 14
owner 17 2434750 15
owner 17 2432702 15
owner 17 2436798 15
owner 17 2434749 15
owner 17 2434751 15
owner 17 2432703 15
owner 17 2436799 15
owner 17 2434752 15
owner 17 2432704 15
owner 17 2436800 15
owner 17 2434753 15
owner 17 2432705 15
owner 17 2436801 15
owner 17 2430657 15
owner 17 2430656 15
owner 17 2428608 15
owner 17 2430655 15
owner 17 2428607 15
owner 17 2430654 15
owner 17 2428606 15
owner 17 2430653 15
owner 17 2428605 15
owner 17 2432701 15
owner 17 2430652 15
owner 17 2428604 15
owner 17 2432700 15
owner 17 2430651 15
owner 17 2428603 15
owner 17 2432699 15
owner 17 2430650 15
owner 17 2432698 15
owner 17 2434746 15
owner 17 2436794 15
owner 17 2434747 15
owner 17 2436795 15
owner 17 2434748 15
owner 17 2436796 15
owner 17 2438844 15
owner 17 2436797 15
owner 17 2438845 15
owner 17 2440893 15
owner 17 2438846 15
owner 17 2440894 15
owner 17 2438847 15
owner 17 2440895 15
owner 17 2438848 15
owner 17 2440892 15
owner 17 2438843 15
owner 17 2426556 15
owner 17 2426557 15
owner 17 2426558 15
owner 17 2426559 15
owner 17 534900 16
owner 17 532852 16
owner 17 536948 16
owner 17 534899 16
owner 17 534901 16
owner 17 532853 16
owner 17 536949 16
owner 17 534902 16
owner 17 532854 16
owner 17 536950 16
owner 17 534903 16
owner 17 532855 16
owner 17 536951 16
owner 17 530807 16
owner 17 530806 16
owner 17 528758 16
owner 17 530805 16
owner 17 528757 16
owner 17 530804 16
owner 17 528756 16
owner 17 530803 16
owner 17 528755 16
owner 17 532851 16
owner 17 530802 16
owner 17 528754 16
owner 17 532850 16
owner 17 530801 16
owner 17 528753 16
owner 17 532849 16
owner 17 530800 16
owner 17 532848 16
owner 17 534896 16
owner 17 536944 16
owner 17 534897 16
owner 17 536945 16
owner 17 534898 16
owner 17 536946 16
owner 17 538994 16
owner 17 536947 16
owner 17 538995 16
owner 17 541043 16
owner 17 538996 16
owner 17 541044 16
owner 17 538997 16
owner 17 541045 16
owner 17 538998 16
owner 17 541042 16
owner 17 538993 16
owner 17 526706 16
owner 17 526707 16
owner 17 526708 16
owner 17 526709 16
owner 17 1611090 17
owner 17 1609042 17
owner 17 1613138 17
owner 17 1611089 17
owner 17 1611091 17
owner 17 1609043 17
owner 17 1613139 17
owner 17 1611092 17
owner 17 1609044 17
owner 17 1613140 17
owner 17 1611093 17
owner 17 1609045 17
owner 17 1613141 17
owner 17 1606997 17
owner 17 1606996 17
owner 17 1604948 17
owner 17 1606995 17
owner 17 1604947 17
owner 17 1606994 17
owner 17 1604946 17
owner 17 1606993 17
owner 17 1604945 17
owner 17 1609041 17
owner 17 1606992 17
owner 17 1604944 17
owner 17 1609040 17
owner 17 1606991 17
owner 17 1604943 17
owner 17 1609039 17
owner 17 1606990 17
owner 17 1609038 17
owner 17 1611086 17
owner 17 1613134 17
owner 17 1611087 17
owner 17 1613135 17
owner 17 1611088 17
owner 17 1613136 17
owner 17 1615184 17
owner 17 1613137 17
owner 17 1615185 17
owner 17 1617233 17
owner 17 1615186 17
owner 17 1617234 17
owner 17 1615187 17
owner 17 1617235 17
owner 17 1615188 17
owner 17 1617232 17
owner 17 1615183 17
owner 17 1602896 17
owner 17 1602897 17
owner 17 1602898 17
owner 17 1602899 17
owner 17 2215469 18
owner 17 2213421 18
owner 17 2217517 18
owner 17 2215468 18
owner 17 2215470 18
owner 17 2213422 18
owner 17 2217518 18
owner 17 2215471 18
owner 17 2213423 18
owner 17 2217519 18
owner 17 2215472 18
owner 17 2213424 18
owner 17 2217520 18
owner 17 2211376 18
owner 17 2211375 18
owner 17 2209327 18
owner 17 2211374 18
owner 17 2209326 18
owner 17 2211373 18
owner 17 2209325 18
owner 17 2211372 18
owner 17 2209324 18
owner 17 2213420 18
owner 17 2211371 18
owner 17 2209323 18
owner 17 2213419 18
owner 17 2211370 18
owner 17 2209322 18
owner 17 2213418 18
owner 17 2211369 18
owner 17 2213417 18
owner 17 2215465 18
owner 17 2217513 18
owner 17 2215466 18
owner 17 2217514 18
owner 17 2215467 18
owner 17 2217515 18
owner 17 2219563 18
owner 17 2217516 18
owner 17 2219564 18
owner 17 2221612 18
owner 17 2219565 18
owner 17 2221613 18
owner 17 2219566 18
owner 17 2221614 18
owner 17 2219567 18
owner 17 2221611 18
owner 17 2219562 18
owner 17 2207275 18
owner 17 2207276 18
owner 17 2207277 18
owner 17 2207278 18
prev 17 449033
prev 17 1794996
prev 17 3328214
prev 17 1250299
prev 17 127246
prev 17 1770716
prev 17 2107776
prev 17 3754482
prev 17 3643254
prev 17 1320508
prev 17 1962439
prev 17 1661911
prev 17 1181048
prev 17 2434750
prev 17 534900
prev 17 1611090
prev 17 2215469
owned 17 1836844
owned 17 1836845
owned 17 1836846
owned 17 1836847
owned 17 1838891
owned 17 1838892
owned 17 1838893
owned 17 1838894
owned 17 1838895
owned 17 1838896
owned 17 1840938
owned 17 1840939
owned 17 1840940
owned 17 1840941
owned 17 1840942
owned 17 1840943
owned 17 1840944
owned 17 1840945
owned 17 1842986
owned 17 1842987
owned 17 1842988
owned 17 1842989
owned 17 1842990
owned 17 1842991
owned 17 1842992
owned 17 1842993
owned 17 1845034
owned 17 1845035
owned 17 1845036
owned 17 1845037
owned 17 1845038
owned 17 1845039
owned 17 1845040
owned 17 1845041
owned 17 1847082
owned 17 1847083
owned 17 1847084
owned 17 1847085
owned 17 1847086
owned 17 1847087
owned 17 1847088
owned 17 1847089
owned 17 1849131
owned 17 1849132
owned 17 1849133
owned 17 1849134
owned 17 1849135
owned 17 1849136
owned 17 1851180
owned 17 1851181
owned 17 1851182
owned 17 1851183
