# ofcuda_spawn reference v1  (engine ground truth, arbitrary N)
# repo /opt/data/workspaces/skg/openfront-ai
map europe
seed parity
game_id QqkIuyke
game_hash 223241348
agents 18
nations 0
human_agents 1
width 2904
height 1672
min_dist 30
player 1 H nd8079oo -1 0 0
player 2 B 7kmb47oc 4418024 1 52
player 3 B su965kfe 3530781 1 52
player 4 B 4918e5rs 4554721 1 52
player 5 B 0grah7qg 2087686 1 52
player 6 B 79lbhuod 434967 1 52
player 7 B 0eay8wsu 2051988 1 52
player 8 B l4g4juu8 4142420 1 52
player 9 B gsw4n5km 1884416 1 52
player 10 B ooz4f963 4219316 1 52
player 11 B g49bog52 3594765 1 52
player 12 B vl3arc4y 2271574 1 52
player 13 B 26spmsu2 466856 1 52
player 14 B 666fmd2f 2760796 1 52
player 15 B vybu8oes 2819328 1 52
player 16 B tlx2iciq 1773324 1 52
player 17 B 8i7cuo9t 1866299 1 52
player 18 B ay8xa67r 2563570 1 52
player 19 B fha1xhrw 1701400 1 52
bot 0 2 7kmb47oc 979863364 4418024 1040 1521 52
owned 0 4406406
owned 0 4406407
owned 0 4406408
owned 0 4406409
owned 0 4409309
owned 0 4409310
owned 0 4409311
owned 0 4409312
owned 0 4409313
owned 0 4409314
owned 0 4412212
owned 0 4412213
owned 0 4412214
owned 0 4412215
owned 0 4412216
owned 0 4412217
owned 0 4412218
owned 0 4412219
owned 0 4415116
owned 0 4415117
owned 0 4415118
owned 0 4415119
owned 0 4415120
owned 0 4415121
owned 0 4415122
owned 0 4415123
owned 0 4418020
owned 0 4418021
owned 0 4418022
owned 0 4418023
owned 0 4418024
owned 0 4418025
owned 0 4418026
owned 0 4418027
owned 0 4420924
owned 0 4420925
owned 0 4420926
owned 0 4420927
owned 0 4420928
owned 0 4420929
owned 0 4420930
owned 0 4420931
owned 0 4423829
owned 0 4423830
owned 0 4423831
owned 0 4423832
owned 0 4423833
owned 0 4423834
owned 0 4426734
owned 0 4426735
owned 0 4426736
owned 0 4426737
bot 1 3 su965kfe 1225099288 3530781 2421 1215 52
owner 1 4418024 2
owner 1 4415120 2
owner 1 4420928 2
owner 1 4418023 2
owner 1 4418025 2
owner 1 4415121 2
owner 1 4420929 2
owner 1 4418026 2
owner 1 4415122 2
owner 1 4420930 2
owner 1 4418027 2
owner 1 4415123 2
owner 1 4420931 2
owner 1 4412219 2
owner 1 4412218 2
owner 1 4409314 2
owner 1 4412217 2
owner 1 4409313 2
owner 1 4412216 2
owner 1 4409312 2
owner 1 4412215 2
owner 1 4409311 2
owner 1 4415119 2
owner 1 4412214 2
owner 1 4409310 2
owner 1 4415118 2
owner 1 4412213 2
owner 1 4409309 2
owner 1 4415117 2
owner 1 4412212 2
owner 1 4415116 2
owner 1 4418020 2
owner 1 4420924 2
owner 1 4418021 2
owner 1 4420925 2
owner 1 4418022 2
owner 1 4420926 2
owner 1 4423830 2
owner 1 4420927 2
owner 1 4423831 2
owner 1 4426735 2
owner 1 4423832 2
owner 1 4426736 2
owner 1 4423833 2
owner 1 4426737 2
owner 1 4423834 2
owner 1 4426734 2
owner 1 4423829 2
owner 1 4406406 2
owner 1 4406407 2
owner 1 4406408 2
owner 1 4406409 2
prev 1 4418024
owned 1 3519163
owned 1 3519164
owned 1 3519165
owned 1 3519166
owned 1 3522066
owned 1 3522067
owned 1 3522068
owned 1 3522069
owned 1 3522070
owned 1 3522071
owned 1 3524969
owned 1 3524970
owned 1 3524971
owned 1 3524972
owned 1 3524973
owned 1 3524974
owned 1 3524975
owned 1 3524976
owned 1 3527873
owned 1 3527874
owned 1 3527875
owned 1 3527876
owned 1 3527877
owned 1 3527878
owned 1 3527879
owned 1 3527880
owned 1 3530777
owned 1 3530778
owned 1 3530779
owned 1 3530780
owned 1 3530781
owned 1 3530782
owned 1 3530783
owned 1 3530784
owned 1 3533681
owned 1 3533682
owned 1 3533683
owned 1 3533684
owned 1 3533685
owned 1 3533686
owned 1 3533687
owned 1 3533688
owned 1 3536586
owned 1 3536587
owned 1 3536588
owned 1 3536589
owned 1 3536590
owned 1 3536591
owned 1 3539491
owned 1 3539492
owned 1 3539493
owned 1 3539494
bot 2 4 4918e5rs 1160776865 4554721 1249 1568 52
owner 2 4418024 2
owner 2 4415120 2
owner 2 4420928 2
owner 2 4418023 2
owner 2 4418025 2
owner 2 4415121 2
owner 2 4420929 2
owner 2 4418026 2
owner 2 4415122 2
owner 2 4420930 2
owner 2 4418027 2
owner 2 4415123 2
owner 2 4420931 2
owner 2 4412219 2
owner 2 4412218 2
owner 2 4409314 2
owner 2 4412217 2
owner 2 4409313 2
owner 2 4412216 2
owner 2 4409312 2
owner 2 4412215 2
owner 2 4409311 2
owner 2 4415119 2
owner 2 4412214 2
owner 2 4409310 2
owner 2 4415118 2
owner 2 4412213 2
owner 2 4409309 2
owner 2 4415117 2
owner 2 4412212 2
owner 2 4415116 2
owner 2 4418020 2
owner 2 4420924 2
owner 2 4418021 2
owner 2 4420925 2
owner 2 4418022 2
owner 2 4420926 2
owner 2 4423830 2
owner 2 4420927 2
owner 2 4423831 2
owner 2 4426735 2
owner 2 4423832 2
owner 2 4426736 2
owner 2 4423833 2
owner 2 4426737 2
owner 2 4423834 2
owner 2 4426734 2
owner 2 4423829 2
owner 2 4406406 2
owner 2 4406407 2
owner 2 4406408 2
owner 2 4406409 2
owner 2 3530781 3
owner 2 3527877 3
owner 2 3533685 3
owner 2 3530780 3
owner 2 3530782 3
owner 2 3527878 3
owner 2 3533686 3
owner 2 3530783 3
owner 2 3527879 3
owner 2 3533687 3
owner 2 3530784 3
owner 2 3527880 3
owner 2 3533688 3
owner 2 3524976 3
owner 2 3524975 3
owner 2 3522071 3
owner 2 3524974 3
owner 2 3522070 3
owner 2 3524973 3
owner 2 3522069 3
owner 2 3524972 3
owner 2 3522068 3
owner 2 3527876 3
owner 2 3524971 3
owner 2 3522067 3
owner 2 3527875 3
owner 2 3524970 3
owner 2 3522066 3
owner 2 3527874 3
owner 2 3524969 3
owner 2 3527873 3
owner 2 3530777 3
owner 2 3533681 3
owner 2 3530778 3
owner 2 3533682 3
owner 2 3530779 3
owner 2 3533683 3
owner 2 3536587 3
owner 2 3533684 3
owner 2 3536588 3
owner 2 3539492 3
owner 2 3536589 3
owner 2 3539493 3
owner 2 3536590 3
owner 2 3539494 3
owner 2 3536591 3
owner 2 3539491 3
owner 2 3536586 3
owner 2 3519163 3
owner 2 3519164 3
owner 2 3519165 3
owner 2 3519166 3
prev 2 4418024
prev 2 3530781
owned 2 4543103
owned 2 4543104
owned 2 4543105
owned 2 4543106
owned 2 4546006
owned 2 4546007
owned 2 4546008
owned 2 4546009
owned 2 4546010
owned 2 4546011
owned 2 4548909
owned 2 4548910
owned 2 4548911
owned 2 4548912
owned 2 4548913
owned 2 4548914
owned 2 4548915
owned 2 4548916
owned 2 4551813
owned 2 4551814
owned 2 4551815
owned 2 4551816
owned 2 4551817
owned 2 4551818
owned 2 4551819
owned 2 4551820
owned 2 4554717
owned 2 4554718
owned 2 4554719
owned 2 4554720
owned 2 4554721
owned 2 4554722
owned 2 4554723
owned 2 4554724
owned 2 4557621
owned 2 4557622
owned 2 4557623
owned 2 4557624
owned 2 4557625
owned 2 4557626
owned 2 4557627
owned 2 4557628
owned 2 4560526
owned 2 4560527
owned 2 4560528
owned 2 4560529
owned 2 4560530
owned 2 4560531
owned 2 4563431
owned 2 4563432
owned 2 4563433
owned 2 4563434
bot 3 5 0grah7qg -2107334215 2087686 2614 718 52
owner 3 4418024 2
owner 3 4415120 2
owner 3 4420928 2
owner 3 4418023 2
owner 3 4418025 2
owner 3 4415121 2
owner 3 4420929 2
owner 3 4418026 2
owner 3 4415122 2
owner 3 4420930 2
owner 3 4418027 2
owner 3 4415123 2
owner 3 4420931 2
owner 3 4412219 2
owner 3 4412218 2
owner 3 4409314 2
owner 3 4412217 2
owner 3 4409313 2
owner 3 4412216 2
owner 3 4409312 2
owner 3 4412215 2
owner 3 4409311 2
owner 3 4415119 2
owner 3 4412214 2
owner 3 4409310 2
owner 3 4415118 2
owner 3 4412213 2
owner 3 4409309 2
owner 3 4415117 2
owner 3 4412212 2
owner 3 4415116 2
owner 3 4418020 2
owner 3 4420924 2
owner 3 4418021 2
owner 3 4420925 2
owner 3 4418022 2
owner 3 4420926 2
owner 3 4423830 2
owner 3 4420927 2
owner 3 4423831 2
owner 3 4426735 2
owner 3 4423832 2
owner 3 4426736 2
owner 3 4423833 2
owner 3 4426737 2
owner 3 4423834 2
owner 3 4426734 2
owner 3 4423829 2
owner 3 4406406 2
owner 3 4406407 2
owner 3 4406408 2
owner 3 4406409 2
owner 3 3530781 3
owner 3 3527877 3
owner 3 3533685 3
owner 3 3530780 3
owner 3 3530782 3
owner 3 3527878 3
owner 3 3533686 3
owner 3 3530783 3
owner 3 3527879 3
owner 3 3533687 3
owner 3 3530784 3
owner 3 3527880 3
owner 3 3533688 3
owner 3 3524976 3
owner 3 3524975 3
owner 3 3522071 3
owner 3 3524974 3
owner 3 3522070 3
owner 3 3524973 3
owner 3 3522069 3
owner 3 3524972 3
owner 3 3522068 3
owner 3 3527876 3
owner 3 3524971 3
owner 3 3522067 3
owner 3 3527875 3
owner 3 3524970 3
owner 3 3522066 3
owner 3 3527874 3
owner 3 3524969 3
owner 3 3527873 3
owner 3 3530777 3
owner 3 3533681 3
owner 3 3530778 3
owner 3 3533682 3
owner 3 3530779 3
owner 3 3533683 3
owner 3 3536587 3
owner 3 3533684 3
owner 3 3536588 3
owner 3 3539492 3
owner 3 3536589 3
owner 3 3539493 3
owner 3 3536590 3
owner 3 3539494 3
owner 3 3536591 3
owner 3 3539491 3
owner 3 3536586 3
owner 3 3519163 3
owner 3 3519164 3
owner 3 3519165 3
owner 3 3519166 3
owner 3 4554721 4
owner 3 4551817 4
owner 3 4557625 4
owner 3 4554720 4
owner 3 4554722 4
owner 3 4551818 4
owner 3 4557626 4
owner 3 4554723 4
owner 3 4551819 4
owner 3 4557627 4
owner 3 4554724 4
owner 3 4551820 4
owner 3 4557628 4
owner 3 4548916 4
owner 3 4548915 4
owner 3 4546011 4
owner 3 4548914 4
owner 3 4546010 4
owner 3 4548913 4
owner 3 4546009 4
owner 3 4548912 4
owner 3 4546008 4
owner 3 4551816 4
owner 3 4548911 4
owner 3 4546007 4
owner 3 4551815 4
owner 3 4548910 4
owner 3 4546006 4
owner 3 4551814 4
owner 3 4548909 4
owner 3 4551813 4
owner 3 4554717 4
owner 3 4557621 4
owner 3 4554718 4
owner 3 4557622 4
owner 3 4554719 4
owner 3 4557623 4
owner 3 4560527 4
owner 3 4557624 4
owner 3 4560528 4
owner 3 4563432 4
owner 3 4560529 4
owner 3 4563433 4
owner 3 4560530 4
owner 3 4563434 4
owner 3 4560531 4
owner 3 4563431 4
owner 3 4560526 4
owner 3 4543103 4
owner 3 4543104 4
owner 3 4543105 4
owner 3 4543106 4
prev 3 4418024
prev 3 3530781
prev 3 4554721
owned 3 2076068
owned 3 2076069
owned 3 2076070
owned 3 2076071
owned 3 2078971
owned 3 2078972
owned 3 2078973
owned 3 2078974
owned 3 2078975
owned 3 2078976
owned 3 2081874
owned 3 2081875
owned 3 2081876
owned 3 2081877
owned 3 2081878
owned 3 2081879
owned 3 2081880
owned 3 2081881
owned 3 2084778
owned 3 2084779
owned 3 2084780
owned 3 2084781
owned 3 2084782
owned 3 2084783
owned 3 2084784
owned 3 2084785
owned 3 2087682
owned 3 2087683
owned 3 2087684
owned 3 2087685
owned 3 2087686
owned 3 2087687
owned 3 2087688
owned 3 2087689
owned 3 2090586
owned 3 2090587
owned 3 2090588
owned 3 2090589
owned 3 2090590
owned 3 2090591
owned 3 2090592
owned 3 2090593
owned 3 2093491
owned 3 2093492
owned 3 2093493
owned 3 2093494
owned 3 2093495
owned 3 2093496
owned 3 2096396
owned 3 2096397
owned 3 2096398
owned 3 2096399
bot 4 6 79lbhuod 919150858 434967 2271 149 52
owner 4 4418024 2
owner 4 4415120 2
owner 4 4420928 2
owner 4 4418023 2
owner 4 4418025 2
owner 4 4415121 2
owner 4 4420929 2
owner 4 4418026 2
owner 4 4415122 2
owner 4 4420930 2
owner 4 4418027 2
owner 4 4415123 2
owner 4 4420931 2
owner 4 4412219 2
owner 4 4412218 2
owner 4 4409314 2
owner 4 4412217 2
owner 4 4409313 2
owner 4 4412216 2
owner 4 4409312 2
owner 4 4412215 2
owner 4 4409311 2
owner 4 4415119 2
owner 4 4412214 2
owner 4 4409310 2
owner 4 4415118 2
owner 4 4412213 2
owner 4 4409309 2
owner 4 4415117 2
owner 4 4412212 2
owner 4 4415116 2
owner 4 4418020 2
owner 4 4420924 2
owner 4 4418021 2
owner 4 4420925 2
owner 4 4418022 2
owner 4 4420926 2
owner 4 4423830 2
owner 4 4420927 2
owner 4 4423831 2
owner 4 4426735 2
owner 4 4423832 2
owner 4 4426736 2
owner 4 4423833 2
owner 4 4426737 2
owner 4 4423834 2
owner 4 4426734 2
owner 4 4423829 2
owner 4 4406406 2
owner 4 4406407 2
owner 4 4406408 2
owner 4 4406409 2
owner 4 3530781 3
owner 4 3527877 3
owner 4 3533685 3
owner 4 3530780 3
owner 4 3530782 3
owner 4 3527878 3
owner 4 3533686 3
owner 4 3530783 3
owner 4 3527879 3
owner 4 3533687 3
owner 4 3530784 3
owner 4 3527880 3
owner 4 3533688 3
owner 4 3524976 3
owner 4 3524975 3
owner 4 3522071 3
owner 4 3524974 3
owner 4 3522070 3
owner 4 3524973 3
owner 4 3522069 3
owner 4 3524972 3
owner 4 3522068 3
owner 4 3527876 3
owner 4 3524971 3
owner 4 3522067 3
owner 4 3527875 3
owner 4 3524970 3
owner 4 3522066 3
owner 4 3527874 3
owner 4 3524969 3
owner 4 3527873 3
owner 4 3530777 3
owner 4 3533681 3
owner 4 3530778 3
owner 4 3533682 3
owner 4 3530779 3
owner 4 3533683 3
owner 4 3536587 3
owner 4 3533684 3
owner 4 3536588 3
owner 4 3539492 3
owner 4 3536589 3
owner 4 3539493 3
owner 4 3536590 3
owner 4 3539494 3
owner 4 3536591 3
owner 4 3539491 3
owner 4 3536586 3
owner 4 3519163 3
owner 4 3519164 3
owner 4 3519165 3
owner 4 3519166 3
owner 4 4554721 4
owner 4 4551817 4
owner 4 4557625 4
owner 4 4554720 4
owner 4 4554722 4
owner 4 4551818 4
owner 4 4557626 4
owner 4 4554723 4
owner 4 4551819 4
owner 4 4557627 4
owner 4 4554724 4
owner 4 4551820 4
owner 4 4557628 4
owner 4 4548916 4
owner 4 4548915 4
owner 4 4546011 4
owner 4 4548914 4
owner 4 4546010 4
owner 4 4548913 4
owner 4 4546009 4
owner 4 4548912 4
owner 4 4546008 4
owner 4 4551816 4
owner 4 4548911 4
owner 4 4546007 4
owner 4 4551815 4
owner 4 4548910 4
owner 4 4546006 4
owner 4 4551814 4
owner 4 4548909 4
owner 4 4551813 4
owner 4 4554717 4
owner 4 4557621 4
owner 4 4554718 4
owner 4 4557622 4
owner 4 4554719 4
owner 4 4557623 4
owner 4 4560527 4
owner 4 4557624 4
owner 4 4560528 4
owner 4 4563432 4
owner 4 4560529 4
owner 4 4563433 4
owner 4 4560530 4
owner 4 4563434 4
owner 4 4560531 4
owner 4 4563431 4
owner 4 4560526 4
owner 4 4543103 4
owner 4 4543104 4
owner 4 4543105 4
owner 4 4543106 4
owner 4 2087686 5
owner 4 2084782 5
owner 4 2090590 5
owner 4 2087685 5
owner 4 2087687 5
owner 4 2084783 5
owner 4 2090591 5
owner 4 2087688 5
owner 4 2084784 5
owner 4 2090592 5
owner 4 2087689 5
owner 4 2084785 5
owner 4 2090593 5
owner 4 2081881 5
owner 4 2081880 5
owner 4 2078976 5
owner 4 2081879 5
owner 4 2078975 5
owner 4 2081878 5
owner 4 2078974 5
owner 4 2081877 5
owner 4 2078973 5
owner 4 2084781 5
owner 4 2081876 5
owner 4 2078972 5
owner 4 2084780 5
owner 4 2081875 5
owner 4 2078971 5
owner 4 2084779 5
owner 4 2081874 5
owner 4 2084778 5
owner 4 2087682 5
owner 4 2090586 5
owner 4 2087683 5
owner 4 2090587 5
owner 4 2087684 5
owner 4 2090588 5
owner 4 2093492 5
owner 4 2090589 5
owner 4 2093493 5
owner 4 2096397 5
owner 4 2093494 5
owner 4 2096398 5
owner 4 2093495 5
owner 4 2096399 5
owner 4 2093496 5
owner 4 2096396 5
owner 4 2093491 5
owner 4 2076068 5
owner 4 2076069 5
owner 4 2076070 5
owner 4 2076071 5
prev 4 4418024
prev 4 3530781
prev 4 4554721
prev 4 2087686
owned 4 423349
owned 4 423350
owned 4 423351
owned 4 423352
owned 4 426252
owned 4 426253
owned 4 426254
owned 4 426255
owned 4 426256
owned 4 426257
owned 4 429155
owned 4 429156
owned 4 429157
owned 4 429158
owned 4 429159
owned 4 429160
owned 4 429161
owned 4 429162
owned 4 432059
owned 4 432060
owned 4 432061
owned 4 432062
owned 4 432063
owned 4 432064
owned 4 432065
owned 4 432066
owned 4 434963
owned 4 434964
owned 4 434965
owned 4 434966
owned 4 434967
owned 4 434968
owned 4 434969
owned 4 434970
owned 4 437867
owned 4 437868
owned 4 437869
owned 4 437870
owned 4 437871
owned 4 437872
owned 4 437873
owned 4 437874
owned 4 440772
owned 4 440773
owned 4 440774
owned 4 440775
owned 4 440776
owned 4 440777
owned 4 443677
owned 4 443678
owned 4 443679
owned 4 443680
bot 5 7 0eay8wsu 312910098 2051988 1764 706 52
owner 5 4418024 2
owner 5 4415120 2
owner 5 4420928 2
owner 5 4418023 2
owner 5 4418025 2
owner 5 4415121 2
owner 5 4420929 2
owner 5 4418026 2
owner 5 4415122 2
owner 5 4420930 2
owner 5 4418027 2
owner 5 4415123 2
owner 5 4420931 2
owner 5 4412219 2
owner 5 4412218 2
owner 5 4409314 2
owner 5 4412217 2
owner 5 4409313 2
owner 5 4412216 2
owner 5 4409312 2
owner 5 4412215 2
owner 5 4409311 2
owner 5 4415119 2
owner 5 4412214 2
owner 5 4409310 2
owner 5 4415118 2
owner 5 4412213 2
owner 5 4409309 2
owner 5 4415117 2
owner 5 4412212 2
owner 5 4415116 2
owner 5 4418020 2
owner 5 4420924 2
owner 5 4418021 2
owner 5 4420925 2
owner 5 4418022 2
owner 5 4420926 2
owner 5 4423830 2
owner 5 4420927 2
owner 5 4423831 2
owner 5 4426735 2
owner 5 4423832 2
owner 5 4426736 2
owner 5 4423833 2
owner 5 4426737 2
owner 5 4423834 2
owner 5 4426734 2
owner 5 4423829 2
owner 5 4406406 2
owner 5 4406407 2
owner 5 4406408 2
owner 5 4406409 2
owner 5 3530781 3
owner 5 3527877 3
owner 5 3533685 3
owner 5 3530780 3
owner 5 3530782 3
owner 5 3527878 3
owner 5 3533686 3
owner 5 3530783 3
owner 5 3527879 3
owner 5 3533687 3
owner 5 3530784 3
owner 5 3527880 3
owner 5 3533688 3
owner 5 3524976 3
owner 5 3524975 3
owner 5 3522071 3
owner 5 3524974 3
owner 5 3522070 3
owner 5 3524973 3
owner 5 3522069 3
owner 5 3524972 3
owner 5 3522068 3
owner 5 3527876 3
owner 5 3524971 3
owner 5 3522067 3
owner 5 3527875 3
owner 5 3524970 3
owner 5 3522066 3
owner 5 3527874 3
owner 5 3524969 3
owner 5 3527873 3
owner 5 3530777 3
owner 5 3533681 3
owner 5 3530778 3
owner 5 3533682 3
owner 5 3530779 3
owner 5 3533683 3
owner 5 3536587 3
owner 5 3533684 3
owner 5 3536588 3
owner 5 3539492 3
owner 5 3536589 3
owner 5 3539493 3
owner 5 3536590 3
owner 5 3539494 3
owner 5 3536591 3
owner 5 3539491 3
owner 5 3536586 3
owner 5 3519163 3
owner 5 3519164 3
owner 5 3519165 3
owner 5 3519166 3
owner 5 4554721 4
owner 5 4551817 4
owner 5 4557625 4
owner 5 4554720 4
owner 5 4554722 4
owner 5 4551818 4
owner 5 4557626 4
owner 5 4554723 4
owner 5 4551819 4
owner 5 4557627 4
owner 5 4554724 4
owner 5 4551820 4
owner 5 4557628 4
owner 5 4548916 4
owner 5 4548915 4
owner 5 4546011 4
owner 5 4548914 4
owner 5 4546010 4
owner 5 4548913 4
owner 5 4546009 4
owner 5 4548912 4
owner 5 4546008 4
owner 5 4551816 4
owner 5 4548911 4
owner 5 4546007 4
owner 5 4551815 4
owner 5 4548910 4
owner 5 4546006 4
owner 5 4551814 4
owner 5 4548909 4
owner 5 4551813 4
owner 5 4554717 4
owner 5 4557621 4
owner 5 4554718 4
owner 5 4557622 4
owner 5 4554719 4
owner 5 4557623 4
owner 5 4560527 4
owner 5 4557624 4
owner 5 4560528 4
owner 5 4563432 4
owner 5 4560529 4
owner 5 4563433 4
owner 5 4560530 4
owner 5 4563434 4
owner 5 4560531 4
owner 5 4563431 4
owner 5 4560526 4
owner 5 4543103 4
owner 5 4543104 4
owner 5 4543105 4
owner 5 4543106 4
owner 5 2087686 5
owner 5 2084782 5
owner 5 2090590 5
owner 5 2087685 5
owner 5 2087687 5
owner 5 2084783 5
owner 5 2090591 5
owner 5 2087688 5
owner 5 2084784 5
owner 5 2090592 5
owner 5 2087689 5
owner 5 2084785 5
owner 5 2090593 5
owner 5 2081881 5
owner 5 2081880 5
owner 5 2078976 5
owner 5 2081879 5
owner 5 2078975 5
owner 5 2081878 5
owner 5 2078974 5
owner 5 2081877 5
owner 5 2078973 5
owner 5 2084781 5
owner 5 2081876 5
owner 5 2078972 5
owner 5 2084780 5
owner 5 2081875 5
owner 5 2078971 5
owner 5 2084779 5
owner 5 2081874 5
owner 5 2084778 5
owner 5 2087682 5
owner 5 2090586 5
owner 5 2087683 5
owner 5 2090587 5
owner 5 2087684 5
owner 5 2090588 5
owner 5 2093492 5
owner 5 2090589 5
owner 5 2093493 5
owner 5 2096397 5
owner 5 2093494 5
owner 5 2096398 5
owner 5 2093495 5
owner 5 2096399 5
owner 5 2093496 5
owner 5 2096396 5
owner 5 2093491 5
owner 5 2076068 5
owner 5 2076069 5
owner 5 2076070 5
owner 5 2076071 5
owner 5 434967 6
owner 5 432063 6
owner 5 437871 6
owner 5 434966 6
owner 5 434968 6
owner 5 432064 6
owner 5 437872 6
owner 5 434969 6
owner 5 432065 6
owner 5 437873 6
owner 5 434970 6
owner 5 432066 6
owner 5 437874 6
owner 5 429162 6
owner 5 429161 6
owner 5 426257 6
owner 5 429160 6
owner 5 426256 6
owner 5 429159 6
owner 5 426255 6
owner 5 429158 6
owner 5 426254 6
owner 5 432062 6
owner 5 429157 6
owner 5 426253 6
owner 5 432061 6
owner 5 429156 6
owner 5 426252 6
owner 5 432060 6
owner 5 429155 6
owner 5 432059 6
owner 5 434963 6
owner 5 437867 6
owner 5 434964 6
owner 5 437868 6
owner 5 434965 6
owner 5 437869 6
owner 5 440773 6
owner 5 437870 6
owner 5 440774 6
owner 5 443678 6
owner 5 440775 6
owner 5 443679 6
owner 5 440776 6
owner 5 443680 6
owner 5 440777 6
owner 5 443677 6
owner 5 440772 6
owner 5 423349 6
owner 5 423350 6
owner 5 423351 6
owner 5 423352 6
prev 5 4418024
prev 5 3530781
prev 5 4554721
prev 5 2087686
prev 5 434967
owned 5 2040370
owned 5 2040371
owned 5 2040372
owned 5 2040373
owned 5 2043273
owned 5 2043274
owned 5 2043275
owned 5 2043276
owned 5 2043277
owned 5 2043278
owned 5 2046176
owned 5 2046177
owned 5 2046178
owned 5 2046179
owned 5 2046180
owned 5 2046181
owned 5 2046182
owned 5 2046183
owned 5 2049080
owned 5 2049081
owned 5 2049082
owned 5 2049083
owned 5 2049084
owned 5 2049085
owned 5 2049086
owned 5 2049087
owned 5 2051984
owned 5 2051985
owned 5 2051986
owned 5 2051987
owned 5 2051988
owned 5 2051989
owned 5 2051990
owned 5 2051991
owned 5 2054888
owned 5 2054889
owned 5 2054890
owned 5 2054891
owned 5 2054892
owned 5 2054893
owned 5 2054894
owned 5 2054895
owned 5 2057793
owned 5 2057794
owned 5 2057795
owned 5 2057796
owned 5 2057797
owned 5 2057798
owned 5 2060698
owned 5 2060699
owned 5 2060700
owned 5 2060701
bot 6 8 l4g4juu8 1373847271 4142420 1316 1426 52
owner 6 4418024 2
owner 6 4415120 2
owner 6 4420928 2
owner 6 4418023 2
owner 6 4418025 2
owner 6 4415121 2
owner 6 4420929 2
owner 6 4418026 2
owner 6 4415122 2
owner 6 4420930 2
owner 6 4418027 2
owner 6 4415123 2
owner 6 4420931 2
owner 6 4412219 2
owner 6 4412218 2
owner 6 4409314 2
owner 6 4412217 2
owner 6 4409313 2
owner 6 4412216 2
owner 6 4409312 2
owner 6 4412215 2
owner 6 4409311 2
owner 6 4415119 2
owner 6 4412214 2
owner 6 4409310 2
owner 6 4415118 2
owner 6 4412213 2
owner 6 4409309 2
owner 6 4415117 2
owner 6 4412212 2
owner 6 4415116 2
owner 6 4418020 2
owner 6 4420924 2
owner 6 4418021 2
owner 6 4420925 2
owner 6 4418022 2
owner 6 4420926 2
owner 6 4423830 2
owner 6 4420927 2
owner 6 4423831 2
owner 6 4426735 2
owner 6 4423832 2
owner 6 4426736 2
owner 6 4423833 2
owner 6 4426737 2
owner 6 4423834 2
owner 6 4426734 2
owner 6 4423829 2
owner 6 4406406 2
owner 6 4406407 2
owner 6 4406408 2
owner 6 4406409 2
owner 6 3530781 3
owner 6 3527877 3
owner 6 3533685 3
owner 6 3530780 3
owner 6 3530782 3
owner 6 3527878 3
owner 6 3533686 3
owner 6 3530783 3
owner 6 3527879 3
owner 6 3533687 3
owner 6 3530784 3
owner 6 3527880 3
owner 6 3533688 3
owner 6 3524976 3
owner 6 3524975 3
owner 6 3522071 3
owner 6 3524974 3
owner 6 3522070 3
owner 6 3524973 3
owner 6 3522069 3
owner 6 3524972 3
owner 6 3522068 3
owner 6 3527876 3
owner 6 3524971 3
owner 6 3522067 3
owner 6 3527875 3
owner 6 3524970 3
owner 6 3522066 3
owner 6 3527874 3
owner 6 3524969 3
owner 6 3527873 3
owner 6 3530777 3
owner 6 3533681 3
owner 6 3530778 3
owner 6 3533682 3
owner 6 3530779 3
owner 6 3533683 3
owner 6 3536587 3
owner 6 3533684 3
owner 6 3536588 3
owner 6 3539492 3
owner 6 3536589 3
owner 6 3539493 3
owner 6 3536590 3
owner 6 3539494 3
owner 6 3536591 3
owner 6 3539491 3
owner 6 3536586 3
owner 6 3519163 3
owner 6 3519164 3
owner 6 3519165 3
owner 6 3519166 3
owner 6 4554721 4
owner 6 4551817 4
owner 6 4557625 4
owner 6 4554720 4
owner 6 4554722 4
owner 6 4551818 4
owner 6 4557626 4
owner 6 4554723 4
owner 6 4551819 4
owner 6 4557627 4
owner 6 4554724 4
owner 6 4551820 4
owner 6 4557628 4
owner 6 4548916 4
owner 6 4548915 4
owner 6 4546011 4
owner 6 4548914 4
owner 6 4546010 4
owner 6 4548913 4
owner 6 4546009 4
owner 6 4548912 4
owner 6 4546008 4
owner 6 4551816 4
owner 6 4548911 4
owner 6 4546007 4
owner 6 4551815 4
owner 6 4548910 4
owner 6 4546006 4
owner 6 4551814 4
owner 6 4548909 4
owner 6 4551813 4
owner 6 4554717 4
owner 6 4557621 4
owner 6 4554718 4
owner 6 4557622 4
owner 6 4554719 4
owner 6 4557623 4
owner 6 4560527 4
owner 6 4557624 4
owner 6 4560528 4
owner 6 4563432 4
owner 6 4560529 4
owner 6 4563433 4
owner 6 4560530 4
owner 6 4563434 4
owner 6 4560531 4
owner 6 4563431 4
owner 6 4560526 4
owner 6 4543103 4
owner 6 4543104 4
owner 6 4543105 4
owner 6 4543106 4
owner 6 2087686 5
owner 6 2084782 5
owner 6 2090590 5
owner 6 2087685 5
owner 6 2087687 5
owner 6 2084783 5
owner 6 2090591 5
owner 6 2087688 5
owner 6 2084784 5
owner 6 2090592 5
owner 6 2087689 5
owner 6 2084785 5
owner 6 2090593 5
owner 6 2081881 5
owner 6 2081880 5
owner 6 2078976 5
owner 6 2081879 5
owner 6 2078975 5
owner 6 2081878 5
owner 6 2078974 5
owner 6 2081877 5
owner 6 2078973 5
owner 6 2084781 5
owner 6 2081876 5
owner 6 2078972 5
owner 6 2084780 5
owner 6 2081875 5
owner 6 2078971 5
owner 6 2084779 5
owner 6 2081874 5
owner 6 2084778 5
owner 6 2087682 5
owner 6 2090586 5
owner 6 2087683 5
owner 6 2090587 5
owner 6 2087684 5
owner 6 2090588 5
owner 6 2093492 5
owner 6 2090589 5
owner 6 2093493 5
owner 6 2096397 5
owner 6 2093494 5
owner 6 2096398 5
owner 6 2093495 5
owner 6 2096399 5
owner 6 2093496 5
owner 6 2096396 5
owner 6 2093491 5
owner 6 2076068 5
owner 6 2076069 5
owner 6 2076070 5
owner 6 2076071 5
owner 6 434967 6
owner 6 432063 6
owner 6 437871 6
owner 6 434966 6
owner 6 434968 6
owner 6 432064 6
owner 6 437872 6
owner 6 434969 6
owner 6 432065 6
owner 6 437873 6
owner 6 434970 6
owner 6 432066 6
owner 6 437874 6
owner 6 429162 6
owner 6 429161 6
owner 6 426257 6
owner 6 429160 6
owner 6 426256 6
owner 6 429159 6
owner 6 426255 6
owner 6 429158 6
owner 6 426254 6
owner 6 432062 6
owner 6 429157 6
owner 6 426253 6
owner 6 432061 6
owner 6 429156 6
owner 6 426252 6
owner 6 432060 6
owner 6 429155 6
owner 6 432059 6
owner 6 434963 6
owner 6 437867 6
owner 6 434964 6
owner 6 437868 6
owner 6 434965 6
owner 6 437869 6
owner 6 440773 6
owner 6 437870 6
owner 6 440774 6
owner 6 443678 6
owner 6 440775 6
owner 6 443679 6
owner 6 440776 6
owner 6 443680 6
owner 6 440777 6
owner 6 443677 6
owner 6 440772 6
owner 6 423349 6
owner 6 423350 6
owner 6 423351 6
owner 6 423352 6
owner 6 2051988 7
owner 6 2049084 7
owner 6 2054892 7
owner 6 2051987 7
owner 6 2051989 7
owner 6 2049085 7
owner 6 2054893 7
owner 6 2051990 7
owner 6 2049086 7
owner 6 2054894 7
owner 6 2051991 7
owner 6 2049087 7
owner 6 2054895 7
owner 6 2046183 7
owner 6 2046182 7
owner 6 2043278 7
owner 6 2046181 7
owner 6 2043277 7
owner 6 2046180 7
owner 6 2043276 7
owner 6 2046179 7
owner 6 2043275 7
owner 6 2049083 7
owner 6 2046178 7
owner 6 2043274 7
owner 6 2049082 7
owner 6 2046177 7
owner 6 2043273 7
owner 6 2049081 7
owner 6 2046176 7
owner 6 2049080 7
owner 6 2051984 7
owner 6 2054888 7
owner 6 2051985 7
owner 6 2054889 7
owner 6 2051986 7
owner 6 2054890 7
owner 6 2057794 7
owner 6 2054891 7
owner 6 2057795 7
owner 6 2060699 7
owner 6 2057796 7
owner 6 2060700 7
owner 6 2057797 7
owner 6 2060701 7
owner 6 2057798 7
owner 6 2060698 7
owner 6 2057793 7
owner 6 2040370 7
owner 6 2040371 7
owner 6 2040372 7
owner 6 2040373 7
prev 6 4418024
prev 6 3530781
prev 6 4554721
prev 6 2087686
prev 6 434967
prev 6 2051988
owned 6 4130802
owned 6 4130803
owned 6 4130804
owned 6 4130805
owned 6 4133705
owned 6 4133706
owned 6 4133707
owned 6 4133708
owned 6 4133709
owned 6 4133710
owned 6 4136608
owned 6 4136609
owned 6 4136610
owned 6 4136611
owned 6 4136612
owned 6 4136613
owned 6 4136614
owned 6 4136615
owned 6 4139512
owned 6 4139513
owned 6 4139514
owned 6 4139515
owned 6 4139516
owned 6 4139517
owned 6 4139518
owned 6 4139519
owned 6 4142416
owned 6 4142417
owned 6 4142418
owned 6 4142419
owned 6 4142420
owned 6 4142421
owned 6 4142422
owned 6 4142423
owned 6 4145320
owned 6 4145321
owned 6 4145322
owned 6 4145323
owned 6 4145324
owned 6 4145325
owned 6 4145326
owned 6 4145327
owned 6 4148225
owned 6 4148226
owned 6 4148227
owned 6 4148228
owned 6 4148229
owned 6 4148230
owned 6 4151130
owned 6 4151131
owned 6 4151132
owned 6 4151133
bot 7 9 gsw4n5km 1786011062 1884416 2624 648 52
owner 7 4418024 2
owner 7 4415120 2
owner 7 4420928 2
owner 7 4418023 2
owner 7 4418025 2
owner 7 4415121 2
owner 7 4420929 2
owner 7 4418026 2
owner 7 4415122 2
owner 7 4420930 2
owner 7 4418027 2
owner 7 4415123 2
owner 7 4420931 2
owner 7 4412219 2
owner 7 4412218 2
owner 7 4409314 2
owner 7 4412217 2
owner 7 4409313 2
owner 7 4412216 2
owner 7 4409312 2
owner 7 4412215 2
owner 7 4409311 2
owner 7 4415119 2
owner 7 4412214 2
owner 7 4409310 2
owner 7 4415118 2
owner 7 4412213 2
owner 7 4409309 2
owner 7 4415117 2
owner 7 4412212 2
owner 7 4415116 2
owner 7 4418020 2
owner 7 4420924 2
owner 7 4418021 2
owner 7 4420925 2
owner 7 4418022 2
owner 7 4420926 2
owner 7 4423830 2
owner 7 4420927 2
owner 7 4423831 2
owner 7 4426735 2
owner 7 4423832 2
owner 7 4426736 2
owner 7 4423833 2
owner 7 4426737 2
owner 7 4423834 2
owner 7 4426734 2
owner 7 4423829 2
owner 7 4406406 2
owner 7 4406407 2
owner 7 4406408 2
owner 7 4406409 2
owner 7 3530781 3
owner 7 3527877 3
owner 7 3533685 3
owner 7 3530780 3
owner 7 3530782 3
owner 7 3527878 3
owner 7 3533686 3
owner 7 3530783 3
owner 7 3527879 3
owner 7 3533687 3
owner 7 3530784 3
owner 7 3527880 3
owner 7 3533688 3
owner 7 3524976 3
owner 7 3524975 3
owner 7 3522071 3
owner 7 3524974 3
owner 7 3522070 3
owner 7 3524973 3
owner 7 3522069 3
owner 7 3524972 3
owner 7 3522068 3
owner 7 3527876 3
owner 7 3524971 3
owner 7 3522067 3
owner 7 3527875 3
owner 7 3524970 3
owner 7 3522066 3
owner 7 3527874 3
owner 7 3524969 3
owner 7 3527873 3
owner 7 3530777 3
owner 7 3533681 3
owner 7 3530778 3
owner 7 3533682 3
owner 7 3530779 3
owner 7 3533683 3
owner 7 3536587 3
owner 7 3533684 3
owner 7 3536588 3
owner 7 3539492 3
owner 7 3536589 3
owner 7 3539493 3
owner 7 3536590 3
owner 7 3539494 3
owner 7 3536591 3
owner 7 3539491 3
owner 7 3536586 3
owner 7 3519163 3
owner 7 3519164 3
owner 7 3519165 3
owner 7 3519166 3
owner 7 4554721 4
owner 7 4551817 4
owner 7 4557625 4
owner 7 4554720 4
owner 7 4554722 4
owner 7 4551818 4
owner 7 4557626 4
owner 7 4554723 4
owner 7 4551819 4
owner 7 4557627 4
owner 7 4554724 4
owner 7 4551820 4
owner 7 4557628 4
owner 7 4548916 4
owner 7 4548915 4
owner 7 4546011 4
owner 7 4548914 4
owner 7 4546010 4
owner 7 4548913 4
owner 7 4546009 4
owner 7 4548912 4
owner 7 4546008 4
owner 7 4551816 4
owner 7 4548911 4
owner 7 4546007 4
owner 7 4551815 4
owner 7 4548910 4
owner 7 4546006 4
owner 7 4551814 4
owner 7 4548909 4
owner 7 4551813 4
owner 7 4554717 4
owner 7 4557621 4
owner 7 4554718 4
owner 7 4557622 4
owner 7 4554719 4
owner 7 4557623 4
owner 7 4560527 4
owner 7 4557624 4
owner 7 4560528 4
owner 7 4563432 4
owner 7 4560529 4
owner 7 4563433 4
owner 7 4560530 4
owner 7 4563434 4
owner 7 4560531 4
owner 7 4563431 4
owner 7 4560526 4
owner 7 4543103 4
owner 7 4543104 4
owner 7 4543105 4
owner 7 4543106 4
owner 7 2087686 5
owner 7 2084782 5
owner 7 2090590 5
owner 7 2087685 5
owner 7 2087687 5
owner 7 2084783 5
owner 7 2090591 5
owner 7 2087688 5
owner 7 2084784 5
owner 7 2090592 5
owner 7 2087689 5
owner 7 2084785 5
owner 7 2090593 5
owner 7 2081881 5
owner 7 2081880 5
owner 7 2078976 5
owner 7 2081879 5
owner 7 2078975 5
owner 7 2081878 5
owner 7 2078974 5
owner 7 2081877 5
owner 7 2078973 5
owner 7 2084781 5
owner 7 2081876 5
owner 7 2078972 5
owner 7 2084780 5
owner 7 2081875 5
owner 7 2078971 5
owner 7 2084779 5
owner 7 2081874 5
owner 7 2084778 5
owner 7 2087682 5
owner 7 2090586 5
owner 7 2087683 5
owner 7 2090587 5
owner 7 2087684 5
owner 7 2090588 5
owner 7 2093492 5
owner 7 2090589 5
owner 7 2093493 5
owner 7 2096397 5
owner 7 2093494 5
owner 7 2096398 5
owner 7 2093495 5
owner 7 2096399 5
owner 7 2093496 5
owner 7 2096396 5
owner 7 2093491 5
owner 7 2076068 5
owner 7 2076069 5
owner 7 2076070 5
owner 7 2076071 5
owner 7 434967 6
owner 7 432063 6
owner 7 437871 6
owner 7 434966 6
owner 7 434968 6
owner 7 432064 6
owner 7 437872 6
owner 7 434969 6
owner 7 432065 6
owner 7 437873 6
owner 7 434970 6
owner 7 432066 6
owner 7 437874 6
owner 7 429162 6
owner 7 429161 6
owner 7 426257 6
owner 7 429160 6
owner 7 426256 6
owner 7 429159 6
owner 7 426255 6
owner 7 429158 6
owner 7 426254 6
owner 7 432062 6
owner 7 429157 6
owner 7 426253 6
owner 7 432061 6
owner 7 429156 6
owner 7 426252 6
owner 7 432060 6
owner 7 429155 6
owner 7 432059 6
owner 7 434963 6
owner 7 437867 6
owner 7 434964 6
owner 7 437868 6
owner 7 434965 6
owner 7 437869 6
owner 7 440773 6
owner 7 437870 6
owner 7 440774 6
owner 7 443678 6
owner 7 440775 6
owner 7 443679 6
owner 7 440776 6
owner 7 443680 6
owner 7 440777 6
owner 7 443677 6
owner 7 440772 6
owner 7 423349 6
owner 7 423350 6
owner 7 423351 6
owner 7 423352 6
owner 7 2051988 7
owner 7 2049084 7
owner 7 2054892 7
owner 7 2051987 7
owner 7 2051989 7
owner 7 2049085 7
owner 7 2054893 7
owner 7 2051990 7
owner 7 2049086 7
owner 7 2054894 7
owner 7 2051991 7
owner 7 2049087 7
owner 7 2054895 7
owner 7 2046183 7
owner 7 2046182 7
owner 7 2043278 7
owner 7 2046181 7
owner 7 2043277 7
owner 7 2046180 7
owner 7 2043276 7
owner 7 2046179 7
owner 7 2043275 7
owner 7 2049083 7
owner 7 2046178 7
owner 7 2043274 7
owner 7 2049082 7
owner 7 2046177 7
owner 7 2043273 7
owner 7 2049081 7
owner 7 2046176 7
owner 7 2049080 7
owner 7 2051984 7
owner 7 2054888 7
owner 7 2051985 7
owner 7 2054889 7
owner 7 2051986 7
owner 7 2054890 7
owner 7 2057794 7
owner 7 2054891 7
owner 7 2057795 7
owner 7 2060699 7
owner 7 2057796 7
owner 7 2060700 7
owner 7 2057797 7
owner 7 2060701 7
owner 7 2057798 7
owner 7 2060698 7
owner 7 2057793 7
owner 7 2040370 7
owner 7 2040371 7
owner 7 2040372 7
owner 7 2040373 7
owner 7 4142420 8
owner 7 4139516 8
owner 7 4145324 8
owner 7 4142419 8
owner 7 4142421 8
owner 7 4139517 8
owner 7 4145325 8
owner 7 4142422 8
owner 7 4139518 8
owner 7 4145326 8
owner 7 4142423 8
owner 7 4139519 8
owner 7 4145327 8
owner 7 4136615 8
owner 7 4136614 8
owner 7 4133710 8
owner 7 4136613 8
owner 7 4133709 8
owner 7 4136612 8
owner 7 4133708 8
owner 7 4136611 8
owner 7 4133707 8
owner 7 4139515 8
owner 7 4136610 8
owner 7 4133706 8
owner 7 4139514 8
owner 7 4136609 8
owner 7 4133705 8
owner 7 4139513 8
owner 7 4136608 8
owner 7 4139512 8
owner 7 4142416 8
owner 7 4145320 8
owner 7 4142417 8
owner 7 4145321 8
owner 7 4142418 8
owner 7 4145322 8
owner 7 4148226 8
owner 7 4145323 8
owner 7 4148227 8
owner 7 4151131 8
owner 7 4148228 8
owner 7 4151132 8
owner 7 4148229 8
owner 7 4151133 8
owner 7 4148230 8
owner 7 4151130 8
owner 7 4148225 8
owner 7 4130802 8
owner 7 4130803 8
owner 7 4130804 8
owner 7 4130805 8
prev 7 4418024
prev 7 3530781
prev 7 4554721
prev 7 2087686
prev 7 434967
prev 7 2051988
prev 7 4142420
owned 7 1872798
owned 7 1872799
owned 7 1872800
owned 7 1872801
owned 7 1875701
owned 7 1875702
owned 7 1875703
owned 7 1875704
owned 7 1875705
owned 7 1875706
owned 7 1878604
owned 7 1878605
owned 7 1878606
owned 7 1878607
owned 7 1878608
owned 7 1878609
owned 7 1878610
owned 7 1878611
owned 7 1881508
owned 7 1881509
owned 7 1881510
owned 7 1881511
owned 7 1881512
owned 7 1881513
owned 7 1881514
owned 7 1881515
owned 7 1884412
owned 7 1884413
owned 7 1884414
owned 7 1884415
owned 7 1884416
owned 7 1884417
owned 7 1884418
owned 7 1884419
owned 7 1887316
owned 7 1887317
owned 7 1887318
owned 7 1887319
owned 7 1887320
owned 7 1887321
owned 7 1887322
owned 7 1887323
owned 7 1890221
owned 7 1890222
owned 7 1890223
owned 7 1890224
owned 7 1890225
owned 7 1890226
owned 7 1893126
owned 7 1893127
owned 7 1893128
owned 7 1893129
bot 8 10 ooz4f963 1067254298 4219316 2708 1452 52
owner 8 4418024 2
owner 8 4415120 2
owner 8 4420928 2
owner 8 4418023 2
owner 8 4418025 2
owner 8 4415121 2
owner 8 4420929 2
owner 8 4418026 2
owner 8 4415122 2
owner 8 4420930 2
owner 8 4418027 2
owner 8 4415123 2
owner 8 4420931 2
owner 8 4412219 2
owner 8 4412218 2
owner 8 4409314 2
owner 8 4412217 2
owner 8 4409313 2
owner 8 4412216 2
owner 8 4409312 2
owner 8 4412215 2
owner 8 4409311 2
owner 8 4415119 2
owner 8 4412214 2
owner 8 4409310 2
owner 8 4415118 2
owner 8 4412213 2
owner 8 4409309 2
owner 8 4415117 2
owner 8 4412212 2
owner 8 4415116 2
owner 8 4418020 2
owner 8 4420924 2
owner 8 4418021 2
owner 8 4420925 2
owner 8 4418022 2
owner 8 4420926 2
owner 8 4423830 2
owner 8 4420927 2
owner 8 4423831 2
owner 8 4426735 2
owner 8 4423832 2
owner 8 4426736 2
owner 8 4423833 2
owner 8 4426737 2
owner 8 4423834 2
owner 8 4426734 2
owner 8 4423829 2
owner 8 4406406 2
owner 8 4406407 2
owner 8 4406408 2
owner 8 4406409 2
owner 8 3530781 3
owner 8 3527877 3
owner 8 3533685 3
owner 8 3530780 3
owner 8 3530782 3
owner 8 3527878 3
owner 8 3533686 3
owner 8 3530783 3
owner 8 3527879 3
owner 8 3533687 3
owner 8 3530784 3
owner 8 3527880 3
owner 8 3533688 3
owner 8 3524976 3
owner 8 3524975 3
owner 8 3522071 3
owner 8 3524974 3
owner 8 3522070 3
owner 8 3524973 3
owner 8 3522069 3
owner 8 3524972 3
owner 8 3522068 3
owner 8 3527876 3
owner 8 3524971 3
owner 8 3522067 3
owner 8 3527875 3
owner 8 3524970 3
owner 8 3522066 3
owner 8 3527874 3
owner 8 3524969 3
owner 8 3527873 3
owner 8 3530777 3
owner 8 3533681 3
owner 8 3530778 3
owner 8 3533682 3
owner 8 3530779 3
owner 8 3533683 3
owner 8 3536587 3
owner 8 3533684 3
owner 8 3536588 3
owner 8 3539492 3
owner 8 3536589 3
owner 8 3539493 3
owner 8 3536590 3
owner 8 3539494 3
owner 8 3536591 3
owner 8 3539491 3
owner 8 3536586 3
owner 8 3519163 3
owner 8 3519164 3
owner 8 3519165 3
owner 8 3519166 3
owner 8 4554721 4
owner 8 4551817 4
owner 8 4557625 4
owner 8 4554720 4
owner 8 4554722 4
owner 8 4551818 4
owner 8 4557626 4
owner 8 4554723 4
owner 8 4551819 4
owner 8 4557627 4
owner 8 4554724 4
owner 8 4551820 4
owner 8 4557628 4
owner 8 4548916 4
owner 8 4548915 4
owner 8 4546011 4
owner 8 4548914 4
owner 8 4546010 4
owner 8 4548913 4
owner 8 4546009 4
owner 8 4548912 4
owner 8 4546008 4
owner 8 4551816 4
owner 8 4548911 4
owner 8 4546007 4
owner 8 4551815 4
owner 8 4548910 4
owner 8 4546006 4
owner 8 4551814 4
owner 8 4548909 4
owner 8 4551813 4
owner 8 4554717 4
owner 8 4557621 4
owner 8 4554718 4
owner 8 4557622 4
owner 8 4554719 4
owner 8 4557623 4
owner 8 4560527 4
owner 8 4557624 4
owner 8 4560528 4
owner 8 4563432 4
owner 8 4560529 4
owner 8 4563433 4
owner 8 4560530 4
owner 8 4563434 4
owner 8 4560531 4
owner 8 4563431 4
owner 8 4560526 4
owner 8 4543103 4
owner 8 4543104 4
owner 8 4543105 4
owner 8 4543106 4
owner 8 2087686 5
owner 8 2084782 5
owner 8 2090590 5
owner 8 2087685 5
owner 8 2087687 5
owner 8 2084783 5
owner 8 2090591 5
owner 8 2087688 5
owner 8 2084784 5
owner 8 2090592 5
owner 8 2087689 5
owner 8 2084785 5
owner 8 2090593 5
owner 8 2081881 5
owner 8 2081880 5
owner 8 2078976 5
owner 8 2081879 5
owner 8 2078975 5
owner 8 2081878 5
owner 8 2078974 5
owner 8 2081877 5
owner 8 2078973 5
owner 8 2084781 5
owner 8 2081876 5
owner 8 2078972 5
owner 8 2084780 5
owner 8 2081875 5
owner 8 2078971 5
owner 8 2084779 5
owner 8 2081874 5
owner 8 2084778 5
owner 8 2087682 5
owner 8 2090586 5
owner 8 2087683 5
owner 8 2090587 5
owner 8 2087684 5
owner 8 2090588 5
owner 8 2093492 5
owner 8 2090589 5
owner 8 2093493 5
owner 8 2096397 5
owner 8 2093494 5
owner 8 2096398 5
owner 8 2093495 5
owner 8 2096399 5
owner 8 2093496 5
owner 8 2096396 5
owner 8 2093491 5
owner 8 2076068 5
owner 8 2076069 5
owner 8 2076070 5
owner 8 2076071 5
owner 8 434967 6
owner 8 432063 6
owner 8 437871 6
owner 8 434966 6
owner 8 434968 6
owner 8 432064 6
owner 8 437872 6
owner 8 434969 6
owner 8 432065 6
owner 8 437873 6
owner 8 434970 6
owner 8 432066 6
owner 8 437874 6
owner 8 429162 6
owner 8 429161 6
owner 8 426257 6
owner 8 429160 6
owner 8 426256 6
owner 8 429159 6
owner 8 426255 6
owner 8 429158 6
owner 8 426254 6
owner 8 432062 6
owner 8 429157 6
owner 8 426253 6
owner 8 432061 6
owner 8 429156 6
owner 8 426252 6
owner 8 432060 6
owner 8 429155 6
owner 8 432059 6
owner 8 434963 6
owner 8 437867 6
owner 8 434964 6
owner 8 437868 6
owner 8 434965 6
owner 8 437869 6
owner 8 440773 6
owner 8 437870 6
owner 8 440774 6
owner 8 443678 6
owner 8 440775 6
owner 8 443679 6
owner 8 440776 6
owner 8 443680 6
owner 8 440777 6
owner 8 443677 6
owner 8 440772 6
owner 8 423349 6
owner 8 423350 6
owner 8 423351 6
owner 8 423352 6
owner 8 2051988 7
owner 8 2049084 7
owner 8 2054892 7
owner 8 2051987 7
owner 8 2051989 7
owner 8 2049085 7
owner 8 2054893 7
owner 8 2051990 7
owner 8 2049086 7
owner 8 2054894 7
owner 8 2051991 7
owner 8 2049087 7
owner 8 2054895 7
owner 8 2046183 7
owner 8 2046182 7
owner 8 2043278 7
owner 8 2046181 7
owner 8 2043277 7
owner 8 2046180 7
owner 8 2043276 7
owner 8 2046179 7
owner 8 2043275 7
owner 8 2049083 7
owner 8 2046178 7
owner 8 2043274 7
owner 8 2049082 7
owner 8 2046177 7
owner 8 2043273 7
owner 8 2049081 7
owner 8 2046176 7
owner 8 2049080 7
owner 8 2051984 7
owner 8 2054888 7
owner 8 2051985 7
owner 8 2054889 7
owner 8 2051986 7
owner 8 2054890 7
owner 8 2057794 7
owner 8 2054891 7
owner 8 2057795 7
owner 8 2060699 7
owner 8 2057796 7
owner 8 2060700 7
owner 8 2057797 7
owner 8 2060701 7
owner 8 2057798 7
owner 8 2060698 7
owner 8 2057793 7
owner 8 2040370 7
owner 8 2040371 7
owner 8 2040372 7
owner 8 2040373 7
owner 8 4142420 8
owner 8 4139516 8
owner 8 4145324 8
owner 8 4142419 8
owner 8 4142421 8
owner 8 4139517 8
owner 8 4145325 8
owner 8 4142422 8
owner 8 4139518 8
owner 8 4145326 8
owner 8 4142423 8
owner 8 4139519 8
owner 8 4145327 8
owner 8 4136615 8
owner 8 4136614 8
owner 8 4133710 8
owner 8 4136613 8
owner 8 4133709 8
owner 8 4136612 8
owner 8 4133708 8
owner 8 4136611 8
owner 8 4133707 8
owner 8 4139515 8
owner 8 4136610 8
owner 8 4133706 8
owner 8 4139514 8
owner 8 4136609 8
owner 8 4133705 8
owner 8 4139513 8
owner 8 4136608 8
owner 8 4139512 8
owner 8 4142416 8
owner 8 4145320 8
owner 8 4142417 8
owner 8 4145321 8
owner 8 4142418 8
owner 8 4145322 8
owner 8 4148226 8
owner 8 4145323 8
owner 8 4148227 8
owner 8 4151131 8
owner 8 4148228 8
owner 8 4151132 8
owner 8 4148229 8
owner 8 4151133 8
owner 8 4148230 8
owner 8 4151130 8
owner 8 4148225 8
owner 8 4130802 8
owner 8 4130803 8
owner 8 4130804 8
owner 8 4130805 8
owner 8 1884416 9
owner 8 1881512 9
owner 8 1887320 9
owner 8 1884415 9
owner 8 1884417 9
owner 8 1881513 9
owner 8 1887321 9
owner 8 1884418 9
owner 8 1881514 9
owner 8 1887322 9
owner 8 1884419 9
owner 8 1881515 9
owner 8 1887323 9
owner 8 1878611 9
owner 8 1878610 9
owner 8 1875706 9
owner 8 1878609 9
owner 8 1875705 9
owner 8 1878608 9
owner 8 1875704 9
owner 8 1878607 9
owner 8 1875703 9
owner 8 1881511 9
owner 8 1878606 9
owner 8 1875702 9
owner 8 1881510 9
owner 8 1878605 9
owner 8 1875701 9
owner 8 1881509 9
owner 8 1878604 9
owner 8 1881508 9
owner 8 1884412 9
owner 8 1887316 9
owner 8 1884413 9
owner 8 1887317 9
owner 8 1884414 9
owner 8 1887318 9
owner 8 1890222 9
owner 8 1887319 9
owner 8 1890223 9
owner 8 1893127 9
owner 8 1890224 9
owner 8 1893128 9
owner 8 1890225 9
owner 8 1893129 9
owner 8 1890226 9
owner 8 1893126 9
owner 8 1890221 9
owner 8 1872798 9
owner 8 1872799 9
owner 8 1872800 9
owner 8 1872801 9
prev 8 4418024
prev 8 3530781
prev 8 4554721
prev 8 2087686
prev 8 434967
prev 8 2051988
prev 8 4142420
prev 8 1884416
owned 8 4207698
owned 8 4207699
owned 8 4207700
owned 8 4207701
owned 8 4210601
owned 8 4210602
owned 8 4210603
owned 8 4210604
owned 8 4210605
owned 8 4210606
owned 8 4213504
owned 8 4213505
owned 8 4213506
owned 8 4213507
owned 8 4213508
owned 8 4213509
owned 8 4213510
owned 8 4213511
owned 8 4216408
owned 8 4216409
owned 8 4216410
owned 8 4216411
owned 8 4216412
owned 8 4216413
owned 8 4216414
owned 8 4216415
owned 8 4219312
owned 8 4219313
owned 8 4219314
owned 8 4219315
owned 8 4219316
owned 8 4219317
owned 8 4219318
owned 8 4219319
owned 8 4222216
owned 8 4222217
owned 8 4222218
owned 8 4222219
owned 8 4222220
owned 8 4222221
owned 8 4222222
owned 8 4222223
owned 8 4225121
owned 8 4225122
owned 8 4225123
owned 8 4225124
owned 8 4225125
owned 8 4225126
owned 8 4228026
owned 8 4228027
owned 8 4228028
owned 8 4228029
bot 9 11 g49bog52 471077977 3594765 2517 1237 52
owner 9 4418024 2
owner 9 4415120 2
owner 9 4420928 2
owner 9 4418023 2
owner 9 4418025 2
owner 9 4415121 2
owner 9 4420929 2
owner 9 4418026 2
owner 9 4415122 2
owner 9 4420930 2
owner 9 4418027 2
owner 9 4415123 2
owner 9 4420931 2
owner 9 4412219 2
owner 9 4412218 2
owner 9 4409314 2
owner 9 4412217 2
owner 9 4409313 2
owner 9 4412216 2
owner 9 4409312 2
owner 9 4412215 2
owner 9 4409311 2
owner 9 4415119 2
owner 9 4412214 2
owner 9 4409310 2
owner 9 4415118 2
owner 9 4412213 2
owner 9 4409309 2
owner 9 4415117 2
owner 9 4412212 2
owner 9 4415116 2
owner 9 4418020 2
owner 9 4420924 2
owner 9 4418021 2
owner 9 4420925 2
owner 9 4418022 2
owner 9 4420926 2
owner 9 4423830 2
owner 9 4420927 2
owner 9 4423831 2
owner 9 4426735 2
owner 9 4423832 2
owner 9 4426736 2
owner 9 4423833 2
owner 9 4426737 2
owner 9 4423834 2
owner 9 4426734 2
owner 9 4423829 2
owner 9 4406406 2
owner 9 4406407 2
owner 9 4406408 2
owner 9 4406409 2
owner 9 3530781 3
owner 9 3527877 3
owner 9 3533685 3
owner 9 3530780 3
owner 9 3530782 3
owner 9 3527878 3
owner 9 3533686 3
owner 9 3530783 3
owner 9 3527879 3
owner 9 3533687 3
owner 9 3530784 3
owner 9 3527880 3
owner 9 3533688 3
owner 9 3524976 3
owner 9 3524975 3
owner 9 3522071 3
owner 9 3524974 3
owner 9 3522070 3
owner 9 3524973 3
owner 9 3522069 3
owner 9 3524972 3
owner 9 3522068 3
owner 9 3527876 3
owner 9 3524971 3
owner 9 3522067 3
owner 9 3527875 3
owner 9 3524970 3
owner 9 3522066 3
owner 9 3527874 3
owner 9 3524969 3
owner 9 3527873 3
owner 9 3530777 3
owner 9 3533681 3
owner 9 3530778 3
owner 9 3533682 3
owner 9 3530779 3
owner 9 3533683 3
owner 9 3536587 3
owner 9 3533684 3
owner 9 3536588 3
owner 9 3539492 3
owner 9 3536589 3
owner 9 3539493 3
owner 9 3536590 3
owner 9 3539494 3
owner 9 3536591 3
owner 9 3539491 3
owner 9 3536586 3
owner 9 3519163 3
owner 9 3519164 3
owner 9 3519165 3
owner 9 3519166 3
owner 9 4554721 4
owner 9 4551817 4
owner 9 4557625 4
owner 9 4554720 4
owner 9 4554722 4
owner 9 4551818 4
owner 9 4557626 4
owner 9 4554723 4
owner 9 4551819 4
owner 9 4557627 4
owner 9 4554724 4
owner 9 4551820 4
owner 9 4557628 4
owner 9 4548916 4
owner 9 4548915 4
owner 9 4546011 4
owner 9 4548914 4
owner 9 4546010 4
owner 9 4548913 4
owner 9 4546009 4
owner 9 4548912 4
owner 9 4546008 4
owner 9 4551816 4
owner 9 4548911 4
owner 9 4546007 4
owner 9 4551815 4
owner 9 4548910 4
owner 9 4546006 4
owner 9 4551814 4
owner 9 4548909 4
owner 9 4551813 4
owner 9 4554717 4
owner 9 4557621 4
owner 9 4554718 4
owner 9 4557622 4
owner 9 4554719 4
owner 9 4557623 4
owner 9 4560527 4
owner 9 4557624 4
owner 9 4560528 4
owner 9 4563432 4
owner 9 4560529 4
owner 9 4563433 4
owner 9 4560530 4
owner 9 4563434 4
owner 9 4560531 4
owner 9 4563431 4
owner 9 4560526 4
owner 9 4543103 4
owner 9 4543104 4
owner 9 4543105 4
owner 9 4543106 4
owner 9 2087686 5
owner 9 2084782 5
owner 9 2090590 5
owner 9 2087685 5
owner 9 2087687 5
owner 9 2084783 5
owner 9 2090591 5
owner 9 2087688 5
owner 9 2084784 5
owner 9 2090592 5
owner 9 2087689 5
owner 9 2084785 5
owner 9 2090593 5
owner 9 2081881 5
owner 9 2081880 5
owner 9 2078976 5
owner 9 2081879 5
owner 9 2078975 5
owner 9 2081878 5
owner 9 2078974 5
owner 9 2081877 5
owner 9 2078973 5
owner 9 2084781 5
owner 9 2081876 5
owner 9 2078972 5
owner 9 2084780 5
owner 9 2081875 5
owner 9 2078971 5
owner 9 2084779 5
owner 9 2081874 5
owner 9 2084778 5
owner 9 2087682 5
owner 9 2090586 5
owner 9 2087683 5
owner 9 2090587 5
owner 9 2087684 5
owner 9 2090588 5
owner 9 2093492 5
owner 9 2090589 5
owner 9 2093493 5
owner 9 2096397 5
owner 9 2093494 5
owner 9 2096398 5
owner 9 2093495 5
owner 9 2096399 5
owner 9 2093496 5
owner 9 2096396 5
owner 9 2093491 5
owner 9 2076068 5
owner 9 2076069 5
owner 9 2076070 5
owner 9 2076071 5
owner 9 434967 6
owner 9 432063 6
owner 9 437871 6
owner 9 434966 6
owner 9 434968 6
owner 9 432064 6
owner 9 437872 6
owner 9 434969 6
owner 9 432065 6
owner 9 437873 6
owner 9 434970 6
owner 9 432066 6
owner 9 437874 6
owner 9 429162 6
owner 9 429161 6
owner 9 426257 6
owner 9 429160 6
owner 9 426256 6
owner 9 429159 6
owner 9 426255 6
owner 9 429158 6
owner 9 426254 6
owner 9 432062 6
owner 9 429157 6
owner 9 426253 6
owner 9 432061 6
owner 9 429156 6
owner 9 426252 6
owner 9 432060 6
owner 9 429155 6
owner 9 432059 6
owner 9 434963 6
owner 9 437867 6
owner 9 434964 6
owner 9 437868 6
owner 9 434965 6
owner 9 437869 6
owner 9 440773 6
owner 9 437870 6
owner 9 440774 6
owner 9 443678 6
owner 9 440775 6
owner 9 443679 6
owner 9 440776 6
owner 9 443680 6
owner 9 440777 6
owner 9 443677 6
owner 9 440772 6
owner 9 423349 6
owner 9 423350 6
owner 9 423351 6
owner 9 423352 6
owner 9 2051988 7
owner 9 2049084 7
owner 9 2054892 7
owner 9 2051987 7
owner 9 2051989 7
owner 9 2049085 7
owner 9 2054893 7
owner 9 2051990 7
owner 9 2049086 7
owner 9 2054894 7
owner 9 2051991 7
owner 9 2049087 7
owner 9 2054895 7
owner 9 2046183 7
owner 9 2046182 7
owner 9 2043278 7
owner 9 2046181 7
owner 9 2043277 7
owner 9 2046180 7
owner 9 2043276 7
owner 9 2046179 7
owner 9 2043275 7
owner 9 2049083 7
owner 9 2046178 7
owner 9 2043274 7
owner 9 2049082 7
owner 9 2046177 7
owner 9 2043273 7
owner 9 2049081 7
owner 9 2046176 7
owner 9 2049080 7
owner 9 2051984 7
owner 9 2054888 7
owner 9 2051985 7
owner 9 2054889 7
owner 9 2051986 7
owner 9 2054890 7
owner 9 2057794 7
owner 9 2054891 7
owner 9 2057795 7
owner 9 2060699 7
owner 9 2057796 7
owner 9 2060700 7
owner 9 2057797 7
owner 9 2060701 7
owner 9 2057798 7
owner 9 2060698 7
owner 9 2057793 7
owner 9 2040370 7
owner 9 2040371 7
owner 9 2040372 7
owner 9 2040373 7
owner 9 4142420 8
owner 9 4139516 8
owner 9 4145324 8
owner 9 4142419 8
owner 9 4142421 8
owner 9 4139517 8
owner 9 4145325 8
owner 9 4142422 8
owner 9 4139518 8
owner 9 4145326 8
owner 9 4142423 8
owner 9 4139519 8
owner 9 4145327 8
owner 9 4136615 8
owner 9 4136614 8
owner 9 4133710 8
owner 9 4136613 8
owner 9 4133709 8
owner 9 4136612 8
owner 9 4133708 8
owner 9 4136611 8
owner 9 4133707 8
owner 9 4139515 8
owner 9 4136610 8
owner 9 4133706 8
owner 9 4139514 8
owner 9 4136609 8
owner 9 4133705 8
owner 9 4139513 8
owner 9 4136608 8
owner 9 4139512 8
owner 9 4142416 8
owner 9 4145320 8
owner 9 4142417 8
owner 9 4145321 8
owner 9 4142418 8
owner 9 4145322 8
owner 9 4148226 8
owner 9 4145323 8
owner 9 4148227 8
owner 9 4151131 8
owner 9 4148228 8
owner 9 4151132 8
owner 9 4148229 8
owner 9 4151133 8
owner 9 4148230 8
owner 9 4151130 8
owner 9 4148225 8
owner 9 4130802 8
owner 9 4130803 8
owner 9 4130804 8
owner 9 4130805 8
owner 9 1884416 9
owner 9 1881512 9
owner 9 1887320 9
owner 9 1884415 9
owner 9 1884417 9
owner 9 1881513 9
owner 9 1887321 9
owner 9 1884418 9
owner 9 1881514 9
owner 9 1887322 9
owner 9 1884419 9
owner 9 1881515 9
owner 9 1887323 9
owner 9 1878611 9
owner 9 1878610 9
owner 9 1875706 9
owner 9 1878609 9
owner 9 1875705 9
owner 9 1878608 9
owner 9 1875704 9
owner 9 1878607 9
owner 9 1875703 9
owner 9 1881511 9
owner 9 1878606 9
owner 9 1875702 9
owner 9 1881510 9
owner 9 1878605 9
owner 9 1875701 9
owner 9 1881509 9
owner 9 1878604 9
owner 9 1881508 9
owner 9 1884412 9
owner 9 1887316 9
owner 9 1884413 9
owner 9 1887317 9
owner 9 1884414 9
owner 9 1887318 9
owner 9 1890222 9
owner 9 1887319 9
owner 9 1890223 9
owner 9 1893127 9
owner 9 1890224 9
owner 9 1893128 9
owner 9 1890225 9
owner 9 1893129 9
owner 9 1890226 9
owner 9 1893126 9
owner 9 1890221 9
owner 9 1872798 9
owner 9 1872799 9
owner 9 1872800 9
owner 9 1872801 9
owner 9 4219316 10
owner 9 4216412 10
owner 9 4222220 10
owner 9 4219315 10
owner 9 4219317 10
owner 9 4216413 10
owner 9 4222221 10
owner 9 4219318 10
owner 9 4216414 10
owner 9 4222222 10
owner 9 4219319 10
owner 9 4216415 10
owner 9 4222223 10
owner 9 4213511 10
owner 9 4213510 10
owner 9 4210606 10
owner 9 4213509 10
owner 9 4210605 10
owner 9 4213508 10
owner 9 4210604 10
owner 9 4213507 10
owner 9 4210603 10
owner 9 4216411 10
owner 9 4213506 10
owner 9 4210602 10
owner 9 4216410 10
owner 9 4213505 10
owner 9 4210601 10
owner 9 4216409 10
owner 9 4213504 10
owner 9 4216408 10
owner 9 4219312 10
owner 9 4222216 10
owner 9 4219313 10
owner 9 4222217 10
owner 9 4219314 10
owner 9 4222218 10
owner 9 4225122 10
owner 9 4222219 10
owner 9 4225123 10
owner 9 4228027 10
owner 9 4225124 10
owner 9 4228028 10
owner 9 4225125 10
owner 9 4228029 10
owner 9 4225126 10
owner 9 4228026 10
owner 9 4225121 10
owner 9 4207698 10
owner 9 4207699 10
owner 9 4207700 10
owner 9 4207701 10
prev 9 4418024
prev 9 3530781
prev 9 4554721
prev 9 2087686
prev 9 434967
prev 9 2051988
prev 9 4142420
prev 9 1884416
prev 9 4219316
owned 9 3583147
owned 9 3583148
owned 9 3583149
owned 9 3583150
owned 9 3586050
owned 9 3586051
owned 9 3586052
owned 9 3586053
owned 9 3586054
owned 9 3586055
owned 9 3588953
owned 9 3588954
owned 9 3588955
owned 9 3588956
owned 9 3588957
owned 9 3588958
owned 9 3588959
owned 9 3588960
owned 9 3591857
owned 9 3591858
owned 9 3591859
owned 9 3591860
owned 9 3591861
owned 9 3591862
owned 9 3591863
owned 9 3591864
owned 9 3594761
owned 9 3594762
owned 9 3594763
owned 9 3594764
owned 9 3594765
owned 9 3594766
owned 9 3594767
owned 9 3594768
owned 9 3597665
owned 9 3597666
owned 9 3597667
owned 9 3597668
owned 9 3597669
owned 9 3597670
owned 9 3597671
owned 9 3597672
owned 9 3600570
owned 9 3600571
owned 9 3600572
owned 9 3600573
owned 9 3600574
owned 9 3600575
owned 9 3603475
owned 9 3603476
owned 9 3603477
owned 9 3603478
bot 10 12 vl3arc4y 2110741002 2271574 646 782 52
owner 10 4418024 2
owner 10 4415120 2
owner 10 4420928 2
owner 10 4418023 2
owner 10 4418025 2
owner 10 4415121 2
owner 10 4420929 2
owner 10 4418026 2
owner 10 4415122 2
owner 10 4420930 2
owner 10 4418027 2
owner 10 4415123 2
owner 10 4420931 2
owner 10 4412219 2
owner 10 4412218 2
owner 10 4409314 2
owner 10 4412217 2
owner 10 4409313 2
owner 10 4412216 2
owner 10 4409312 2
owner 10 4412215 2
owner 10 4409311 2
owner 10 4415119 2
owner 10 4412214 2
owner 10 4409310 2
owner 10 4415118 2
owner 10 4412213 2
owner 10 4409309 2
owner 10 4415117 2
owner 10 4412212 2
owner 10 4415116 2
owner 10 4418020 2
owner 10 4420924 2
owner 10 4418021 2
owner 10 4420925 2
owner 10 4418022 2
owner 10 4420926 2
owner 10 4423830 2
owner 10 4420927 2
owner 10 4423831 2
owner 10 4426735 2
owner 10 4423832 2
owner 10 4426736 2
owner 10 4423833 2
owner 10 4426737 2
owner 10 4423834 2
owner 10 4426734 2
owner 10 4423829 2
owner 10 4406406 2
owner 10 4406407 2
owner 10 4406408 2
owner 10 4406409 2
owner 10 3530781 3
owner 10 3527877 3
owner 10 3533685 3
owner 10 3530780 3
owner 10 3530782 3
owner 10 3527878 3
owner 10 3533686 3
owner 10 3530783 3
owner 10 3527879 3
owner 10 3533687 3
owner 10 3530784 3
owner 10 3527880 3
owner 10 3533688 3
owner 10 3524976 3
owner 10 3524975 3
owner 10 3522071 3
owner 10 3524974 3
owner 10 3522070 3
owner 10 3524973 3
owner 10 3522069 3
owner 10 3524972 3
owner 10 3522068 3
owner 10 3527876 3
owner 10 3524971 3
owner 10 3522067 3
owner 10 3527875 3
owner 10 3524970 3
owner 10 3522066 3
owner 10 3527874 3
owner 10 3524969 3
owner 10 3527873 3
owner 10 3530777 3
owner 10 3533681 3
owner 10 3530778 3
owner 10 3533682 3
owner 10 3530779 3
owner 10 3533683 3
owner 10 3536587 3
owner 10 3533684 3
owner 10 3536588 3
owner 10 3539492 3
owner 10 3536589 3
owner 10 3539493 3
owner 10 3536590 3
owner 10 3539494 3
owner 10 3536591 3
owner 10 3539491 3
owner 10 3536586 3
owner 10 3519163 3
owner 10 3519164 3
owner 10 3519165 3
owner 10 3519166 3
owner 10 4554721 4
owner 10 4551817 4
owner 10 4557625 4
owner 10 4554720 4
owner 10 4554722 4
owner 10 4551818 4
owner 10 4557626 4
owner 10 4554723 4
owner 10 4551819 4
owner 10 4557627 4
owner 10 4554724 4
owner 10 4551820 4
owner 10 4557628 4
owner 10 4548916 4
owner 10 4548915 4
owner 10 4546011 4
owner 10 4548914 4
owner 10 4546010 4
owner 10 4548913 4
owner 10 4546009 4
owner 10 4548912 4
owner 10 4546008 4
owner 10 4551816 4
owner 10 4548911 4
owner 10 4546007 4
owner 10 4551815 4
owner 10 4548910 4
owner 10 4546006 4
owner 10 4551814 4
owner 10 4548909 4
owner 10 4551813 4
owner 10 4554717 4
owner 10 4557621 4
owner 10 4554718 4
owner 10 4557622 4
owner 10 4554719 4
owner 10 4557623 4
owner 10 4560527 4
owner 10 4557624 4
owner 10 4560528 4
owner 10 4563432 4
owner 10 4560529 4
owner 10 4563433 4
owner 10 4560530 4
owner 10 4563434 4
owner 10 4560531 4
owner 10 4563431 4
owner 10 4560526 4
owner 10 4543103 4
owner 10 4543104 4
owner 10 4543105 4
owner 10 4543106 4
owner 10 2087686 5
owner 10 2084782 5
owner 10 2090590 5
owner 10 2087685 5
owner 10 2087687 5
owner 10 2084783 5
owner 10 2090591 5
owner 10 2087688 5
owner 10 2084784 5
owner 10 2090592 5
owner 10 2087689 5
owner 10 2084785 5
owner 10 2090593 5
owner 10 2081881 5
owner 10 2081880 5
owner 10 2078976 5
owner 10 2081879 5
owner 10 2078975 5
owner 10 2081878 5
owner 10 2078974 5
owner 10 2081877 5
owner 10 2078973 5
owner 10 2084781 5
owner 10 2081876 5
owner 10 2078972 5
owner 10 2084780 5
owner 10 2081875 5
owner 10 2078971 5
owner 10 2084779 5
owner 10 2081874 5
owner 10 2084778 5
owner 10 2087682 5
owner 10 2090586 5
owner 10 2087683 5
owner 10 2090587 5
owner 10 2087684 5
owner 10 2090588 5
owner 10 2093492 5
owner 10 2090589 5
owner 10 2093493 5
owner 10 2096397 5
owner 10 2093494 5
owner 10 2096398 5
owner 10 2093495 5
owner 10 2096399 5
owner 10 2093496 5
owner 10 2096396 5
owner 10 2093491 5
owner 10 2076068 5
owner 10 2076069 5
owner 10 2076070 5
owner 10 2076071 5
owner 10 434967 6
owner 10 432063 6
owner 10 437871 6
owner 10 434966 6
owner 10 434968 6
owner 10 432064 6
owner 10 437872 6
owner 10 434969 6
owner 10 432065 6
owner 10 437873 6
owner 10 434970 6
owner 10 432066 6
owner 10 437874 6
owner 10 429162 6
owner 10 429161 6
owner 10 426257 6
owner 10 429160 6
owner 10 426256 6
owner 10 429159 6
owner 10 426255 6
owner 10 429158 6
owner 10 426254 6
owner 10 432062 6
owner 10 429157 6
owner 10 426253 6
owner 10 432061 6
owner 10 429156 6
owner 10 426252 6
owner 10 432060 6
owner 10 429155 6
owner 10 432059 6
owner 10 434963 6
owner 10 437867 6
owner 10 434964 6
owner 10 437868 6
owner 10 434965 6
owner 10 437869 6
owner 10 440773 6
owner 10 437870 6
owner 10 440774 6
owner 10 443678 6
owner 10 440775 6
owner 10 443679 6
owner 10 440776 6
owner 10 443680 6
owner 10 440777 6
owner 10 443677 6
owner 10 440772 6
owner 10 423349 6
owner 10 423350 6
owner 10 423351 6
owner 10 423352 6
owner 10 2051988 7
owner 10 2049084 7
owner 10 2054892 7
owner 10 2051987 7
owner 10 2051989 7
owner 10 2049085 7
owner 10 2054893 7
owner 10 2051990 7
owner 10 2049086 7
owner 10 2054894 7
owner 10 2051991 7
owner 10 2049087 7
owner 10 2054895 7
owner 10 2046183 7
owner 10 2046182 7
owner 10 2043278 7
owner 10 2046181 7
owner 10 2043277 7
owner 10 2046180 7
owner 10 2043276 7
owner 10 2046179 7
owner 10 2043275 7
owner 10 2049083 7
owner 10 2046178 7
owner 10 2043274 7
owner 10 2049082 7
owner 10 2046177 7
owner 10 2043273 7
owner 10 2049081 7
owner 10 2046176 7
owner 10 2049080 7
owner 10 2051984 7
owner 10 2054888 7
owner 10 2051985 7
owner 10 2054889 7
owner 10 2051986 7
owner 10 2054890 7
owner 10 2057794 7
owner 10 2054891 7
owner 10 2057795 7
owner 10 2060699 7
owner 10 2057796 7
owner 10 2060700 7
owner 10 2057797 7
owner 10 2060701 7
owner 10 2057798 7
owner 10 2060698 7
owner 10 2057793 7
owner 10 2040370 7
owner 10 2040371 7
owner 10 2040372 7
owner 10 2040373 7
owner 10 4142420 8
owner 10 4139516 8
owner 10 4145324 8
owner 10 4142419 8
owner 10 4142421 8
owner 10 4139517 8
owner 10 4145325 8
owner 10 4142422 8
owner 10 4139518 8
owner 10 4145326 8
owner 10 4142423 8
owner 10 4139519 8
owner 10 4145327 8
owner 10 4136615 8
owner 10 4136614 8
owner 10 4133710 8
owner 10 4136613 8
owner 10 4133709 8
owner 10 4136612 8
owner 10 4133708 8
owner 10 4136611 8
owner 10 4133707 8
owner 10 4139515 8
owner 10 4136610 8
owner 10 4133706 8
owner 10 4139514 8
owner 10 4136609 8
owner 10 4133705 8
owner 10 4139513 8
owner 10 4136608 8
owner 10 4139512 8
owner 10 4142416 8
owner 10 4145320 8
owner 10 4142417 8
owner 10 4145321 8
owner 10 4142418 8
owner 10 4145322 8
owner 10 4148226 8
owner 10 4145323 8
owner 10 4148227 8
owner 10 4151131 8
owner 10 4148228 8
owner 10 4151132 8
owner 10 4148229 8
owner 10 4151133 8
owner 10 4148230 8
owner 10 4151130 8
owner 10 4148225 8
owner 10 4130802 8
owner 10 4130803 8
owner 10 4130804 8
owner 10 4130805 8
owner 10 1884416 9
owner 10 1881512 9
owner 10 1887320 9
owner 10 1884415 9
owner 10 1884417 9
owner 10 1881513 9
owner 10 1887321 9
owner 10 1884418 9
owner 10 1881514 9
owner 10 1887322 9
owner 10 1884419 9
owner 10 1881515 9
owner 10 1887323 9
owner 10 1878611 9
owner 10 1878610 9
owner 10 1875706 9
owner 10 1878609 9
owner 10 1875705 9
owner 10 1878608 9
owner 10 1875704 9
owner 10 1878607 9
owner 10 1875703 9
owner 10 1881511 9
owner 10 1878606 9
owner 10 1875702 9
owner 10 1881510 9
owner 10 1878605 9
owner 10 1875701 9
owner 10 1881509 9
owner 10 1878604 9
owner 10 1881508 9
owner 10 1884412 9
owner 10 1887316 9
owner 10 1884413 9
owner 10 1887317 9
owner 10 1884414 9
owner 10 1887318 9
owner 10 1890222 9
owner 10 1887319 9
owner 10 1890223 9
owner 10 1893127 9
owner 10 1890224 9
owner 10 1893128 9
owner 10 1890225 9
owner 10 1893129 9
owner 10 1890226 9
owner 10 1893126 9
owner 10 1890221 9
owner 10 1872798 9
owner 10 1872799 9
owner 10 1872800 9
owner 10 1872801 9
owner 10 4219316 10
owner 10 4216412 10
owner 10 4222220 10
owner 10 4219315 10
owner 10 4219317 10
owner 10 4216413 10
owner 10 4222221 10
owner 10 4219318 10
owner 10 4216414 10
owner 10 4222222 10
owner 10 4219319 10
owner 10 4216415 10
owner 10 4222223 10
owner 10 4213511 10
owner 10 4213510 10
owner 10 4210606 10
owner 10 4213509 10
owner 10 4210605 10
owner 10 4213508 10
owner 10 4210604 10
owner 10 4213507 10
owner 10 4210603 10
owner 10 4216411 10
owner 10 4213506 10
owner 10 4210602 10
owner 10 4216410 10
owner 10 4213505 10
owner 10 4210601 10
owner 10 4216409 10
owner 10 4213504 10
owner 10 4216408 10
owner 10 4219312 10
owner 10 4222216 10
owner 10 4219313 10
owner 10 4222217 10
owner 10 4219314 10
owner 10 4222218 10
owner 10 4225122 10
owner 10 4222219 10
owner 10 4225123 10
owner 10 4228027 10
owner 10 4225124 10
owner 10 4228028 10
owner 10 4225125 10
owner 10 4228029 10
owner 10 4225126 10
owner 10 4228026 10
owner 10 4225121 10
owner 10 4207698 10
owner 10 4207699 10
owner 10 4207700 10
owner 10 4207701 10
owner 10 3594765 11
owner 10 3591861 11
owner 10 3597669 11
owner 10 3594764 11
owner 10 3594766 11
owner 10 3591862 11
owner 10 3597670 11
owner 10 3594767 11
owner 10 3591863 11
owner 10 3597671 11
owner 10 3594768 11
owner 10 3591864 11
owner 10 3597672 11
owner 10 3588960 11
owner 10 3588959 11
owner 10 3586055 11
owner 10 3588958 11
owner 10 3586054 11
owner 10 3588957 11
owner 10 3586053 11
owner 10 3588956 11
owner 10 3586052 11
owner 10 3591860 11
owner 10 3588955 11
owner 10 3586051 11
owner 10 3591859 11
owner 10 3588954 11
owner 10 3586050 11
owner 10 3591858 11
owner 10 3588953 11
owner 10 3591857 11
owner 10 3594761 11
owner 10 3597665 11
owner 10 3594762 11
owner 10 3597666 11
owner 10 3594763 11
owner 10 3597667 11
owner 10 3600571 11
owner 10 3597668 11
owner 10 3600572 11
owner 10 3603476 11
owner 10 3600573 11
owner 10 3603477 11
owner 10 3600574 11
owner 10 3603478 11
owner 10 3600575 11
owner 10 3603475 11
owner 10 3600570 11
owner 10 3583147 11
owner 10 3583148 11
owner 10 3583149 11
owner 10 3583150 11
prev 10 4418024
prev 10 3530781
prev 10 4554721
prev 10 2087686
prev 10 434967
prev 10 2051988
prev 10 4142420
prev 10 1884416
prev 10 4219316
prev 10 3594765
owned 10 2259956
owned 10 2259957
owned 10 2259958
owned 10 2259959
owned 10 2262859
owned 10 2262860
owned 10 2262861
owned 10 2262862
owned 10 2262863
owned 10 2262864
owned 10 2265762
owned 10 2265763
owned 10 2265764
owned 10 2265765
owned 10 2265766
owned 10 2265767
owned 10 2265768
owned 10 2265769
owned 10 2268666
owned 10 2268667
owned 10 2268668
owned 10 2268669
owned 10 2268670
owned 10 2268671
owned 10 2268672
owned 10 2268673
owned 10 2271570
owned 10 2271571
owned 10 2271572
owned 10 2271573
owned 10 2271574
owned 10 2271575
owned 10 2271576
owned 10 2271577
owned 10 2274474
owned 10 2274475
owned 10 2274476
owned 10 2274477
owned 10 2274478
owned 10 2274479
owned 10 2274480
owned 10 2274481
owned 10 2277379
owned 10 2277380
owned 10 2277381
owned 10 2277382
owned 10 2277383
owned 10 2277384
owned 10 2280284
owned 10 2280285
owned 10 2280286
owned 10 2280287
bot 11 13 26spmsu2 1249151528 466856 2216 160 52
owner 11 4418024 2
owner 11 4415120 2
owner 11 4420928 2
owner 11 4418023 2
owner 11 4418025 2
owner 11 4415121 2
owner 11 4420929 2
owner 11 4418026 2
owner 11 4415122 2
owner 11 4420930 2
owner 11 4418027 2
owner 11 4415123 2
owner 11 4420931 2
owner 11 4412219 2
owner 11 4412218 2
owner 11 4409314 2
owner 11 4412217 2
owner 11 4409313 2
owner 11 4412216 2
owner 11 4409312 2
owner 11 4412215 2
owner 11 4409311 2
owner 11 4415119 2
owner 11 4412214 2
owner 11 4409310 2
owner 11 4415118 2
owner 11 4412213 2
owner 11 4409309 2
owner 11 4415117 2
owner 11 4412212 2
owner 11 4415116 2
owner 11 4418020 2
owner 11 4420924 2
owner 11 4418021 2
owner 11 4420925 2
owner 11 4418022 2
owner 11 4420926 2
owner 11 4423830 2
owner 11 4420927 2
owner 11 4423831 2
owner 11 4426735 2
owner 11 4423832 2
owner 11 4426736 2
owner 11 4423833 2
owner 11 4426737 2
owner 11 4423834 2
owner 11 4426734 2
owner 11 4423829 2
owner 11 4406406 2
owner 11 4406407 2
owner 11 4406408 2
owner 11 4406409 2
owner 11 3530781 3
owner 11 3527877 3
owner 11 3533685 3
owner 11 3530780 3
owner 11 3530782 3
owner 11 3527878 3
owner 11 3533686 3
owner 11 3530783 3
owner 11 3527879 3
owner 11 3533687 3
owner 11 3530784 3
owner 11 3527880 3
owner 11 3533688 3
owner 11 3524976 3
owner 11 3524975 3
owner 11 3522071 3
owner 11 3524974 3
owner 11 3522070 3
owner 11 3524973 3
owner 11 3522069 3
owner 11 3524972 3
owner 11 3522068 3
owner 11 3527876 3
owner 11 3524971 3
owner 11 3522067 3
owner 11 3527875 3
owner 11 3524970 3
owner 11 3522066 3
owner 11 3527874 3
owner 11 3524969 3
owner 11 3527873 3
owner 11 3530777 3
owner 11 3533681 3
owner 11 3530778 3
owner 11 3533682 3
owner 11 3530779 3
owner 11 3533683 3
owner 11 3536587 3
owner 11 3533684 3
owner 11 3536588 3
owner 11 3539492 3
owner 11 3536589 3
owner 11 3539493 3
owner 11 3536590 3
owner 11 3539494 3
owner 11 3536591 3
owner 11 3539491 3
owner 11 3536586 3
owner 11 3519163 3
owner 11 3519164 3
owner 11 3519165 3
owner 11 3519166 3
owner 11 4554721 4
owner 11 4551817 4
owner 11 4557625 4
owner 11 4554720 4
owner 11 4554722 4
owner 11 4551818 4
owner 11 4557626 4
owner 11 4554723 4
owner 11 4551819 4
owner 11 4557627 4
owner 11 4554724 4
owner 11 4551820 4
owner 11 4557628 4
owner 11 4548916 4
owner 11 4548915 4
owner 11 4546011 4
owner 11 4548914 4
owner 11 4546010 4
owner 11 4548913 4
owner 11 4546009 4
owner 11 4548912 4
owner 11 4546008 4
owner 11 4551816 4
owner 11 4548911 4
owner 11 4546007 4
owner 11 4551815 4
owner 11 4548910 4
owner 11 4546006 4
owner 11 4551814 4
owner 11 4548909 4
owner 11 4551813 4
owner 11 4554717 4
owner 11 4557621 4
owner 11 4554718 4
owner 11 4557622 4
owner 11 4554719 4
owner 11 4557623 4
owner 11 4560527 4
owner 11 4557624 4
owner 11 4560528 4
owner 11 4563432 4
owner 11 4560529 4
owner 11 4563433 4
owner 11 4560530 4
owner 11 4563434 4
owner 11 4560531 4
owner 11 4563431 4
owner 11 4560526 4
owner 11 4543103 4
owner 11 4543104 4
owner 11 4543105 4
owner 11 4543106 4
owner 11 2087686 5
owner 11 2084782 5
owner 11 2090590 5
owner 11 2087685 5
owner 11 2087687 5
owner 11 2084783 5
owner 11 2090591 5
owner 11 2087688 5
owner 11 2084784 5
owner 11 2090592 5
owner 11 2087689 5
owner 11 2084785 5
owner 11 2090593 5
owner 11 2081881 5
owner 11 2081880 5
owner 11 2078976 5
owner 11 2081879 5
owner 11 2078975 5
owner 11 2081878 5
owner 11 2078974 5
owner 11 2081877 5
owner 11 2078973 5
owner 11 2084781 5
owner 11 2081876 5
owner 11 2078972 5
owner 11 2084780 5
owner 11 2081875 5
owner 11 2078971 5
owner 11 2084779 5
owner 11 2081874 5
owner 11 2084778 5
owner 11 2087682 5
owner 11 2090586 5
owner 11 2087683 5
owner 11 2090587 5
owner 11 2087684 5
owner 11 2090588 5
owner 11 2093492 5
owner 11 2090589 5
owner 11 2093493 5
owner 11 2096397 5
owner 11 2093494 5
owner 11 2096398 5
owner 11 2093495 5
owner 11 2096399 5
owner 11 2093496 5
owner 11 2096396 5
owner 11 2093491 5
owner 11 2076068 5
owner 11 2076069 5
owner 11 2076070 5
owner 11 2076071 5
owner 11 434967 6
owner 11 432063 6
owner 11 437871 6
owner 11 434966 6
owner 11 434968 6
owner 11 432064 6
owner 11 437872 6
owner 11 434969 6
owner 11 432065 6
owner 11 437873 6
owner 11 434970 6
owner 11 432066 6
owner 11 437874 6
owner 11 429162 6
owner 11 429161 6
owner 11 426257 6
owner 11 429160 6
owner 11 426256 6
owner 11 429159 6
owner 11 426255 6
owner 11 429158 6
owner 11 426254 6
owner 11 432062 6
owner 11 429157 6
owner 11 426253 6
owner 11 432061 6
owner 11 429156 6
owner 11 426252 6
owner 11 432060 6
owner 11 429155 6
owner 11 432059 6
owner 11 434963 6
owner 11 437867 6
owner 11 434964 6
owner 11 437868 6
owner 11 434965 6
owner 11 437869 6
owner 11 440773 6
owner 11 437870 6
owner 11 440774 6
owner 11 443678 6
owner 11 440775 6
owner 11 443679 6
owner 11 440776 6
owner 11 443680 6
owner 11 440777 6
owner 11 443677 6
owner 11 440772 6
owner 11 423349 6
owner 11 423350 6
owner 11 423351 6
owner 11 423352 6
owner 11 2051988 7
owner 11 2049084 7
owner 11 2054892 7
owner 11 2051987 7
owner 11 2051989 7
owner 11 2049085 7
owner 11 2054893 7
owner 11 2051990 7
owner 11 2049086 7
owner 11 2054894 7
owner 11 2051991 7
owner 11 2049087 7
owner 11 2054895 7
owner 11 2046183 7
owner 11 2046182 7
owner 11 2043278 7
owner 11 2046181 7
owner 11 2043277 7
owner 11 2046180 7
owner 11 2043276 7
owner 11 2046179 7
owner 11 2043275 7
owner 11 2049083 7
owner 11 2046178 7
owner 11 2043274 7
owner 11 2049082 7
owner 11 2046177 7
owner 11 2043273 7
owner 11 2049081 7
owner 11 2046176 7
owner 11 2049080 7
owner 11 2051984 7
owner 11 2054888 7
owner 11 2051985 7
owner 11 2054889 7
owner 11 2051986 7
owner 11 2054890 7
owner 11 2057794 7
owner 11 2054891 7
owner 11 2057795 7
owner 11 2060699 7
owner 11 2057796 7
owner 11 2060700 7
owner 11 2057797 7
owner 11 2060701 7
owner 11 2057798 7
owner 11 2060698 7
owner 11 2057793 7
owner 11 2040370 7
owner 11 2040371 7
owner 11 2040372 7
owner 11 2040373 7
owner 11 4142420 8
owner 11 4139516 8
owner 11 4145324 8
owner 11 4142419 8
owner 11 4142421 8
owner 11 4139517 8
owner 11 4145325 8
owner 11 4142422 8
owner 11 4139518 8
owner 11 4145326 8
owner 11 4142423 8
owner 11 4139519 8
owner 11 4145327 8
owner 11 4136615 8
owner 11 4136614 8
owner 11 4133710 8
owner 11 4136613 8
owner 11 4133709 8
owner 11 4136612 8
owner 11 4133708 8
owner 11 4136611 8
owner 11 4133707 8
owner 11 4139515 8
owner 11 4136610 8
owner 11 4133706 8
owner 11 4139514 8
owner 11 4136609 8
owner 11 4133705 8
owner 11 4139513 8
owner 11 4136608 8
owner 11 4139512 8
owner 11 4142416 8
owner 11 4145320 8
owner 11 4142417 8
owner 11 4145321 8
owner 11 4142418 8
owner 11 4145322 8
owner 11 4148226 8
owner 11 4145323 8
owner 11 4148227 8
owner 11 4151131 8
owner 11 4148228 8
owner 11 4151132 8
owner 11 4148229 8
owner 11 4151133 8
owner 11 4148230 8
owner 11 4151130 8
owner 11 4148225 8
owner 11 4130802 8
owner 11 4130803 8
owner 11 4130804 8
owner 11 4130805 8
owner 11 1884416 9
owner 11 1881512 9
owner 11 1887320 9
owner 11 1884415 9
owner 11 1884417 9
owner 11 1881513 9
owner 11 1887321 9
owner 11 1884418 9
owner 11 1881514 9
owner 11 1887322 9
owner 11 1884419 9
owner 11 1881515 9
owner 11 1887323 9
owner 11 1878611 9
owner 11 1878610 9
owner 11 1875706 9
owner 11 1878609 9
owner 11 1875705 9
owner 11 1878608 9
owner 11 1875704 9
owner 11 1878607 9
owner 11 1875703 9
owner 11 1881511 9
owner 11 1878606 9
owner 11 1875702 9
owner 11 1881510 9
owner 11 1878605 9
owner 11 1875701 9
owner 11 1881509 9
owner 11 1878604 9
owner 11 1881508 9
owner 11 1884412 9
owner 11 1887316 9
owner 11 1884413 9
owner 11 1887317 9
owner 11 1884414 9
owner 11 1887318 9
owner 11 1890222 9
owner 11 1887319 9
owner 11 1890223 9
owner 11 1893127 9
owner 11 1890224 9
owner 11 1893128 9
owner 11 1890225 9
owner 11 1893129 9
owner 11 1890226 9
owner 11 1893126 9
owner 11 1890221 9
owner 11 1872798 9
owner 11 1872799 9
owner 11 1872800 9
owner 11 1872801 9
owner 11 4219316 10
owner 11 4216412 10
owner 11 4222220 10
owner 11 4219315 10
owner 11 4219317 10
owner 11 4216413 10
owner 11 4222221 10
owner 11 4219318 10
owner 11 4216414 10
owner 11 4222222 10
owner 11 4219319 10
owner 11 4216415 10
owner 11 4222223 10
owner 11 4213511 10
owner 11 4213510 10
owner 11 4210606 10
owner 11 4213509 10
owner 11 4210605 10
owner 11 4213508 10
owner 11 4210604 10
owner 11 4213507 10
owner 11 4210603 10
owner 11 4216411 10
owner 11 4213506 10
owner 11 4210602 10
owner 11 4216410 10
owner 11 4213505 10
owner 11 4210601 10
owner 11 4216409 10
owner 11 4213504 10
owner 11 4216408 10
owner 11 4219312 10
owner 11 4222216 10
owner 11 4219313 10
owner 11 4222217 10
owner 11 4219314 10
owner 11 4222218 10
owner 11 4225122 10
owner 11 4222219 10
owner 11 4225123 10
owner 11 4228027 10
owner 11 4225124 10
owner 11 4228028 10
owner 11 4225125 10
owner 11 4228029 10
owner 11 4225126 10
owner 11 4228026 10
owner 11 4225121 10
owner 11 4207698 10
owner 11 4207699 10
owner 11 4207700 10
owner 11 4207701 10
owner 11 3594765 11
owner 11 3591861 11
owner 11 3597669 11
owner 11 3594764 11
owner 11 3594766 11
owner 11 3591862 11
owner 11 3597670 11
owner 11 3594767 11
owner 11 3591863 11
owner 11 3597671 11
owner 11 3594768 11
owner 11 3591864 11
owner 11 3597672 11
owner 11 3588960 11
owner 11 3588959 11
owner 11 3586055 11
owner 11 3588958 11
owner 11 3586054 11
owner 11 3588957 11
owner 11 3586053 11
owner 11 3588956 11
owner 11 3586052 11
owner 11 3591860 11
owner 11 3588955 11
owner 11 3586051 11
owner 11 3591859 11
owner 11 3588954 11
owner 11 3586050 11
owner 11 3591858 11
owner 11 3588953 11
owner 11 3591857 11
owner 11 3594761 11
owner 11 3597665 11
owner 11 3594762 11
owner 11 3597666 11
owner 11 3594763 11
owner 11 3597667 11
owner 11 3600571 11
owner 11 3597668 11
owner 11 3600572 11
owner 11 3603476 11
owner 11 3600573 11
owner 11 3603477 11
owner 11 3600574 11
owner 11 3603478 11
owner 11 3600575 11
owner 11 3603475 11
owner 11 3600570 11
owner 11 3583147 11
owner 11 3583148 11
owner 11 3583149 11
owner 11 3583150 11
owner 11 2271574 12
owner 11 2268670 12
owner 11 2274478 12
owner 11 2271573 12
owner 11 2271575 12
owner 11 2268671 12
owner 11 2274479 12
owner 11 2271576 12
owner 11 2268672 12
owner 11 2274480 12
owner 11 2271577 12
owner 11 2268673 12
owner 11 2274481 12
owner 11 2265769 12
owner 11 2265768 12
owner 11 2262864 12
owner 11 2265767 12
owner 11 2262863 12
owner 11 2265766 12
owner 11 2262862 12
owner 11 2265765 12
owner 11 2262861 12
owner 11 2268669 12
owner 11 2265764 12
owner 11 2262860 12
owner 11 2268668 12
owner 11 2265763 12
owner 11 2262859 12
owner 11 2268667 12
owner 11 2265762 12
owner 11 2268666 12
owner 11 2271570 12
owner 11 2274474 12
owner 11 2271571 12
owner 11 2274475 12
owner 11 2271572 12
owner 11 2274476 12
owner 11 2277380 12
owner 11 2274477 12
owner 11 2277381 12
owner 11 2280285 12
owner 11 2277382 12
owner 11 2280286 12
owner 11 2277383 12
owner 11 2280287 12
owner 11 2277384 12
owner 11 2280284 12
owner 11 2277379 12
owner 11 2259956 12
owner 11 2259957 12
owner 11 2259958 12
owner 11 2259959 12
prev 11 4418024
prev 11 3530781
prev 11 4554721
prev 11 2087686
prev 11 434967
prev 11 2051988
prev 11 4142420
prev 11 1884416
prev 11 4219316
prev 11 3594765
prev 11 2271574
owned 11 455238
owned 11 455239
owned 11 455240
owned 11 455241
owned 11 458141
owned 11 458142
owned 11 458143
owned 11 458144
owned 11 458145
owned 11 458146
owned 11 461044
owned 11 461045
owned 11 461046
owned 11 461047
owned 11 461048
owned 11 461049
owned 11 461050
owned 11 461051
owned 11 463948
owned 11 463949
owned 11 463950
owned 11 463951
owned 11 463952
owned 11 463953
owned 11 463954
owned 11 463955
owned 11 466852
owned 11 466853
owned 11 466854
owned 11 466855
owned 11 466856
owned 11 466857
owned 11 466858
owned 11 466859
owned 11 469756
owned 11 469757
owned 11 469758
owned 11 469759
owned 11 469760
owned 11 469761
owned 11 469762
owned 11 469763
owned 11 472661
owned 11 472662
owned 11 472663
owned 11 472664
owned 11 472665
owned 11 472666
owned 11 475566
owned 11 475567
owned 11 475568
owned 11 475569
bot 12 14 666fmd2f -2125171585 2760796 1996 950 52
owner 12 4418024 2
owner 12 4415120 2
owner 12 4420928 2
owner 12 4418023 2
owner 12 4418025 2
owner 12 4415121 2
owner 12 4420929 2
owner 12 4418026 2
owner 12 4415122 2
owner 12 4420930 2
owner 12 4418027 2
owner 12 4415123 2
owner 12 4420931 2
owner 12 4412219 2
owner 12 4412218 2
owner 12 4409314 2
owner 12 4412217 2
owner 12 4409313 2
owner 12 4412216 2
owner 12 4409312 2
owner 12 4412215 2
owner 12 4409311 2
owner 12 4415119 2
owner 12 4412214 2
owner 12 4409310 2
owner 12 4415118 2
owner 12 4412213 2
owner 12 4409309 2
owner 12 4415117 2
owner 12 4412212 2
owner 12 4415116 2
owner 12 4418020 2
owner 12 4420924 2
owner 12 4418021 2
owner 12 4420925 2
owner 12 4418022 2
owner 12 4420926 2
owner 12 4423830 2
owner 12 4420927 2
owner 12 4423831 2
owner 12 4426735 2
owner 12 4423832 2
owner 12 4426736 2
owner 12 4423833 2
owner 12 4426737 2
owner 12 4423834 2
owner 12 4426734 2
owner 12 4423829 2
owner 12 4406406 2
owner 12 4406407 2
owner 12 4406408 2
owner 12 4406409 2
owner 12 3530781 3
owner 12 3527877 3
owner 12 3533685 3
owner 12 3530780 3
owner 12 3530782 3
owner 12 3527878 3
owner 12 3533686 3
owner 12 3530783 3
owner 12 3527879 3
owner 12 3533687 3
owner 12 3530784 3
owner 12 3527880 3
owner 12 3533688 3
owner 12 3524976 3
owner 12 3524975 3
owner 12 3522071 3
owner 12 3524974 3
owner 12 3522070 3
owner 12 3524973 3
owner 12 3522069 3
owner 12 3524972 3
owner 12 3522068 3
owner 12 3527876 3
owner 12 3524971 3
owner 12 3522067 3
owner 12 3527875 3
owner 12 3524970 3
owner 12 3522066 3
owner 12 3527874 3
owner 12 3524969 3
owner 12 3527873 3
owner 12 3530777 3
owner 12 3533681 3
owner 12 3530778 3
owner 12 3533682 3
owner 12 3530779 3
owner 12 3533683 3
owner 12 3536587 3
owner 12 3533684 3
owner 12 3536588 3
owner 12 3539492 3
owner 12 3536589 3
owner 12 3539493 3
owner 12 3536590 3
owner 12 3539494 3
owner 12 3536591 3
owner 12 3539491 3
owner 12 3536586 3
owner 12 3519163 3
owner 12 3519164 3
owner 12 3519165 3
owner 12 3519166 3
owner 12 4554721 4
owner 12 4551817 4
owner 12 4557625 4
owner 12 4554720 4
owner 12 4554722 4
owner 12 4551818 4
owner 12 4557626 4
owner 12 4554723 4
owner 12 4551819 4
owner 12 4557627 4
owner 12 4554724 4
owner 12 4551820 4
owner 12 4557628 4
owner 12 4548916 4
owner 12 4548915 4
owner 12 4546011 4
owner 12 4548914 4
owner 12 4546010 4
owner 12 4548913 4
owner 12 4546009 4
owner 12 4548912 4
owner 12 4546008 4
owner 12 4551816 4
owner 12 4548911 4
owner 12 4546007 4
owner 12 4551815 4
owner 12 4548910 4
owner 12 4546006 4
owner 12 4551814 4
owner 12 4548909 4
owner 12 4551813 4
owner 12 4554717 4
owner 12 4557621 4
owner 12 4554718 4
owner 12 4557622 4
owner 12 4554719 4
owner 12 4557623 4
owner 12 4560527 4
owner 12 4557624 4
owner 12 4560528 4
owner 12 4563432 4
owner 12 4560529 4
owner 12 4563433 4
owner 12 4560530 4
owner 12 4563434 4
owner 12 4560531 4
owner 12 4563431 4
owner 12 4560526 4
owner 12 4543103 4
owner 12 4543104 4
owner 12 4543105 4
owner 12 4543106 4
owner 12 2087686 5
owner 12 2084782 5
owner 12 2090590 5
owner 12 2087685 5
owner 12 2087687 5
owner 12 2084783 5
owner 12 2090591 5
owner 12 2087688 5
owner 12 2084784 5
owner 12 2090592 5
owner 12 2087689 5
owner 12 2084785 5
owner 12 2090593 5
owner 12 2081881 5
owner 12 2081880 5
owner 12 2078976 5
owner 12 2081879 5
owner 12 2078975 5
owner 12 2081878 5
owner 12 2078974 5
owner 12 2081877 5
owner 12 2078973 5
owner 12 2084781 5
owner 12 2081876 5
owner 12 2078972 5
owner 12 2084780 5
owner 12 2081875 5
owner 12 2078971 5
owner 12 2084779 5
owner 12 2081874 5
owner 12 2084778 5
owner 12 2087682 5
owner 12 2090586 5
owner 12 2087683 5
owner 12 2090587 5
owner 12 2087684 5
owner 12 2090588 5
owner 12 2093492 5
owner 12 2090589 5
owner 12 2093493 5
owner 12 2096397 5
owner 12 2093494 5
owner 12 2096398 5
owner 12 2093495 5
owner 12 2096399 5
owner 12 2093496 5
owner 12 2096396 5
owner 12 2093491 5
owner 12 2076068 5
owner 12 2076069 5
owner 12 2076070 5
owner 12 2076071 5
owner 12 434967 6
owner 12 432063 6
owner 12 437871 6
owner 12 434966 6
owner 12 434968 6
owner 12 432064 6
owner 12 437872 6
owner 12 434969 6
owner 12 432065 6
owner 12 437873 6
owner 12 434970 6
owner 12 432066 6
owner 12 437874 6
owner 12 429162 6
owner 12 429161 6
owner 12 426257 6
owner 12 429160 6
owner 12 426256 6
owner 12 429159 6
owner 12 426255 6
owner 12 429158 6
owner 12 426254 6
owner 12 432062 6
owner 12 429157 6
owner 12 426253 6
owner 12 432061 6
owner 12 429156 6
owner 12 426252 6
owner 12 432060 6
owner 12 429155 6
owner 12 432059 6
owner 12 434963 6
owner 12 437867 6
owner 12 434964 6
owner 12 437868 6
owner 12 434965 6
owner 12 437869 6
owner 12 440773 6
owner 12 437870 6
owner 12 440774 6
owner 12 443678 6
owner 12 440775 6
owner 12 443679 6
owner 12 440776 6
owner 12 443680 6
owner 12 440777 6
owner 12 443677 6
owner 12 440772 6
owner 12 423349 6
owner 12 423350 6
owner 12 423351 6
owner 12 423352 6
owner 12 2051988 7
owner 12 2049084 7
owner 12 2054892 7
owner 12 2051987 7
owner 12 2051989 7
owner 12 2049085 7
owner 12 2054893 7
owner 12 2051990 7
owner 12 2049086 7
owner 12 2054894 7
owner 12 2051991 7
owner 12 2049087 7
owner 12 2054895 7
owner 12 2046183 7
owner 12 2046182 7
owner 12 2043278 7
owner 12 2046181 7
owner 12 2043277 7
owner 12 2046180 7
owner 12 2043276 7
owner 12 2046179 7
owner 12 2043275 7
owner 12 2049083 7
owner 12 2046178 7
owner 12 2043274 7
owner 12 2049082 7
owner 12 2046177 7
owner 12 2043273 7
owner 12 2049081 7
owner 12 2046176 7
owner 12 2049080 7
owner 12 2051984 7
owner 12 2054888 7
owner 12 2051985 7
owner 12 2054889 7
owner 12 2051986 7
owner 12 2054890 7
owner 12 2057794 7
owner 12 2054891 7
owner 12 2057795 7
owner 12 2060699 7
owner 12 2057796 7
owner 12 2060700 7
owner 12 2057797 7
owner 12 2060701 7
owner 12 2057798 7
owner 12 2060698 7
owner 12 2057793 7
owner 12 2040370 7
owner 12 2040371 7
owner 12 2040372 7
owner 12 2040373 7
owner 12 4142420 8
owner 12 4139516 8
owner 12 4145324 8
owner 12 4142419 8
owner 12 4142421 8
owner 12 4139517 8
owner 12 4145325 8
owner 12 4142422 8
owner 12 4139518 8
owner 12 4145326 8
owner 12 4142423 8
owner 12 4139519 8
owner 12 4145327 8
owner 12 4136615 8
owner 12 4136614 8
owner 12 4133710 8
owner 12 4136613 8
owner 12 4133709 8
owner 12 4136612 8
owner 12 4133708 8
owner 12 4136611 8
owner 12 4133707 8
owner 12 4139515 8
owner 12 4136610 8
owner 12 4133706 8
owner 12 4139514 8
owner 12 4136609 8
owner 12 4133705 8
owner 12 4139513 8
owner 12 4136608 8
owner 12 4139512 8
owner 12 4142416 8
owner 12 4145320 8
owner 12 4142417 8
owner 12 4145321 8
owner 12 4142418 8
owner 12 4145322 8
owner 12 4148226 8
owner 12 4145323 8
owner 12 4148227 8
owner 12 4151131 8
owner 12 4148228 8
owner 12 4151132 8
owner 12 4148229 8
owner 12 4151133 8
owner 12 4148230 8
owner 12 4151130 8
owner 12 4148225 8
owner 12 4130802 8
owner 12 4130803 8
owner 12 4130804 8
owner 12 4130805 8
owner 12 1884416 9
owner 12 1881512 9
owner 12 1887320 9
owner 12 1884415 9
owner 12 1884417 9
owner 12 1881513 9
owner 12 1887321 9
owner 12 1884418 9
owner 12 1881514 9
owner 12 1887322 9
owner 12 1884419 9
owner 12 1881515 9
owner 12 1887323 9
owner 12 1878611 9
owner 12 1878610 9
owner 12 1875706 9
owner 12 1878609 9
owner 12 1875705 9
owner 12 1878608 9
owner 12 1875704 9
owner 12 1878607 9
owner 12 1875703 9
owner 12 1881511 9
owner 12 1878606 9
owner 12 1875702 9
owner 12 1881510 9
owner 12 1878605 9
owner 12 1875701 9
owner 12 1881509 9
owner 12 1878604 9
owner 12 1881508 9
owner 12 1884412 9
owner 12 1887316 9
owner 12 1884413 9
owner 12 1887317 9
owner 12 1884414 9
owner 12 1887318 9
owner 12 1890222 9
owner 12 1887319 9
owner 12 1890223 9
owner 12 1893127 9
owner 12 1890224 9
owner 12 1893128 9
owner 12 1890225 9
owner 12 1893129 9
owner 12 1890226 9
owner 12 1893126 9
owner 12 1890221 9
owner 12 1872798 9
owner 12 1872799 9
owner 12 1872800 9
owner 12 1872801 9
owner 12 4219316 10
owner 12 4216412 10
owner 12 4222220 10
owner 12 4219315 10
owner 12 4219317 10
owner 12 4216413 10
owner 12 4222221 10
owner 12 4219318 10
owner 12 4216414 10
owner 12 4222222 10
owner 12 4219319 10
owner 12 4216415 10
owner 12 4222223 10
owner 12 4213511 10
owner 12 4213510 10
owner 12 4210606 10
owner 12 4213509 10
owner 12 4210605 10
owner 12 4213508 10
owner 12 4210604 10
owner 12 4213507 10
owner 12 4210603 10
owner 12 4216411 10
owner 12 4213506 10
owner 12 4210602 10
owner 12 4216410 10
owner 12 4213505 10
owner 12 4210601 10
owner 12 4216409 10
owner 12 4213504 10
owner 12 4216408 10
owner 12 4219312 10
owner 12 4222216 10
owner 12 4219313 10
owner 12 4222217 10
owner 12 4219314 10
owner 12 4222218 10
owner 12 4225122 10
owner 12 4222219 10
owner 12 4225123 10
owner 12 4228027 10
owner 12 4225124 10
owner 12 4228028 10
owner 12 4225125 10
owner 12 4228029 10
owner 12 4225126 10
owner 12 4228026 10
owner 12 4225121 10
owner 12 4207698 10
owner 12 4207699 10
owner 12 4207700 10
owner 12 4207701 10
owner 12 3594765 11
owner 12 3591861 11
owner 12 3597669 11
owner 12 3594764 11
owner 12 3594766 11
owner 12 3591862 11
owner 12 3597670 11
owner 12 3594767 11
owner 12 3591863 11
owner 12 3597671 11
owner 12 3594768 11
owner 12 3591864 11
owner 12 3597672 11
owner 12 3588960 11
owner 12 3588959 11
owner 12 3586055 11
owner 12 3588958 11
owner 12 3586054 11
owner 12 3588957 11
owner 12 3586053 11
owner 12 3588956 11
owner 12 3586052 11
owner 12 3591860 11
owner 12 3588955 11
owner 12 3586051 11
owner 12 3591859 11
owner 12 3588954 11
owner 12 3586050 11
owner 12 3591858 11
owner 12 3588953 11
owner 12 3591857 11
owner 12 3594761 11
owner 12 3597665 11
owner 12 3594762 11
owner 12 3597666 11
owner 12 3594763 11
owner 12 3597667 11
owner 12 3600571 11
owner 12 3597668 11
owner 12 3600572 11
owner 12 3603476 11
owner 12 3600573 11
owner 12 3603477 11
owner 12 3600574 11
owner 12 3603478 11
owner 12 3600575 11
owner 12 3603475 11
owner 12 3600570 11
owner 12 3583147 11
owner 12 3583148 11
owner 12 3583149 11
owner 12 3583150 11
owner 12 2271574 12
owner 12 2268670 12
owner 12 2274478 12
owner 12 2271573 12
owner 12 2271575 12
owner 12 2268671 12
owner 12 2274479 12
owner 12 2271576 12
owner 12 2268672 12
owner 12 2274480 12
owner 12 2271577 12
owner 12 2268673 12
owner 12 2274481 12
owner 12 2265769 12
owner 12 2265768 12
owner 12 2262864 12
owner 12 2265767 12
owner 12 2262863 12
owner 12 2265766 12
owner 12 2262862 12
owner 12 2265765 12
owner 12 2262861 12
owner 12 2268669 12
owner 12 2265764 12
owner 12 2262860 12
owner 12 2268668 12
owner 12 2265763 12
owner 12 2262859 12
owner 12 2268667 12
owner 12 2265762 12
owner 12 2268666 12
owner 12 2271570 12
owner 12 2274474 12
owner 12 2271571 12
owner 12 2274475 12
owner 12 2271572 12
owner 12 2274476 12
owner 12 2277380 12
owner 12 2274477 12
owner 12 2277381 12
owner 12 2280285 12
owner 12 2277382 12
owner 12 2280286 12
owner 12 2277383 12
owner 12 2280287 12
owner 12 2277384 12
owner 12 2280284 12
owner 12 2277379 12
owner 12 2259956 12
owner 12 2259957 12
owner 12 2259958 12
owner 12 2259959 12
owner 12 466856 13
owner 12 463952 13
owner 12 469760 13
owner 12 466855 13
owner 12 466857 13
owner 12 463953 13
owner 12 469761 13
owner 12 466858 13
owner 12 463954 13
owner 12 469762 13
owner 12 466859 13
owner 12 463955 13
owner 12 469763 13
owner 12 461051 13
owner 12 461050 13
owner 12 458146 13
owner 12 461049 13
owner 12 458145 13
owner 12 461048 13
owner 12 458144 13
owner 12 461047 13
owner 12 458143 13
owner 12 463951 13
owner 12 461046 13
owner 12 458142 13
owner 12 463950 13
owner 12 461045 13
owner 12 458141 13
owner 12 463949 13
owner 12 461044 13
owner 12 463948 13
owner 12 466852 13
owner 12 469756 13
owner 12 466853 13
owner 12 469757 13
owner 12 466854 13
owner 12 469758 13
owner 12 472662 13
owner 12 469759 13
owner 12 472663 13
owner 12 475567 13
owner 12 472664 13
owner 12 475568 13
owner 12 472665 13
owner 12 475569 13
owner 12 472666 13
owner 12 475566 13
owner 12 472661 13
owner 12 455238 13
owner 12 455239 13
owner 12 455240 13
owner 12 455241 13
prev 12 4418024
prev 12 3530781
prev 12 4554721
prev 12 2087686
prev 12 434967
prev 12 2051988
prev 12 4142420
prev 12 1884416
prev 12 4219316
prev 12 3594765
prev 12 2271574
prev 12 466856
owned 12 2749178
owned 12 2749179
owned 12 2749180
owned 12 2749181
owned 12 2752081
owned 12 2752082
owned 12 2752083
owned 12 2752084
owned 12 2752085
owned 12 2752086
owned 12 2754984
owned 12 2754985
owned 12 2754986
owned 12 2754987
owned 12 2754988
owned 12 2754989
owned 12 2754990
owned 12 2754991
owned 12 2757888
owned 12 2757889
owned 12 2757890
owned 12 2757891
owned 12 2757892
owned 12 2757893
owned 12 2757894
owned 12 2757895
owned 12 2760792
owned 12 2760793
owned 12 2760794
owned 12 2760795
owned 12 2760796
owned 12 2760797
owned 12 2760798
owned 12 2760799
owned 12 2763696
owned 12 2763697
owned 12 2763698
owned 12 2763699
owned 12 2763700
owned 12 2763701
owned 12 2763702
owned 12 2763703
owned 12 2766601
owned 12 2766602
owned 12 2766603
owned 12 2766604
owned 12 2766605
owned 12 2766606
owned 12 2769506
owned 12 2769507
owned 12 2769508
owned 12 2769509
bot 13 15 vybu8oes 2095769353 2819328 2448 970 52
owner 13 4418024 2
owner 13 4415120 2
owner 13 4420928 2
owner 13 4418023 2
owner 13 4418025 2
owner 13 4415121 2
owner 13 4420929 2
owner 13 4418026 2
owner 13 4415122 2
owner 13 4420930 2
owner 13 4418027 2
owner 13 4415123 2
owner 13 4420931 2
owner 13 4412219 2
owner 13 4412218 2
owner 13 4409314 2
owner 13 4412217 2
owner 13 4409313 2
owner 13 4412216 2
owner 13 4409312 2
owner 13 4412215 2
owner 13 4409311 2
owner 13 4415119 2
owner 13 4412214 2
owner 13 4409310 2
owner 13 4415118 2
owner 13 4412213 2
owner 13 4409309 2
owner 13 4415117 2
owner 13 4412212 2
owner 13 4415116 2
owner 13 4418020 2
owner 13 4420924 2
owner 13 4418021 2
owner 13 4420925 2
owner 13 4418022 2
owner 13 4420926 2
owner 13 4423830 2
owner 13 4420927 2
owner 13 4423831 2
owner 13 4426735 2
owner 13 4423832 2
owner 13 4426736 2
owner 13 4423833 2
owner 13 4426737 2
owner 13 4423834 2
owner 13 4426734 2
owner 13 4423829 2
owner 13 4406406 2
owner 13 4406407 2
owner 13 4406408 2
owner 13 4406409 2
owner 13 3530781 3
owner 13 3527877 3
owner 13 3533685 3
owner 13 3530780 3
owner 13 3530782 3
owner 13 3527878 3
owner 13 3533686 3
owner 13 3530783 3
owner 13 3527879 3
owner 13 3533687 3
owner 13 3530784 3
owner 13 3527880 3
owner 13 3533688 3
owner 13 3524976 3
owner 13 3524975 3
owner 13 3522071 3
owner 13 3524974 3
owner 13 3522070 3
owner 13 3524973 3
owner 13 3522069 3
owner 13 3524972 3
owner 13 3522068 3
owner 13 3527876 3
owner 13 3524971 3
owner 13 3522067 3
owner 13 3527875 3
owner 13 3524970 3
owner 13 3522066 3
owner 13 3527874 3
owner 13 3524969 3
owner 13 3527873 3
owner 13 3530777 3
owner 13 3533681 3
owner 13 3530778 3
owner 13 3533682 3
owner 13 3530779 3
owner 13 3533683 3
owner 13 3536587 3
owner 13 3533684 3
owner 13 3536588 3
owner 13 3539492 3
owner 13 3536589 3
owner 13 3539493 3
owner 13 3536590 3
owner 13 3539494 3
owner 13 3536591 3
owner 13 3539491 3
owner 13 3536586 3
owner 13 3519163 3
owner 13 3519164 3
owner 13 3519165 3
owner 13 3519166 3
owner 13 4554721 4
owner 13 4551817 4
owner 13 4557625 4
owner 13 4554720 4
owner 13 4554722 4
owner 13 4551818 4
owner 13 4557626 4
owner 13 4554723 4
owner 13 4551819 4
owner 13 4557627 4
owner 13 4554724 4
owner 13 4551820 4
owner 13 4557628 4
owner 13 4548916 4
owner 13 4548915 4
owner 13 4546011 4
owner 13 4548914 4
owner 13 4546010 4
owner 13 4548913 4
owner 13 4546009 4
owner 13 4548912 4
owner 13 4546008 4
owner 13 4551816 4
owner 13 4548911 4
owner 13 4546007 4
owner 13 4551815 4
owner 13 4548910 4
owner 13 4546006 4
owner 13 4551814 4
owner 13 4548909 4
owner 13 4551813 4
owner 13 4554717 4
owner 13 4557621 4
owner 13 4554718 4
owner 13 4557622 4
owner 13 4554719 4
owner 13 4557623 4
owner 13 4560527 4
owner 13 4557624 4
owner 13 4560528 4
owner 13 4563432 4
owner 13 4560529 4
owner 13 4563433 4
owner 13 4560530 4
owner 13 4563434 4
owner 13 4560531 4
owner 13 4563431 4
owner 13 4560526 4
owner 13 4543103 4
owner 13 4543104 4
owner 13 4543105 4
owner 13 4543106 4
owner 13 2087686 5
owner 13 2084782 5
owner 13 2090590 5
owner 13 2087685 5
owner 13 2087687 5
owner 13 2084783 5
owner 13 2090591 5
owner 13 2087688 5
owner 13 2084784 5
owner 13 2090592 5
owner 13 2087689 5
owner 13 2084785 5
owner 13 2090593 5
owner 13 2081881 5
owner 13 2081880 5
owner 13 2078976 5
owner 13 2081879 5
owner 13 2078975 5
owner 13 2081878 5
owner 13 2078974 5
owner 13 2081877 5
owner 13 2078973 5
owner 13 2084781 5
owner 13 2081876 5
owner 13 2078972 5
owner 13 2084780 5
owner 13 2081875 5
owner 13 2078971 5
owner 13 2084779 5
owner 13 2081874 5
owner 13 2084778 5
owner 13 2087682 5
owner 13 2090586 5
owner 13 2087683 5
owner 13 2090587 5
owner 13 2087684 5
owner 13 2090588 5
owner 13 2093492 5
owner 13 2090589 5
owner 13 2093493 5
owner 13 2096397 5
owner 13 2093494 5
owner 13 2096398 5
owner 13 2093495 5
owner 13 2096399 5
owner 13 2093496 5
owner 13 2096396 5
owner 13 2093491 5
owner 13 2076068 5
owner 13 2076069 5
owner 13 2076070 5
owner 13 2076071 5
owner 13 434967 6
owner 13 432063 6
owner 13 437871 6
owner 13 434966 6
owner 13 434968 6
owner 13 432064 6
owner 13 437872 6
owner 13 434969 6
owner 13 432065 6
owner 13 437873 6
owner 13 434970 6
owner 13 432066 6
owner 13 437874 6
owner 13 429162 6
owner 13 429161 6
owner 13 426257 6
owner 13 429160 6
owner 13 426256 6
owner 13 429159 6
owner 13 426255 6
owner 13 429158 6
owner 13 426254 6
owner 13 432062 6
owner 13 429157 6
owner 13 426253 6
owner 13 432061 6
owner 13 429156 6
owner 13 426252 6
owner 13 432060 6
owner 13 429155 6
owner 13 432059 6
owner 13 434963 6
owner 13 437867 6
owner 13 434964 6
owner 13 437868 6
owner 13 434965 6
owner 13 437869 6
owner 13 440773 6
owner 13 437870 6
owner 13 440774 6
owner 13 443678 6
owner 13 440775 6
owner 13 443679 6
owner 13 440776 6
owner 13 443680 6
owner 13 440777 6
owner 13 443677 6
owner 13 440772 6
owner 13 423349 6
owner 13 423350 6
owner 13 423351 6
owner 13 423352 6
owner 13 2051988 7
owner 13 2049084 7
owner 13 2054892 7
owner 13 2051987 7
owner 13 2051989 7
owner 13 2049085 7
owner 13 2054893 7
owner 13 2051990 7
owner 13 2049086 7
owner 13 2054894 7
owner 13 2051991 7
owner 13 2049087 7
owner 13 2054895 7
owner 13 2046183 7
owner 13 2046182 7
owner 13 2043278 7
owner 13 2046181 7
owner 13 2043277 7
owner 13 2046180 7
owner 13 2043276 7
owner 13 2046179 7
owner 13 2043275 7
owner 13 2049083 7
owner 13 2046178 7
owner 13 2043274 7
owner 13 2049082 7
owner 13 2046177 7
owner 13 2043273 7
owner 13 2049081 7
owner 13 2046176 7
owner 13 2049080 7
owner 13 2051984 7
owner 13 2054888 7
owner 13 2051985 7
owner 13 2054889 7
owner 13 2051986 7
owner 13 2054890 7
owner 13 2057794 7
owner 13 2054891 7
owner 13 2057795 7
owner 13 2060699 7
owner 13 2057796 7
owner 13 2060700 7
owner 13 2057797 7
owner 13 2060701 7
owner 13 2057798 7
owner 13 2060698 7
owner 13 2057793 7
owner 13 2040370 7
owner 13 2040371 7
owner 13 2040372 7
owner 13 2040373 7
owner 13 4142420 8
owner 13 4139516 8
owner 13 4145324 8
owner 13 4142419 8
owner 13 4142421 8
owner 13 4139517 8
owner 13 4145325 8
owner 13 4142422 8
owner 13 4139518 8
owner 13 4145326 8
owner 13 4142423 8
owner 13 4139519 8
owner 13 4145327 8
owner 13 4136615 8
owner 13 4136614 8
owner 13 4133710 8
owner 13 4136613 8
owner 13 4133709 8
owner 13 4136612 8
owner 13 4133708 8
owner 13 4136611 8
owner 13 4133707 8
owner 13 4139515 8
owner 13 4136610 8
owner 13 4133706 8
owner 13 4139514 8
owner 13 4136609 8
owner 13 4133705 8
owner 13 4139513 8
owner 13 4136608 8
owner 13 4139512 8
owner 13 4142416 8
owner 13 4145320 8
owner 13 4142417 8
owner 13 4145321 8
owner 13 4142418 8
owner 13 4145322 8
owner 13 4148226 8
owner 13 4145323 8
owner 13 4148227 8
owner 13 4151131 8
owner 13 4148228 8
owner 13 4151132 8
owner 13 4148229 8
owner 13 4151133 8
owner 13 4148230 8
owner 13 4151130 8
owner 13 4148225 8
owner 13 4130802 8
owner 13 4130803 8
owner 13 4130804 8
owner 13 4130805 8
owner 13 1884416 9
owner 13 1881512 9
owner 13 1887320 9
owner 13 1884415 9
owner 13 1884417 9
owner 13 1881513 9
owner 13 1887321 9
owner 13 1884418 9
owner 13 1881514 9
owner 13 1887322 9
owner 13 1884419 9
owner 13 1881515 9
owner 13 1887323 9
owner 13 1878611 9
owner 13 1878610 9
owner 13 1875706 9
owner 13 1878609 9
owner 13 1875705 9
owner 13 1878608 9
owner 13 1875704 9
owner 13 1878607 9
owner 13 1875703 9
owner 13 1881511 9
owner 13 1878606 9
owner 13 1875702 9
owner 13 1881510 9
owner 13 1878605 9
owner 13 1875701 9
owner 13 1881509 9
owner 13 1878604 9
owner 13 1881508 9
owner 13 1884412 9
owner 13 1887316 9
owner 13 1884413 9
owner 13 1887317 9
owner 13 1884414 9
owner 13 1887318 9
owner 13 1890222 9
owner 13 1887319 9
owner 13 1890223 9
owner 13 1893127 9
owner 13 1890224 9
owner 13 1893128 9
owner 13 1890225 9
owner 13 1893129 9
owner 13 1890226 9
owner 13 1893126 9
owner 13 1890221 9
owner 13 1872798 9
owner 13 1872799 9
owner 13 1872800 9
owner 13 1872801 9
owner 13 4219316 10
owner 13 4216412 10
owner 13 4222220 10
owner 13 4219315 10
owner 13 4219317 10
owner 13 4216413 10
owner 13 4222221 10
owner 13 4219318 10
owner 13 4216414 10
owner 13 4222222 10
owner 13 4219319 10
owner 13 4216415 10
owner 13 4222223 10
owner 13 4213511 10
owner 13 4213510 10
owner 13 4210606 10
owner 13 4213509 10
owner 13 4210605 10
owner 13 4213508 10
owner 13 4210604 10
owner 13 4213507 10
owner 13 4210603 10
owner 13 4216411 10
owner 13 4213506 10
owner 13 4210602 10
owner 13 4216410 10
owner 13 4213505 10
owner 13 4210601 10
owner 13 4216409 10
owner 13 4213504 10
owner 13 4216408 10
owner 13 4219312 10
owner 13 4222216 10
owner 13 4219313 10
owner 13 4222217 10
owner 13 4219314 10
owner 13 4222218 10
owner 13 4225122 10
owner 13 4222219 10
owner 13 4225123 10
owner 13 4228027 10
owner 13 4225124 10
owner 13 4228028 10
owner 13 4225125 10
owner 13 4228029 10
owner 13 4225126 10
owner 13 4228026 10
owner 13 4225121 10
owner 13 4207698 10
owner 13 4207699 10
owner 13 4207700 10
owner 13 4207701 10
owner 13 3594765 11
owner 13 3591861 11
owner 13 3597669 11
owner 13 3594764 11
owner 13 3594766 11
owner 13 3591862 11
owner 13 3597670 11
owner 13 3594767 11
owner 13 3591863 11
owner 13 3597671 11
owner 13 3594768 11
owner 13 3591864 11
owner 13 3597672 11
owner 13 3588960 11
owner 13 3588959 11
owner 13 3586055 11
owner 13 3588958 11
owner 13 3586054 11
owner 13 3588957 11
owner 13 3586053 11
owner 13 3588956 11
owner 13 3586052 11
owner 13 3591860 11
owner 13 3588955 11
owner 13 3586051 11
owner 13 3591859 11
owner 13 3588954 11
owner 13 3586050 11
owner 13 3591858 11
owner 13 3588953 11
owner 13 3591857 11
owner 13 3594761 11
owner 13 3597665 11
owner 13 3594762 11
owner 13 3597666 11
owner 13 3594763 11
owner 13 3597667 11
owner 13 3600571 11
owner 13 3597668 11
owner 13 3600572 11
owner 13 3603476 11
owner 13 3600573 11
owner 13 3603477 11
owner 13 3600574 11
owner 13 3603478 11
owner 13 3600575 11
owner 13 3603475 11
owner 13 3600570 11
owner 13 3583147 11
owner 13 3583148 11
owner 13 3583149 11
owner 13 3583150 11
owner 13 2271574 12
owner 13 2268670 12
owner 13 2274478 12
owner 13 2271573 12
owner 13 2271575 12
owner 13 2268671 12
owner 13 2274479 12
owner 13 2271576 12
owner 13 2268672 12
owner 13 2274480 12
owner 13 2271577 12
owner 13 2268673 12
owner 13 2274481 12
owner 13 2265769 12
owner 13 2265768 12
owner 13 2262864 12
owner 13 2265767 12
owner 13 2262863 12
owner 13 2265766 12
owner 13 2262862 12
owner 13 2265765 12
owner 13 2262861 12
owner 13 2268669 12
owner 13 2265764 12
owner 13 2262860 12
owner 13 2268668 12
owner 13 2265763 12
owner 13 2262859 12
owner 13 2268667 12
owner 13 2265762 12
owner 13 2268666 12
owner 13 2271570 12
owner 13 2274474 12
owner 13 2271571 12
owner 13 2274475 12
owner 13 2271572 12
owner 13 2274476 12
owner 13 2277380 12
owner 13 2274477 12
owner 13 2277381 12
owner 13 2280285 12
owner 13 2277382 12
owner 13 2280286 12
owner 13 2277383 12
owner 13 2280287 12
owner 13 2277384 12
owner 13 2280284 12
owner 13 2277379 12
owner 13 2259956 12
owner 13 2259957 12
owner 13 2259958 12
owner 13 2259959 12
owner 13 466856 13
owner 13 463952 13
owner 13 469760 13
owner 13 466855 13
owner 13 466857 13
owner 13 463953 13
owner 13 469761 13
owner 13 466858 13
owner 13 463954 13
owner 13 469762 13
owner 13 466859 13
owner 13 463955 13
owner 13 469763 13
owner 13 461051 13
owner 13 461050 13
owner 13 458146 13
owner 13 461049 13
owner 13 458145 13
owner 13 461048 13
owner 13 458144 13
owner 13 461047 13
owner 13 458143 13
owner 13 463951 13
owner 13 461046 13
owner 13 458142 13
owner 13 463950 13
owner 13 461045 13
owner 13 458141 13
owner 13 463949 13
owner 13 461044 13
owner 13 463948 13
owner 13 466852 13
owner 13 469756 13
owner 13 466853 13
owner 13 469757 13
owner 13 466854 13
owner 13 469758 13
owner 13 472662 13
owner 13 469759 13
owner 13 472663 13
owner 13 475567 13
owner 13 472664 13
owner 13 475568 13
owner 13 472665 13
owner 13 475569 13
owner 13 472666 13
owner 13 475566 13
owner 13 472661 13
owner 13 455238 13
owner 13 455239 13
owner 13 455240 13
owner 13 455241 13
owner 13 2760796 14
owner 13 2757892 14
owner 13 2763700 14
owner 13 2760795 14
owner 13 2760797 14
owner 13 2757893 14
owner 13 2763701 14
owner 13 2760798 14
owner 13 2757894 14
owner 13 2763702 14
owner 13 2760799 14
owner 13 2757895 14
owner 13 2763703 14
owner 13 2754991 14
owner 13 2754990 14
owner 13 2752086 14
owner 13 2754989 14
owner 13 2752085 14
owner 13 2754988 14
owner 13 2752084 14
owner 13 2754987 14
owner 13 2752083 14
owner 13 2757891 14
owner 13 2754986 14
owner 13 2752082 14
owner 13 2757890 14
owner 13 2754985 14
owner 13 2752081 14
owner 13 2757889 14
owner 13 2754984 14
owner 13 2757888 14
owner 13 2760792 14
owner 13 2763696 14
owner 13 2760793 14
owner 13 2763697 14
owner 13 2760794 14
owner 13 2763698 14
owner 13 2766602 14
owner 13 2763699 14
owner 13 2766603 14
owner 13 2769507 14
owner 13 2766604 14
owner 13 2769508 14
owner 13 2766605 14
owner 13 2769509 14
owner 13 2766606 14
owner 13 2769506 14
owner 13 2766601 14
owner 13 2749178 14
owner 13 2749179 14
owner 13 2749180 14
owner 13 2749181 14
prev 13 4418024
prev 13 3530781
prev 13 4554721
prev 13 2087686
prev 13 434967
prev 13 2051988
prev 13 4142420
prev 13 1884416
prev 13 4219316
prev 13 3594765
prev 13 2271574
prev 13 466856
prev 13 2760796
owned 13 2807710
owned 13 2807711
owned 13 2807712
owned 13 2807713
owned 13 2810613
owned 13 2810614
owned 13 2810615
owned 13 2810616
owned 13 2810617
owned 13 2810618
owned 13 2813516
owned 13 2813517
owned 13 2813518
owned 13 2813519
owned 13 2813520
owned 13 2813521
owned 13 2813522
owned 13 2813523
owned 13 2816420
owned 13 2816421
owned 13 2816422
owned 13 2816423
owned 13 2816424
owned 13 2816425
owned 13 2816426
owned 13 2816427
owned 13 2819324
owned 13 2819325
owned 13 2819326
owned 13 2819327
owned 13 2819328
owned 13 2819329
owned 13 2819330
owned 13 2819331
owned 13 2822228
owned 13 2822229
owned 13 2822230
owned 13 2822231
owned 13 2822232
owned 13 2822233
owned 13 2822234
owned 13 2822235
owned 13 2825133
owned 13 2825134
owned 13 2825135
owned 13 2825136
owned 13 2825137
owned 13 2825138
owned 13 2828038
owned 13 2828039
owned 13 2828040
owned 13 2828041
bot 14 16 tlx2iciq 1076827768 1773324 1884 610 52
owner 14 4418024 2
owner 14 4415120 2
owner 14 4420928 2
owner 14 4418023 2
owner 14 4418025 2
owner 14 4415121 2
owner 14 4420929 2
owner 14 4418026 2
owner 14 4415122 2
owner 14 4420930 2
owner 14 4418027 2
owner 14 4415123 2
owner 14 4420931 2
owner 14 4412219 2
owner 14 4412218 2
owner 14 4409314 2
owner 14 4412217 2
owner 14 4409313 2
owner 14 4412216 2
owner 14 4409312 2
owner 14 4412215 2
owner 14 4409311 2
owner 14 4415119 2
owner 14 4412214 2
owner 14 4409310 2
owner 14 4415118 2
owner 14 4412213 2
owner 14 4409309 2
owner 14 4415117 2
owner 14 4412212 2
owner 14 4415116 2
owner 14 4418020 2
owner 14 4420924 2
owner 14 4418021 2
owner 14 4420925 2
owner 14 4418022 2
owner 14 4420926 2
owner 14 4423830 2
owner 14 4420927 2
owner 14 4423831 2
owner 14 4426735 2
owner 14 4423832 2
owner 14 4426736 2
owner 14 4423833 2
owner 14 4426737 2
owner 14 4423834 2
owner 14 4426734 2
owner 14 4423829 2
owner 14 4406406 2
owner 14 4406407 2
owner 14 4406408 2
owner 14 4406409 2
owner 14 3530781 3
owner 14 3527877 3
owner 14 3533685 3
owner 14 3530780 3
owner 14 3530782 3
owner 14 3527878 3
owner 14 3533686 3
owner 14 3530783 3
owner 14 3527879 3
owner 14 3533687 3
owner 14 3530784 3
owner 14 3527880 3
owner 14 3533688 3
owner 14 3524976 3
owner 14 3524975 3
owner 14 3522071 3
owner 14 3524974 3
owner 14 3522070 3
owner 14 3524973 3
owner 14 3522069 3
owner 14 3524972 3
owner 14 3522068 3
owner 14 3527876 3
owner 14 3524971 3
owner 14 3522067 3
owner 14 3527875 3
owner 14 3524970 3
owner 14 3522066 3
owner 14 3527874 3
owner 14 3524969 3
owner 14 3527873 3
owner 14 3530777 3
owner 14 3533681 3
owner 14 3530778 3
owner 14 3533682 3
owner 14 3530779 3
owner 14 3533683 3
owner 14 3536587 3
owner 14 3533684 3
owner 14 3536588 3
owner 14 3539492 3
owner 14 3536589 3
owner 14 3539493 3
owner 14 3536590 3
owner 14 3539494 3
owner 14 3536591 3
owner 14 3539491 3
owner 14 3536586 3
owner 14 3519163 3
owner 14 3519164 3
owner 14 3519165 3
owner 14 3519166 3
owner 14 4554721 4
owner 14 4551817 4
owner 14 4557625 4
owner 14 4554720 4
owner 14 4554722 4
owner 14 4551818 4
owner 14 4557626 4
owner 14 4554723 4
owner 14 4551819 4
owner 14 4557627 4
owner 14 4554724 4
owner 14 4551820 4
owner 14 4557628 4
owner 14 4548916 4
owner 14 4548915 4
owner 14 4546011 4
owner 14 4548914 4
owner 14 4546010 4
owner 14 4548913 4
owner 14 4546009 4
owner 14 4548912 4
owner 14 4546008 4
owner 14 4551816 4
owner 14 4548911 4
owner 14 4546007 4
owner 14 4551815 4
owner 14 4548910 4
owner 14 4546006 4
owner 14 4551814 4
owner 14 4548909 4
owner 14 4551813 4
owner 14 4554717 4
owner 14 4557621 4
owner 14 4554718 4
owner 14 4557622 4
owner 14 4554719 4
owner 14 4557623 4
owner 14 4560527 4
owner 14 4557624 4
owner 14 4560528 4
owner 14 4563432 4
owner 14 4560529 4
owner 14 4563433 4
owner 14 4560530 4
owner 14 4563434 4
owner 14 4560531 4
owner 14 4563431 4
owner 14 4560526 4
owner 14 4543103 4
owner 14 4543104 4
owner 14 4543105 4
owner 14 4543106 4
owner 14 2087686 5
owner 14 2084782 5
owner 14 2090590 5
owner 14 2087685 5
owner 14 2087687 5
owner 14 2084783 5
owner 14 2090591 5
owner 14 2087688 5
owner 14 2084784 5
owner 14 2090592 5
owner 14 2087689 5
owner 14 2084785 5
owner 14 2090593 5
owner 14 2081881 5
owner 14 2081880 5
owner 14 2078976 5
owner 14 2081879 5
owner 14 2078975 5
owner 14 2081878 5
owner 14 2078974 5
owner 14 2081877 5
owner 14 2078973 5
owner 14 2084781 5
owner 14 2081876 5
owner 14 2078972 5
owner 14 2084780 5
owner 14 2081875 5
owner 14 2078971 5
owner 14 2084779 5
owner 14 2081874 5
owner 14 2084778 5
owner 14 2087682 5
owner 14 2090586 5
owner 14 2087683 5
owner 14 2090587 5
owner 14 2087684 5
owner 14 2090588 5
owner 14 2093492 5
owner 14 2090589 5
owner 14 2093493 5
owner 14 2096397 5
owner 14 2093494 5
owner 14 2096398 5
owner 14 2093495 5
owner 14 2096399 5
owner 14 2093496 5
owner 14 2096396 5
owner 14 2093491 5
owner 14 2076068 5
owner 14 2076069 5
owner 14 2076070 5
owner 14 2076071 5
owner 14 434967 6
owner 14 432063 6
owner 14 437871 6
owner 14 434966 6
owner 14 434968 6
owner 14 432064 6
owner 14 437872 6
owner 14 434969 6
owner 14 432065 6
owner 14 437873 6
owner 14 434970 6
owner 14 432066 6
owner 14 437874 6
owner 14 429162 6
owner 14 429161 6
owner 14 426257 6
owner 14 429160 6
owner 14 426256 6
owner 14 429159 6
owner 14 426255 6
owner 14 429158 6
owner 14 426254 6
owner 14 432062 6
owner 14 429157 6
owner 14 426253 6
owner 14 432061 6
owner 14 429156 6
owner 14 426252 6
owner 14 432060 6
owner 14 429155 6
owner 14 432059 6
owner 14 434963 6
owner 14 437867 6
owner 14 434964 6
owner 14 437868 6
owner 14 434965 6
owner 14 437869 6
owner 14 440773 6
owner 14 437870 6
owner 14 440774 6
owner 14 443678 6
owner 14 440775 6
owner 14 443679 6
owner 14 440776 6
owner 14 443680 6
owner 14 440777 6
owner 14 443677 6
owner 14 440772 6
owner 14 423349 6
owner 14 423350 6
owner 14 423351 6
owner 14 423352 6
owner 14 2051988 7
owner 14 2049084 7
owner 14 2054892 7
owner 14 2051987 7
owner 14 2051989 7
owner 14 2049085 7
owner 14 2054893 7
owner 14 2051990 7
owner 14 2049086 7
owner 14 2054894 7
owner 14 2051991 7
owner 14 2049087 7
owner 14 2054895 7
owner 14 2046183 7
owner 14 2046182 7
owner 14 2043278 7
owner 14 2046181 7
owner 14 2043277 7
owner 14 2046180 7
owner 14 2043276 7
owner 14 2046179 7
owner 14 2043275 7
owner 14 2049083 7
owner 14 2046178 7
owner 14 2043274 7
owner 14 2049082 7
owner 14 2046177 7
owner 14 2043273 7
owner 14 2049081 7
owner 14 2046176 7
owner 14 2049080 7
owner 14 2051984 7
owner 14 2054888 7
owner 14 2051985 7
owner 14 2054889 7
owner 14 2051986 7
owner 14 2054890 7
owner 14 2057794 7
owner 14 2054891 7
owner 14 2057795 7
owner 14 2060699 7
owner 14 2057796 7
owner 14 2060700 7
owner 14 2057797 7
owner 14 2060701 7
owner 14 2057798 7
owner 14 2060698 7
owner 14 2057793 7
owner 14 2040370 7
owner 14 2040371 7
owner 14 2040372 7
owner 14 2040373 7
owner 14 4142420 8
owner 14 4139516 8
owner 14 4145324 8
owner 14 4142419 8
owner 14 4142421 8
owner 14 4139517 8
owner 14 4145325 8
owner 14 4142422 8
owner 14 4139518 8
owner 14 4145326 8
owner 14 4142423 8
owner 14 4139519 8
owner 14 4145327 8
owner 14 4136615 8
owner 14 4136614 8
owner 14 4133710 8
owner 14 4136613 8
owner 14 4133709 8
owner 14 4136612 8
owner 14 4133708 8
owner 14 4136611 8
owner 14 4133707 8
owner 14 4139515 8
owner 14 4136610 8
owner 14 4133706 8
owner 14 4139514 8
owner 14 4136609 8
owner 14 4133705 8
owner 14 4139513 8
owner 14 4136608 8
owner 14 4139512 8
owner 14 4142416 8
owner 14 4145320 8
owner 14 4142417 8
owner 14 4145321 8
owner 14 4142418 8
owner 14 4145322 8
owner 14 4148226 8
owner 14 4145323 8
owner 14 4148227 8
owner 14 4151131 8
owner 14 4148228 8
owner 14 4151132 8
owner 14 4148229 8
owner 14 4151133 8
owner 14 4148230 8
owner 14 4151130 8
owner 14 4148225 8
owner 14 4130802 8
owner 14 4130803 8
owner 14 4130804 8
owner 14 4130805 8
owner 14 1884416 9
owner 14 1881512 9
owner 14 1887320 9
owner 14 1884415 9
owner 14 1884417 9
owner 14 1881513 9
owner 14 1887321 9
owner 14 1884418 9
owner 14 1881514 9
owner 14 1887322 9
owner 14 1884419 9
owner 14 1881515 9
owner 14 1887323 9
owner 14 1878611 9
owner 14 1878610 9
owner 14 1875706 9
owner 14 1878609 9
owner 14 1875705 9
owner 14 1878608 9
owner 14 1875704 9
owner 14 1878607 9
owner 14 1875703 9
owner 14 1881511 9
owner 14 1878606 9
owner 14 1875702 9
owner 14 1881510 9
owner 14 1878605 9
owner 14 1875701 9
owner 14 1881509 9
owner 14 1878604 9
owner 14 1881508 9
owner 14 1884412 9
owner 14 1887316 9
owner 14 1884413 9
owner 14 1887317 9
owner 14 1884414 9
owner 14 1887318 9
owner 14 1890222 9
owner 14 1887319 9
owner 14 1890223 9
owner 14 1893127 9
owner 14 1890224 9
owner 14 1893128 9
owner 14 1890225 9
owner 14 1893129 9
owner 14 1890226 9
owner 14 1893126 9
owner 14 1890221 9
owner 14 1872798 9
owner 14 1872799 9
owner 14 1872800 9
owner 14 1872801 9
owner 14 4219316 10
owner 14 4216412 10
owner 14 4222220 10
owner 14 4219315 10
owner 14 4219317 10
owner 14 4216413 10
owner 14 4222221 10
owner 14 4219318 10
owner 14 4216414 10
owner 14 4222222 10
owner 14 4219319 10
owner 14 4216415 10
owner 14 4222223 10
owner 14 4213511 10
owner 14 4213510 10
owner 14 4210606 10
owner 14 4213509 10
owner 14 4210605 10
owner 14 4213508 10
owner 14 4210604 10
owner 14 4213507 10
owner 14 4210603 10
owner 14 4216411 10
owner 14 4213506 10
owner 14 4210602 10
owner 14 4216410 10
owner 14 4213505 10
owner 14 4210601 10
owner 14 4216409 10
owner 14 4213504 10
owner 14 4216408 10
owner 14 4219312 10
owner 14 4222216 10
owner 14 4219313 10
owner 14 4222217 10
owner 14 4219314 10
owner 14 4222218 10
owner 14 4225122 10
owner 14 4222219 10
owner 14 4225123 10
owner 14 4228027 10
owner 14 4225124 10
owner 14 4228028 10
owner 14 4225125 10
owner 14 4228029 10
owner 14 4225126 10
owner 14 4228026 10
owner 14 4225121 10
owner 14 4207698 10
owner 14 4207699 10
owner 14 4207700 10
owner 14 4207701 10
owner 14 3594765 11
owner 14 3591861 11
owner 14 3597669 11
owner 14 3594764 11
owner 14 3594766 11
owner 14 3591862 11
owner 14 3597670 11
owner 14 3594767 11
owner 14 3591863 11
owner 14 3597671 11
owner 14 3594768 11
owner 14 3591864 11
owner 14 3597672 11
owner 14 3588960 11
owner 14 3588959 11
owner 14 3586055 11
owner 14 3588958 11
owner 14 3586054 11
owner 14 3588957 11
owner 14 3586053 11
owner 14 3588956 11
owner 14 3586052 11
owner 14 3591860 11
owner 14 3588955 11
owner 14 3586051 11
owner 14 3591859 11
owner 14 3588954 11
owner 14 3586050 11
owner 14 3591858 11
owner 14 3588953 11
owner 14 3591857 11
owner 14 3594761 11
owner 14 3597665 11
owner 14 3594762 11
owner 14 3597666 11
owner 14 3594763 11
owner 14 3597667 11
owner 14 3600571 11
owner 14 3597668 11
owner 14 3600572 11
owner 14 3603476 11
owner 14 3600573 11
owner 14 3603477 11
owner 14 3600574 11
owner 14 3603478 11
owner 14 3600575 11
owner 14 3603475 11
owner 14 3600570 11
owner 14 3583147 11
owner 14 3583148 11
owner 14 3583149 11
owner 14 3583150 11
owner 14 2271574 12
owner 14 2268670 12
owner 14 2274478 12
owner 14 2271573 12
owner 14 2271575 12
owner 14 2268671 12
owner 14 2274479 12
owner 14 2271576 12
owner 14 2268672 12
owner 14 2274480 12
owner 14 2271577 12
owner 14 2268673 12
owner 14 2274481 12
owner 14 2265769 12
owner 14 2265768 12
owner 14 2262864 12
owner 14 2265767 12
owner 14 2262863 12
owner 14 2265766 12
owner 14 2262862 12
owner 14 2265765 12
owner 14 2262861 12
owner 14 2268669 12
owner 14 2265764 12
owner 14 2262860 12
owner 14 2268668 12
owner 14 2265763 12
owner 14 2262859 12
owner 14 2268667 12
owner 14 2265762 12
owner 14 2268666 12
owner 14 2271570 12
owner 14 2274474 12
owner 14 2271571 12
owner 14 2274475 12
owner 14 2271572 12
owner 14 2274476 12
owner 14 2277380 12
owner 14 2274477 12
owner 14 2277381 12
owner 14 2280285 12
owner 14 2277382 12
owner 14 2280286 12
owner 14 2277383 12
owner 14 2280287 12
owner 14 2277384 12
owner 14 2280284 12
owner 14 2277379 12
owner 14 2259956 12
owner 14 2259957 12
owner 14 2259958 12
owner 14 2259959 12
owner 14 466856 13
owner 14 463952 13
owner 14 469760 13
owner 14 466855 13
owner 14 466857 13
owner 14 463953 13
owner 14 469761 13
owner 14 466858 13
owner 14 463954 13
owner 14 469762 13
owner 14 466859 13
owner 14 463955 13
owner 14 469763 13
owner 14 461051 13
owner 14 461050 13
owner 14 458146 13
owner 14 461049 13
owner 14 458145 13
owner 14 461048 13
owner 14 458144 13
owner 14 461047 13
owner 14 458143 13
owner 14 463951 13
owner 14 461046 13
owner 14 458142 13
owner 14 463950 13
owner 14 461045 13
owner 14 458141 13
owner 14 463949 13
owner 14 461044 13
owner 14 463948 13
owner 14 466852 13
owner 14 469756 13
owner 14 466853 13
owner 14 469757 13
owner 14 466854 13
owner 14 469758 13
owner 14 472662 13
owner 14 469759 13
owner 14 472663 13
owner 14 475567 13
owner 14 472664 13
owner 14 475568 13
owner 14 472665 13
owner 14 475569 13
owner 14 472666 13
owner 14 475566 13
owner 14 472661 13
owner 14 455238 13
owner 14 455239 13
owner 14 455240 13
owner 14 455241 13
owner 14 2760796 14
owner 14 2757892 14
owner 14 2763700 14
owner 14 2760795 14
owner 14 2760797 14
owner 14 2757893 14
owner 14 2763701 14
owner 14 2760798 14
owner 14 2757894 14
owner 14 2763702 14
owner 14 2760799 14
owner 14 2757895 14
owner 14 2763703 14
owner 14 2754991 14
owner 14 2754990 14
owner 14 2752086 14
owner 14 2754989 14
owner 14 2752085 14
owner 14 2754988 14
owner 14 2752084 14
owner 14 2754987 14
owner 14 2752083 14
owner 14 2757891 14
owner 14 2754986 14
owner 14 2752082 14
owner 14 2757890 14
owner 14 2754985 14
owner 14 2752081 14
owner 14 2757889 14
owner 14 2754984 14
owner 14 2757888 14
owner 14 2760792 14
owner 14 2763696 14
owner 14 2760793 14
owner 14 2763697 14
owner 14 2760794 14
owner 14 2763698 14
owner 14 2766602 14
owner 14 2763699 14
owner 14 2766603 14
owner 14 2769507 14
owner 14 2766604 14
owner 14 2769508 14
owner 14 2766605 14
owner 14 2769509 14
owner 14 2766606 14
owner 14 2769506 14
owner 14 2766601 14
owner 14 2749178 14
owner 14 2749179 14
owner 14 2749180 14
owner 14 2749181 14
owner 14 2819328 15
owner 14 2816424 15
owner 14 2822232 15
owner 14 2819327 15
owner 14 2819329 15
owner 14 2816425 15
owner 14 2822233 15
owner 14 2819330 15
owner 14 2816426 15
owner 14 2822234 15
owner 14 2819331 15
owner 14 2816427 15
owner 14 2822235 15
owner 14 2813523 15
owner 14 2813522 15
owner 14 2810618 15
owner 14 2813521 15
owner 14 2810617 15
owner 14 2813520 15
owner 14 2810616 15
owner 14 2813519 15
owner 14 2810615 15
owner 14 2816423 15
owner 14 2813518 15
owner 14 2810614 15
owner 14 2816422 15
owner 14 2813517 15
owner 14 2810613 15
owner 14 2816421 15
owner 14 2813516 15
owner 14 2816420 15
owner 14 2819324 15
owner 14 2822228 15
owner 14 2819325 15
owner 14 2822229 15
owner 14 2819326 15
owner 14 2822230 15
owner 14 2825134 15
owner 14 2822231 15
owner 14 2825135 15
owner 14 2828039 15
owner 14 2825136 15
owner 14 2828040 15
owner 14 2825137 15
owner 14 2828041 15
owner 14 2825138 15
owner 14 2828038 15
owner 14 2825133 15
owner 14 2807710 15
owner 14 2807711 15
owner 14 2807712 15
owner 14 2807713 15
prev 14 4418024
prev 14 3530781
prev 14 4554721
prev 14 2087686
prev 14 434967
prev 14 2051988
prev 14 4142420
prev 14 1884416
prev 14 4219316
prev 14 3594765
prev 14 2271574
prev 14 466856
prev 14 2760796
prev 14 2819328
owned 14 1761706
owned 14 1761707
owned 14 1761708
owned 14 1761709
owned 14 1764609
owned 14 1764610
owned 14 1764611
owned 14 1764612
owned 14 1764613
owned 14 1764614
owned 14 1767512
owned 14 1767513
owned 14 1767514
owned 14 1767515
owned 14 1767516
owned 14 1767517
owned 14 1767518
owned 14 1767519
owned 14 1770416
owned 14 1770417
owned 14 1770418
owned 14 1770419
owned 14 1770420
owned 14 1770421
owned 14 1770422
owned 14 1770423
owned 14 1773320
owned 14 1773321
owned 14 1773322
owned 14 1773323
owned 14 1773324
owned 14 1773325
owned 14 1773326
owned 14 1773327
owned 14 1776224
owned 14 1776225
owned 14 1776226
owned 14 1776227
owned 14 1776228
owned 14 1776229
owned 14 1776230
owned 14 1776231
owned 14 1779129
owned 14 1779130
owned 14 1779131
owned 14 1779132
owned 14 1779133
owned 14 1779134
owned 14 1782034
owned 14 1782035
owned 14 1782036
owned 14 1782037
bot 15 17 8i7cuo9t 1041878418 1866299 1931 642 52
owner 15 4418024 2
owner 15 4415120 2
owner 15 4420928 2
owner 15 4418023 2
owner 15 4418025 2
owner 15 4415121 2
owner 15 4420929 2
owner 15 4418026 2
owner 15 4415122 2
owner 15 4420930 2
owner 15 4418027 2
owner 15 4415123 2
owner 15 4420931 2
owner 15 4412219 2
owner 15 4412218 2
owner 15 4409314 2
owner 15 4412217 2
owner 15 4409313 2
owner 15 4412216 2
owner 15 4409312 2
owner 15 4412215 2
owner 15 4409311 2
owner 15 4415119 2
owner 15 4412214 2
owner 15 4409310 2
owner 15 4415118 2
owner 15 4412213 2
owner 15 4409309 2
owner 15 4415117 2
owner 15 4412212 2
owner 15 4415116 2
owner 15 4418020 2
owner 15 4420924 2
owner 15 4418021 2
owner 15 4420925 2
owner 15 4418022 2
owner 15 4420926 2
owner 15 4423830 2
owner 15 4420927 2
owner 15 4423831 2
owner 15 4426735 2
owner 15 4423832 2
owner 15 4426736 2
owner 15 4423833 2
owner 15 4426737 2
owner 15 4423834 2
owner 15 4426734 2
owner 15 4423829 2
owner 15 4406406 2
owner 15 4406407 2
owner 15 4406408 2
owner 15 4406409 2
owner 15 3530781 3
owner 15 3527877 3
owner 15 3533685 3
owner 15 3530780 3
owner 15 3530782 3
owner 15 3527878 3
owner 15 3533686 3
owner 15 3530783 3
owner 15 3527879 3
owner 15 3533687 3
owner 15 3530784 3
owner 15 3527880 3
owner 15 3533688 3
owner 15 3524976 3
owner 15 3524975 3
owner 15 3522071 3
owner 15 3524974 3
owner 15 3522070 3
owner 15 3524973 3
owner 15 3522069 3
owner 15 3524972 3
owner 15 3522068 3
owner 15 3527876 3
owner 15 3524971 3
owner 15 3522067 3
owner 15 3527875 3
owner 15 3524970 3
owner 15 3522066 3
owner 15 3527874 3
owner 15 3524969 3
owner 15 3527873 3
owner 15 3530777 3
owner 15 3533681 3
owner 15 3530778 3
owner 15 3533682 3
owner 15 3530779 3
owner 15 3533683 3
owner 15 3536587 3
owner 15 3533684 3
owner 15 3536588 3
owner 15 3539492 3
owner 15 3536589 3
owner 15 3539493 3
owner 15 3536590 3
owner 15 3539494 3
owner 15 3536591 3
owner 15 3539491 3
owner 15 3536586 3
owner 15 3519163 3
owner 15 3519164 3
owner 15 3519165 3
owner 15 3519166 3
owner 15 4554721 4
owner 15 4551817 4
owner 15 4557625 4
owner 15 4554720 4
owner 15 4554722 4
owner 15 4551818 4
owner 15 4557626 4
owner 15 4554723 4
owner 15 4551819 4
owner 15 4557627 4
owner 15 4554724 4
owner 15 4551820 4
owner 15 4557628 4
owner 15 4548916 4
owner 15 4548915 4
owner 15 4546011 4
owner 15 4548914 4
owner 15 4546010 4
owner 15 4548913 4
owner 15 4546009 4
owner 15 4548912 4
owner 15 4546008 4
owner 15 4551816 4
owner 15 4548911 4
owner 15 4546007 4
owner 15 4551815 4
owner 15 4548910 4
owner 15 4546006 4
owner 15 4551814 4
owner 15 4548909 4
owner 15 4551813 4
owner 15 4554717 4
owner 15 4557621 4
owner 15 4554718 4
owner 15 4557622 4
owner 15 4554719 4
owner 15 4557623 4
owner 15 4560527 4
owner 15 4557624 4
owner 15 4560528 4
owner 15 4563432 4
owner 15 4560529 4
owner 15 4563433 4
owner 15 4560530 4
owner 15 4563434 4
owner 15 4560531 4
owner 15 4563431 4
owner 15 4560526 4
owner 15 4543103 4
owner 15 4543104 4
owner 15 4543105 4
owner 15 4543106 4
owner 15 2087686 5
owner 15 2084782 5
owner 15 2090590 5
owner 15 2087685 5
owner 15 2087687 5
owner 15 2084783 5
owner 15 2090591 5
owner 15 2087688 5
owner 15 2084784 5
owner 15 2090592 5
owner 15 2087689 5
owner 15 2084785 5
owner 15 2090593 5
owner 15 2081881 5
owner 15 2081880 5
owner 15 2078976 5
owner 15 2081879 5
owner 15 2078975 5
owner 15 2081878 5
owner 15 2078974 5
owner 15 2081877 5
owner 15 2078973 5
owner 15 2084781 5
owner 15 2081876 5
owner 15 2078972 5
owner 15 2084780 5
owner 15 2081875 5
owner 15 2078971 5
owner 15 2084779 5
owner 15 2081874 5
owner 15 2084778 5
owner 15 2087682 5
owner 15 2090586 5
owner 15 2087683 5
owner 15 2090587 5
owner 15 2087684 5
owner 15 2090588 5
owner 15 2093492 5
owner 15 2090589 5
owner 15 2093493 5
owner 15 2096397 5
owner 15 2093494 5
owner 15 2096398 5
owner 15 2093495 5
owner 15 2096399 5
owner 15 2093496 5
owner 15 2096396 5
owner 15 2093491 5
owner 15 2076068 5
owner 15 2076069 5
owner 15 2076070 5
owner 15 2076071 5
owner 15 434967 6
owner 15 432063 6
owner 15 437871 6
owner 15 434966 6
owner 15 434968 6
owner 15 432064 6
owner 15 437872 6
owner 15 434969 6
owner 15 432065 6
owner 15 437873 6
owner 15 434970 6
owner 15 432066 6
owner 15 437874 6
owner 15 429162 6
owner 15 429161 6
owner 15 426257 6
owner 15 429160 6
owner 15 426256 6
owner 15 429159 6
owner 15 426255 6
owner 15 429158 6
owner 15 426254 6
owner 15 432062 6
owner 15 429157 6
owner 15 426253 6
owner 15 432061 6
owner 15 429156 6
owner 15 426252 6
owner 15 432060 6
owner 15 429155 6
owner 15 432059 6
owner 15 434963 6
owner 15 437867 6
owner 15 434964 6
owner 15 437868 6
owner 15 434965 6
owner 15 437869 6
owner 15 440773 6
owner 15 437870 6
owner 15 440774 6
owner 15 443678 6
owner 15 440775 6
owner 15 443679 6
owner 15 440776 6
owner 15 443680 6
owner 15 440777 6
owner 15 443677 6
owner 15 440772 6
owner 15 423349 6
owner 15 423350 6
owner 15 423351 6
owner 15 423352 6
owner 15 2051988 7
owner 15 2049084 7
owner 15 2054892 7
owner 15 2051987 7
owner 15 2051989 7
owner 15 2049085 7
owner 15 2054893 7
owner 15 2051990 7
owner 15 2049086 7
owner 15 2054894 7
owner 15 2051991 7
owner 15 2049087 7
owner 15 2054895 7
owner 15 2046183 7
owner 15 2046182 7
owner 15 2043278 7
owner 15 2046181 7
owner 15 2043277 7
owner 15 2046180 7
owner 15 2043276 7
owner 15 2046179 7
owner 15 2043275 7
owner 15 2049083 7
owner 15 2046178 7
owner 15 2043274 7
owner 15 2049082 7
owner 15 2046177 7
owner 15 2043273 7
owner 15 2049081 7
owner 15 2046176 7
owner 15 2049080 7
owner 15 2051984 7
owner 15 2054888 7
owner 15 2051985 7
owner 15 2054889 7
owner 15 2051986 7
owner 15 2054890 7
owner 15 2057794 7
owner 15 2054891 7
owner 15 2057795 7
owner 15 2060699 7
owner 15 2057796 7
owner 15 2060700 7
owner 15 2057797 7
owner 15 2060701 7
owner 15 2057798 7
owner 15 2060698 7
owner 15 2057793 7
owner 15 2040370 7
owner 15 2040371 7
owner 15 2040372 7
owner 15 2040373 7
owner 15 4142420 8
owner 15 4139516 8
owner 15 4145324 8
owner 15 4142419 8
owner 15 4142421 8
owner 15 4139517 8
owner 15 4145325 8
owner 15 4142422 8
owner 15 4139518 8
owner 15 4145326 8
owner 15 4142423 8
owner 15 4139519 8
owner 15 4145327 8
owner 15 4136615 8
owner 15 4136614 8
owner 15 4133710 8
owner 15 4136613 8
owner 15 4133709 8
owner 15 4136612 8
owner 15 4133708 8
owner 15 4136611 8
owner 15 4133707 8
owner 15 4139515 8
owner 15 4136610 8
owner 15 4133706 8
owner 15 4139514 8
owner 15 4136609 8
owner 15 4133705 8
owner 15 4139513 8
owner 15 4136608 8
owner 15 4139512 8
owner 15 4142416 8
owner 15 4145320 8
owner 15 4142417 8
owner 15 4145321 8
owner 15 4142418 8
owner 15 4145322 8
owner 15 4148226 8
owner 15 4145323 8
owner 15 4148227 8
owner 15 4151131 8
owner 15 4148228 8
owner 15 4151132 8
owner 15 4148229 8
owner 15 4151133 8
owner 15 4148230 8
owner 15 4151130 8
owner 15 4148225 8
owner 15 4130802 8
owner 15 4130803 8
owner 15 4130804 8
owner 15 4130805 8
owner 15 1884416 9
owner 15 1881512 9
owner 15 1887320 9
owner 15 1884415 9
owner 15 1884417 9
owner 15 1881513 9
owner 15 1887321 9
owner 15 1884418 9
owner 15 1881514 9
owner 15 1887322 9
owner 15 1884419 9
owner 15 1881515 9
owner 15 1887323 9
owner 15 1878611 9
owner 15 1878610 9
owner 15 1875706 9
owner 15 1878609 9
owner 15 1875705 9
owner 15 1878608 9
owner 15 1875704 9
owner 15 1878607 9
owner 15 1875703 9
owner 15 1881511 9
owner 15 1878606 9
owner 15 1875702 9
owner 15 1881510 9
owner 15 1878605 9
owner 15 1875701 9
owner 15 1881509 9
owner 15 1878604 9
owner 15 1881508 9
owner 15 1884412 9
owner 15 1887316 9
owner 15 1884413 9
owner 15 1887317 9
owner 15 1884414 9
owner 15 1887318 9
owner 15 1890222 9
owner 15 1887319 9
owner 15 1890223 9
owner 15 1893127 9
owner 15 1890224 9
owner 15 1893128 9
owner 15 1890225 9
owner 15 1893129 9
owner 15 1890226 9
owner 15 1893126 9
owner 15 1890221 9
owner 15 1872798 9
owner 15 1872799 9
owner 15 1872800 9
owner 15 1872801 9
owner 15 4219316 10
owner 15 4216412 10
owner 15 4222220 10
owner 15 4219315 10
owner 15 4219317 10
owner 15 4216413 10
owner 15 4222221 10
owner 15 4219318 10
owner 15 4216414 10
owner 15 4222222 10
owner 15 4219319 10
owner 15 4216415 10
owner 15 4222223 10
owner 15 4213511 10
owner 15 4213510 10
owner 15 4210606 10
owner 15 4213509 10
owner 15 4210605 10
owner 15 4213508 10
owner 15 4210604 10
owner 15 4213507 10
owner 15 4210603 10
owner 15 4216411 10
owner 15 4213506 10
owner 15 4210602 10
owner 15 4216410 10
owner 15 4213505 10
owner 15 4210601 10
owner 15 4216409 10
owner 15 4213504 10
owner 15 4216408 10
owner 15 4219312 10
owner 15 4222216 10
owner 15 4219313 10
owner 15 4222217 10
owner 15 4219314 10
owner 15 4222218 10
owner 15 4225122 10
owner 15 4222219 10
owner 15 4225123 10
owner 15 4228027 10
owner 15 4225124 10
owner 15 4228028 10
owner 15 4225125 10
owner 15 4228029 10
owner 15 4225126 10
owner 15 4228026 10
owner 15 4225121 10
owner 15 4207698 10
owner 15 4207699 10
owner 15 4207700 10
owner 15 4207701 10
owner 15 3594765 11
owner 15 3591861 11
owner 15 3597669 11
owner 15 3594764 11
owner 15 3594766 11
owner 15 3591862 11
owner 15 3597670 11
owner 15 3594767 11
owner 15 3591863 11
owner 15 3597671 11
owner 15 3594768 11
owner 15 3591864 11
owner 15 3597672 11
owner 15 3588960 11
owner 15 3588959 11
owner 15 3586055 11
owner 15 3588958 11
owner 15 3586054 11
owner 15 3588957 11
owner 15 3586053 11
owner 15 3588956 11
owner 15 3586052 11
owner 15 3591860 11
owner 15 3588955 11
owner 15 3586051 11
owner 15 3591859 11
owner 15 3588954 11
owner 15 3586050 11
owner 15 3591858 11
owner 15 3588953 11
owner 15 3591857 11
owner 15 3594761 11
owner 15 3597665 11
owner 15 3594762 11
owner 15 3597666 11
owner 15 3594763 11
owner 15 3597667 11
owner 15 3600571 11
owner 15 3597668 11
owner 15 3600572 11
owner 15 3603476 11
owner 15 3600573 11
owner 15 3603477 11
owner 15 3600574 11
owner 15 3603478 11
owner 15 3600575 11
owner 15 3603475 11
owner 15 3600570 11
owner 15 3583147 11
owner 15 3583148 11
owner 15 3583149 11
owner 15 3583150 11
owner 15 2271574 12
owner 15 2268670 12
owner 15 2274478 12
owner 15 2271573 12
owner 15 2271575 12
owner 15 2268671 12
owner 15 2274479 12
owner 15 2271576 12
owner 15 2268672 12
owner 15 2274480 12
owner 15 2271577 12
owner 15 2268673 12
owner 15 2274481 12
owner 15 2265769 12
owner 15 2265768 12
owner 15 2262864 12
owner 15 2265767 12
owner 15 2262863 12
owner 15 2265766 12
owner 15 2262862 12
owner 15 2265765 12
owner 15 2262861 12
owner 15 2268669 12
owner 15 2265764 12
owner 15 2262860 12
owner 15 2268668 12
owner 15 2265763 12
owner 15 2262859 12
owner 15 2268667 12
owner 15 2265762 12
owner 15 2268666 12
owner 15 2271570 12
owner 15 2274474 12
owner 15 2271571 12
owner 15 2274475 12
owner 15 2271572 12
owner 15 2274476 12
owner 15 2277380 12
owner 15 2274477 12
owner 15 2277381 12
owner 15 2280285 12
owner 15 2277382 12
owner 15 2280286 12
owner 15 2277383 12
owner 15 2280287 12
owner 15 2277384 12
owner 15 2280284 12
owner 15 2277379 12
owner 15 2259956 12
owner 15 2259957 12
owner 15 2259958 12
owner 15 2259959 12
owner 15 466856 13
owner 15 463952 13
owner 15 469760 13
owner 15 466855 13
owner 15 466857 13
owner 15 463953 13
owner 15 469761 13
owner 15 466858 13
owner 15 463954 13
owner 15 469762 13
owner 15 466859 13
owner 15 463955 13
owner 15 469763 13
owner 15 461051 13
owner 15 461050 13
owner 15 458146 13
owner 15 461049 13
owner 15 458145 13
owner 15 461048 13
owner 15 458144 13
owner 15 461047 13
owner 15 458143 13
owner 15 463951 13
owner 15 461046 13
owner 15 458142 13
owner 15 463950 13
owner 15 461045 13
owner 15 458141 13
owner 15 463949 13
owner 15 461044 13
owner 15 463948 13
owner 15 466852 13
owner 15 469756 13
owner 15 466853 13
owner 15 469757 13
owner 15 466854 13
owner 15 469758 13
owner 15 472662 13
owner 15 469759 13
owner 15 472663 13
owner 15 475567 13
owner 15 472664 13
owner 15 475568 13
owner 15 472665 13
owner 15 475569 13
owner 15 472666 13
owner 15 475566 13
owner 15 472661 13
owner 15 455238 13
owner 15 455239 13
owner 15 455240 13
owner 15 455241 13
owner 15 2760796 14
owner 15 2757892 14
owner 15 2763700 14
owner 15 2760795 14
owner 15 2760797 14
owner 15 2757893 14
owner 15 2763701 14
owner 15 2760798 14
owner 15 2757894 14
owner 15 2763702 14
owner 15 2760799 14
owner 15 2757895 14
owner 15 2763703 14
owner 15 2754991 14
owner 15 2754990 14
owner 15 2752086 14
owner 15 2754989 14
owner 15 2752085 14
owner 15 2754988 14
owner 15 2752084 14
owner 15 2754987 14
owner 15 2752083 14
owner 15 2757891 14
owner 15 2754986 14
owner 15 2752082 14
owner 15 2757890 14
owner 15 2754985 14
owner 15 2752081 14
owner 15 2757889 14
owner 15 2754984 14
owner 15 2757888 14
owner 15 2760792 14
owner 15 2763696 14
owner 15 2760793 14
owner 15 2763697 14
owner 15 2760794 14
owner 15 2763698 14
owner 15 2766602 14
owner 15 2763699 14
owner 15 2766603 14
owner 15 2769507 14
owner 15 2766604 14
owner 15 2769508 14
owner 15 2766605 14
owner 15 2769509 14
owner 15 2766606 14
owner 15 2769506 14
owner 15 2766601 14
owner 15 2749178 14
owner 15 2749179 14
owner 15 2749180 14
owner 15 2749181 14
owner 15 2819328 15
owner 15 2816424 15
owner 15 2822232 15
owner 15 2819327 15
owner 15 2819329 15
owner 15 2816425 15
owner 15 2822233 15
owner 15 2819330 15
owner 15 2816426 15
owner 15 2822234 15
owner 15 2819331 15
owner 15 2816427 15
owner 15 2822235 15
owner 15 2813523 15
owner 15 2813522 15
owner 15 2810618 15
owner 15 2813521 15
owner 15 2810617 15
owner 15 2813520 15
owner 15 2810616 15
owner 15 2813519 15
owner 15 2810615 15
owner 15 2816423 15
owner 15 2813518 15
owner 15 2810614 15
owner 15 2816422 15
owner 15 2813517 15
owner 15 2810613 15
owner 15 2816421 15
owner 15 2813516 15
owner 15 2816420 15
owner 15 2819324 15
owner 15 2822228 15
owner 15 2819325 15
owner 15 2822229 15
owner 15 2819326 15
owner 15 2822230 15
owner 15 2825134 15
owner 15 2822231 15
owner 15 2825135 15
owner 15 2828039 15
owner 15 2825136 15
owner 15 2828040 15
owner 15 2825137 15
owner 15 2828041 15
owner 15 2825138 15
owner 15 2828038 15
owner 15 2825133 15
owner 15 2807710 15
owner 15 2807711 15
owner 15 2807712 15
owner 15 2807713 15
owner 15 1773324 16
owner 15 1770420 16
owner 15 1776228 16
owner 15 1773323 16
owner 15 1773325 16
owner 15 1770421 16
owner 15 1776229 16
owner 15 1773326 16
owner 15 1770422 16
owner 15 1776230 16
owner 15 1773327 16
owner 15 1770423 16
owner 15 1776231 16
owner 15 1767519 16
owner 15 1767518 16
owner 15 1764614 16
owner 15 1767517 16
owner 15 1764613 16
owner 15 1767516 16
owner 15 1764612 16
owner 15 1767515 16
owner 15 1764611 16
owner 15 1770419 16
owner 15 1767514 16
owner 15 1764610 16
owner 15 1770418 16
owner 15 1767513 16
owner 15 1764609 16
owner 15 1770417 16
owner 15 1767512 16
owner 15 1770416 16
owner 15 1773320 16
owner 15 1776224 16
owner 15 1773321 16
owner 15 1776225 16
owner 15 1773322 16
owner 15 1776226 16
owner 15 1779130 16
owner 15 1776227 16
owner 15 1779131 16
owner 15 1782035 16
owner 15 1779132 16
owner 15 1782036 16
owner 15 1779133 16
owner 15 1782037 16
owner 15 1779134 16
owner 15 1782034 16
owner 15 1779129 16
owner 15 1761706 16
owner 15 1761707 16
owner 15 1761708 16
owner 15 1761709 16
prev 15 4418024
prev 15 3530781
prev 15 4554721
prev 15 2087686
prev 15 434967
prev 15 2051988
prev 15 4142420
prev 15 1884416
prev 15 4219316
prev 15 3594765
prev 15 2271574
prev 15 466856
prev 15 2760796
prev 15 2819328
prev 15 1773324
owned 15 1854681
owned 15 1854682
owned 15 1854683
owned 15 1854684
owned 15 1857584
owned 15 1857585
owned 15 1857586
owned 15 1857587
owned 15 1857588
owned 15 1857589
owned 15 1860487
owned 15 1860488
owned 15 1860489
owned 15 1860490
owned 15 1860491
owned 15 1860492
owned 15 1860493
owned 15 1860494
owned 15 1863391
owned 15 1863392
owned 15 1863393
owned 15 1863394
owned 15 1863395
owned 15 1863396
owned 15 1863397
owned 15 1863398
owned 15 1866295
owned 15 1866296
owned 15 1866297
owned 15 1866298
owned 15 1866299
owned 15 1866300
owned 15 1866301
owned 15 1866302
owned 15 1869199
owned 15 1869200
owned 15 1869201
owned 15 1869202
owned 15 1869203
owned 15 1869204
owned 15 1869205
owned 15 1869206
owned 15 1872104
owned 15 1872105
owned 15 1872106
owned 15 1872107
owned 15 1872108
owned 15 1872109
owned 15 1875009
owned 15 1875010
owned 15 1875011
owned 15 1875012
bot 16 18 ay8xa67r 1238569276 2563570 2242 882 52
owner 16 4418024 2
owner 16 4415120 2
owner 16 4420928 2
owner 16 4418023 2
owner 16 4418025 2
owner 16 4415121 2
owner 16 4420929 2
owner 16 4418026 2
owner 16 4415122 2
owner 16 4420930 2
owner 16 4418027 2
owner 16 4415123 2
owner 16 4420931 2
owner 16 4412219 2
owner 16 4412218 2
owner 16 4409314 2
owner 16 4412217 2
owner 16 4409313 2
owner 16 4412216 2
owner 16 4409312 2
owner 16 4412215 2
owner 16 4409311 2
owner 16 4415119 2
owner 16 4412214 2
owner 16 4409310 2
owner 16 4415118 2
owner 16 4412213 2
owner 16 4409309 2
owner 16 4415117 2
owner 16 4412212 2
owner 16 4415116 2
owner 16 4418020 2
owner 16 4420924 2
owner 16 4418021 2
owner 16 4420925 2
owner 16 4418022 2
owner 16 4420926 2
owner 16 4423830 2
owner 16 4420927 2
owner 16 4423831 2
owner 16 4426735 2
owner 16 4423832 2
owner 16 4426736 2
owner 16 4423833 2
owner 16 4426737 2
owner 16 4423834 2
owner 16 4426734 2
owner 16 4423829 2
owner 16 4406406 2
owner 16 4406407 2
owner 16 4406408 2
owner 16 4406409 2
owner 16 3530781 3
owner 16 3527877 3
owner 16 3533685 3
owner 16 3530780 3
owner 16 3530782 3
owner 16 3527878 3
owner 16 3533686 3
owner 16 3530783 3
owner 16 3527879 3
owner 16 3533687 3
owner 16 3530784 3
owner 16 3527880 3
owner 16 3533688 3
owner 16 3524976 3
owner 16 3524975 3
owner 16 3522071 3
owner 16 3524974 3
owner 16 3522070 3
owner 16 3524973 3
owner 16 3522069 3
owner 16 3524972 3
owner 16 3522068 3
owner 16 3527876 3
owner 16 3524971 3
owner 16 3522067 3
owner 16 3527875 3
owner 16 3524970 3
owner 16 3522066 3
owner 16 3527874 3
owner 16 3524969 3
owner 16 3527873 3
owner 16 3530777 3
owner 16 3533681 3
owner 16 3530778 3
owner 16 3533682 3
owner 16 3530779 3
owner 16 3533683 3
owner 16 3536587 3
owner 16 3533684 3
owner 16 3536588 3
owner 16 3539492 3
owner 16 3536589 3
owner 16 3539493 3
owner 16 3536590 3
owner 16 3539494 3
owner 16 3536591 3
owner 16 3539491 3
owner 16 3536586 3
owner 16 3519163 3
owner 16 3519164 3
owner 16 3519165 3
owner 16 3519166 3
owner 16 4554721 4
owner 16 4551817 4
owner 16 4557625 4
owner 16 4554720 4
owner 16 4554722 4
owner 16 4551818 4
owner 16 4557626 4
owner 16 4554723 4
owner 16 4551819 4
owner 16 4557627 4
owner 16 4554724 4
owner 16 4551820 4
owner 16 4557628 4
owner 16 4548916 4
owner 16 4548915 4
owner 16 4546011 4
owner 16 4548914 4
owner 16 4546010 4
owner 16 4548913 4
owner 16 4546009 4
owner 16 4548912 4
owner 16 4546008 4
owner 16 4551816 4
owner 16 4548911 4
owner 16 4546007 4
owner 16 4551815 4
owner 16 4548910 4
owner 16 4546006 4
owner 16 4551814 4
owner 16 4548909 4
owner 16 4551813 4
owner 16 4554717 4
owner 16 4557621 4
owner 16 4554718 4
owner 16 4557622 4
owner 16 4554719 4
owner 16 4557623 4
owner 16 4560527 4
owner 16 4557624 4
owner 16 4560528 4
owner 16 4563432 4
owner 16 4560529 4
owner 16 4563433 4
owner 16 4560530 4
owner 16 4563434 4
owner 16 4560531 4
owner 16 4563431 4
owner 16 4560526 4
owner 16 4543103 4
owner 16 4543104 4
owner 16 4543105 4
owner 16 4543106 4
owner 16 2087686 5
owner 16 2084782 5
owner 16 2090590 5
owner 16 2087685 5
owner 16 2087687 5
owner 16 2084783 5
owner 16 2090591 5
owner 16 2087688 5
owner 16 2084784 5
owner 16 2090592 5
owner 16 2087689 5
owner 16 2084785 5
owner 16 2090593 5
owner 16 2081881 5
owner 16 2081880 5
owner 16 2078976 5
owner 16 2081879 5
owner 16 2078975 5
owner 16 2081878 5
owner 16 2078974 5
owner 16 2081877 5
owner 16 2078973 5
owner 16 2084781 5
owner 16 2081876 5
owner 16 2078972 5
owner 16 2084780 5
owner 16 2081875 5
owner 16 2078971 5
owner 16 2084779 5
owner 16 2081874 5
owner 16 2084778 5
owner 16 2087682 5
owner 16 2090586 5
owner 16 2087683 5
owner 16 2090587 5
owner 16 2087684 5
owner 16 2090588 5
owner 16 2093492 5
owner 16 2090589 5
owner 16 2093493 5
owner 16 2096397 5
owner 16 2093494 5
owner 16 2096398 5
owner 16 2093495 5
owner 16 2096399 5
owner 16 2093496 5
owner 16 2096396 5
owner 16 2093491 5
owner 16 2076068 5
owner 16 2076069 5
owner 16 2076070 5
owner 16 2076071 5
owner 16 434967 6
owner 16 432063 6
owner 16 437871 6
owner 16 434966 6
owner 16 434968 6
owner 16 432064 6
owner 16 437872 6
owner 16 434969 6
owner 16 432065 6
owner 16 437873 6
owner 16 434970 6
owner 16 432066 6
owner 16 437874 6
owner 16 429162 6
owner 16 429161 6
owner 16 426257 6
owner 16 429160 6
owner 16 426256 6
owner 16 429159 6
owner 16 426255 6
owner 16 429158 6
owner 16 426254 6
owner 16 432062 6
owner 16 429157 6
owner 16 426253 6
owner 16 432061 6
owner 16 429156 6
owner 16 426252 6
owner 16 432060 6
owner 16 429155 6
owner 16 432059 6
owner 16 434963 6
owner 16 437867 6
owner 16 434964 6
owner 16 437868 6
owner 16 434965 6
owner 16 437869 6
owner 16 440773 6
owner 16 437870 6
owner 16 440774 6
owner 16 443678 6
owner 16 440775 6
owner 16 443679 6
owner 16 440776 6
owner 16 443680 6
owner 16 440777 6
owner 16 443677 6
owner 16 440772 6
owner 16 423349 6
owner 16 423350 6
owner 16 423351 6
owner 16 423352 6
owner 16 2051988 7
owner 16 2049084 7
owner 16 2054892 7
owner 16 2051987 7
owner 16 2051989 7
owner 16 2049085 7
owner 16 2054893 7
owner 16 2051990 7
owner 16 2049086 7
owner 16 2054894 7
owner 16 2051991 7
owner 16 2049087 7
owner 16 2054895 7
owner 16 2046183 7
owner 16 2046182 7
owner 16 2043278 7
owner 16 2046181 7
owner 16 2043277 7
owner 16 2046180 7
owner 16 2043276 7
owner 16 2046179 7
owner 16 2043275 7
owner 16 2049083 7
owner 16 2046178 7
owner 16 2043274 7
owner 16 2049082 7
owner 16 2046177 7
owner 16 2043273 7
owner 16 2049081 7
owner 16 2046176 7
owner 16 2049080 7
owner 16 2051984 7
owner 16 2054888 7
owner 16 2051985 7
owner 16 2054889 7
owner 16 2051986 7
owner 16 2054890 7
owner 16 2057794 7
owner 16 2054891 7
owner 16 2057795 7
owner 16 2060699 7
owner 16 2057796 7
owner 16 2060700 7
owner 16 2057797 7
owner 16 2060701 7
owner 16 2057798 7
owner 16 2060698 7
owner 16 2057793 7
owner 16 2040370 7
owner 16 2040371 7
owner 16 2040372 7
owner 16 2040373 7
owner 16 4142420 8
owner 16 4139516 8
owner 16 4145324 8
owner 16 4142419 8
owner 16 4142421 8
owner 16 4139517 8
owner 16 4145325 8
owner 16 4142422 8
owner 16 4139518 8
owner 16 4145326 8
owner 16 4142423 8
owner 16 4139519 8
owner 16 4145327 8
owner 16 4136615 8
owner 16 4136614 8
owner 16 4133710 8
owner 16 4136613 8
owner 16 4133709 8
owner 16 4136612 8
owner 16 4133708 8
owner 16 4136611 8
owner 16 4133707 8
owner 16 4139515 8
owner 16 4136610 8
owner 16 4133706 8
owner 16 4139514 8
owner 16 4136609 8
owner 16 4133705 8
owner 16 4139513 8
owner 16 4136608 8
owner 16 4139512 8
owner 16 4142416 8
owner 16 4145320 8
owner 16 4142417 8
owner 16 4145321 8
owner 16 4142418 8
owner 16 4145322 8
owner 16 4148226 8
owner 16 4145323 8
owner 16 4148227 8
owner 16 4151131 8
owner 16 4148228 8
owner 16 4151132 8
owner 16 4148229 8
owner 16 4151133 8
owner 16 4148230 8
owner 16 4151130 8
owner 16 4148225 8
owner 16 4130802 8
owner 16 4130803 8
owner 16 4130804 8
owner 16 4130805 8
owner 16 1884416 9
owner 16 1881512 9
owner 16 1887320 9
owner 16 1884415 9
owner 16 1884417 9
owner 16 1881513 9
owner 16 1887321 9
owner 16 1884418 9
owner 16 1881514 9
owner 16 1887322 9
owner 16 1884419 9
owner 16 1881515 9
owner 16 1887323 9
owner 16 1878611 9
owner 16 1878610 9
owner 16 1875706 9
owner 16 1878609 9
owner 16 1875705 9
owner 16 1878608 9
owner 16 1875704 9
owner 16 1878607 9
owner 16 1875703 9
owner 16 1881511 9
owner 16 1878606 9
owner 16 1875702 9
owner 16 1881510 9
owner 16 1878605 9
owner 16 1875701 9
owner 16 1881509 9
owner 16 1878604 9
owner 16 1881508 9
owner 16 1884412 9
owner 16 1887316 9
owner 16 1884413 9
owner 16 1887317 9
owner 16 1884414 9
owner 16 1887318 9
owner 16 1890222 9
owner 16 1887319 9
owner 16 1890223 9
owner 16 1893127 9
owner 16 1890224 9
owner 16 1893128 9
owner 16 1890225 9
owner 16 1893129 9
owner 16 1890226 9
owner 16 1893126 9
owner 16 1890221 9
owner 16 1872798 9
owner 16 1872799 9
owner 16 1872800 9
owner 16 1872801 9
owner 16 4219316 10
owner 16 4216412 10
owner 16 4222220 10
owner 16 4219315 10
owner 16 4219317 10
owner 16 4216413 10
owner 16 4222221 10
owner 16 4219318 10
owner 16 4216414 10
owner 16 4222222 10
owner 16 4219319 10
owner 16 4216415 10
owner 16 4222223 10
owner 16 4213511 10
owner 16 4213510 10
owner 16 4210606 10
owner 16 4213509 10
owner 16 4210605 10
owner 16 4213508 10
owner 16 4210604 10
owner 16 4213507 10
owner 16 4210603 10
owner 16 4216411 10
owner 16 4213506 10
owner 16 4210602 10
owner 16 4216410 10
owner 16 4213505 10
owner 16 4210601 10
owner 16 4216409 10
owner 16 4213504 10
owner 16 4216408 10
owner 16 4219312 10
owner 16 4222216 10
owner 16 4219313 10
owner 16 4222217 10
owner 16 4219314 10
owner 16 4222218 10
owner 16 4225122 10
owner 16 4222219 10
owner 16 4225123 10
owner 16 4228027 10
owner 16 4225124 10
owner 16 4228028 10
owner 16 4225125 10
owner 16 4228029 10
owner 16 4225126 10
owner 16 4228026 10
owner 16 4225121 10
owner 16 4207698 10
owner 16 4207699 10
owner 16 4207700 10
owner 16 4207701 10
owner 16 3594765 11
owner 16 3591861 11
owner 16 3597669 11
owner 16 3594764 11
owner 16 3594766 11
owner 16 3591862 11
owner 16 3597670 11
owner 16 3594767 11
owner 16 3591863 11
owner 16 3597671 11
owner 16 3594768 11
owner 16 3591864 11
owner 16 3597672 11
owner 16 3588960 11
owner 16 3588959 11
owner 16 3586055 11
owner 16 3588958 11
owner 16 3586054 11
owner 16 3588957 11
owner 16 3586053 11
owner 16 3588956 11
owner 16 3586052 11
owner 16 3591860 11
owner 16 3588955 11
owner 16 3586051 11
owner 16 3591859 11
owner 16 3588954 11
owner 16 3586050 11
owner 16 3591858 11
owner 16 3588953 11
owner 16 3591857 11
owner 16 3594761 11
owner 16 3597665 11
owner 16 3594762 11
owner 16 3597666 11
owner 16 3594763 11
owner 16 3597667 11
owner 16 3600571 11
owner 16 3597668 11
owner 16 3600572 11
owner 16 3603476 11
owner 16 3600573 11
owner 16 3603477 11
owner 16 3600574 11
owner 16 3603478 11
owner 16 3600575 11
owner 16 3603475 11
owner 16 3600570 11
owner 16 3583147 11
owner 16 3583148 11
owner 16 3583149 11
owner 16 3583150 11
owner 16 2271574 12
owner 16 2268670 12
owner 16 2274478 12
owner 16 2271573 12
owner 16 2271575 12
owner 16 2268671 12
owner 16 2274479 12
owner 16 2271576 12
owner 16 2268672 12
owner 16 2274480 12
owner 16 2271577 12
owner 16 2268673 12
owner 16 2274481 12
owner 16 2265769 12
owner 16 2265768 12
owner 16 2262864 12
owner 16 2265767 12
owner 16 2262863 12
owner 16 2265766 12
owner 16 2262862 12
owner 16 2265765 12
owner 16 2262861 12
owner 16 2268669 12
owner 16 2265764 12
owner 16 2262860 12
owner 16 2268668 12
owner 16 2265763 12
owner 16 2262859 12
owner 16 2268667 12
owner 16 2265762 12
owner 16 2268666 12
owner 16 2271570 12
owner 16 2274474 12
owner 16 2271571 12
owner 16 2274475 12
owner 16 2271572 12
owner 16 2274476 12
owner 16 2277380 12
owner 16 2274477 12
owner 16 2277381 12
owner 16 2280285 12
owner 16 2277382 12
owner 16 2280286 12
owner 16 2277383 12
owner 16 2280287 12
owner 16 2277384 12
owner 16 2280284 12
owner 16 2277379 12
owner 16 2259956 12
owner 16 2259957 12
owner 16 2259958 12
owner 16 2259959 12
owner 16 466856 13
owner 16 463952 13
owner 16 469760 13
owner 16 466855 13
owner 16 466857 13
owner 16 463953 13
owner 16 469761 13
owner 16 466858 13
owner 16 463954 13
owner 16 469762 13
owner 16 466859 13
owner 16 463955 13
owner 16 469763 13
owner 16 461051 13
owner 16 461050 13
owner 16 458146 13
owner 16 461049 13
owner 16 458145 13
owner 16 461048 13
owner 16 458144 13
owner 16 461047 13
owner 16 458143 13
owner 16 463951 13
owner 16 461046 13
owner 16 458142 13
owner 16 463950 13
owner 16 461045 13
owner 16 458141 13
owner 16 463949 13
owner 16 461044 13
owner 16 463948 13
owner 16 466852 13
owner 16 469756 13
owner 16 466853 13
owner 16 469757 13
owner 16 466854 13
owner 16 469758 13
owner 16 472662 13
owner 16 469759 13
owner 16 472663 13
owner 16 475567 13
owner 16 472664 13
owner 16 475568 13
owner 16 472665 13
owner 16 475569 13
owner 16 472666 13
owner 16 475566 13
owner 16 472661 13
owner 16 455238 13
owner 16 455239 13
owner 16 455240 13
owner 16 455241 13
owner 16 2760796 14
owner 16 2757892 14
owner 16 2763700 14
owner 16 2760795 14
owner 16 2760797 14
owner 16 2757893 14
owner 16 2763701 14
owner 16 2760798 14
owner 16 2757894 14
owner 16 2763702 14
owner 16 2760799 14
owner 16 2757895 14
owner 16 2763703 14
owner 16 2754991 14
owner 16 2754990 14
owner 16 2752086 14
owner 16 2754989 14
owner 16 2752085 14
owner 16 2754988 14
owner 16 2752084 14
owner 16 2754987 14
owner 16 2752083 14
owner 16 2757891 14
owner 16 2754986 14
owner 16 2752082 14
owner 16 2757890 14
owner 16 2754985 14
owner 16 2752081 14
owner 16 2757889 14
owner 16 2754984 14
owner 16 2757888 14
owner 16 2760792 14
owner 16 2763696 14
owner 16 2760793 14
owner 16 2763697 14
owner 16 2760794 14
owner 16 2763698 14
owner 16 2766602 14
owner 16 2763699 14
owner 16 2766603 14
owner 16 2769507 14
owner 16 2766604 14
owner 16 2769508 14
owner 16 2766605 14
owner 16 2769509 14
owner 16 2766606 14
owner 16 2769506 14
owner 16 2766601 14
owner 16 2749178 14
owner 16 2749179 14
owner 16 2749180 14
owner 16 2749181 14
owner 16 2819328 15
owner 16 2816424 15
owner 16 2822232 15
owner 16 2819327 15
owner 16 2819329 15
owner 16 2816425 15
owner 16 2822233 15
owner 16 2819330 15
owner 16 2816426 15
owner 16 2822234 15
owner 16 2819331 15
owner 16 2816427 15
owner 16 2822235 15
owner 16 2813523 15
owner 16 2813522 15
owner 16 2810618 15
owner 16 2813521 15
owner 16 2810617 15
owner 16 2813520 15
owner 16 2810616 15
owner 16 2813519 15
owner 16 2810615 15
owner 16 2816423 15
owner 16 2813518 15
owner 16 2810614 15
owner 16 2816422 15
owner 16 2813517 15
owner 16 2810613 15
owner 16 2816421 15
owner 16 2813516 15
owner 16 2816420 15
owner 16 2819324 15
owner 16 2822228 15
owner 16 2819325 15
owner 16 2822229 15
owner 16 2819326 15
owner 16 2822230 15
owner 16 2825134 15
owner 16 2822231 15
owner 16 2825135 15
owner 16 2828039 15
owner 16 2825136 15
owner 16 2828040 15
owner 16 2825137 15
owner 16 2828041 15
owner 16 2825138 15
owner 16 2828038 15
owner 16 2825133 15
owner 16 2807710 15
owner 16 2807711 15
owner 16 2807712 15
owner 16 2807713 15
owner 16 1773324 16
owner 16 1770420 16
owner 16 1776228 16
owner 16 1773323 16
owner 16 1773325 16
owner 16 1770421 16
owner 16 1776229 16
owner 16 1773326 16
owner 16 1770422 16
owner 16 1776230 16
owner 16 1773327 16
owner 16 1770423 16
owner 16 1776231 16
owner 16 1767519 16
owner 16 1767518 16
owner 16 1764614 16
owner 16 1767517 16
owner 16 1764613 16
owner 16 1767516 16
owner 16 1764612 16
owner 16 1767515 16
owner 16 1764611 16
owner 16 1770419 16
owner 16 1767514 16
owner 16 1764610 16
owner 16 1770418 16
owner 16 1767513 16
owner 16 1764609 16
owner 16 1770417 16
owner 16 1767512 16
owner 16 1770416 16
owner 16 1773320 16
owner 16 1776224 16
owner 16 1773321 16
owner 16 1776225 16
owner 16 1773322 16
owner 16 1776226 16
owner 16 1779130 16
owner 16 1776227 16
owner 16 1779131 16
owner 16 1782035 16
owner 16 1779132 16
owner 16 1782036 16
owner 16 1779133 16
owner 16 1782037 16
owner 16 1779134 16
owner 16 1782034 16
owner 16 1779129 16
owner 16 1761706 16
owner 16 1761707 16
owner 16 1761708 16
owner 16 1761709 16
owner 16 1866299 17
owner 16 1863395 17
owner 16 1869203 17
owner 16 1866298 17
owner 16 1866300 17
owner 16 1863396 17
owner 16 1869204 17
owner 16 1866301 17
owner 16 1863397 17
owner 16 1869205 17
owner 16 1866302 17
owner 16 1863398 17
owner 16 1869206 17
owner 16 1860494 17
owner 16 1860493 17
owner 16 1857589 17
owner 16 1860492 17
owner 16 1857588 17
owner 16 1860491 17
owner 16 1857587 17
owner 16 1860490 17
owner 16 1857586 17
owner 16 1863394 17
owner 16 1860489 17
owner 16 1857585 17
owner 16 1863393 17
owner 16 1860488 17
owner 16 1857584 17
owner 16 1863392 17
owner 16 1860487 17
owner 16 1863391 17
owner 16 1866295 17
owner 16 1869199 17
owner 16 1866296 17
owner 16 1869200 17
owner 16 1866297 17
owner 16 1869201 17
owner 16 1872105 17
owner 16 1869202 17
owner 16 1872106 17
owner 16 1875010 17
owner 16 1872107 17
owner 16 1875011 17
owner 16 1872108 17
owner 16 1875012 17
owner 16 1872109 17
owner 16 1875009 17
owner 16 1872104 17
owner 16 1854681 17
owner 16 1854682 17
owner 16 1854683 17
owner 16 1854684 17
prev 16 4418024
prev 16 3530781
prev 16 4554721
prev 16 2087686
prev 16 434967
prev 16 2051988
prev 16 4142420
prev 16 1884416
prev 16 4219316
prev 16 3594765
prev 16 2271574
prev 16 466856
prev 16 2760796
prev 16 2819328
prev 16 1773324
prev 16 1866299
owned 16 2551952
owned 16 2551953
owned 16 2551954
owned 16 2551955
owned 16 2554855
owned 16 2554856
owned 16 2554857
owned 16 2554858
owned 16 2554859
owned 16 2554860
owned 16 2557758
owned 16 2557759
owned 16 2557760
owned 16 2557761
owned 16 2557762
owned 16 2557763
owned 16 2557764
owned 16 2557765
owned 16 2560662
owned 16 2560663
owned 16 2560664
owned 16 2560665
owned 16 2560666
owned 16 2560667
owned 16 2560668
owned 16 2560669
owned 16 2563566
owned 16 2563567
owned 16 2563568
owned 16 2563569
owned 16 2563570
owned 16 2563571
owned 16 2563572
owned 16 2563573
owned 16 2566470
owned 16 2566471
owned 16 2566472
owned 16 2566473
owned 16 2566474
owned 16 2566475
owned 16 2566476
owned 16 2566477
owned 16 2569375
owned 16 2569376
owned 16 2569377
owned 16 2569378
owned 16 2569379
owned 16 2569380
owned 16 2572280
owned 16 2572281
owned 16 2572282
owned 16 2572283
bot 17 19 fha1xhrw -2086814691 1701400 2560 585 52
owner 17 4418024 2
owner 17 4415120 2
owner 17 4420928 2
owner 17 4418023 2
owner 17 4418025 2
owner 17 4415121 2
owner 17 4420929 2
owner 17 4418026 2
owner 17 4415122 2
owner 17 4420930 2
owner 17 4418027 2
owner 17 4415123 2
owner 17 4420931 2
owner 17 4412219 2
owner 17 4412218 2
owner 17 4409314 2
owner 17 4412217 2
owner 17 4409313 2
owner 17 4412216 2
owner 17 4409312 2
owner 17 4412215 2
owner 17 4409311 2
owner 17 4415119 2
owner 17 4412214 2
owner 17 4409310 2
owner 17 4415118 2
owner 17 4412213 2
owner 17 4409309 2
owner 17 4415117 2
owner 17 4412212 2
owner 17 4415116 2
owner 17 4418020 2
owner 17 4420924 2
owner 17 4418021 2
owner 17 4420925 2
owner 17 4418022 2
owner 17 4420926 2
owner 17 4423830 2
owner 17 4420927 2
owner 17 4423831 2
owner 17 4426735 2
owner 17 4423832 2
owner 17 4426736 2
owner 17 4423833 2
owner 17 4426737 2
owner 17 4423834 2
owner 17 4426734 2
owner 17 4423829 2
owner 17 4406406 2
owner 17 4406407 2
owner 17 4406408 2
owner 17 4406409 2
owner 17 3530781 3
owner 17 3527877 3
owner 17 3533685 3
owner 17 3530780 3
owner 17 3530782 3
owner 17 3527878 3
owner 17 3533686 3
owner 17 3530783 3
owner 17 3527879 3
owner 17 3533687 3
owner 17 3530784 3
owner 17 3527880 3
owner 17 3533688 3
owner 17 3524976 3
owner 17 3524975 3
owner 17 3522071 3
owner 17 3524974 3
owner 17 3522070 3
owner 17 3524973 3
owner 17 3522069 3
owner 17 3524972 3
owner 17 3522068 3
owner 17 3527876 3
owner 17 3524971 3
owner 17 3522067 3
owner 17 3527875 3
owner 17 3524970 3
owner 17 3522066 3
owner 17 3527874 3
owner 17 3524969 3
owner 17 3527873 3
owner 17 3530777 3
owner 17 3533681 3
owner 17 3530778 3
owner 17 3533682 3
owner 17 3530779 3
owner 17 3533683 3
owner 17 3536587 3
owner 17 3533684 3
owner 17 3536588 3
owner 17 3539492 3
owner 17 3536589 3
owner 17 3539493 3
owner 17 3536590 3
owner 17 3539494 3
owner 17 3536591 3
owner 17 3539491 3
owner 17 3536586 3
owner 17 3519163 3
owner 17 3519164 3
owner 17 3519165 3
owner 17 3519166 3
owner 17 4554721 4
owner 17 4551817 4
owner 17 4557625 4
owner 17 4554720 4
owner 17 4554722 4
owner 17 4551818 4
owner 17 4557626 4
owner 17 4554723 4
owner 17 4551819 4
owner 17 4557627 4
owner 17 4554724 4
owner 17 4551820 4
owner 17 4557628 4
owner 17 4548916 4
owner 17 4548915 4
owner 17 4546011 4
owner 17 4548914 4
owner 17 4546010 4
owner 17 4548913 4
owner 17 4546009 4
owner 17 4548912 4
owner 17 4546008 4
owner 17 4551816 4
owner 17 4548911 4
owner 17 4546007 4
owner 17 4551815 4
owner 17 4548910 4
owner 17 4546006 4
owner 17 4551814 4
owner 17 4548909 4
owner 17 4551813 4
owner 17 4554717 4
owner 17 4557621 4
owner 17 4554718 4
owner 17 4557622 4
owner 17 4554719 4
owner 17 4557623 4
owner 17 4560527 4
owner 17 4557624 4
owner 17 4560528 4
owner 17 4563432 4
owner 17 4560529 4
owner 17 4563433 4
owner 17 4560530 4
owner 17 4563434 4
owner 17 4560531 4
owner 17 4563431 4
owner 17 4560526 4
owner 17 4543103 4
owner 17 4543104 4
owner 17 4543105 4
owner 17 4543106 4
owner 17 2087686 5
owner 17 2084782 5
owner 17 2090590 5
owner 17 2087685 5
owner 17 2087687 5
owner 17 2084783 5
owner 17 2090591 5
owner 17 2087688 5
owner 17 2084784 5
owner 17 2090592 5
owner 17 2087689 5
owner 17 2084785 5
owner 17 2090593 5
owner 17 2081881 5
owner 17 2081880 5
owner 17 2078976 5
owner 17 2081879 5
owner 17 2078975 5
owner 17 2081878 5
owner 17 2078974 5
owner 17 2081877 5
owner 17 2078973 5
owner 17 2084781 5
owner 17 2081876 5
owner 17 2078972 5
owner 17 2084780 5
owner 17 2081875 5
owner 17 2078971 5
owner 17 2084779 5
owner 17 2081874 5
owner 17 2084778 5
owner 17 2087682 5
owner 17 2090586 5
owner 17 2087683 5
owner 17 2090587 5
owner 17 2087684 5
owner 17 2090588 5
owner 17 2093492 5
owner 17 2090589 5
owner 17 2093493 5
owner 17 2096397 5
owner 17 2093494 5
owner 17 2096398 5
owner 17 2093495 5
owner 17 2096399 5
owner 17 2093496 5
owner 17 2096396 5
owner 17 2093491 5
owner 17 2076068 5
owner 17 2076069 5
owner 17 2076070 5
owner 17 2076071 5
owner 17 434967 6
owner 17 432063 6
owner 17 437871 6
owner 17 434966 6
owner 17 434968 6
owner 17 432064 6
owner 17 437872 6
owner 17 434969 6
owner 17 432065 6
owner 17 437873 6
owner 17 434970 6
owner 17 432066 6
owner 17 437874 6
owner 17 429162 6
owner 17 429161 6
owner 17 426257 6
owner 17 429160 6
owner 17 426256 6
owner 17 429159 6
owner 17 426255 6
owner 17 429158 6
owner 17 426254 6
owner 17 432062 6
owner 17 429157 6
owner 17 426253 6
owner 17 432061 6
owner 17 429156 6
owner 17 426252 6
owner 17 432060 6
owner 17 429155 6
owner 17 432059 6
owner 17 434963 6
owner 17 437867 6
owner 17 434964 6
owner 17 437868 6
owner 17 434965 6
owner 17 437869 6
owner 17 440773 6
owner 17 437870 6
owner 17 440774 6
owner 17 443678 6
owner 17 440775 6
owner 17 443679 6
owner 17 440776 6
owner 17 443680 6
owner 17 440777 6
owner 17 443677 6
owner 17 440772 6
owner 17 423349 6
owner 17 423350 6
owner 17 423351 6
owner 17 423352 6
owner 17 2051988 7
owner 17 2049084 7
owner 17 2054892 7
owner 17 2051987 7
owner 17 2051989 7
owner 17 2049085 7
owner 17 2054893 7
owner 17 2051990 7
owner 17 2049086 7
owner 17 2054894 7
owner 17 2051991 7
owner 17 2049087 7
owner 17 2054895 7
owner 17 2046183 7
owner 17 2046182 7
owner 17 2043278 7
owner 17 2046181 7
owner 17 2043277 7
owner 17 2046180 7
owner 17 2043276 7
owner 17 2046179 7
owner 17 2043275 7
owner 17 2049083 7
owner 17 2046178 7
owner 17 2043274 7
owner 17 2049082 7
owner 17 2046177 7
owner 17 2043273 7
owner 17 2049081 7
owner 17 2046176 7
owner 17 2049080 7
owner 17 2051984 7
owner 17 2054888 7
owner 17 2051985 7
owner 17 2054889 7
owner 17 2051986 7
owner 17 2054890 7
owner 17 2057794 7
owner 17 2054891 7
owner 17 2057795 7
owner 17 2060699 7
owner 17 2057796 7
owner 17 2060700 7
owner 17 2057797 7
owner 17 2060701 7
owner 17 2057798 7
owner 17 2060698 7
owner 17 2057793 7
owner 17 2040370 7
owner 17 2040371 7
owner 17 2040372 7
owner 17 2040373 7
owner 17 4142420 8
owner 17 4139516 8
owner 17 4145324 8
owner 17 4142419 8
owner 17 4142421 8
owner 17 4139517 8
owner 17 4145325 8
owner 17 4142422 8
owner 17 4139518 8
owner 17 4145326 8
owner 17 4142423 8
owner 17 4139519 8
owner 17 4145327 8
owner 17 4136615 8
owner 17 4136614 8
owner 17 4133710 8
owner 17 4136613 8
owner 17 4133709 8
owner 17 4136612 8
owner 17 4133708 8
owner 17 4136611 8
owner 17 4133707 8
owner 17 4139515 8
owner 17 4136610 8
owner 17 4133706 8
owner 17 4139514 8
owner 17 4136609 8
owner 17 4133705 8
owner 17 4139513 8
owner 17 4136608 8
owner 17 4139512 8
owner 17 4142416 8
owner 17 4145320 8
owner 17 4142417 8
owner 17 4145321 8
owner 17 4142418 8
owner 17 4145322 8
owner 17 4148226 8
owner 17 4145323 8
owner 17 4148227 8
owner 17 4151131 8
owner 17 4148228 8
owner 17 4151132 8
owner 17 4148229 8
owner 17 4151133 8
owner 17 4148230 8
owner 17 4151130 8
owner 17 4148225 8
owner 17 4130802 8
owner 17 4130803 8
owner 17 4130804 8
owner 17 4130805 8
owner 17 1884416 9
owner 17 1881512 9
owner 17 1887320 9
owner 17 1884415 9
owner 17 1884417 9
owner 17 1881513 9
owner 17 1887321 9
owner 17 1884418 9
owner 17 1881514 9
owner 17 1887322 9
owner 17 1884419 9
owner 17 1881515 9
owner 17 1887323 9
owner 17 1878611 9
owner 17 1878610 9
owner 17 1875706 9
owner 17 1878609 9
owner 17 1875705 9
owner 17 1878608 9
owner 17 1875704 9
owner 17 1878607 9
owner 17 1875703 9
owner 17 1881511 9
owner 17 1878606 9
owner 17 1875702 9
owner 17 1881510 9
owner 17 1878605 9
owner 17 1875701 9
owner 17 1881509 9
owner 17 1878604 9
owner 17 1881508 9
owner 17 1884412 9
owner 17 1887316 9
owner 17 1884413 9
owner 17 1887317 9
owner 17 1884414 9
owner 17 1887318 9
owner 17 1890222 9
owner 17 1887319 9
owner 17 1890223 9
owner 17 1893127 9
owner 17 1890224 9
owner 17 1893128 9
owner 17 1890225 9
owner 17 1893129 9
owner 17 1890226 9
owner 17 1893126 9
owner 17 1890221 9
owner 17 1872798 9
owner 17 1872799 9
owner 17 1872800 9
owner 17 1872801 9
owner 17 4219316 10
owner 17 4216412 10
owner 17 4222220 10
owner 17 4219315 10
owner 17 4219317 10
owner 17 4216413 10
owner 17 4222221 10
owner 17 4219318 10
owner 17 4216414 10
owner 17 4222222 10
owner 17 4219319 10
owner 17 4216415 10
owner 17 4222223 10
owner 17 4213511 10
owner 17 4213510 10
owner 17 4210606 10
owner 17 4213509 10
owner 17 4210605 10
owner 17 4213508 10
owner 17 4210604 10
owner 17 4213507 10
owner 17 4210603 10
owner 17 4216411 10
owner 17 4213506 10
owner 17 4210602 10
owner 17 4216410 10
owner 17 4213505 10
owner 17 4210601 10
owner 17 4216409 10
owner 17 4213504 10
owner 17 4216408 10
owner 17 4219312 10
owner 17 4222216 10
owner 17 4219313 10
owner 17 4222217 10
owner 17 4219314 10
owner 17 4222218 10
owner 17 4225122 10
owner 17 4222219 10
owner 17 4225123 10
owner 17 4228027 10
owner 17 4225124 10
owner 17 4228028 10
owner 17 4225125 10
owner 17 4228029 10
owner 17 4225126 10
owner 17 4228026 10
owner 17 4225121 10
owner 17 4207698 10
owner 17 4207699 10
owner 17 4207700 10
owner 17 4207701 10
owner 17 3594765 11
owner 17 3591861 11
owner 17 3597669 11
owner 17 3594764 11
owner 17 3594766 11
owner 17 3591862 11
owner 17 3597670 11
owner 17 3594767 11
owner 17 3591863 11
owner 17 3597671 11
owner 17 3594768 11
owner 17 3591864 11
owner 17 3597672 11
owner 17 3588960 11
owner 17 3588959 11
owner 17 3586055 11
owner 17 3588958 11
owner 17 3586054 11
owner 17 3588957 11
owner 17 3586053 11
owner 17 3588956 11
owner 17 3586052 11
owner 17 3591860 11
owner 17 3588955 11
owner 17 3586051 11
owner 17 3591859 11
owner 17 3588954 11
owner 17 3586050 11
owner 17 3591858 11
owner 17 3588953 11
owner 17 3591857 11
owner 17 3594761 11
owner 17 3597665 11
owner 17 3594762 11
owner 17 3597666 11
owner 17 3594763 11
owner 17 3597667 11
owner 17 3600571 11
owner 17 3597668 11
owner 17 3600572 11
owner 17 3603476 11
owner 17 3600573 11
owner 17 3603477 11
owner 17 3600574 11
owner 17 3603478 11
owner 17 3600575 11
owner 17 3603475 11
owner 17 3600570 11
owner 17 3583147 11
owner 17 3583148 11
owner 17 3583149 11
owner 17 3583150 11
owner 17 2271574 12
owner 17 2268670 12
owner 17 2274478 12
owner 17 2271573 12
owner 17 2271575 12
owner 17 2268671 12
owner 17 2274479 12
owner 17 2271576 12
owner 17 2268672 12
owner 17 2274480 12
owner 17 2271577 12
owner 17 2268673 12
owner 17 2274481 12
owner 17 2265769 12
owner 17 2265768 12
owner 17 2262864 12
owner 17 2265767 12
owner 17 2262863 12
owner 17 2265766 12
owner 17 2262862 12
owner 17 2265765 12
owner 17 2262861 12
owner 17 2268669 12
owner 17 2265764 12
owner 17 2262860 12
owner 17 2268668 12
owner 17 2265763 12
owner 17 2262859 12
owner 17 2268667 12
owner 17 2265762 12
owner 17 2268666 12
owner 17 2271570 12
owner 17 2274474 12
owner 17 2271571 12
owner 17 2274475 12
owner 17 2271572 12
owner 17 2274476 12
owner 17 2277380 12
owner 17 2274477 12
owner 17 2277381 12
owner 17 2280285 12
owner 17 2277382 12
owner 17 2280286 12
owner 17 2277383 12
owner 17 2280287 12
owner 17 2277384 12
owner 17 2280284 12
owner 17 2277379 12
owner 17 2259956 12
owner 17 2259957 12
owner 17 2259958 12
owner 17 2259959 12
owner 17 466856 13
owner 17 463952 13
owner 17 469760 13
owner 17 466855 13
owner 17 466857 13
owner 17 463953 13
owner 17 469761 13
owner 17 466858 13
owner 17 463954 13
owner 17 469762 13
owner 17 466859 13
owner 17 463955 13
owner 17 469763 13
owner 17 461051 13
owner 17 461050 13
owner 17 458146 13
owner 17 461049 13
owner 17 458145 13
owner 17 461048 13
owner 17 458144 13
owner 17 461047 13
owner 17 458143 13
owner 17 463951 13
owner 17 461046 13
owner 17 458142 13
owner 17 463950 13
owner 17 461045 13
owner 17 458141 13
owner 17 463949 13
owner 17 461044 13
owner 17 463948 13
owner 17 466852 13
owner 17 469756 13
owner 17 466853 13
owner 17 469757 13
owner 17 466854 13
owner 17 469758 13
owner 17 472662 13
owner 17 469759 13
owner 17 472663 13
owner 17 475567 13
owner 17 472664 13
owner 17 475568 13
owner 17 472665 13
owner 17 475569 13
owner 17 472666 13
owner 17 475566 13
owner 17 472661 13
owner 17 455238 13
owner 17 455239 13
owner 17 455240 13
owner 17 455241 13
owner 17 2760796 14
owner 17 2757892 14
owner 17 2763700 14
owner 17 2760795 14
owner 17 2760797 14
owner 17 2757893 14
owner 17 2763701 14
owner 17 2760798 14
owner 17 2757894 14
owner 17 2763702 14
owner 17 2760799 14
owner 17 2757895 14
owner 17 2763703 14
owner 17 2754991 14
owner 17 2754990 14
owner 17 2752086 14
owner 17 2754989 14
owner 17 2752085 14
owner 17 2754988 14
owner 17 2752084 14
owner 17 2754987 14
owner 17 2752083 14
owner 17 2757891 14
owner 17 2754986 14
owner 17 2752082 14
owner 17 2757890 14
owner 17 2754985 14
owner 17 2752081 14
owner 17 2757889 14
owner 17 2754984 14
owner 17 2757888 14
owner 17 2760792 14
owner 17 2763696 14
owner 17 2760793 14
owner 17 2763697 14
owner 17 2760794 14
owner 17 2763698 14
owner 17 2766602 14
owner 17 2763699 14
owner 17 2766603 14
owner 17 2769507 14
owner 17 2766604 14
owner 17 2769508 14
owner 17 2766605 14
owner 17 2769509 14
owner 17 2766606 14
owner 17 2769506 14
owner 17 2766601 14
owner 17 2749178 14
owner 17 2749179 14
owner 17 2749180 14
owner 17 2749181 14
owner 17 2819328 15
owner 17 2816424 15
owner 17 2822232 15
owner 17 2819327 15
owner 17 2819329 15
owner 17 2816425 15
owner 17 2822233 15
owner 17 2819330 15
owner 17 2816426 15
owner 17 2822234 15
owner 17 2819331 15
owner 17 2816427 15
owner 17 2822235 15
owner 17 2813523 15
owner 17 2813522 15
owner 17 2810618 15
owner 17 2813521 15
owner 17 2810617 15
owner 17 2813520 15
owner 17 2810616 15
owner 17 2813519 15
owner 17 2810615 15
owner 17 2816423 15
owner 17 2813518 15
owner 17 2810614 15
owner 17 2816422 15
owner 17 2813517 15
owner 17 2810613 15
owner 17 2816421 15
owner 17 2813516 15
owner 17 2816420 15
owner 17 2819324 15
owner 17 2822228 15
owner 17 2819325 15
owner 17 2822229 15
owner 17 2819326 15
owner 17 2822230 15
owner 17 2825134 15
owner 17 2822231 15
owner 17 2825135 15
owner 17 2828039 15
owner 17 2825136 15
owner 17 2828040 15
owner 17 2825137 15
owner 17 2828041 15
owner 17 2825138 15
owner 17 2828038 15
owner 17 2825133 15
owner 17 2807710 15
owner 17 2807711 15
owner 17 2807712 15
owner 17 2807713 15
owner 17 1773324 16
owner 17 1770420 16
owner 17 1776228 16
owner 17 1773323 16
owner 17 1773325 16
owner 17 1770421 16
owner 17 1776229 16
owner 17 1773326 16
owner 17 1770422 16
owner 17 1776230 16
owner 17 1773327 16
owner 17 1770423 16
owner 17 1776231 16
owner 17 1767519 16
owner 17 1767518 16
owner 17 1764614 16
owner 17 1767517 16
owner 17 1764613 16
owner 17 1767516 16
owner 17 1764612 16
owner 17 1767515 16
owner 17 1764611 16
owner 17 1770419 16
owner 17 1767514 16
owner 17 1764610 16
owner 17 1770418 16
owner 17 1767513 16
owner 17 1764609 16
owner 17 1770417 16
owner 17 1767512 16
owner 17 1770416 16
owner 17 1773320 16
owner 17 1776224 16
owner 17 1773321 16
owner 17 1776225 16
owner 17 1773322 16
owner 17 1776226 16
owner 17 1779130 16
owner 17 1776227 16
owner 17 1779131 16
owner 17 1782035 16
owner 17 1779132 16
owner 17 1782036 16
owner 17 1779133 16
owner 17 1782037 16
owner 17 1779134 16
owner 17 1782034 16
owner 17 1779129 16
owner 17 1761706 16
owner 17 1761707 16
owner 17 1761708 16
owner 17 1761709 16
owner 17 1866299 17
owner 17 1863395 17
owner 17 1869203 17
owner 17 1866298 17
owner 17 1866300 17
owner 17 1863396 17
owner 17 1869204 17
owner 17 1866301 17
owner 17 1863397 17
owner 17 1869205 17
owner 17 1866302 17
owner 17 1863398 17
owner 17 1869206 17
owner 17 1860494 17
owner 17 1860493 17
owner 17 1857589 17
owner 17 1860492 17
owner 17 1857588 17
owner 17 1860491 17
owner 17 1857587 17
owner 17 1860490 17
owner 17 1857586 17
owner 17 1863394 17
owner 17 1860489 17
owner 17 1857585 17
owner 17 1863393 17
owner 17 1860488 17
owner 17 1857584 17
owner 17 1863392 17
owner 17 1860487 17
owner 17 1863391 17
owner 17 1866295 17
owner 17 1869199 17
owner 17 1866296 17
owner 17 1869200 17
owner 17 1866297 17
owner 17 1869201 17
owner 17 1872105 17
owner 17 1869202 17
owner 17 1872106 17
owner 17 1875010 17
owner 17 1872107 17
owner 17 1875011 17
owner 17 1872108 17
owner 17 1875012 17
owner 17 1872109 17
owner 17 1875009 17
owner 17 1872104 17
owner 17 1854681 17
owner 17 1854682 17
owner 17 1854683 17
owner 17 1854684 17
owner 17 2563570 18
owner 17 2560666 18
owner 17 2566474 18
owner 17 2563569 18
owner 17 2563571 18
owner 17 2560667 18
owner 17 2566475 18
owner 17 2563572 18
owner 17 2560668 18
owner 17 2566476 18
owner 17 2563573 18
owner 17 2560669 18
owner 17 2566477 18
owner 17 2557765 18
owner 17 2557764 18
owner 17 2554860 18
owner 17 2557763 18
owner 17 2554859 18
owner 17 2557762 18
owner 17 2554858 18
owner 17 2557761 18
owner 17 2554857 18
owner 17 2560665 18
owner 17 2557760 18
owner 17 2554856 18
owner 17 2560664 18
owner 17 2557759 18
owner 17 2554855 18
owner 17 2560663 18
owner 17 2557758 18
owner 17 2560662 18
owner 17 2563566 18
owner 17 2566470 18
owner 17 2563567 18
owner 17 2566471 18
owner 17 2563568 18
owner 17 2566472 18
owner 17 2569376 18
owner 17 2566473 18
owner 17 2569377 18
owner 17 2572281 18
owner 17 2569378 18
owner 17 2572282 18
owner 17 2569379 18
owner 17 2572283 18
owner 17 2569380 18
owner 17 2572280 18
owner 17 2569375 18
owner 17 2551952 18
owner 17 2551953 18
owner 17 2551954 18
owner 17 2551955 18
prev 17 4418024
prev 17 3530781
prev 17 4554721
prev 17 2087686
prev 17 434967
prev 17 2051988
prev 17 4142420
prev 17 1884416
prev 17 4219316
prev 17 3594765
prev 17 2271574
prev 17 466856
prev 17 2760796
prev 17 2819328
prev 17 1773324
prev 17 1866299
prev 17 2563570
owned 17 1689782
owned 17 1689783
owned 17 1689784
owned 17 1689785
owned 17 1692685
owned 17 1692686
owned 17 1692687
owned 17 1692688
owned 17 1692689
owned 17 1692690
owned 17 1695588
owned 17 1695589
owned 17 1695590
owned 17 1695591
owned 17 1695592
owned 17 1695593
owned 17 1695594
owned 17 1695595
owned 17 1698492
owned 17 1698493
owned 17 1698494
owned 17 1698495
owned 17 1698496
owned 17 1698497
owned 17 1698498
owned 17 1698499
owned 17 1701396
owned 17 1701397
owned 17 1701398
owned 17 1701399
owned 17 1701400
owned 17 1701401
owned 17 1701402
owned 17 1701403
owned 17 1704300
owned 17 1704301
owned 17 1704302
owned 17 1704303
owned 17 1704304
owned 17 1704305
owned 17 1704306
owned 17 1704307
owned 17 1707205
owned 17 1707206
owned 17 1707207
owned 17 1707208
owned 17 1707209
owned 17 1707210
owned 17 1710110
owned 17 1710111
owned 17 1710112
owned 17 1710113
